event_id,date,year,state,district,latitude,longitude,coordinate_precision,sample_type,flood_occurred,rain_1h_mm,rain_3h_mm,rain_6h_mm,rain_12h_mm,rain_24h_mm,temperature_c,humidity_percent,soil_moisture_m3m3,elevation_m,slope_deg,local_relief_m,nearest_landslide_km,landslide_count_5km,landslide_count_10km,landslide_count_25km,terrain_status,terrain_error,retrieval_status
PH11-00001,1968-07-01,1968,Kerala,"Kasaragod, Wayanad, Kozhikode, Malappuram, Palakkad, Thrissur, Idukki, Ernakulam",12.4221964,75.1904446,district,flood,1,1.4,6.8,24.1,58.5,93.7,23.6083,98.7917,0.4795,83.0,9.45,223.0,,,,,success,,success
PH11-00002,1969-07-15,1969,Kerala,"Beedar, Kalaburagi, Belagavi, Yadgir, Bagalkotee, Raichur, Koppal, Gadag, Ballar",10.3528744,76.5120396,district,flood,1,0.8,3.3,7.0,12.2,31.8,23.2042,98.25,0.4796,144.0,22.21,330.0,,,,,success,,success
PH11-00003,1969-10-15,1969,Tamil Nadu,Chennai,13.0836939,80.270186,district,flood,1,0.5,1.9,5.8,9.3,16.9,25.4292,89.7083,0.3798,10.0,2.82,28.0,261.138,0.0,0.0,0.0,success,,success
PH11-00006,1970-11-21,1970,Tamil Nadu,Chennai,13.0836939,80.270186,district,flood,1,1.6,3.8,6.7,12.0,28.0,24.0417,93.7917,0.4088,10.0,2.82,28.0,261.138,0.0,0.0,0.0,success,,success
PH11-00007,1971-05-08,1971,Kerala,Thrissur,10.5270099,76.214621,district,flood,1,0.0,0.0,0.0,0.0,0.0,28.4917,70.9167,0.3655,22.0,4.19,39.0,,,,,success,,success
PH11-00008,1971-06-01,1971,Kerala,"Amroha, Hapur, Bareilly, Pilibhit, Bulandshahr, Gautam Buddha Nagar, Kheri, Buda",10.3528744,76.5120396,district,flood,1,0.3,0.4,1.1,2.7,9.4,24.2,95.0417,0.489,144.0,22.21,330.0,,,,,success,,success
PH11-00011,1974-07-22,1974,Kerala,"Kasaragod, Wayanad, Kozhikode, Malappuram, Palakkad, Thrissur, Idukki, Ernakulam",12.4221964,75.1904446,district,flood,1,0.0,0.7,1.9,4.0,12.0,24.3792,92.0417,0.4604,83.0,9.45,223.0,,,,,success,,success
PH11-00012,1975-06-15,1975,Kerala,"Kasaragod, Wayanad, Kozhikode, Malappuram, Palakkad, Thrissur, Idukki, Ernakulam",12.4221964,75.1904446,district,flood,1,2.3,3.4,7.0,14.2,32.8,24.2125,94.5833,0.4778,83.0,9.45,223.0,,,,,success,,success
PH11-00013,1975-11-01,1975,Kerala,"Thiruvananthapuram, Kollam, Alappuzha, Kottayam, Thrissur",8.4882267,76.947551,district,flood,1,0.1,0.3,0.4,0.5,2.4,24.8042,85.625,0.2802,21.0,5.01,43.0,,,,,success,,success
PH11-00014,1975-11-21,1975,Tamil Nadu,"Thanjavur, Chennai, Chengalpattu",10.659037,79.2014278,district,flood,1,0.0,0.0,0.0,0.1,1.4,24.6792,70.2083,0.3214,37.0,1.32,20.0,158.552,0.0,0.0,0.0,success,,success
PH11-00015,1976-07-22,1976,Kerala,"Thiruvananthapuram, Kottayam, Ernakulam, Kozhikode,Thrissur",8.4882267,76.947551,district,flood,1,0.4,1.2,1.6,1.7,2.8,24.9708,87.5833,0.2849,21.0,5.01,43.0,,,,,success,,success
PH11-00017,1976-10-08,1976,Tamil Nadu,"Chennai, The Nilgiris, Coimbatore",13.0836939,80.270186,district,flood,1,0.1,0.3,0.3,0.3,0.7,28.0292,78.125,0.1516,10.0,2.82,28.0,261.138,0.0,0.0,0.0,success,,success
PH11-00018,1976-11-15,1976,Tamil Nadu,Coimbatore,11.0018115,76.9628425,district,flood,1,0.0,0.0,0.2,2.4,3.4,23.2417,85.0833,0.382,419.0,2.68,34.0,30.026,0.0,0.0,0.0,success,,success
PH11-00019,1978-11-01,1978,Kerala,"Thiruvananthapuram, Kollam, Alappuzha, Thrissur, Kannur,Malappuram",8.4882267,76.947551,district,flood,1,0.4,0.7,0.7,2.8,9.5,25.2542,87.5833,0.3175,21.0,5.01,43.0,,,,,success,,success
PH11-00020,1978-04-01,1978,Tamil Nadu,The Nilgiris,11.4,76.7,district,flood,1,0.0,0.0,0.0,0.0,0.0,17.3583,60.4167,0.2084,2232.0,11.52,253.0,0.892,52.0,168.0,671.0,success,,success
PH11-00021,1978-11-01,1978,Tamil Nadu,"Coimbatore, Erode, Salem,Thanjavur, The Nilgiris",11.0018115,76.9628425,district,flood,1,0.3,0.9,1.1,5.3,9.0,23.55,86.2083,0.3897,419.0,2.68,34.0,30.026,0.0,0.0,0.0,success,,success
PH11-00022,1978-11-22,1978,Tamil Nadu,The Nilgiris,11.4,76.7,district,flood,1,0.0,0.0,0.0,0.0,0.0,15.5167,61.9167,0.3236,2232.0,11.52,253.0,0.892,52.0,168.0,671.0,success,,success
PH11-00023,1978-12-22,1978,Tamil Nadu,"Chennai, Ramanathapuram",13.0836939,80.270186,district,flood,1,1.0,2.6,3.6,4.2,5.1,24.1042,80.4583,0.2497,10.0,2.82,28.0,261.138,0.0,0.0,0.0,success,,success
PH11-00024,1979-06-10,1979,Kerala,Alappuzha,9.5003416,76.4123364,district,flood,1,0.4,1.5,2.1,2.1,3.6,27.7875,84.2083,0.2355,1.0,1.32,35.0,,,,,success,,success
PH11-00025,1979-06-14,1979,Kerala,Ernakulam,9.9837257,76.2740001,district,flood,1,0.1,1.7,2.1,5.3,10.2,26.6,87.9583,0.423,4.0,2.82,24.0,,,,,success,,success
PH11-00026,1979-07-02,1979,Kerala,Kannur,11.8763836,75.3737973,district,flood,1,1.1,2.8,5.0,10.1,19.4,25.3,90.875,0.3334,21.0,1.67,43.0,,,,,success,,success
PH11-00027,1979-07-29,1979,Kerala,Kozhikode,11.2450558,75.7754716,district,flood,1,1.2,4.1,5.4,12.5,31.4,23.9458,93.2083,0.3482,13.0,1.98,29.0,,,,,success,,success
PH11-00028,1979-08-01,1979,Kerala,"Kannur,Kozhikode",11.8763836,75.3737973,district,flood,1,2.0,6.7,14.3,24.0,49.8,24.6,91.875,0.3579,21.0,1.67,43.0,,,,,success,,success
PH11-00029,1979-08-06,1979,Kerala,Kannur,11.8763836,75.3737973,district,flood,1,1.7,4.4,8.3,15.7,27.6,24.8583,90.7917,0.3524,21.0,1.67,43.0,,,,,success,,success
PH11-00030,1979-11-15,1979,Kerala,Palakkad,10.7873692,76.4742172,district,flood,1,0.0,0.0,0.2,12.5,13.8,25.5792,87.5,0.4895,83.0,3.15,57.0,,,,,success,,success
PH11-00031,1979-11-17,1979,Tamil Nadu,Coimbatore,11.0018115,76.9628425,district,flood,1,0.0,0.0,0.2,1.0,6.1,22.6167,90.3333,0.4131,419.0,2.68,34.0,30.026,0.0,0.0,0.0,success,,success
PH11-00032,1979-05-12,1979,Tamil Nadu,Chennai,13.0836939,80.270186,district,flood,1,1.4,6.2,14.1,49.7,78.6,26.3,85.7917,0.3536,10.0,2.82,28.0,261.138,0.0,0.0,0.0,success,,success
PH11-00033,1979-11-13,1979,Tamil Nadu,Madurai,9.9261153,78.1140983,district,flood,1,0.1,0.2,1.4,5.6,16.0,23.5125,94.0,0.4216,138.0,2.65,23.0,46.961,0.0,0.0,0.0,success,,success
PH11-00034,1979-11-22,1979,Tamil Nadu,Pudukkottai,10.2903072,78.8173617,district,flood,1,0.0,0.0,0.2,5.2,9.7,25.0875,88.4167,0.4824,87.0,1.68,25.0,112.988,0.0,0.0,0.0,success,,success
PH11-00035,1979-11-19,1979,Tamil Nadu,Ramanathapuram,9.5205576,78.5184635,district,flood,1,2.8,4.6,6.5,7.6,10.5,24.3917,92.75,0.4106,46.0,2.39,17.0,88.178,0.0,0.0,0.0,success,,success
PH11-00036,1979-11-13,1979,Tamil Nadu,Cuddalore,11.5202071,79.3396356,district,flood,1,0.8,3.1,5.9,12.3,26.8,23.9375,94.5417,0.428,53.0,1.47,36.0,119.889,0.0,0.0,0.0,success,,success
PH11-00037,1979-07-23,1979,Tamil Nadu,Thanjavur,10.659037,79.2014278,district,flood,1,0.0,0.0,0.0,1.3,1.3,29.4583,67.2083,0.295,37.0,1.32,20.0,158.552,0.0,0.0,0.0,success,,success
PH11-00038,1979-11-13,1979,Tamil Nadu,The Nilgiris,11.4,76.7,district,flood,1,0.3,1.0,2.2,4.4,25.1,14.3958,99.25,0.4278,2232.0,11.52,253.0,0.892,52.0,168.0,671.0,success,,success
PH11-00039,1979-11-13,1979,Tamil Nadu,Tiruchirappalli,10.8071144,78.6880939,district,flood,1,1.0,2.4,3.4,4.8,12.9,23.7417,94.0417,0.4184,78.0,1.68,25.0,107.404,0.0,0.0,0.0,success,,success
PH11-00040,1979-11-12,1979,Tamil Nadu,Tirunelveli,8.5495014,77.5805178,district,flood,1,0.3,0.7,1.3,12.6,26.7,24.7833,89.5833,0.4191,113.0,1.04,143.0,12.198,0.0,0.0,6.0,success,,success
PH11-00041,1979-03-09,1979,Uttarakhand,Chamoli,30.4985956,79.6190537,district,flood,1,0.6,2.7,8.1,17.4,25.9,1.6542,87.3333,0.3513,1853.0,23.8,928.0,,,,,success,,success
PH11-00042,1979-07-08,1979,Uttarakhand,"Azamgarh, Bahraich, Ballia, Bara Banki, Basti, Chamoli, Dehradun, Deoria, Ayodhy",30.0417376,79.089691,district,flood,1,0.0,0.0,1.8,3.2,4.9,20.8625,79.7917,0.4784,2041.0,30.37,706.0,,,,,success,,success
PH11-00043,1980-06-15,1980,Kerala,"Kannur, Malappuram, Kozhikode, Kollam,Thiruvananthapuram",11.8763836,75.3737973,district,flood,1,0.3,1.1,1.7,5.8,8.4,26.0458,89.0,0.315,21.0,1.67,43.0,,,,,success,,success
PH11-00044,1980-06-22,1980,Kerala,Palakkad,10.7873692,76.4742172,district,flood,1,1.3,2.9,5.0,7.3,28.2,23.85,96.0417,0.4903,83.0,3.15,57.0,,,,,success,,success
PH11-00045,1980-07-01,1980,Kerala,"Alappuzha,Kannur, Kottayam, Kozhikode, Malappuram, Palakkad,Thrissur",9.5003416,76.4123364,district,flood,1,0.6,2.0,4.2,9.4,19.2,25.2292,92.7917,0.3664,1.0,1.32,35.0,,,,,success,,success
PH11-00046,1980-08-22,1980,Kerala,"Alappuzha, Kozhikode, Kollam, Thrissur,Thiruvananthapuram",9.5003416,76.4123364,district,flood,1,0.3,1.4,2.8,4.9,6.5,25.5792,89.375,0.3403,1.0,1.32,35.0,,,,,success,,success
PH11-00047,1980-09-22,1980,Kerala,Kottayam,9.6287383,76.6455326,district,flood,1,0.1,0.8,3.0,3.0,3.2,25.7417,85.4167,0.4203,40.0,3.14,97.0,,,,,success,,success
PH11-00048,1980-10-01,1980,Kerala,Kozhikode,11.2450558,75.7754716,district,flood,1,0.1,2.1,5.3,7.9,12.7,25.4375,88.9167,0.2683,13.0,1.98,29.0,,,,,success,,success
PH11-00049,1980-07-01,1980,Tamil Nadu,Coimbatore,11.0018115,76.9628425,district,flood,1,0.2,0.2,0.3,0.8,3.6,22.775,88.5417,0.2346,419.0,2.68,34.0,30.026,0.0,0.0,0.0,success,,success
PH11-00050,1980-11-12,1980,Tamil Nadu,Chengalpattu,12.6840886,79.9836371,district,flood,1,0.7,1.8,5.1,15.7,28.4,24.3958,92.7083,0.3768,47.0,2.01,59.0,211.631,0.0,0.0,0.0,success,,success
PH11-00051,1980-11-15,1980,Tamil Nadu,Chennai,13.0836939,80.270186,district,flood,1,0.2,0.9,3.3,5.7,13.7,24.9167,89.7917,0.408,10.0,2.82,28.0,261.138,0.0,0.0,0.0,success,,success
PH11-00052,1980-06-25,1980,Uttarakhand,Uttar Kashi Kashi,30.0417376,79.089691,district,flood,1,0.2,1.1,2.6,3.8,20.2,18.6542,90.9167,0.4906,2041.0,30.37,706.0,,,,,success,,success
PH11-00053,1980-07-08,1980,Uttarakhand,"Chamoli, Tehri Garhwal , Uttar Kashi Kashi, Ballia, Pratapgarh, Dehradun",30.4985956,79.6190537,district,flood,1,0.0,0.0,0.5,3.0,6.0,19.4917,87.375,0.4095,1853.0,23.8,928.0,,,,,success,,success
PH11-00054,1980-07-15,1980,Uttarakhand,"Bahraich, Ballia, Bara Banki, Bareilly,Basti, Bulandshahr, Deoria, Fatehpur, Gon",30.0417376,79.089691,district,flood,1,0.0,0.0,0.3,0.9,24.3,17.5042,94.5833,0.4587,2041.0,30.37,706.0,,,,,success,,success
PH11-00055,1980-08-01,1980,Uttarakhand,"Prayagraj,Azamgarh, Bahraich,Ballia, Bara Banki, Basti, Budaun, Bulandshahr, Deh",30.0417376,79.089691,district,flood,1,0.0,0.0,0.2,1.0,3.3,19.3333,87.8333,0.485,2041.0,30.37,706.0,,,,,success,,success
PH11-00056,1981-06-01,1981,Kerala,"Kozhikode, Malappuram, Ernakulam, Thrissur, Kollam, Kottayam, Alappuzha,Kannur",11.2450558,75.7754716,district,flood,1,0.6,2.2,5.1,13.5,20.9,25.5583,89.9583,0.3443,13.0,1.98,29.0,,,,,success,,success
PH11-00057,1981-06-08,1981,Kerala,"Malappuram, Kollam, Thrissur,Kozhikode",11.1065685,76.1101742,district,flood,1,0.4,1.9,5.6,16.2,40.0,24.3375,92.5,0.4837,47.0,9.32,83.0,,,,,success,,success
PH11-00058,1981-06-14,1981,Kerala,Alappuzha,9.5003416,76.4123364,district,flood,1,2.1,8.8,16.9,25.2,40.5,25.1167,92.2917,0.3773,1.0,1.32,35.0,,,,,success,,success
PH11-00059,1981-07-27,1981,Kerala,Idukki,9.8154785,76.9991599,district,flood,1,0.0,0.1,0.1,0.3,2.9,21.5583,84.1667,0.4876,723.0,0.0,409.0,,,,,success,,success
PH11-00060,1981-08-17,1981,Kerala,Kozhikode,11.2450558,75.7754716,district,flood,1,3.0,6.5,10.4,14.3,29.4,23.3333,95.375,0.3432,13.0,1.98,29.0,,,,,success,,success
PH11-00061,1981-09-15,1981,Kerala,Alappuzha,9.5003416,76.4123364,district,flood,1,0.0,0.0,0.4,4.1,7.6,25.3708,90.7917,0.3555,1.0,1.32,35.0,,,,,success,,success
PH11-00062,1981-09-11,1981,Tamil Nadu,Vellore,12.9021849,79.061104,district,flood,1,0.1,0.5,6.2,9.3,21.6,25.3417,87.2083,0.4093,233.0,0.73,17.0,151.536,0.0,0.0,0.0,success,,success
PH11-00063,1981-07-01,1981,Uttarakhand,"Mathura, Mainpuri, Aligarh, Pratapgarh, Sultanpur, Agra, Farrukhabad, Ballia, Go",29.2220315,79.5229864,district,flood,1,0.0,0.3,1.1,2.8,12.2,24.8792,93.4167,0.4189,441.0,4.34,47.0,,,,,success,,success
PH11-00064,1982-07-30,1982,Kerala,Kannur,11.8763836,75.3737973,district,flood,1,3.0,7.3,13.7,24.3,50.3,24.0583,94.0833,0.3703,21.0,1.67,43.0,,,,,success,,success
PH11-00065,1982-08-01,1982,Kerala,Kozhikode,11.2450558,75.7754716,district,flood,1,1.2,4.9,11.0,22.1,44.0,24.4792,91.75,0.3537,13.0,1.98,29.0,,,,,success,,success
PH11-00066,1982-08-13,1982,Tamil Nadu,"Viluppuram, Cuddalore",12.1166967,79.5989236,district,flood,1,0.0,0.0,0.0,0.0,0.0,28.6083,60.7917,0.1995,51.0,2.61,34.0,149.335,0.0,0.0,0.0,success,,success
PH11-00067,1982-04-15,1982,Uttarakhand,"Dehradun, Almora",30.3255646,78.0436813,district,flood,1,0.0,0.0,0.0,0.0,0.0,21.975,53.0417,0.2266,672.0,3.84,53.0,,,,,success,,success
PH11-00068,1982-08-08,1982,Uttarakhand,Chamoli,30.4985956,79.6190537,district,flood,1,1.2,3.6,5.9,7.6,27.7,20.1375,89.5833,0.4251,1853.0,23.8,928.0,,,,,success,,success
PH11-00069,1982-08-22,1982,Uttarakhand,"Bahraich, Gonda, Basti, Gorakhpur, Deoria, Ballia, Azamgarh, Ayodhya, Sultanpur,",30.0417376,79.089691,district,flood,1,0.7,2.1,2.8,3.3,11.5,18.2,91.5417,0.461,2041.0,30.37,706.0,,,,,success,,success
PH11-00070,1983-07-23,1983,Kerala,Malappuram,11.1065685,76.1101742,district,flood,1,0.6,2.4,4.6,6.9,19.4,24.3542,91.9167,0.4873,47.0,9.32,83.0,,,,,success,,success
PH11-00071,1983-08-10,1983,Kerala,Ernakulam,9.9837257,76.2740001,district,flood,1,0.6,1.1,2.0,4.8,16.7,25.2333,91.4583,0.4307,4.0,2.82,24.0,,,,,success,,success
PH11-00072,1983-11-02,1983,Kerala,Palakkad,10.7873692,76.4742172,district,flood,1,0.0,0.0,0.7,2.3,7.4,25.1167,89.125,0.4795,83.0,3.15,57.0,,,,,success,,success
PH11-00073,1983-09-07,1983,Tamil Nadu,Vellore,12.9021849,79.061104,district,flood,1,0.0,0.0,0.0,4.6,4.6,27.2792,77.375,0.3493,233.0,0.73,17.0,151.536,0.0,0.0,0.0,success,,success
PH11-00074,1983-12-21,1983,Tamil Nadu,"Pudukkottai, Ramanathapuram,  Viluppuram, Cuddalore, Thanjavur,Tiruchirappalli",10.2903072,78.8173617,district,flood,1,1.0,2.8,4.8,15.2,27.6,22.3875,86.875,0.475,87.0,1.68,25.0,112.988,0.0,0.0,0.0,success,,success
PH11-00075,1983-07-22,1983,Uttarakhand,Almora,29.702651,79.4326318,district,flood,1,0.0,0.0,2.7,4.0,5.5,25.15,83.2083,0.4493,1142.0,16.65,255.0,,,,,success,,success
PH11-00076,1984-04-23,1984,Kerala,Malappuram,11.1065685,76.1101742,district,flood,1,0.4,0.7,0.7,1.5,5.1,26.6833,89.25,0.4927,47.0,9.32,83.0,,,,,success,,success
PH11-00077,1984-06-15,1984,Kerala,"Kottayam, Wayanad",9.6287383,76.6455326,district,flood,1,0.8,2.3,4.5,8.7,18.1,24.4792,94.9583,0.5079,40.0,3.14,97.0,,,,,success,,success
PH11-00078,1984-06-16,1984,Kerala,"Kozhikode, Palakkad",11.2450558,75.7754716,district,flood,1,1.1,4.9,10.7,15.1,31.3,24.6875,91.7083,0.3441,13.0,1.98,29.0,,,,,success,,success
PH11-00079,1984-06-17,1984,Kerala,"Alappuzha,Kannur, Malappuram",9.5003416,76.4123364,district,flood,1,0.6,3.0,5.4,9.4,23.4,25.1292,92.125,0.3717,1.0,1.32,35.0,,,,,success,,success
PH11-00080,1984-06-17,1984,Kerala,Ernakulam,9.9837257,76.2740001,district,flood,1,1.1,2.5,4.5,8.3,26.3,25.1,90.8333,0.4322,4.0,2.82,24.0,,,,,success,,success
PH11-00081,1984-06-18,1984,Kerala,Alappuzha,9.5003416,76.4123364,district,flood,1,0.7,3.6,5.7,9.3,21.1,24.8,92.7917,0.371,1.0,1.32,35.0,,,,,success,,success
PH11-00082,1984-07-01,1984,Kerala,Wayanad,11.7151291,76.1271185,district,flood,1,2.5,6.5,10.5,18.6,27.1,20.3292,98.375,0.4777,757.0,7.78,77.0,,,,,success,,success
PH11-00083,1984-10-05,1984,Kerala,Alappuzha,9.5003416,76.4123364,district,flood,1,0.2,0.8,1.3,2.0,13.3,25.05,92.625,0.3581,1.0,1.32,35.0,,,,,success,,success
PH11-00084,1984-10-06,1984,Kerala,Kozhikode,11.2450558,75.7754716,district,flood,1,0.6,1.2,1.9,14.4,27.9,24.6917,90.9167,0.3222,13.0,1.98,29.0,,,,,success,,success
PH11-00085,1984-02-16,1984,Tamil Nadu,Chennai,13.0836939,80.270186,district,flood,1,0.2,1.8,2.7,2.8,4.8,24.3917,82.0417,0.3907,10.0,2.82,28.0,261.138,0.0,0.0,0.0,success,,success
PH11-00086,1984-03-04,1984,Tamil Nadu,Tirunelveli,8.5495014,77.5805178,district,flood,1,0.2,0.7,1.2,4.2,20.5,23.775,92.1667,0.4218,113.0,1.04,143.0,12.198,0.0,0.0,6.0,success,,success
PH11-00087,1984-03-04,1984,Tamil Nadu,"Madurai,Vellore",9.9261153,78.1140983,district,flood,1,0.0,0.3,1.3,5.6,17.6,23.525,88.7083,0.4047,138.0,2.65,23.0,46.961,0.0,0.0,0.0,success,,success
PH11-00088,1984-03-06,1984,Tamil Nadu,Tiruchirappalli,10.8071144,78.6880939,district,flood,1,0.4,1.7,4.8,6.4,15.2,24.0583,90.9167,0.4165,78.0,1.68,25.0,107.404,0.0,0.0,0.0,success,,success
PH11-00089,1984-04-30,1984,Tamil Nadu,Madurai,9.9261153,78.1140983,district,flood,1,0.0,0.0,0.0,0.2,0.8,30.4083,64.1667,0.2517,138.0,2.65,23.0,46.961,0.0,0.0,0.0,success,,success
PH11-00090,1984-10-03,1984,Tamil Nadu,Coimbatore,11.0018115,76.9628425,district,flood,1,0.1,0.3,1.2,1.9,4.1,24.3208,82.0,0.3652,419.0,2.68,34.0,30.026,0.0,0.0,0.0,success,,success
PH11-00091,1984-06-29,1984,Uttarakhand,Nainital,29.294995,79.4162511,district,flood,1,1.8,5.7,6.6,7.2,14.0,25.6667,85.5417,0.4542,819.0,31.56,555.0,,,,,success,,success
PH11-00092,1984-07-02,1984,Uttarakhand,Almora,29.702651,79.4326318,district,flood,1,1.3,2.4,3.4,7.0,8.3,23.1125,86.7917,0.467,1142.0,16.65,255.0,,,,,success,,success
PH11-00093,1984-07-30,1984,Uttarakhand,Nainital,29.294995,79.4162511,district,flood,1,0.0,0.0,0.0,0.7,4.7,24.1208,87.7083,0.472,819.0,31.56,555.0,,,,,success,,success
PH11-00094,1985-06-15,1985,Kerala,Kozhikode,11.2450558,75.7754716,district,flood,1,0.6,2.4,4.8,13.2,44.5,24.6333,91.125,0.3505,13.0,1.98,29.0,,,,,success,,success
PH11-00095,1985-06-24,1985,Kerala,Idukki,9.8154785,76.9991599,district,flood,1,2.7,8.0,14.9,37.0,80.2,19.1417,99.5417,0.4816,723.0,0.0,409.0,,,,,success,,success
PH11-00096,1985-06-25,1985,Kerala,"Alappuzha,Kannur, Kottayam, Kozhikode, Palakkad,Thrissur",9.5003416,76.4123364,district,flood,1,0.5,1.9,4.4,11.5,29.5,24.2625,92.7083,0.3806,1.0,1.32,35.0,,,,,success,,success
PH11-00097,1985-07-14,1985,Kerala,Thiruvananthapuram,8.4882267,76.947551,district,flood,1,0.4,0.5,1.2,2.1,7.3,24.4375,88.125,0.2545,21.0,5.01,43.0,,,,,success,,success
PH11-00098,1985-11-01,1985,Tamil Nadu,"Thiruvallur, Chennai, Krishnagiri, Tiruvannamalai, Dharmapuri, Salem, Erode, The",13.2537619,80.0562572,district,flood,1,0.0,0.0,0.0,0.0,0.0,26.2583,66.8333,0.2179,26.0,1.99,21.0,253.889,0.0,0.0,0.0,success,,success
PH11-00099,1985-07-22,1985,Uttarakhand,Garhwal,30.25,79.333333,district,flood,1,0.9,1.6,2.1,2.7,9.2,16.2708,92.4583,0.4805,2253.0,26.1,621.0,,,,,success,,success
PH11-00100,1985-08-08,1985,Uttarakhand,"Ballia, Deoria, Ghazipurr, Moradabad, Nainital",30.0417376,79.089691,district,flood,1,0.0,0.0,0.0,0.3,2.9,18.4292,85.875,0.4485,2041.0,30.37,706.0,,,,,success,,success
PH11-00101,1985-10-22,1985,Uttarakhand,Garhwal,30.25,79.333333,district,flood,1,0.0,0.3,0.6,0.6,0.7,9.425,61.2917,0.4144,2253.0,26.1,621.0,,,,,success,,success
PH11-00102,1986-05-04,1986,Kerala,"Kozhikode,Thiruvananthapuram",11.2450558,75.7754716,district,flood,1,0.0,0.0,2.2,7.6,8.4,27.5042,83.3333,0.2214,13.0,1.98,29.0,,,,,success,,success
PH11-00103,1986-03-12,1986,Kerala,Thiruvananthapuram,8.4882267,76.947551,district,flood,1,0.0,0.0,0.0,1.2,1.2,27.575,74.4167,0.0645,21.0,5.01,43.0,,,,,success,,success
PH11-00104,1986-06-18,1986,Kerala,Thiruvananthapuram,8.4882267,76.947551,district,flood,1,0.0,0.1,1.0,1.8,4.7,25.225,88.2917,0.291,21.0,5.01,43.0,,,,,success,,success
PH11-00105,1986-06-24,1986,Kerala,Kollam,8.8870533,76.5906696,district,flood,1,0.2,0.7,1.5,1.8,3.8,26.425,85.875,0.2794,17.0,1.36,31.0,,,,,success,,success
PH11-00106,1986-08-01,1986,Kerala,"Alappuzha,Kannur, Ernakulam, Idukki, Kottayam,Kollam",9.5003416,76.4123364,district,flood,1,0.2,1.0,1.9,2.6,5.1,25.7,88.5417,0.253,1.0,1.32,35.0,,,,,success,,success
PH11-00107,1986-11-03,1986,Tamil Nadu,Tiruchirappalli,10.8071144,78.6880939,district,flood,1,0.0,0.0,0.0,0.0,0.3,26.0958,69.9167,0.3553,78.0,1.68,25.0,107.404,0.0,0.0,0.0,success,,success
PH11-00108,1986-11-05,1986,Tamil Nadu,"Chengalpattu, Chennai, Cuddalore, Kallakurichi, Viluppuram, Tiruchirappalli",12.6840886,79.9836371,district,flood,1,0.7,0.9,1.5,3.6,7.0,25.6667,87.9167,0.4164,47.0,2.01,59.0,211.631,0.0,0.0,0.0,success,,success
PH11-00109,1987-06-18,1987,Kerala,Ernakulam,9.9837257,76.2740001,district,flood,1,0.2,0.5,1.1,3.6,7.8,26.15,89.5833,0.4292,4.0,2.82,24.0,,,,,success,,success
PH11-00110,1987-10-13,1987,Kerala,Idukki,9.8154785,76.9991599,district,flood,1,0.0,0.0,0.0,0.2,4.8,22.2042,90.9167,0.4808,723.0,0.0,409.0,,,,,success,,success
PH11-00111,1987-11-09,1987,Kerala,Kozhikode,11.2450558,75.7754716,district,flood,1,6.7,23.8,61.3,97.2,102.9,26.1125,87.5833,0.3172,13.0,1.98,29.0,,,,,success,,success
PH11-00112,1987-12-01,1987,Kerala,Thrissur,10.5270099,76.214621,district,flood,1,0.0,0.0,0.0,0.0,0.0,25.1125,74.4583,0.399,22.0,4.19,39.0,,,,,success,,success
PH11-00113,1987-12-05,1987,Kerala,Thiruvananthapuram,8.4882267,76.947551,district,flood,1,1.0,1.9,2.0,2.0,3.2,26.0875,84.5,0.1837,21.0,5.01,43.0,,,,,success,,success
PH11-00114,1987-12-17,1987,Kerala,Kozhikode,11.2450558,75.7754716,district,flood,1,0.0,0.1,1.0,1.2,2.2,26.1917,82.6667,0.2253,13.0,1.98,29.0,,,,,success,,success
PH11-00115,1987-12-06,1987,Tamil Nadu,"Pudukkottai, Thanjavur, Tiruchirappalli",10.2903072,78.8173617,district,flood,1,1.7,5.2,9.6,12.1,22.1,23.2875,94.2917,0.4951,87.0,1.68,25.0,112.988,0.0,0.0,0.0,success,,success
PH11-00116,1988-04-17,1988,Kerala,Ernakulam,9.9837257,76.2740001,district,flood,1,0.0,0.0,0.0,11.2,15.2,27.5125,84.9167,0.3965,4.0,2.82,24.0,,,,,success,,success
PH11-00117,1988-06-05,1988,Kerala,Malappuram,11.1065685,76.1101742,district,flood,1,0.1,0.3,2.8,12.9,40.5,24.6042,94.125,0.475,47.0,9.32,83.0,,,,,success,,success
PH11-00118,1988-07-18,1988,Kerala,Idukki,9.8154785,76.9991599,district,flood,1,1.7,7.3,14.6,27.4,49.3,20.3417,98.7083,0.4799,723.0,0.0,409.0,,,,,success,,success
PH11-00119,1988-07-21,1988,Kerala,Idukki,9.8154785,76.9991599,district,flood,1,0.3,0.4,1.2,2.7,8.8,21.1,93.0833,0.4852,723.0,0.0,409.0,,,,,success,,success
PH11-00120,1988-07-23,1988,Kerala,Kannur,11.8763836,75.3737973,district,flood,1,5.2,19.4,36.7,60.9,89.7,24.4833,93.4167,0.3762,21.0,1.67,43.0,,,,,success,,success
PH11-00121,1988-08-25,1988,Kerala,Malappuram,11.1065685,76.1101742,district,flood,1,0.0,0.0,0.7,1.1,2.0,25.3042,87.125,0.4808,47.0,9.32,83.0,,,,,success,,success
PH11-00122,1988-09-15,1988,Kerala,Idukki,9.8154785,76.9991599,district,flood,1,0.3,0.8,0.8,1.5,13.5,21.75,94.8333,0.4605,723.0,0.0,409.0,,,,,success,,success
PH11-00123,1988-09-22,1988,Kerala,Kollam,8.8870533,76.5906696,district,flood,1,0.3,0.4,1.3,2.4,5.7,25.7833,89.4583,0.2966,17.0,1.36,31.0,,,,,success,,success
PH11-00124,1988-11-06,1988,Tamil Nadu,Chennai,13.0836939,80.270186,district,flood,1,1.2,2.3,5.6,11.6,21.8,24.9542,90.875,0.3746,10.0,2.82,28.0,261.138,0.0,0.0,0.0,success,,success
PH11-00125,1989-06-08,1989,Kerala,"Alappuzha,Thrissur",9.5003416,76.4123364,district,flood,1,0.8,2.6,4.6,7.8,13.1,25.7208,89.25,0.355,1.0,1.32,35.0,,,,,success,,success
PH11-00126,1989-06-09,1989,Kerala,Kasaragod,12.4221964,75.1904446,district,flood,1,3.5,9.4,20.8,42.2,66.9,23.8458,97.375,0.4816,83.0,9.45,223.0,,,,,success,,success
PH11-00127,1989-06-11,1989,Kerala,Kasaragod,12.4221964,75.1904446,district,flood,1,0.9,3.8,8.7,18.2,49.7,24.1042,96.4167,0.4871,83.0,9.45,223.0,,,,,success,,success
PH11-00128,1989-06-11,1989,Kerala,"Idukki,Kottayam",9.8154785,76.9991599,district,flood,1,1.3,4.3,8.7,17.4,35.1,20.525,98.7917,0.4902,723.0,0.0,409.0,,,,,success,,success
PH11-00129,1989-07-16,1989,Kerala,Idukki,9.8154785,76.9991599,district,flood,1,1.8,4.4,7.4,15.4,23.8,20.1583,97.375,0.4801,723.0,0.0,409.0,,,,,success,,success
PH11-00130,1989-07-18,1989,Kerala,Pathanamthitta,9.2780841,76.9737443,district,flood,1,1.2,6.3,12.5,21.9,43.5,20.2625,98.9167,0.4781,465.0,9.48,415.0,,,,,success,,success
PH11-00131,1989-07-21,1989,Kerala,Thiruvananthapuram,8.4882267,76.947551,district,flood,1,0.5,1.4,2.4,4.2,8.0,24.4875,89.7917,0.2958,21.0,5.01,43.0,,,,,success,,success
PH11-00132,1989-07-21,1989,Kerala,"Alappuzha, Ernakulam, Idukki, Kozhikode, Malappuram,Palakkad",9.5003416,76.4123364,district,flood,1,0.3,0.3,0.8,3.8,9.1,25.0333,90.5,0.3462,1.0,1.32,35.0,,,,,success,,success
PH11-00133,1989-06-19,1989,Tamil Nadu,Chennai,13.0836939,80.270186,district,flood,1,0.0,0.0,0.0,2.0,2.3,29.575,66.125,0.2466,10.0,2.82,28.0,261.138,0.0,0.0,0.0,success,,success
PH11-00134,1989-07-22,1989,Tamil Nadu,"Coimbatore, The Nilgiris",11.0018115,76.9628425,district,flood,1,0.8,2.6,5.7,8.7,9.8,22.7333,88.5833,0.3379,419.0,2.68,34.0,30.026,0.0,0.0,0.0,success,,success
PH11-00135,1990-05-26,1990,Kerala,Kozhikode,11.2450558,75.7754716,district,flood,1,0.6,1.3,1.9,7.8,23.2,25.4333,91.125,0.3312,13.0,1.98,29.0,,,,,success,,success
PH11-00136,1990-07-03,1990,Kerala,"Kannur,Kozhikode",11.8763836,75.3737973,district,flood,1,1.4,4.5,7.4,14.4,31.5,24.5833,92.3333,0.3555,21.0,1.67,43.0,,,,,success,,success
PH11-00137,1990-11-03,1990,Kerala,Thiruvananthapuram,8.4882267,76.947551,district,flood,1,3.9,9.9,15.9,25.5,55.9,24.2167,93.125,0.3738,21.0,5.01,43.0,,,,,success,,success
PH11-00138,1990-07-09,1990,Uttarakhand,Garhwal,30.25,79.333333,district,flood,1,3.7,11.1,20.3,36.8,132.0,15.6167,96.75,0.488,2253.0,26.1,621.0,,,,,success,,success
PH11-00139,1990-10-18,1990,Tamil Nadu,"Chennai,The Nilgiris",13.0836939,80.270186,district,flood,1,0.1,1.0,1.6,1.6,2.2,27.225,82.0417,0.2095,10.0,2.82,28.0,261.138,0.0,0.0,0.0,success,,success
PH11-00140,1991-03-09,1991,Kerala,Kollam,8.8870533,76.5906696,district,flood,1,0.0,0.0,0.0,0.0,0.4,28.5167,73.0,0.163,17.0,1.36,31.0,,,,,success,,success
PH11-00141,1991-05-21,1991,Kerala,Kozhikode,11.2450558,75.7754716,district,flood,1,0.0,0.0,0.0,0.8,2.1,28.8542,81.9583,0.2447,13.0,1.98,29.0,,,,,success,,success
PH11-00142,1991-06-03,1991,Kerala,Ernakulam,9.9837257,76.2740001,district,flood,1,0.8,3.9,9.2,9.7,39.6,26.65,90.2917,0.4318,4.0,2.82,24.0,,,,,success,,success
PH11-00143,1991-06-06,1991,Kerala,"Alappuzha, Idukki, Kasaragod, Kollam, Kottayam, Kozhikode, Palakkad, Pathanamthi",9.5003416,76.4123364,district,flood,1,0.4,0.8,1.6,5.5,30.3,26.2083,92.7083,0.3764,1.0,1.32,35.0,,,,,success,,success
PH11-00144,1991-06-09,1991,Kerala,"Alappuzha,Kozhikode",9.5003416,76.4123364,district,flood,1,0.3,1.4,2.9,5.9,22.8,26.4292,91.0,0.3668,1.0,1.32,35.0,,,,,success,,success
PH11-00145,1991-06-19,1991,Kerala,"Ernakulam,Thiruvananthapuram",9.9837257,76.2740001,district,flood,1,0.0,1.0,2.7,7.0,20.8,25.2667,91.0833,0.4379,4.0,2.82,24.0,,,,,success,,success
PH11-00146,1991-07-07,1991,Kerala,"Kannur, Kollam, Palakkad,Thiruvananthapuram",11.8763836,75.3737973,district,flood,1,2.5,7.2,9.9,12.0,21.1,24.5375,90.3333,0.3291,21.0,1.67,43.0,,,,,success,,success
PH11-00147,1991-10-20,1991,Tamil Nadu,"Thiruvallur, Chennai, Krishnagiri, Tiruvannamalai, Dharmapuri, Salem, Erode, The",13.2537619,80.0562572,district,flood,1,0.0,0.0,0.6,0.6,1.2,27.0917,78.3333,0.214,26.0,1.99,21.0,253.889,0.0,0.0,0.0,success,,success
PH11-00148,1991-08-15,1991,Uttarakhand,Chamoli,30.4985956,79.6190537,district,flood,1,0.7,2.0,4.2,5.7,7.1,20.7292,91.9167,0.389,1853.0,23.8,928.0,,,,,success,,success
PH11-00149,1991-08-16,1991,Uttarakhand,Almora,29.702651,79.4326318,district,flood,1,0.2,0.6,1.6,3.0,5.9,23.1625,91.9583,0.479,1142.0,16.65,255.0,,,,,success,,success
PH11-00150,1991-08-18,1991,Uttarakhand,Tehri Garhwal,30.4658181,78.4837349,district,flood,1,0.0,0.0,0.0,1.8,9.9,19.0125,89.6667,0.4652,1703.0,41.77,869.0,,,,,success,,success
PH11-00151,1992-05-18,1992,Kerala,"Alappuzha,Ernakulam",9.5003416,76.4123364,district,flood,1,0.4,0.5,1.6,4.9,27.0,25.8792,91.9167,0.3704,1.0,1.32,35.0,,,,,success,,success
PH11-00152,1992-06-08,1992,Kerala,"Kasaragod, Wayanad, Kozhikode, Malappuram, Palakkad, Thrissur, Idukki, Ernakulam",12.4221964,75.1904446,district,flood,1,0.0,0.0,2.4,2.8,12.4,25.6417,90.2083,0.4847,83.0,9.45,223.0,,,,,success,,success
PH11-00153,1992-07-02,1992,Kerala,"Kasaragod, Wayanad, Kozhikode, Malappuram, Palakkad, Thrissur, Idukki, Ernakulam",12.4221964,75.1904446,district,flood,1,0.8,2.3,5.6,10.3,21.5,24.1833,94.0417,0.4912,83.0,9.45,223.0,,,,,success,,success
PH11-00154,1992-07-16,1992,Kerala,"Alappuzha,Kollam",9.5003416,76.4123364,district,flood,1,4.5,14.0,24.0,30.1,49.7,24.675,92.6667,0.3832,1.0,1.32,35.0,,,,,success,,success
PH11-00155,1992-07-27,1992,Kerala,Ernakulam,9.9837257,76.2740001,district,flood,1,1.5,3.3,7.0,15.3,29.1,24.6625,91.0833,0.4323,4.0,2.82,24.0,,,,,success,,success
PH11-00156,1992-07-28,1992,Kerala,Thiruvananthapuram,8.4882267,76.947551,district,flood,1,0.7,4.2,7.0,11.7,27.0,24.3375,89.625,0.3223,21.0,5.01,43.0,,,,,success,,success
PH11-00157,1992-07-31,1992,Kerala,Kollam,8.8870533,76.5906696,district,flood,1,0.0,0.0,0.0,0.2,2.3,25.0042,88.4583,0.3006,17.0,1.36,31.0,,,,,success,,success
PH11-00158,1992-08-02,1992,Kerala,Kollam,8.8870533,76.5906696,district,flood,1,0.5,1.2,1.8,6.8,9.7,24.6875,89.5417,0.3156,17.0,1.36,31.0,,,,,success,,success
PH11-00159,1992-08-08,1992,Kerala,"Kollam,Kozhikode",8.8870533,76.5906696,district,flood,1,0.2,0.6,0.8,2.0,4.5,25.3833,88.9583,0.2975,17.0,1.36,31.0,,,,,success,,success
PH11-00160,1992-10-10,1992,Kerala,"Alappuzha, Kollam, Pathanamthitta,Thiruvananthapuram",9.5003416,76.4123364,district,flood,1,2.8,11.5,12.8,17.7,40.1,25.2833,92.3333,0.3737,1.0,1.32,35.0,,,,,success,,success
PH11-00161,1992-10-09,1992,Tamil Nadu,Kanniyakumariumari,11.3323723,78.6098639,district,flood,1,0.0,0.0,0.0,3.3,3.3,23.1083,84.4583,0.4031,753.0,,,61.637,0.0,0.0,0.0,partial,slope/relief unavailable (open-elevation fallback; OpenTopography rate-limited),success
PH11-00162,1993-06-01,1993,Kerala,"Alappuzha, Ernakulam, Idukki,  Kollam, Pathanamthitta, Thiruvananthapuram,Thriss",9.5003416,76.4123364,district,flood,1,0.2,0.9,1.8,4.8,18.5,26.2625,91.1667,0.3622,1.0,1.32,35.0,,,,,success,,success
PH11-00163,1993-06-13,1993,Kerala,Alappuzha,9.5003416,76.4123364,district,flood,1,0.3,0.9,2.5,4.1,6.3,26.6083,88.5417,0.3302,1.0,1.32,35.0,,,,,success,,success
PH11-00164,1993-06-18,1993,Kerala,Thiruvananthapuram,8.4882267,76.947551,district,flood,1,0.5,1.3,2.8,6.8,11.2,25.3,90.4583,0.287,21.0,5.01,43.0,,,,,success,,success
PH11-00165,1993-07-03,1993,Kerala,Kottayam,9.6287383,76.6455326,district,flood,1,1.6,5.3,11.4,18.7,38.3,23.25,99.5833,0.4761,40.0,3.14,97.0,,,,,success,,success
PH11-00166,1993-07-18,1993,Kerala,Kollam,8.8870533,76.5906696,district,flood,1,0.1,0.1,0.1,0.8,20.6,24.7292,90.5833,0.3362,17.0,1.36,31.0,,,,,success,,success
PH11-00167,1993-07-22,1993,Kerala,Kollam,8.8870533,76.5906696,district,flood,1,0.0,0.6,1.2,1.3,3.3,25.5833,84.9583,0.2985,17.0,1.36,31.0,,,,,success,,success
PH11-00168,1993-07-26,1993,Kerala,"Kannur,Thiruvananthapuram",11.8763836,75.3737973,district,flood,1,0.9,3.2,7.4,15.2,42.5,24.0417,94.0,0.352,21.0,1.67,43.0,,,,,success,,success
PH11-00169,1993-07-27,1993,Kerala,Malappuram,11.1065685,76.1101742,district,flood,1,0.5,1.0,1.9,6.5,15.5,23.2292,92.0417,0.4941,47.0,9.32,83.0,,,,,success,,success
PH11-00170,1993-07-28,1993,Kerala,Thiruvananthapuram,8.4882267,76.947551,district,flood,1,0.3,0.7,1.0,1.6,3.6,24.1917,89.8333,0.2925,21.0,5.01,43.0,,,,,success,,success
PH11-00171,1993-10-06,1993,Kerala,Kottayam,9.6287383,76.6455326,district,flood,1,3.1,5.7,6.9,8.4,12.1,24.3083,93.75,0.4736,40.0,3.14,97.0,,,,,success,,success
PH11-00172,1993-10-08,1993,Kerala,Malappuram,11.1065685,76.1101742,district,flood,1,1.4,4.9,7.5,13.8,20.4,24.6667,91.5417,0.4802,47.0,9.32,83.0,,,,,success,,success
PH11-00173,1993-10-09,1993,Kerala,Palakkad,10.7873692,76.4742172,district,flood,1,0.1,0.4,0.4,5.3,21.8,23.1083,97.875,0.4807,83.0,3.15,57.0,,,,,success,,success
PH11-00174,1993-10-11,1993,Kerala,Alappuzha,9.5003416,76.4123364,district,flood,1,0.7,1.7,5.1,11.2,36.5,25.0875,92.9583,0.3772,1.0,1.32,35.0,,,,,success,,success
PH11-00175,1993-11-10,1993,Kerala,"Idukki, Kollam,Thiruvananthapuram",9.8154785,76.9991599,district,flood,1,0.0,0.8,3.2,6.3,41.0,20.7917,98.875,0.4788,723.0,0.0,409.0,,,,,success,,success
PH11-00176,1993-08-06,1993,Tamil Nadu,Dindigul,10.4257161,77.8154728,district,flood,1,0.0,0.0,0.0,0.0,0.9,27.5208,69.9583,0.19,303.0,,,8.738,0.0,18.0,30.0,partial,slope/relief unavailable (open-elevation fallback; OpenTopography rate-limited),success
PH11-00177,1993-11-07,1993,Tamil Nadu,"Coimbatore, The Nilgiris, Ramanathapuram,Thanjavur",11.0018115,76.9628425,district,flood,1,0.2,0.3,0.5,3.4,5.0,23.0625,84.1667,0.3587,419.0,2.68,34.0,30.026,0.0,0.0,0.0,success,,success
PH11-00178,1994-05-28,1994,Kerala,Palakkad,10.7873692,76.4742172,district,flood,1,0.0,0.0,0.8,3.8,5.0,26.2,86.875,0.4593,83.0,3.15,57.0,,,,,success,,success
PH11-00179,1994-06-01,1994,Kerala,"Alappuzha, Ernakulam, Idukki, Kasaragod, Kollam, Kottayam, Kozhikode, Malappuram",9.5003416,76.4123364,district,flood,1,0.5,3.1,4.7,13.6,45.5,25.4583,93.3333,0.3833,1.0,1.32,35.0,,,,,success,,success
PH11-00180,1994-07-11,1994,Kerala,Kasaragod,12.4221964,75.1904446,district,flood,1,1.4,3.2,5.7,9.4,24.2,22.8625,97.6667,0.49,83.0,9.45,223.0,,,,,success,,success
PH11-00181,1994-07-14,1994,Kerala,"Idukki,Malappuram",9.8154785,76.9991599,district,flood,1,1.6,4.5,9.2,17.1,37.0,20.6625,96.0833,0.48,723.0,0.0,409.0,,,,,success,,success
PH11-00182,1994-07-14,1994,Kerala,"Alappuzha, Ernakulam, Idukki, Kozhikode, Malappuram, Palakkad,Thrissur",9.5003416,76.4123364,district,flood,1,0.7,1.3,2.5,11.1,25.4,25.7125,90.5,0.3666,1.0,1.32,35.0,,,,,success,,success
PH11-00183,1994-07-15,1994,Kerala,"Kannur, Kozhikode, Malappuram, Thiruvananthapuram,Thrissur",11.8763836,75.3737973,district,flood,1,3.1,7.8,12.6,32.8,65.0,24.7333,92.25,0.3743,21.0,1.67,43.0,,,,,success,,success
PH11-00184,1994-07-23,1994,Kerala,Thrissur,10.5270099,76.214621,district,flood,1,0.3,1.8,2.9,5.3,11.0,25.0208,90.0417,0.4652,22.0,4.19,39.0,,,,,success,,success
PH11-00185,1994-07-31,1994,Kerala,"Kasaragod, Kollam, Kozhikode, Palakkad, Pathanamthitta,Thiruvananthapuram",12.4221964,75.1904446,district,flood,1,0.6,4.8,8.3,19.5,39.6,23.925,95.0,0.4746,83.0,9.45,223.0,,,,,success,,success
PH11-00186,1994-08-01,1994,Kerala,"Alappuzha, Thiruvananthapuram,Thrissur",9.5003416,76.4123364,district,flood,1,0.6,2.5,4.4,16.9,29.3,24.5875,92.5417,0.3732,1.0,1.32,35.0,,,,,success,,success
PH11-00187,1994-08-02,1994,Kerala,"Ernakulam, Idukki, Kollam, Kottayam,Thiruvananthapuram",9.9837257,76.2740001,district,flood,1,1.2,3.0,5.3,10.1,31.5,24.525,91.375,0.429,4.0,2.82,24.0,,,,,success,,success
PH11-00188,1994-08-03,1994,Kerala,"Alappuzha, Ernakulam, Idukki, Kannur, Kasaragod, Kollam, Kottayam, Pathanamthitt",9.5003416,76.4123364,district,flood,1,0.6,1.7,2.8,7.9,21.3,23.7292,95.4583,0.3771,1.0,1.32,35.0,,,,,success,,success
PH11-00189,1994-09-22,1994,Kerala,Kannur,11.8763836,75.3737973,district,flood,1,0.0,0.0,0.0,0.0,0.0,26.3583,81.7917,0.1725,21.0,1.67,43.0,,,,,success,,success
PH11-00190,1994-10-03,1994,Kerala,"Kollam,Thiruvananthapuram",8.8870533,76.5906696,district,flood,1,0.4,0.7,1.9,4.3,7.9,25.4333,88.2083,0.2918,17.0,1.36,31.0,,,,,success,,success
PH11-00191,1994-10-11,1994,Kerala,Idukki,9.8154785,76.9991599,district,flood,1,0.4,0.4,1.2,4.1,13.6,21.7667,89.9167,0.4797,723.0,0.0,409.0,,,,,success,,success
PH11-00192,1994-10-16,1994,Kerala,Kozhikode,11.2450558,75.7754716,district,flood,1,0.4,0.4,0.4,1.5,2.4,25.4958,85.625,0.2855,13.0,1.98,29.0,,,,,success,,success
PH11-00193,1994-10-24,1994,Kerala,Kollam,8.8870533,76.5906696,district,flood,1,0.0,0.1,0.1,0.8,2.3,26.1333,84.5417,0.281,17.0,1.36,31.0,,,,,success,,success
PH11-00194,1994-07-13,1994,Tamil Nadu,Coimbatore,11.0018115,76.9628425,district,flood,1,0.2,0.6,1.1,1.6,6.5,22.2167,91.0833,0.2805,419.0,2.68,34.0,30.026,0.0,0.0,0.0,success,,success
PH11-00195,1994-11-03,1994,Tamil Nadu,"Chennai,Madurai",13.0836939,80.270186,district,flood,1,0.1,0.7,4.6,5.7,18.5,24.4417,90.75,0.4061,10.0,2.82,28.0,261.138,0.0,0.0,0.0,success,,success
PH11-00196,1994-11-07,1994,Tamil Nadu,"Dindigul, Tiruchirappalli",10.4257161,77.8154728,district,flood,1,0.0,0.0,1.4,12.5,27.7,23.5375,92.2917,0.4254,303.0,,,8.738,0.0,18.0,30.0,partial,slope/relief unavailable (open-elevation fallback; OpenTopography rate-limited),success
PH11-00197,1994-12-20,1994,Tamil Nadu,Chennai,13.0836939,80.270186,district,flood,1,0.3,0.9,2.1,3.0,7.8,24.0542,89.3333,0.3245,10.0,2.82,28.0,261.138,0.0,0.0,0.0,success,,success
PH11-00198,1995-03-28,1995,Kerala,Pathanamthitta,9.2780841,76.9737443,district,flood,1,0.0,0.0,0.0,0.1,1.0,24.8708,79.2917,0.413,465.0,9.48,415.0,,,,,success,,success
PH11-00199,1995-05-07,1995,Kerala,Kollam,8.8870533,76.5906696,district,flood,1,6.1,15.0,21.6,29.3,52.1,26.1042,90.6667,0.3523,17.0,1.36,31.0,,,,,success,,success
PH11-00200,1995-05-07,1995,Kerala,"Ernakulam, Idukki, Thiruvananthapuram",9.9837257,76.2740001,district,flood,1,1.3,5.3,18.9,37.7,52.1,25.9292,92.2083,0.4367,4.0,2.82,24.0,,,,,success,,success
PH11-00201,1995-05-07,1995,Kerala,"Alappuzha,Kottayam",9.5003416,76.4123364,district,flood,1,31.9,86.4,109.8,123.1,141.6,25.9375,93.0,0.3867,1.0,1.32,35.0,,,,,success,,success
PH11-00202,1995-05-07,1995,Kerala,"Kozhikode, Pathanamthitta",11.2450558,75.7754716,district,flood,1,0.0,0.2,0.4,15.3,32.5,26.5583,89.0,0.325,13.0,1.98,29.0,,,,,success,,success
PH11-00203,1995-06-13,1995,Kerala,"Ernakulam, Idukki, Kasaragod, Kollam, Kottayam, Kozhikode, Malappuram,Thiruvanan",9.9837257,76.2740001,district,flood,1,2.7,7.0,13.0,21.5,32.3,25.7208,91.5833,0.4383,4.0,2.82,24.0,,,,,success,,success
PH11-00204,1995-06-29,1995,Kerala,Kasaragod,12.4221964,75.1904446,district,flood,1,0.4,2.0,4.4,8.1,25.6,24.2625,96.125,0.4813,83.0,9.45,223.0,,,,,success,,success
PH11-00205,1995-07-05,1995,Kerala,"Idukki, Kasaragod,Kozhikode",9.8154785,76.9991599,district,flood,1,0.0,0.0,0.0,0.2,2.5,22.4625,88.5833,0.4834,723.0,0.0,409.0,,,,,success,,success
PH11-00206,1995-07-14,1995,Kerala,"Idukki, Kottayam,Malappuram",9.8154785,76.9991599,district,flood,1,0.1,0.2,0.2,0.4,3.0,21.5833,88.6667,0.4863,723.0,0.0,409.0,,,,,success,,success
PH11-00207,1995-07-21,1995,Kerala,"Kannur, Kasaragod,Kottayam",11.8763836,75.3737973,district,flood,1,0.5,1.0,1.7,7.8,18.0,24.7625,91.9583,0.3515,21.0,1.67,43.0,,,,,success,,success
PH11-00208,1995-08-04,1995,Kerala,Kannur,11.8763836,75.3737973,district,flood,1,0.0,0.2,0.2,1.3,2.6,25.2625,89.2083,0.2998,21.0,1.67,43.0,,,,,success,,success
PH11-00209,1995-09-02,1995,Kerala,"Alappuzha, Idukki,Wayanad",9.5003416,76.4123364,district,flood,1,0.3,2.1,3.6,6.5,19.1,25.0875,91.7083,0.3688,1.0,1.32,35.0,,,,,success,,success
PH11-00210,1995-10-07,1995,Kerala,"Kozhikode,Thiruvananthapuram",11.2450558,75.7754716,district,flood,1,0.0,0.0,0.0,7.2,19.7,25.7958,88.6667,0.2912,13.0,1.98,29.0,,,,,success,,success
PH11-00211,1995-10-15,1995,Kerala,"Alappuzha, Kollam, Malappuram, Thiruvananthapuram,Wayanad",9.5003416,76.4123364,district,flood,1,0.1,1.0,1.1,1.1,1.1,26.4875,83.375,0.2832,1.0,1.32,35.0,,,,,success,,success
PH11-00212,1995-10-18,1995,Kerala,"Idukki,Thiruvananthapuram",9.8154785,76.9991599,district,flood,1,0.0,0.4,3.5,5.3,7.0,22.6583,87.25,0.4703,723.0,0.0,409.0,,,,,success,,success
PH11-00213,1995-05-06,1995,Tamil Nadu,Kanniyakumariumari,11.3323723,78.6098639,district,flood,1,0.0,1.3,2.6,4.2,13.6,24.825,77.6667,0.2956,753.0,,,61.637,0.0,0.0,0.0,partial,slope/relief unavailable (open-elevation fallback; OpenTopography rate-limited),success
PH11-00214,1995-09-07,1995,Tamil Nadu,Kancheepuram,12.8796052,79.7042762,district,flood,1,0.0,0.0,0.0,0.0,0.0,29.4958,60.875,0.2443,79.0,,,198.069,0.0,0.0,0.0,partial,slope/relief unavailable (open-elevation fallback; OpenTopography rate-limited),success
PH11-00215,1995-11-02,1995,Tamil Nadu,"Nagapattinam,Thanjavur",10.6026203,79.7619348,district,flood,1,0.0,0.0,4.7,6.0,7.9,27.5542,81.0417,0.2419,1.0,,,208.548,0.0,0.0,0.0,partial,slope/relief unavailable (open-elevation fallback; OpenTopography rate-limited),success
PH11-00216,1996-06-03,1996,Kerala,Kottayam,9.6287383,76.6455326,district,flood,1,0.1,0.6,0.7,8.4,16.6,26.2458,91.25,0.4945,40.0,3.14,97.0,,,,,success,,success
PH11-00217,1996-06-13,1996,Kerala,Thiruvananthapuram,8.4882267,76.947551,district,flood,1,1.0,1.5,5.2,12.8,21.7,25.0333,90.6667,0.2926,21.0,5.01,43.0,,,,,success,,success
PH11-00218,1996-06-14,1996,Kerala,"Alappuzha, Ernakulam, Idukki, Kannur, Kasaragod, Kottayam, Kozhikode, Malappuram",9.5003416,76.4123364,district,flood,1,0.7,6.0,13.3,27.3,49.2,25.0333,93.875,0.3889,1.0,1.32,35.0,,,,,success,,success
PH11-00219,1996-06-16,1996,Kerala,"Kasaragod, Wayanad, Kozhikode, Malappuram, Palakkad, Thrissur, Idukki, Ernakulam",12.4221964,75.1904446,district,flood,1,1.8,7.8,17.4,34.3,76.5,23.7208,98.125,0.4861,83.0,9.45,223.0,,,,,success,,success
PH11-00220,1996-06-17,1996,Kerala,Thiruvananthapuram,8.4882267,76.947551,district,flood,1,1.4,4.2,10.2,15.0,33.6,24.9042,90.8333,0.3288,21.0,5.01,43.0,,,,,success,,success
PH11-00221,1996-06-20,1996,Kerala,"Kozhikode, Thiruvananthapuram",11.2450558,75.7754716,district,flood,1,1.8,8.0,17.2,34.6,78.0,25.0292,92.2083,0.3673,13.0,1.98,29.0,,,,,success,,success
PH11-00222,1996-07-20,1996,Kerala,"Idukki, Pathanamthitta",9.8154785,76.9991599,district,flood,1,0.2,0.4,1.6,11.1,40.8,19.5292,99.4167,0.4657,723.0,0.0,409.0,,,,,success,,success
PH11-00223,1996-07-24,1996,Kerala,"Idukki, Kozhikode",9.8154785,76.9991599,district,flood,1,1.8,5.5,10.1,19.6,40.7,20.0208,97.4583,0.4732,723.0,0.0,409.0,,,,,success,,success
PH11-00224,1996-08-08,1996,Kerala,Thiruvananthapuram,8.4882267,76.947551,district,flood,1,0.0,0.0,0.0,0.0,0.0,24.9667,86.0417,0.2195,21.0,5.01,43.0,,,,,success,,success
PH11-00225,1996-08-12,1996,Kerala,Idukki,9.8154785,76.9991599,district,flood,1,0.2,1.1,2.0,3.7,15.0,20.3125,95.5833,0.4715,723.0,0.0,409.0,,,,,success,,success
PH11-00226,1996-08-23,1996,Kerala,Kottayam,9.6287383,76.6455326,district,flood,1,0.0,0.8,1.8,3.9,11.7,24.1708,92.75,0.4719,40.0,3.14,97.0,,,,,success,,success
PH11-00227,1996-09-11,1996,Kerala,Idukki,9.8154785,76.9991599,district,flood,1,0.0,0.0,0.0,0.7,1.5,21.7417,89.7917,0.4823,723.0,0.0,409.0,,,,,success,,success
PH11-00228,1996-06-14,1996,Tamil Nadu,"Chennai, Cuddalore, Coimbatore, Thanjavur",13.0836939,80.270186,district,flood,1,11.1,39.4,83.5,107.0,199.7,25.3417,90.6667,0.4214,10.0,2.82,28.0,261.138,0.0,0.0,0.0,success,,success
PH11-00229,1996-10-17,1996,Tamil Nadu,"Chengalpattu,Chennai, Dharmapuri, Dindigul, Kanniyakumariumari, Madurai, Nagapat",12.6840886,79.9836371,district,flood,1,0.3,0.7,2.2,5.2,10.2,24.9333,91.0833,0.4288,47.0,2.01,59.0,211.631,0.0,0.0,0.0,success,,success
PH11-00230,1996-11-17,1996,Tamil Nadu,"Chennai, Nagapattinam,Thanjavur",13.0836939,80.270186,district,flood,1,0.0,0.0,0.0,0.5,1.6,26.2208,72.1667,0.2065,10.0,2.82,28.0,261.138,0.0,0.0,0.0,success,,success
PH11-00231,1996-12-12,1996,Tamil Nadu,"Thiruvallur, Chennai, Krishnagiri, Tiruvannamalai, Dharmapuri, Salem, Erode, The",13.2537619,80.0562572,district,flood,1,4.0,10.1,14.7,16.8,18.1,24.5208,84.875,0.4172,26.0,1.99,21.0,253.889,0.0,0.0,0.0,success,,success
PH11-00232,1997-05-07,1997,Kerala,Kottayam,9.6287383,76.6455326,district,flood,1,0.0,0.0,0.0,3.1,5.8,26.7333,87.5417,0.4768,40.0,3.14,97.0,,,,,success,,success
PH11-00233,1997-06-30,1997,Kerala,Ernakulam,9.9837257,76.2740001,district,flood,1,4.1,10.1,17.8,26.5,43.7,25.1833,91.2917,0.4333,4.0,2.82,24.0,,,,,success,,success
PH11-00234,1997-07-01,1997,Kerala,"Kannur, Kasaragod, Kottayam, Kozhikode, Malappuram, Thiruvananthapuram",11.8763836,75.3737973,district,flood,1,5.0,19.1,39.5,70.2,110.2,24.9083,92.9583,0.3862,21.0,1.67,43.0,,,,,success,,success
PH11-00235,1997-07-20,1997,Kerala,"Idukki, Kottayam",9.8154785,76.9991599,district,flood,1,0.1,0.2,0.5,0.7,6.0,22.2208,92.8333,0.4912,723.0,0.0,409.0,,,,,success,,success
PH11-00236,1997-07-24,1997,Kerala,"Alappuzha, Malappuram",9.5003416,76.4123364,district,flood,1,3.7,11.4,22.4,25.4,43.1,24.9375,93.1667,0.3812,1.0,1.32,35.0,,,,,success,,success
PH11-00237,1997-08-08,1997,Kerala,"Malappuram, Thiruvananthapuram,Thrissur",11.1065685,76.1101742,district,flood,1,0.7,1.8,3.7,14.3,33.5,22.7667,94.125,0.4825,47.0,9.32,83.0,,,,,success,,success
PH11-00238,1997-09-12,1997,Kerala,Kottayam,9.6287383,76.6455326,district,flood,1,0.0,0.0,0.1,1.1,7.6,24.8458,91.5833,0.494,40.0,3.14,97.0,,,,,success,,success
PH11-00239,1997-09-22,1997,Kerala,Thiruvananthapuram,8.4882267,76.947551,district,flood,1,0.3,1.2,2.0,4.4,11.4,24.7333,89.9167,0.3035,21.0,5.01,43.0,,,,,success,,success
PH11-00240,1997-11-03,1997,Kerala,"Alappuzha, Idukki, Kottayam, Malappuram,Pathanamthitta",9.5003416,76.4123364,district,flood,1,0.0,0.0,0.0,2.3,26.2,25.675,90.5,0.3676,1.0,1.32,35.0,,,,,success,,success
PH11-00241,1997-11-28,1997,Kerala,Idukki,9.8154785,76.9991599,district,flood,1,0.0,0.0,0.0,0.0,6.8,21.2708,92.5,0.4815,723.0,0.0,409.0,,,,,success,,success
PH11-00242,1997-12-16,1997,Kerala,Ernakulam,9.9837257,76.2740001,district,flood,1,0.0,0.0,0.0,0.0,0.1,27.1333,85.4583,0.3456,4.0,2.82,24.0,,,,,success,,success
PH11-00243,1997-10-28,1997,Tamil Nadu,"Chennai, Chengalpattu,Dindigul",13.0836939,80.270186,district,flood,1,0.3,0.4,2.0,2.6,6.1,26.0875,85.4167,0.3709,10.0,2.82,28.0,261.138,0.0,0.0,0.0,success,,success
PH11-00244,1997-11-01,1997,Tamil Nadu,"Chengalpattu, Chennai, Nagapattinam, Thanjavur,Tiruchirappalli",12.6840886,79.9836371,district,flood,1,0.0,0.0,0.0,0.7,7.0,25.6875,87.6667,0.4081,47.0,2.01,59.0,211.631,0.0,0.0,0.0,success,,success
PH11-00245,1997-12-05,1997,Tamil Nadu,"Thiruvallur, Chennai, Krishnagiri, Tiruvannamalai, Dharmapuri, Salem, Erode, The",13.2537619,80.0562572,district,flood,1,0.4,1.0,2.6,4.7,12.4,24.9417,87.4167,0.4005,26.0,1.99,21.0,253.889,0.0,0.0,0.0,success,,success
PH11-00246,1998-05-15,1998,Kerala,Thiruvananthapuram,8.4882267,76.947551,district,flood,1,0.8,1.6,4.1,38.5,52.5,26.2333,90.25,0.3305,21.0,5.01,43.0,,,,,success,,success
PH11-00247,1998-06-28,1998,Kerala,Idukki,9.8154785,76.9991599,district,flood,1,2.6,7.5,22.8,40.4,68.2,20.7208,99.2917,0.4793,723.0,0.0,409.0,,,,,success,,success
PH11-00248,1998-07-02,1998,Kerala,"Idukki, Kasaragod, Kottayam, Malappuram, Palakkad, Thiruvananthapuram,Wayanad",9.8154785,76.9991599,district,flood,1,0.6,2.5,8.5,18.0,37.9,20.4625,99.4583,0.4691,723.0,0.0,409.0,,,,,success,,success
PH11-00249,1998-07-12,1998,Kerala,"Ernakulam, Idukki, Malappuram, Pathanamthitta,Thrissur",9.9837257,76.2740001,district,flood,1,0.4,1.9,2.9,4.4,8.0,25.7458,88.7917,0.4284,4.0,2.82,24.0,,,,,success,,success
PH11-00250,1998-10-10,1998,Kerala,"Kollam, Kottayam, Kozhikode, Malappuram, Pathanamthitta, Thiruvananthapuram,Waya",8.8870533,76.5906696,district,flood,1,1.3,7.6,12.0,16.2,27.1,25.1958,91.2083,0.3516,17.0,1.36,31.0,,,,,success,,success
PH11-00251,1998-11-01,1998,Kerala,"Idukki,Thiruvananthapuram",9.8154785,76.9991599,district,flood,1,0.0,0.1,0.5,0.8,4.8,21.8958,90.7083,0.4845,723.0,0.0,409.0,,,,,success,,success
PH11-00252,1998-11-11,1998,Kerala,"Palakkad,Pathanamthitta",10.7873692,76.4742172,district,flood,1,0.0,0.0,0.0,11.0,16.5,24.65,89.7083,0.4629,83.0,3.15,57.0,,,,,success,,success
PH11-00253,1998-10-11,1998,Tamil Nadu,Kanniyakumariumari,11.3323723,78.6098639,district,flood,1,0.7,2.3,4.4,8.8,11.7,23.225,85.1667,0.4121,753.0,,,61.637,0.0,0.0,0.0,partial,slope/relief unavailable (open-elevation fallback; OpenTopography rate-limited),success
PH11-00254,1998-11-01,1998,Tamil Nadu,"Thiruvallur, Chennai, Krishnagiri, Tiruvannamalai, Dharmapuri, Salem, Erode, The",13.2537619,80.0562572,district,flood,1,0.0,0.0,0.0,0.0,0.0,26.7333,76.2917,0.3153,26.0,1.99,21.0,253.889,0.0,0.0,0.0,success,,success
PH11-00255,1998-12-04,1998,Tamil Nadu,"Cuddalore, Madurai, Nagapattinam,Perambalur, Thanjavur, Tiruchirappalli, Tirunel",11.5202071,79.3396356,district,flood,1,0.0,0.0,0.0,0.0,0.2,25.4833,73.7083,0.2777,53.0,1.47,36.0,119.889,0.0,0.0,0.0,success,,success
PH11-00256,1999-02-05,1999,Kerala,Kollam,8.8870533,76.5906696,district,flood,1,0.0,0.0,0.0,0.3,0.3,26.8042,79.5417,0.0781,17.0,1.36,31.0,,,,,success,,success
PH11-00257,1999-05-25,1999,Kerala,"Idukki,Kottayam",9.8154785,76.9991599,district,flood,1,2.1,5.7,10.7,23.0,46.3,20.3667,99.125,0.4825,723.0,0.0,409.0,,,,,success,,success
PH11-00258,1999-06-07,1999,Kerala,"Kasaragod, Wayanad, Kozhikode, Malappuram, Palakkad, Thrissur, Idukki, Ernakulam",12.4221964,75.1904446,district,flood,1,0.0,0.5,1.7,4.9,6.8,25.3375,90.3333,0.5002,83.0,9.45,223.0,,,,,success,,success
PH11-00259,1999-06-16,1999,Kerala,"Ernakulam, Idukki, Kasaragod, Kozhikode, Malappuram, Palakkad,Pathanamthitta",9.9837257,76.2740001,district,flood,1,0.0,0.3,1.9,3.9,13.9,24.8375,90.75,0.4334,4.0,2.82,24.0,,,,,success,,success
PH11-00260,1999-07-17,1999,Kerala,"Idukki, Kannur, Kasaragod, Kollam, Palakkad, Pathanamthitta, Thiruvananthapuram,",9.8154785,76.9991599,district,flood,1,1.0,2.8,4.6,9.1,24.4,20.0333,96.4167,0.4897,723.0,0.0,409.0,,,,,success,,success
PH11-00261,1999-08-02,1999,Kerala,"Kasaragod, Kozhikode,Malappuram",12.4221964,75.1904446,district,flood,1,1.8,5.7,10.3,19.8,38.8,23.3667,95.5833,0.4693,83.0,9.45,223.0,,,,,success,,success
PH11-00262,1999-10-09,1999,Kerala,Kannur,11.8763836,75.3737973,district,flood,1,0.2,2.8,10.0,17.6,23.5,25.55,86.4167,0.2997,21.0,1.67,43.0,,,,,success,,success
PH11-00263,1999-10-18,1999,Kerala,"Kasaragod, Wayanad, Kozhikode, Malappuram, Palakkad, Thrissur, Idukki, Ernakulam",12.4221964,75.1904446,district,flood,1,0.0,0.0,0.0,2.6,11.0,24.75,89.9583,0.4925,83.0,9.45,223.0,,,,,success,,success
PH11-00264,1999-05-05,1999,Tamil Nadu,Dindigul,10.4257161,77.8154728,district,flood,1,0.0,0.0,0.0,0.6,3.0,29.7167,66.2083,0.1754,303.0,,,8.738,0.0,18.0,30.0,partial,slope/relief unavailable (open-elevation fallback; OpenTopography rate-limited),success
PH11-00265,1999-11-21,1999,Tamil Nadu,"Karur, Nagapattinam, Perambalur, Pudukkottai, Thanjavur,Tiruchirappalli",10.8217671,78.3828654,district,flood,1,5.8,12.4,17.1,18.8,25.8,23.3167,92.5833,0.3721,125.0,,,77.559,0.0,0.0,0.0,partial,slope/relief unavailable (open-elevation fallback; OpenTopography rate-limited),success
PH11-00266,2000-04-08,2000,Kerala,Thiruvananthapuram,8.4882267,76.947551,district,flood,1,0.0,0.0,0.0,2.5,10.9,25.4417,87.3333,0.301,21.0,5.01,43.0,,,,,success,,success
PH11-00267,2000-06-08,2000,Kerala,"Alappuzha, Idukki,Kannur",9.5003416,76.4123364,district,flood,1,0.5,2.2,3.9,11.0,24.5,25.3083,93.4167,0.3771,1.0,1.32,35.0,,,,,success,,success
PH11-00268,2000-06-17,2000,Kerala,Alappuzha,9.5003416,76.4123364,district,flood,1,0.5,1.5,2.5,3.7,5.5,25.7,89.2917,0.3289,1.0,1.32,35.0,,,,,success,,success
PH11-00269,2000-07-01,2000,Kerala,Kasaragod,12.4221964,75.1904446,district,flood,1,1.1,2.0,3.4,10.3,33.5,23.1917,96.2917,0.4907,83.0,9.45,223.0,,,,,success,,success
PH11-00270,2000-07-07,2000,Kerala,"Idukki, Kollam, Pathanamthitta,Thiruvananthapuram",9.8154785,76.9991599,district,flood,1,0.0,0.0,1.2,8.9,22.2,19.5292,96.7083,0.4971,723.0,0.0,409.0,,,,,success,,success
PH11-00271,2000-08-08,2000,Kerala,Kottayam,9.6287383,76.6455326,district,flood,1,0.7,2.5,5.2,8.8,23.4,23.6958,96.3333,0.4931,40.0,3.14,97.0,,,,,success,,success
PH11-00272,2000-08-22,2000,Kerala,"Alappuzha, Idukki, Kannur, Kasaragod, Kollam, Kottayam, Kozhikode, Malappuram, P",9.5003416,76.4123364,district,flood,1,0.0,0.8,2.6,4.6,7.8,24.8208,89.4167,0.3469,1.0,1.32,35.0,,,,,success,,success
PH11-00273,2000-02-24,2000,Tamil Nadu,"Chennai,Perambalur",13.0836939,80.270186,district,flood,1,0.4,0.9,1.6,2.8,7.3,25.3583,85.7917,0.2077,10.0,2.82,28.0,261.138,0.0,0.0,0.0,success,,success
PH11-00274,2000-06-08,2000,Tamil Nadu,Kanniyakumariumari,11.3323723,78.6098639,district,flood,1,0.0,0.0,0.3,2.3,3.9,23.6542,75.125,0.243,753.0,,,61.637,0.0,0.0,0.0,partial,slope/relief unavailable (open-elevation fallback; OpenTopography rate-limited),success
PH11-00275,2001-04-07,2001,Kerala,"Kottayam,Kozhikode",9.6287383,76.6455326,district,flood,1,0.6,2.0,3.9,11.7,18.7,26.5208,85.9583,0.4551,40.0,3.14,97.0,,,,,success,,success
PH11-00276,2001-05-26,2001,Kerala,"Alappuzha, Kollam,Kozhikode",9.5003416,76.4123364,district,flood,1,0.6,2.2,2.6,6.7,9.1,26.8417,89.0417,0.3295,1.0,1.32,35.0,,,,,success,,success
PH11-00277,2001-06-08,2001,Kerala,Kasaragod,12.4221964,75.1904446,district,flood,1,2.2,6.4,13.6,20.7,39.8,23.4458,97.75,0.4756,83.0,9.45,223.0,,,,,success,,success
PH11-00278,2001-06-15,2001,Kerala,"Alappuzha, Kollam, Kozhikode, Malappuram,Wayanad",9.5003416,76.4123364,district,flood,1,0.3,1.0,4.1,8.8,24.2,24.8208,93.25,0.3759,1.0,1.32,35.0,,,,,success,,success
PH11-00279,2001-07-08,2001,Kerala,"Alappuzha, Idukki, Kollam, Kottayam, Thiruvananthapuram,Thrissur",9.5003416,76.4123364,district,flood,1,0.3,2.2,4.7,7.0,20.3,25.1833,91.0,0.364,1.0,1.32,35.0,,,,,success,,success
PH11-00280,2001-09-22,2001,Kerala,Thiruvananthapuram,8.4882267,76.947551,district,flood,1,0.0,1.7,2.9,3.8,7.8,25.225,87.0833,0.2338,21.0,5.01,43.0,,,,,success,,success
PH11-00281,2001-11-10,2001,Kerala,Thiruvananthapuram,8.4882267,76.947551,district,flood,1,0.1,0.2,0.4,1.5,4.7,25.9,86.0,0.2484,21.0,5.01,43.0,,,,,success,,success
PH11-00282,2001-07-06,2001,Uttarakhand,"Uttar Kashi Kashi, Chamoli, Dehradun, Tehri Garhwal, Rudra Prayag, Pithoragarh, ",30.0417376,79.089691,district,flood,1,0.0,0.0,0.0,5.3,13.3,19.7417,87.7083,0.4594,2041.0,30.37,706.0,,,,,success,,success
PH11-00283,2001-07-16,2001,Uttarakhand,"Uttar Kashi Kashi, Chamoli, Dehradun, Tehri Garhwal, Rudra Prayag, Pithoragarh, ",30.0417376,79.089691,district,flood,1,0.4,0.8,1.0,6.0,14.8,18.675,94.0417,0.4843,2041.0,30.37,706.0,,,,,success,,success
PH11-00284,2001-07-18,2001,Uttarakhand,Rudra Prayag,30.0417376,79.089691,district,flood,1,0.0,0.3,1.5,6.4,57.3,17.0583,94.75,0.4802,2041.0,30.37,706.0,,,,,success,,success
PH11-00285,2001-08-04,2001,Uttarakhand,"Azamgarh,Bahraich",30.0417376,79.089691,district,flood,1,0.5,1.3,1.3,1.3,5.5,17.7542,94.9583,0.4939,2041.0,30.37,706.0,,,,,success,,success
PH11-00286,2001-09-01,2001,Uttarakhand,East Uttar Kashi Pradesh,30.0417376,79.089691,district,flood,1,0.0,0.0,1.1,4.6,11.2,17.4,90.6667,0.4672,2041.0,30.37,706.0,,,,,success,,success
PH11-00287,2002-06-11,2002,Kerala,"Kollam, Kozhikode,Thrissur",8.8870533,76.5906696,district,flood,1,0.6,1.2,1.4,4.4,6.0,26.1125,88.0,0.3184,17.0,1.36,31.0,,,,,success,,success
PH11-00288,2002-07-12,2002,Kerala,Kannur,11.8763836,75.3737973,district,flood,1,0.4,1.1,1.6,4.4,13.4,24.9333,90.4583,0.3025,21.0,1.67,43.0,,,,,success,,success
PH11-00289,2002-08-16,2002,Kerala,"Kottayam, Kozhikode,Palakkad",9.6287383,76.6455326,district,flood,1,0.3,1.5,1.9,3.0,6.3,24.5917,91.0417,0.5029,40.0,3.14,97.0,,,,,success,,success
PH11-00290,2002-10-12,2002,Kerala,Kasaragod,12.4221964,75.1904446,district,flood,1,0.9,2.0,3.1,7.5,29.0,23.9292,95.8333,0.4835,83.0,9.45,223.0,,,,,success,,success
PH11-00291,2002-10-13,2002,Kerala,"Kannur, Kasaragod, Kozhikode,Thiruvananthapuram",11.8763836,75.3737973,district,flood,1,7.0,19.0,31.9,57.9,108.4,24.4958,94.4167,0.3911,21.0,1.67,43.0,,,,,success,,success
PH11-00292,2002-01-31,2002,Tamil Nadu,"Cuddalore, Nagapattinam, Pudukkottai, Ramanathapuram, Thanjavur, Thiruvarur,Tiru",11.5202071,79.3396356,district,flood,1,0.0,0.0,0.0,0.0,0.0,24.8042,72.5,0.2083,53.0,1.47,36.0,119.889,0.0,0.0,0.0,success,,success
PH11-00293,2002-10-27,2002,Tamil Nadu,Many parts,11.3323723,78.6098639,district,flood,1,0.2,0.8,2.3,22.0,24.0,23.0875,81.9583,0.308,753.0,,,61.637,0.0,0.0,0.0,partial,slope/relief unavailable (open-elevation fallback; OpenTopography rate-limited),success
PH11-00294,2002-11-01,2002,Tamil Nadu,"Chennai, Coimbatore, Namakkal, Perambalur, Pudukkottai, Thanjavur, Theni, Thiruv",13.0836939,80.270186,district,flood,1,1.5,5.2,10.7,21.6,36.0,24.0792,90.125,0.4152,10.0,2.82,28.0,261.138,0.0,0.0,0.0,success,,success
PH11-00295,2002-08-11,2002,Uttarakhand,"Tehri Garhwal,Uttar Kashi Kashi",30.4658181,78.4837349,district,flood,1,1.7,4.3,6.8,10.2,17.5,20.1667,93.4583,0.4907,1703.0,41.77,869.0,,,,,success,,success
PH11-00296,2002-09-12,2002,Uttarakhand,"Haridwar,Nainital",29.9384473,78.1452985,district,flood,1,1.5,8.7,18.6,44.1,105.5,23.0875,86.6667,0.4271,290.0,,,,,,,partial,slope/relief unavailable (open-elevation fallback; OpenTopography rate-limited),success
PH11-00297,2003-06-18,2003,Kerala,"Kannur, Kasaragod, Kozhikode,Thiruvananthapuram",11.8763836,75.3737973,district,flood,1,0.2,1.8,6.3,12.7,35.2,25.4583,90.7917,0.3597,21.0,1.67,43.0,,,,,success,,success
PH11-00298,2003-07-04,2003,Kerala,Kottayam,9.6287383,76.6455326,district,flood,1,0.3,0.4,0.9,5.0,10.4,24.3083,93.4583,0.4857,40.0,3.14,97.0,,,,,success,,success
PH11-00299,2003-07-06,2003,Kerala,"Kasaragod, Kottayam,Palakkad",12.4221964,75.1904446,district,flood,1,1.3,5.7,15.4,33.2,58.0,23.3167,98.3333,0.4733,83.0,9.45,223.0,,,,,success,,success
PH11-00300,2003-07-15,2003,Kerala,Kasaragod,12.4221964,75.1904446,district,flood,1,2.1,6.9,12.8,22.2,35.0,23.6833,98.125,0.4773,83.0,9.45,223.0,,,,,success,,success
PH11-00301,2003-10-02,2003,Kerala,Thrissur,10.5270099,76.214621,district,flood,1,1.1,6.0,12.2,17.6,44.7,25.7083,88.4583,0.4697,22.0,4.19,39.0,,,,,success,,success
PH11-00302,2003-10-05,2003,Kerala,"Idukki, Kollam,Thiruvananthapuram",9.8154785,76.9991599,district,flood,1,0.1,0.1,0.1,0.4,3.3,21.2208,95.0833,0.4929,723.0,0.0,409.0,,,,,success,,success
PH11-00303,2003-10-23,2003,Kerala,Palakkad,10.7873692,76.4742172,district,flood,1,0.0,0.0,0.8,3.2,9.7,23.7833,95.8333,0.4767,83.0,3.15,57.0,,,,,success,,success
PH11-00304,2003-06-25,2003,Tamil Nadu,South Tripura,11.3323723,78.6098639,district,flood,1,0.0,0.0,0.0,0.0,0.3,25.1292,69.9583,0.2649,753.0,,,61.637,0.0,0.0,0.0,partial,slope/relief unavailable (open-elevation fallback; OpenTopography rate-limited),success
PH11-00305,2003-07-04,2003,Uttarakhand,"Dehradun,Tehri Garhwal",30.3255646,78.0436813,district,flood,1,0.2,1.5,3.3,3.6,4.6,26.8458,79.125,0.3088,672.0,3.84,53.0,,,,,success,,success
PH11-00306,2003-09-21,2003,Uttarakhand,Pithoragarh,29.585871,80.215167,district,flood,1,0.2,0.6,0.8,1.3,1.7,20.9833,80.3333,0.4486,1612.0,,,,,,,partial,slope/relief unavailable (open-elevation fallback; OpenTopography rate-limited),success
PH11-00307,2004-06-04,2004,Kerala,"Idukki, Kannur, Kollam, Kottayam, Kozhikode, Malappuram, Palakkad , Thrissur,Thi",9.8154785,76.9991599,district,flood,1,0.0,0.3,1.1,1.3,12.4,21.1875,95.0417,0.4751,723.0,0.0,409.0,,,,,success,,success
PH11-00308,2004-07-04,2004,Kerala,Kannur,11.8763836,75.3737973,district,flood,1,0.8,2.0,3.7,5.1,9.6,25.1625,88.0833,0.2924,21.0,1.67,43.0,,,,,success,,success
PH11-00309,2004-07-07,2004,Kerala,"Thiruvananthapuram,Wayanad",8.4882267,76.947551,district,flood,1,0.8,1.4,3.1,7.9,11.0,24.7125,87.5,0.2699,21.0,5.01,43.0,,,,,success,,success
PH11-00310,2004-07-19,2004,Kerala,Thiruvananthapuram,8.4882267,76.947551,district,flood,1,0.7,1.6,2.3,5.5,10.2,24.6417,89.75,0.307,21.0,5.01,43.0,,,,,success,,success
PH11-00311,2004-08-03,2004,Kerala,"Idukki, Kannur, Kasaragod, Kollam, Kozhikode, Malappuram, Palakkad,Wayanad",9.8154785,76.9991599,district,flood,1,1.4,4.5,7.0,8.4,11.1,20.8667,93.5,0.4898,723.0,0.0,409.0,,,,,success,,success
PH11-00312,2004-10-04,2004,Kerala,"Alappuzha, Ernakulam,Thrissur",9.5003416,76.4123364,district,flood,1,1.3,2.2,7.2,14.7,38.9,24.1708,94.1667,0.3841,1.0,1.32,35.0,,,,,success,,success
PH11-00313,2004-09-20,2004,Tamil Nadu,Chennai,13.0836939,80.270186,district,flood,1,0.0,0.1,0.4,3.4,3.8,29.0708,77.0,0.2607,10.0,2.82,28.0,261.138,0.0,0.0,0.0,success,,success
PH11-00314,2004-10-30,2004,Tamil Nadu,"Thanjavur, Thiruvarur,Viluppuram",10.659037,79.2014278,district,flood,1,0.8,2.5,6.3,17.6,59.6,23.4375,96.6667,0.427,37.0,1.32,20.0,158.552,0.0,0.0,0.0,success,,success
PH11-00315,2004-11-05,2004,Tamil Nadu,Thiruvarur,10.6878621,79.4979437,district,flood,1,2.3,6.0,8.0,8.0,8.0,25.6792,75.6667,0.381,16.0,,,180.449,0.0,0.0,0.0,partial,slope/relief unavailable (open-elevation fallback; OpenTopography rate-limited),success
PH11-00316,2004-11-09,2004,Tamil Nadu,Chennai,13.0836939,80.270186,district,flood,1,0.2,0.2,0.5,1.0,3.9,25.7167,88.8333,0.397,10.0,2.82,28.0,261.138,0.0,0.0,0.0,success,,success
PH11-00317,2004-11-23,2004,Tamil Nadu,Nagapattinam,10.6026203,79.7619348,district,flood,1,0.8,3.0,5.3,12.5,30.9,25.0,88.875,0.3463,1.0,,,208.548,0.0,0.0,0.0,partial,slope/relief unavailable (open-elevation fallback; OpenTopography rate-limited),success
PH11-00318,2004-05-29,2004,Uttarakhand,Bageshwar,30.0087902,79.9280183,district,flood,1,0.0,0.0,0.0,0.0,1.4,18.8042,64.125,0.4025,1819.0,,,,,,,partial,slope/relief unavailable (open-elevation fallback; OpenTopography rate-limited),success
PH11-00319,2004-06-01,2004,Uttarakhand,Almora,29.702651,79.4326318,district,flood,1,0.0,0.0,0.0,0.2,0.2,25.6625,55.9167,0.2726,1142.0,16.65,255.0,,,,,success,,success
PH11-00320,2004-07-06,2004,Uttarakhand,Chamoli,30.4985956,79.6190537,district,flood,1,0.4,0.7,1.3,2.3,13.8,19.8125,95.3333,0.4206,1853.0,23.8,928.0,,,,,success,,success
PH11-00321,2004-07-28,2004,Uttarakhand,"Tehri Garhwal,Uttar Kashi Kashi",30.4658181,78.4837349,district,flood,1,8.6,26.5,37.3,43.0,52.1,19.125,93.375,0.4779,1703.0,41.77,869.0,,,,,success,,success
PH11-00322,2004-08-26,2004,Uttarakhand,Udam Singh Nagar,30.0417376,79.089691,district,flood,1,0.3,0.9,1.7,6.4,17.3,17.7792,91.5417,0.4681,2041.0,30.37,706.0,,,,,success,,success
PH11-00323,2005-02-01,2005,Kerala,Thiruvananthapuram,8.4882267,76.947551,district,flood,1,0.0,0.0,0.6,2.2,4.0,25.7375,81.7917,0.1589,21.0,5.01,43.0,,,,,success,,success
PH11-00324,2005-03-15,2005,Kerala,Thiruvananthapuram,8.4882267,76.947551,district,flood,1,0.0,0.0,0.0,3.0,7.9,27.0792,81.9167,0.1583,21.0,5.01,43.0,,,,,success,,success
PH11-00325,2005-04-04,2005,Kerala,Southern parts,10.3528744,76.5120396,district,flood,1,1.6,5.8,12.2,14.0,20.2,27.0875,82.0417,0.4203,144.0,22.21,330.0,,,,,success,,success
PH11-00326,2005-04-06,2005,Kerala,"Thiruvananthapuram,Wayanad",8.4882267,76.947551,district,flood,1,0.8,0.9,1.0,2.4,79.9,25.975,86.1667,0.285,21.0,5.01,43.0,,,,,success,,success
PH11-00327,2005-04-12,2005,Kerala,Thiruvananthapuram,8.4882267,76.947551,district,flood,1,0.7,1.0,1.0,3.5,11.3,25.8708,87.625,0.265,21.0,5.01,43.0,,,,,success,,success
PH11-00328,2005-04-15,2005,Kerala,"Thiruvananthapuram,Wayanad",8.4882267,76.947551,district,flood,1,0.0,0.0,0.0,0.8,4.9,26.3958,85.8333,0.2328,21.0,5.01,43.0,,,,,success,,success
PH11-00329,2005-05-02,2005,Kerala,Wayanad,11.7151291,76.1271185,district,flood,1,0.0,0.0,0.0,0.0,2.0,24.3208,86.9167,0.4599,757.0,7.78,77.0,,,,,success,,success
PH11-00330,2005-05-17,2005,Kerala,Thiruvananthapuram,8.4882267,76.947551,district,flood,1,0.0,0.0,0.0,0.0,0.6,27.55,83.125,0.1922,21.0,5.01,43.0,,,,,success,,success
PH11-00331,2005-05-29,2005,Kerala,Wayanad,11.7151291,76.1271185,district,flood,1,0.0,0.0,0.0,0.0,1.0,23.2208,89.5,0.4671,757.0,7.78,77.0,,,,,success,,success
PH11-00332,2005-06-01,2005,Kerala,"Kollam, Thiruvananthapuram,Wayanad",8.8870533,76.5906696,district,flood,1,0.2,0.4,1.0,1.9,3.8,26.7917,85.5,0.2895,17.0,1.36,31.0,,,,,success,,success
PH11-00333,2005-06-15,2005,Kerala,"Alappuzha, Ernakulam, Kannur, Kasaragod, Kollam, Kottayam, Palakkad,Thiruvananth",9.5003416,76.4123364,district,flood,1,0.0,1.7,6.1,11.9,17.3,26.6208,91.1667,0.3581,1.0,1.32,35.0,,,,,success,,success
PH11-00334,2005-07-01,2005,Kerala,Kozhikode,11.2450558,75.7754716,district,flood,1,2.1,7.7,13.1,38.4,50.4,24.975,91.0,0.3484,13.0,1.98,29.0,,,,,success,,success
PH11-00335,2005-07-01,2005,Kerala,Kollam,8.8870533,76.5906696,district,flood,1,0.5,1.2,1.4,3.0,5.1,25.775,88.75,0.2924,17.0,1.36,31.0,,,,,success,,success
PH11-00337,2005-07-07,2005,Kerala,"Kozhikode, Malappuram,Wayanad",11.2450558,75.7754716,district,flood,1,0.6,2.0,2.5,7.8,13.6,24.9542,90.4167,0.3337,13.0,1.98,29.0,,,,,success,,success
PH11-00338,2005-07-20,2005,Kerala,Kozhikode,11.2450558,75.7754716,district,flood,1,0.3,1.8,2.2,5.9,19.6,24.9542,89.7917,0.3412,13.0,1.98,29.0,,,,,success,,success
PH11-00339,2005-07-22,2005,Kerala,"Alappuzha, Ernakulam, Idukki, Kollam, Kottayam, Thiruvananthapuram, Thrissur,Way",9.5003416,76.4123364,district,flood,1,0.3,1.0,1.0,1.4,4.9,25.8083,87.5417,0.3443,1.0,1.32,35.0,,,,,success,,success
PH11-00340,2005-09-07,2005,Kerala,Thiruvananthapuram,8.4882267,76.947551,district,flood,1,0.9,2.8,6.7,15.6,24.7,24.2417,92.125,0.3406,21.0,5.01,43.0,,,,,success,,success
PH11-00341,2005-10-02,2005,Kerala,Wayanad,11.7151291,76.1271185,district,flood,1,0.0,0.0,0.0,0.0,0.0,22.8042,81.9167,0.4232,757.0,7.78,77.0,,,,,success,,success
PH11-00342,2005-10-07,2005,Kerala,Wayanad,11.7151291,76.1271185,district,flood,1,0.0,0.0,0.0,1.4,2.4,22.9167,89.5,0.4723,757.0,7.78,77.0,,,,,success,,success
PH11-00343,2005-10-08,2005,Kerala,"Kollam, Thiruvananthapuram,Wayanad",8.8870533,76.5906696,district,flood,1,0.0,0.0,0.6,3.4,5.3,26.175,87.2083,0.2798,17.0,1.36,31.0,,,,,success,,success
PH11-00344,2005-10-22,2005,Kerala,"Kannur,Wayanad",11.8763836,75.3737973,district,flood,1,0.0,0.0,0.0,0.7,3.4,25.9417,89.5,0.3085,21.0,1.67,43.0,,,,,success,,success
PH11-00345,2005-11-08,2005,Kerala,Ernakulam ant Thiruvananthapuram,10.3528744,76.5120396,district,flood,1,0.0,0.0,0.0,0.0,0.3,25.5042,80.4583,0.4671,144.0,22.21,330.0,,,,,success,,success
PH11-00346,2005-12-08,2005,Kerala,Thiruvananthapuram,8.4882267,76.947551,district,flood,1,0.0,0.0,0.0,0.0,0.0,25.6083,80.0417,0.2465,21.0,5.01,43.0,,,,,success,,success
PH11-00347,2005-04-07,2005,Tamil Nadu,"Kanniyakumariumari, Namakkal, The Nilgiris,Tiruchirappalli",11.3323723,78.6098639,district,flood,1,0.0,0.5,1.2,1.4,13.5,22.4958,87.75,0.403,753.0,,,61.637,0.0,0.0,0.0,partial,slope/relief unavailable (open-elevation fallback; OpenTopography rate-limited),success
PH11-00348,2005-10-13,2005,Tamil Nadu,Chennai,13.0836939,80.270186,district,flood,1,3.9,10.1,17.1,26.3,41.3,24.8833,93.375,0.4147,10.0,2.82,28.0,261.138,0.0,0.0,0.0,success,,success
PH11-00349,2005-10-15,2005,Tamil Nadu,"Thiruvallur, Chennai, Krishnagiri, Tiruvannamalai, Dharmapuri, Salem, Erode, The",13.2537619,80.0562572,district,flood,1,0.0,0.3,0.3,0.3,3.4,26.6542,84.5417,0.3972,26.0,1.99,21.0,253.889,0.0,0.0,0.0,success,,success
PH11-00350,2005-11-09,2005,Tamil Nadu,"Chennai, Cuddalore, Kancheepuram, Nagapattinam, Pudukkottai, Tiruchirappalli, Th",13.0836939,80.270186,district,flood,1,1.5,4.2,12.4,34.3,53.3,25.0417,88.3333,0.4072,10.0,2.82,28.0,261.138,0.0,0.0,0.0,success,,success
PH11-00351,2005-11-22,2005,Tamil Nadu,Nagapattinam,10.6026203,79.7619348,district,flood,1,1.0,2.7,10.5,22.2,43.5,25.0,90.4583,0.3617,1.0,,,208.548,0.0,0.0,0.0,partial,slope/relief unavailable (open-elevation fallback; OpenTopography rate-limited),success
PH11-00352,2005-11-24,2005,Tamil Nadu,"Thiruvallur, Chennai, Krishnagiri, Tiruvannamalai, Dharmapuri, Salem, Erode, The",13.2537619,80.0562572,district,flood,1,0.3,1.4,6.1,13.6,36.2,23.8375,94.2083,0.4244,26.0,1.99,21.0,253.889,0.0,0.0,0.0,success,,success
PH11-00353,2005-12-03,2005,Tamil Nadu,"Chennai, Kancheepuram,Thiruvallur",13.0836939,80.270186,district,flood,1,1.1,6.5,13.5,20.2,47.8,24.0625,93.9167,0.412,10.0,2.82,28.0,261.138,0.0,0.0,0.0,success,,success
PH11-00354,2005-12-06,2005,Tamil Nadu,Thiruvallur,13.2537619,80.0562572,district,flood,1,0.0,0.0,0.0,0.0,0.4,24.975,83.5417,0.3902,26.0,1.99,21.0,253.889,0.0,0.0,0.0,success,,success
PH11-00355,2005-12-08,2005,Tamil Nadu,"Cuddalore, Nagapattinam, Tiruchirappalli,Thiruvarur",11.5202071,79.3396356,district,flood,1,0.0,0.0,0.0,0.0,0.0,23.9083,77.5,0.3787,53.0,1.47,36.0,119.889,0.0,0.0,0.0,success,,success
PH11-00356,2005-12-11,2005,Tamil Nadu,"Ramanathapuram, Thanjavur,Thiruvarur",9.5205576,78.5184635,district,flood,1,1.6,4.8,10.1,16.5,34.5,23.3792,89.9167,0.4092,46.0,2.39,17.0,88.178,0.0,0.0,0.0,success,,success
PH11-00357,2005-06-30,2005,Uttarakhand,Chamoli,30.4985956,79.6190537,district,flood,1,0.0,0.3,1.1,1.5,11.6,19.5625,93.4167,0.4162,1853.0,23.8,928.0,,,,,success,,success
PH11-00358,2005-07-06,2005,Uttarakhand,Banda,30.4746788,78.3126068,district,flood,1,0.8,4.0,7.8,12.6,55.6,19.1167,90.7917,0.4839,1636.0,,,,,,,partial,slope/relief unavailable (open-elevation fallback; OpenTopography rate-limited),success
PH11-00359,2005-07-14,2005,Uttarakhand,"Uttar Kashi Kashi, Chamoli, Dehradun, Tehri Garhwal, Rudra Prayag, Pithoragarh, ",30.0417376,79.089691,district,flood,1,0.2,1.1,2.0,4.3,16.2,18.475,91.0833,0.4878,2041.0,30.37,706.0,,,,,success,,success
PH11-00360,2005-07-21,2005,Uttarakhand,"Uttar Kashi Kashi, Chamoli, Dehradun, Tehri Garhwal, Rudra Prayag, Pithoragarh, ",30.0417376,79.089691,district,flood,1,1.1,2.9,3.5,4.5,19.2,18.8292,85.4167,0.4559,2041.0,30.37,706.0,,,,,success,,success
PH11-00361,2005-07-22,2005,Uttarakhand,Tehri Garhwal,30.4658181,78.4837349,district,flood,1,0.0,0.2,1.0,3.2,11.2,19.5625,91.5,0.4728,1703.0,41.77,869.0,,,,,success,,success
PH11-00362,2005-08-03,2005,Uttarakhand,Tehri Garhwal,30.4658181,78.4837349,district,flood,1,0.3,3.8,9.5,9.8,13.7,20.6583,87.2083,0.4879,1703.0,41.77,869.0,,,,,success,,success
PH11-00363,2005-08-05,2005,Uttarakhand,Pithoragarh,29.585871,80.215167,district,flood,1,2.5,5.2,7.9,8.7,30.8,20.425,93.9583,0.4946,1612.0,,,,,,,partial,slope/relief unavailable (open-elevation fallback; OpenTopography rate-limited),success
PH11-00364,2005-09-05,2005,Uttarakhand,Bageshwar,30.0087902,79.9280183,district,flood,1,0.4,3.7,7.6,7.7,8.6,19.1167,87.9167,0.4667,1819.0,,,,,,,partial,slope/relief unavailable (open-elevation fallback; OpenTopography rate-limited),success
PH11-00365,2005-09-25,2005,Uttarakhand,"Dehradun, Haridwar, Moradabad,Muzaffarnagar,Dehradun, Haridwar,Nainital",30.3255646,78.0436813,district,flood,1,5.5,13.6,20.4,39.4,65.3,21.6458,91.0833,0.4243,672.0,3.84,53.0,,,,,success,,success
PH11-00366,2006-03-05,2006,Kerala,Wayanad,11.7151291,76.1271185,district,flood,1,0.0,0.0,0.0,4.9,5.5,23.0083,86.6667,0.4069,757.0,7.78,77.0,,,,,success,,success
PH11-00367,2006-05-23,2006,Kerala,Kozhikode,11.2450558,75.7754716,district,flood,1,0.0,0.0,0.0,2.8,7.5,26.6833,84.875,0.2232,13.0,1.98,29.0,,,,,success,,success
PH11-00368,2006-05-27,2006,Kerala,"Alappuzha, Kannur, Kasaragod, Kollam, Kottayam, Kozhikode, Malappuram, Thiruvana",9.5003416,76.4123364,district,flood,1,1.5,3.5,4.9,10.5,32.2,25.4792,92.5417,0.3745,1.0,1.32,35.0,,,,,success,,success
PH11-00369,2006-06-01,2006,Kerala,"Alappuzha, Ernakulam, Kannur, Kollam, Kozhikode, Palakkad, Thrissur,Wayanad",9.5003416,76.4123364,district,flood,1,2.2,6.4,11.6,21.3,49.3,25.125,93.9167,0.3869,1.0,1.32,35.0,,,,,success,,success
PH11-00370,2006-06-23,2006,Kerala,"Alappuzha, Kozhikode, Malappuram,Thiruvananthapuram",9.5003416,76.4123364,district,flood,1,3.5,10.7,20.7,33.8,42.8,25.6917,89.0833,0.378,1.0,1.32,35.0,,,,,success,,success
PH11-00371,2006-06-29,2006,Kerala,Malappuram,11.1065685,76.1101742,district,flood,1,2.7,4.7,7.9,11.6,34.6,24.6,91.375,0.4709,47.0,9.32,83.0,,,,,success,,success
PH11-00372,2006-07-01,2006,Kerala,"Kannur,Wayanad",11.8763836,75.3737973,district,flood,1,0.7,1.7,3.5,5.7,15.3,25.7125,88.9583,0.3312,21.0,1.67,43.0,,,,,success,,success
PH11-00373,2006-07-04,2006,Kerala,"Malikkeri,Wayanad",10.3528744,76.5120396,district,flood,1,4.6,7.0,8.3,15.3,24.9,24.95,93.9167,0.4798,144.0,22.21,330.0,,,,,success,,success
PH11-00374,2006-07-05,2006,Kerala,Wayanad,11.7151291,76.1271185,district,flood,1,0.3,0.6,1.3,3.1,10.3,21.6292,95.0833,0.4835,757.0,7.78,77.0,,,,,success,,success
PH11-00375,2006-08-13,2006,Kerala,Wayanad,11.7151291,76.1271185,district,flood,1,0.5,1.0,2.4,4.3,16.9,20.625,98.625,0.4727,757.0,7.78,77.0,,,,,success,,success
PH11-00376,2006-09-22,2006,Kerala,Thiruvananthapuram,8.4882267,76.947551,district,flood,1,0.1,0.1,0.3,0.8,6.3,24.8583,88.375,0.2946,21.0,5.01,43.0,,,,,success,,success
PH11-00377,2006-09-25,2006,Kerala,"Kollam, Kottayam, Palakkad, Pathanamthitta,Thiruvananthapuram",8.8870533,76.5906696,district,flood,1,0.0,0.2,0.4,8.0,20.4,25.225,89.4583,0.3376,17.0,1.36,31.0,,,,,success,,success
PH11-00378,2006-10-18,2006,Kerala,Thiruvananthapuram,8.4882267,76.947551,district,flood,1,0.0,0.0,0.0,0.5,29.0,25.3167,86.875,0.3166,21.0,5.01,43.0,,,,,success,,success
PH11-00379,2006-10-28,2006,Kerala,Thiruvananthapuram,8.4882267,76.947551,district,flood,1,0.6,2.2,6.1,15.2,35.2,24.4083,92.2917,0.3447,21.0,5.01,43.0,,,,,success,,success
PH11-00380,2006-11-04,2006,Kerala,Wayanad,11.7151291,76.1271185,district,flood,1,0.2,0.2,0.4,5.5,8.7,21.7583,92.9167,0.4885,757.0,7.78,77.0,,,,,success,,success
PH11-00381,2006-11-08,2006,Kerala,Thiruvananthapuram,8.4882267,76.947551,district,flood,1,0.1,0.1,0.4,0.9,3.3,25.6625,84.0417,0.294,21.0,5.01,43.0,,,,,success,,success
PH11-00382,2006-11-21,2006,Kerala,Thiruvananthapuram,8.4882267,76.947551,district,flood,1,0.3,0.7,1.0,2.1,20.5,25.2,87.6667,0.3109,21.0,5.01,43.0,,,,,success,,success
PH11-00383,2006-11-25,2006,Kerala,Kottayam,9.6287383,76.6455326,district,flood,1,0.0,0.0,0.0,3.9,15.2,25.0208,90.9583,0.4447,40.0,3.14,97.0,,,,,success,,success
PH11-00384,2006-05-13,2006,Tamil Nadu,Salem,11.6469616,78.2106958,district,flood,1,0.0,0.0,0.0,3.0,3.0,30.4208,60.4583,0.1353,394.0,,,10.853,0.0,0.0,12.0,partial,slope/relief unavailable (open-elevation fallback; OpenTopography rate-limited),success
PH11-00385,2006-10-22,2006,Tamil Nadu,"Chennai, Madurai, Nagapattinam,Tirunelveli, Tiruvannamalai, Thoothukkudi,Viluppu",13.0836939,80.270186,district,flood,1,0.0,0.0,0.0,0.7,8.7,26.6833,85.2917,0.3739,10.0,2.82,28.0,261.138,0.0,0.0,0.0,success,,success
PH11-00386,2006-11-09,2006,Tamil Nadu,The Nilgiris,11.4,76.7,district,flood,1,0.5,1.6,3.3,6.4,13.4,14.7958,95.8333,0.4259,2232.0,11.52,253.0,0.892,52.0,168.0,671.0,success,,success
PH11-00387,2006-11-18,2006,Tamil Nadu,Nagapattinam,10.6026203,79.7619348,district,flood,1,3.5,9.6,16.3,24.8,28.5,25.3667,88.125,0.3425,1.0,,,208.548,0.0,0.0,0.0,partial,slope/relief unavailable (open-elevation fallback; OpenTopography rate-limited),success
PH11-00388,2006-06-07,2006,Uttarakhand,Lucknow,30.0417376,79.089691,district,flood,1,0.0,0.0,0.0,0.0,1.0,18.9,64.25,0.4523,2041.0,30.37,706.0,,,,,success,,success
PH11-00389,2007-02-26,2007,Kerala,Kollam,8.8870533,76.5906696,district,flood,1,0.0,0.0,0.0,0.3,0.5,27.2542,74.0833,0.0716,17.0,1.36,31.0,,,,,success,,success
PH11-00390,2007-04-21,2007,Kerala,Wayanad,11.7151291,76.1271185,district,flood,1,0.0,0.0,0.0,0.0,0.8,23.8792,84.875,0.4253,757.0,7.78,77.0,,,,,success,,success
PH11-00391,2007-06-07,2007,Kerala,Wayanad,11.7151291,76.1271185,district,flood,1,0.0,0.7,1.8,3.7,9.3,23.6542,91.5,0.4756,757.0,7.78,77.0,,,,,success,,success
PH11-00392,2007-06-10,2007,Kerala,Wayanad,11.7151291,76.1271185,district,flood,1,0.0,0.0,0.0,0.0,2.7,22.3,93.3333,0.494,757.0,7.78,77.0,,,,,success,,success
PH11-00393,2007-06-14,2007,Kerala,Kasaragod,12.4221964,75.1904446,district,flood,1,0.0,0.0,0.4,1.4,18.1,26.35,86.5417,0.4635,83.0,9.45,223.0,,,,,success,,success
PH11-00394,2007-06-22,2007,Kerala,"Alappuzha, Ernakulam,  Idukki, Kannur, Kasaragod, Kottayam, Kozhikode, Malappura",9.5003416,76.4123364,district,flood,1,3.7,10.5,17.1,28.8,51.9,24.9375,93.9583,0.3899,1.0,1.32,35.0,,,,,success,,success
PH11-00395,2007-06-28,2007,Kerala,Wayanad,11.7151291,76.1271185,district,flood,1,0.3,0.3,1.0,2.3,9.3,21.7417,93.125,0.5012,757.0,7.78,77.0,,,,,success,,success
PH11-00396,2007-07-01,2007,Kerala,Idukki,9.8154785,76.9991599,district,flood,1,1.3,4.0,8.1,14.7,41.9,21.0208,97.2917,0.473,723.0,0.0,409.0,,,,,success,,success
PH11-00397,2007-07-02,2007,Kerala,"Ernakulam, Idukki, Kollam, Wayanad",9.9837257,76.2740001,district,flood,1,1.2,2.2,3.9,11.9,25.6,25.5458,90.625,0.429,4.0,2.82,24.0,,,,,success,,success
PH11-00398,2007-07-04,2007,Kerala,Wayanad,11.7151291,76.1271185,district,flood,1,0.2,0.7,1.6,4.2,14.9,21.4417,97.0417,0.4992,757.0,7.78,77.0,,,,,success,,success
PH11-00399,2007-07-14,2007,Kerala,"Alappuzha, Idukki, Kannur, Kottayam, Kozhikode, Malappuram, Pathanamthitta, Thir",9.5003416,76.4123364,district,flood,1,0.1,0.6,2.0,4.1,7.7,25.725,90.0,0.3507,1.0,1.32,35.0,,,,,success,,success
PH11-00400,2007-07-26,2007,Kerala,Wayanad,11.7151291,76.1271185,district,flood,1,0.0,0.0,0.0,0.0,3.4,21.0208,94.375,0.4729,757.0,7.78,77.0,,,,,success,,success
PH11-00401,2007-09-09,2007,Kerala,Thiruvananthapuram,8.4882267,76.947551,district,flood,1,0.0,0.0,0.0,2.5,9.8,25.425,86.5417,0.2768,21.0,5.01,43.0,,,,,success,,success
PH11-00402,2007-10-21,2007,Kerala,Thiruvananthapuram,8.4882267,76.947551,district,flood,1,0.0,0.1,0.5,5.1,19.3,24.1,87.2917,0.333,21.0,5.01,43.0,,,,,success,,success
PH11-00403,2007-11-03,2007,Kerala,"Alappuzha, Malappuram, Pathanamthitta, Thiruvananthapuram,Wayanad",9.5003416,76.4123364,district,flood,1,0.0,0.0,0.0,3.3,6.8,25.65,88.2083,0.3178,1.0,1.32,35.0,,,,,success,,success
PH11-00404,2007-10-24,2007,Tamil Nadu,"Cuddalore,Nagapattinam",11.5202071,79.3396356,district,flood,1,0.4,0.9,1.7,6.9,38.2,23.6125,95.2917,0.4255,53.0,1.47,36.0,119.889,0.0,0.0,0.0,success,,success
PH11-00405,2007-10-29,2007,Tamil Nadu,"Chennai, Kancheepuram, Tiruvannamalai,Viluppuram",13.0836939,80.270186,district,flood,1,6.2,19.9,39.3,55.7,97.2,24.0333,91.0,0.4205,10.0,2.82,28.0,261.138,0.0,0.0,0.0,success,,success
PH11-00406,2007-11-06,2007,Tamil Nadu,Kanniyakumariumari,11.3323723,78.6098639,district,flood,1,0.0,0.4,0.7,0.7,2.0,22.2042,86.5833,0.4025,753.0,,,61.637,0.0,0.0,0.0,partial,slope/relief unavailable (open-elevation fallback; OpenTopography rate-limited),success
PH11-00407,2007-12-19,2007,Tamil Nadu,Chennai,13.0836939,80.270186,district,flood,1,3.2,10.3,25.2,41.8,58.1,24.0542,90.625,0.4027,10.0,2.82,28.0,261.138,0.0,0.0,0.0,success,,success
PH11-00408,2008-03-13,2008,Kerala,"Alappuzha, Ernakulam Kannur, Kasaragod,Kollam, Kottayam, Kozhikode, Malappuram, ",9.5003416,76.4123364,district,flood,1,0.0,0.0,0.0,4.9,5.9,27.45,77.6667,0.1152,1.0,1.32,35.0,,,,,success,,success
PH11-00409,2008-04-08,2008,Kerala,Thiruvananthapuram,8.4882267,76.947551,district,flood,1,0.0,0.0,0.0,1.9,2.6,26.2875,79.8333,0.247,21.0,5.01,43.0,,,,,success,,success
PH11-00410,2008-04-23,2008,Kerala,Wayanad,11.7151291,76.1271185,district,flood,1,0.0,0.0,0.0,0.0,0.1,24.6792,87.1667,0.442,757.0,7.78,77.0,,,,,success,,success
PH11-00411,2008-07-11,2008,Kerala,Thiruvananthapuram,8.4882267,76.947551,district,flood,1,0.0,0.1,0.5,0.6,1.8,25.375,86.4167,0.236,21.0,5.01,43.0,,,,,success,,success
PH11-00412,2008-07-28,2008,Kerala,"Alappuzha, Idukki, Kollam, Kottayam, Palakkad, Pathanamthitta, Thiruvananthapura",9.5003416,76.4123364,district,flood,1,0.9,2.0,4.0,9.8,30.6,24.6167,93.125,0.3727,1.0,1.32,35.0,,,,,success,,success
PH11-00413,2008-08-10,2008,Kerala,"Palakkad,Wayanad",10.7873692,76.4742172,district,flood,1,0.3,0.8,2.4,5.0,8.8,22.8833,94.7917,0.475,83.0,3.15,57.0,,,,,success,,success
PH11-00414,2008-08-31,2008,Kerala,Thiruvananthapuram,8.4882267,76.947551,district,flood,1,0.6,1.6,5.6,10.4,17.8,25.0167,88.375,0.2916,21.0,5.01,43.0,,,,,success,,success
PH11-00415,2008-09-01,2008,Kerala,"Malappuram, Pathanamthitta, Thiruvananthapuram",11.1065685,76.1101742,district,flood,1,0.6,2.6,4.1,11.6,26.2,24.5458,90.4167,0.4814,47.0,9.32,83.0,,,,,success,,success
PH11-00416,2008-09-07,2008,Kerala,"Idukki, Kasaragod,Kottayam",9.8154785,76.9991599,district,flood,1,1.3,9.8,12.9,13.5,21.7,21.5167,93.2083,0.4845,723.0,0.0,409.0,,,,,success,,success
PH11-00417,2008-10-19,2008,Kerala,"Alappuzha, Kottayam, Kozhikode, Malappuram, Palakkad, Thiruvananthapuram, Thriss",9.5003416,76.4123364,district,flood,1,0.0,0.0,0.0,0.0,8.1,26.1083,89.5833,0.3463,1.0,1.32,35.0,,,,,success,,success
PH11-00418,2008-03-13,2008,Tamil Nadu,Cuddalore,11.5202071,79.3396356,district,flood,1,0.0,0.1,0.4,3.3,15.6,23.9958,91.5833,0.2868,53.0,1.47,36.0,119.889,0.0,0.0,0.0,success,,success
PH11-00419,2008-05-25,2008,Tamil Nadu,Coimbatore,11.0018115,76.9628425,district,flood,1,0.0,0.0,0.0,0.0,0.6,26.7833,70.5833,0.1614,419.0,2.68,34.0,30.026,0.0,0.0,0.0,success,,success
PH11-00420,2008-11-26,2008,Tamil Nadu,"Ariyalur, Chennai, Cuddalore, Dindigul, Nagapattinam,Thanjavur, Thiruvarur, Thoo",11.1530559,79.2585797,district,flood,1,3.8,9.5,18.6,47.6,91.8,22.4958,89.2917,0.4864,73.0,,,128.046,0.0,0.0,0.0,partial,slope/relief unavailable (open-elevation fallback; OpenTopography rate-limited),success
PH11-00421,2008-07-17,2008,Uttarakhand,Champawat,29.235032,80.1023068,district,flood,1,0.9,2.2,3.5,5.1,17.6,22.4292,96.1667,0.4826,1013.0,,,,,,,partial,slope/relief unavailable (open-elevation fallback; OpenTopography rate-limited),success
PH11-00422,2009-05-26,2009,Kerala,"Alappuzha, Kollam, Kottayam,Thiruvananthapuram",9.5003416,76.4123364,district,flood,1,1.6,5.2,7.7,8.2,20.2,26.3792,90.7083,0.367,1.0,1.32,35.0,,,,,success,,success
PH11-00423,2009-07-05,2009,Kerala,"Kozhikode, Thrissur,Wayanad",11.2450558,75.7754716,district,flood,1,2.0,6.3,13.8,23.1,53.8,24.1458,93.2917,0.3645,13.0,1.98,29.0,,,,,success,,success
PH11-00424,2009-07-11,2009,Kerala,Wayanad,11.7151291,76.1271185,district,flood,1,0.3,0.4,0.4,0.8,4.8,21.0458,96.5833,0.4829,757.0,7.78,77.0,,,,,success,,success
PH11-00425,2009-07-15,2009,Kerala,"Alappuzha, Ernakulam, Idukki, Kannur, Kasaragod, Kollam, Kozhikode, Pathanamthit",9.5003416,76.4123364,district,flood,1,0.2,1.7,2.1,5.1,11.9,25.5917,91.1667,0.3535,1.0,1.32,35.0,,,,,success,,success
PH11-00426,2009-07-20,2009,Kerala,Wayanad,11.7151291,76.1271185,district,flood,1,0.2,1.2,4.1,8.7,24.4,20.2042,98.9583,0.4749,757.0,7.78,77.0,,,,,success,,success
PH11-00427,2009-09-18,2009,Kerala,Kottayam,9.6287383,76.6455326,district,flood,1,0.0,0.2,0.8,6.7,22.2,24.5167,94.875,0.4777,40.0,3.14,97.0,,,,,success,,success
PH11-00428,2009-10-03,2009,Kerala,"Alappuzha, Ernakulam, Kollam, Kozhikode, Malappuram, Pathanamthitta, Thrissur,Th",9.5003416,76.4123364,district,flood,1,0.7,1.5,1.5,3.6,32.4,25.425,93.0,0.3736,1.0,1.32,35.0,,,,,success,,success
PH11-00429,2009-11-07,2009,Kerala,"Idukki, Palakkad,Thiruvananthapuram",9.8154785,76.9991599,district,flood,1,1.1,2.8,6.2,14.5,38.6,21.5333,97.625,0.4802,723.0,0.0,409.0,,,,,success,,success
PH11-00430,2009-12-27,2009,Kerala,Wayanad,11.7151291,76.1271185,district,flood,1,0.3,0.6,1.1,1.1,1.1,22.8958,83.9167,0.3997,757.0,7.78,77.0,,,,,success,,success
PH11-00431,2009-09-16,2009,Tamil Nadu,Vellore,12.9021849,79.061104,district,flood,1,0.0,0.0,1.0,9.7,9.7,28.1583,73.0,0.3478,233.0,0.73,17.0,151.536,0.0,0.0,0.0,success,,success
PH11-00432,2009-09-25,2009,Tamil Nadu,Tiruvannamalai,12.4289282,78.99915,district,flood,1,0.0,0.0,0.0,7.0,7.0,27.1583,75.5833,0.379,266.0,,,107.216,0.0,0.0,0.0,partial,slope/relief unavailable (open-elevation fallback; OpenTopography rate-limited),success
PH11-00433,2009-11-06,2009,Tamil Nadu,"The Nilgiris,Kanniyakumariumari,Thiruvallur, Thiruvarur,Tirunelveli",11.4,76.7,district,flood,1,0.1,0.6,0.9,1.3,3.7,15.4292,91.5833,0.4065,2232.0,11.52,253.0,0.892,52.0,168.0,671.0,success,,success
PH11-00434,2009-11-16,2009,Tamil Nadu,"Dharmapuri, Kanniyakumariumari, The Nilgiris,Thiruvallur",12.1456131,78.1132217,district,flood,1,0.0,0.0,0.0,4.2,9.4,22.7417,94.2083,0.4077,468.0,,,43.156,0.0,0.0,0.0,partial,slope/relief unavailable (open-elevation fallback; OpenTopography rate-limited),success
PH11-00435,2009-07-28,2009,Uttarakhand,Garhwal,30.25,79.333333,district,flood,1,0.1,0.1,0.1,0.7,4.3,17.3292,90.3333,0.4986,2253.0,26.1,621.0,,,,,success,,success
PH11-00436,2009-08-08,2009,Uttarakhand,Pithoragarh,29.585871,80.215167,district,flood,1,0.3,1.5,3.8,6.8,13.1,20.5125,94.0833,0.4908,1612.0,,,,,,,partial,slope/relief unavailable (open-elevation fallback; OpenTopography rate-limited),success
PH11-00437,2010-05-03,2010,Kerala,Wayanad,11.7151291,76.1271185,district,flood,1,0.2,4.0,4.2,4.4,4.7,24.8542,86.7083,0.4786,757.0,7.78,77.0,,,,,success,,success
PH11-00438,2010-05-29,2010,Kerala,Kozhikode,11.2450558,75.7754716,district,flood,1,0.4,0.4,0.5,2.7,4.0,27.5708,85.5833,0.2979,13.0,1.98,29.0,,,,,success,,success
PH11-00439,2010-06-08,2010,Kerala,Idukki,9.8154785,76.9991599,district,flood,1,0.3,1.8,2.6,3.9,13.7,21.575,97.7083,0.4771,723.0,0.0,409.0,,,,,success,,success
PH11-00440,2010-06-11,2010,Kerala,"Alappuzha, Ernakulam, Idukki, Kasaragod, Kochi,Kottayam, Kozhikode, Malappuram, ",9.5003416,76.4123364,district,flood,1,3.1,8.8,20.6,39.7,57.2,25.3833,94.0833,0.389,1.0,1.32,35.0,,,,,success,,success
PH11-00441,2010-07-19,2010,Kerala,Thiruvananthapuram,8.4882267,76.947551,district,flood,1,0.4,1.4,2.8,4.3,11.5,24.8667,90.7917,0.3164,21.0,5.01,43.0,,,,,success,,success
PH11-00442,2010-09-17,2010,Kerala,"Alappuzha, Ernakulam,Kozhikode",9.5003416,76.4123364,district,flood,1,0.2,0.2,1.3,6.1,19.2,25.0833,91.9583,0.3675,1.0,1.32,35.0,,,,,success,,success
PH11-00443,2010-09-24,2010,Kerala,Kottayam,9.6287383,76.6455326,district,flood,1,3.4,11.9,19.1,23.7,30.5,24.875,93.2083,0.4877,40.0,3.14,97.0,,,,,success,,success
PH11-00444,2010-10-03,2010,Kerala,"Alappuzha, Kollam Kozhikode, Malappuram,Thrissur, Thiruvananthapuram,Wayanad",9.5003416,76.4123364,district,flood,1,1.0,2.2,3.4,9.3,16.3,25.3417,92.4167,0.3631,1.0,1.32,35.0,,,,,success,,success
PH11-00445,2010-10-18,2010,Kerala,"Alappuzha, Kottayam, Pathanamthitta,Thiruvananthapuram,Thrissur",9.5003416,76.4123364,district,flood,1,0.6,1.3,2.8,5.7,7.1,25.7375,87.4583,0.3275,1.0,1.32,35.0,,,,,success,,success
PH11-00446,2010-10-22,2010,Kerala,"Kannur, Kasaragod, Kozhikode, Malappuram,Wayanad",11.8763836,75.3737973,district,flood,1,2.0,6.1,9.3,16.7,32.5,25.1292,90.75,0.327,21.0,1.67,43.0,,,,,success,,success
PH11-00447,2010-10-27,2010,Kerala,"Idukki,Thiruvananthapuram",9.8154785,76.9991599,district,flood,1,0.3,1.2,1.3,1.7,7.9,22.2042,90.2917,0.485,723.0,0.0,409.0,,,,,success,,success
PH11-00448,2010-11-08,2010,Kerala,Thiruvananthapuram,8.4882267,76.947551,district,flood,1,0.1,0.4,1.6,4.3,6.4,24.8875,89.0417,0.2686,21.0,5.01,43.0,,,,,success,,success
PH11-00449,2010-11-16,2010,Kerala,Thiruvananthapuram,8.4882267,76.947551,district,flood,1,0.0,0.3,0.4,1.1,3.8,25.3667,84.375,0.2619,21.0,5.01,43.0,,,,,success,,success
PH11-00450,2010-11-20,2010,Kerala,"Kozhikode, Palakkad, Pathanamthitta, Thiruvananthapuram,Wayanad",11.2450558,75.7754716,district,flood,1,0.0,0.1,0.9,1.6,9.7,25.4375,87.375,0.3008,13.0,1.98,29.0,,,,,success,,success
PH11-00451,2010-11-27,2010,Kerala,"Pathanamthitta,Thiruvananthapuram",9.2780841,76.9737443,district,flood,1,0.6,1.8,4.7,9.1,24.5,21.2292,97.5833,0.4781,465.0,9.48,415.0,,,,,success,,success
PH11-00452,2010-12-08,2010,Kerala,Thiruvananthapuram,8.4882267,76.947551,district,flood,1,0.9,2.5,4.9,8.2,19.7,24.6,90.125,0.3044,21.0,5.01,43.0,,,,,success,,success
PH11-00453,2010-05-01,2010,Tamil Nadu,"Kanniyakumariumari, Salem,  Tiruchirappalli,Thoothukkudi",11.3323723,78.6098639,district,flood,1,0.0,0.3,3.3,16.5,23.4,25.8583,75.7083,0.2464,753.0,,,61.637,0.0,0.0,0.0,partial,slope/relief unavailable (open-elevation fallback; OpenTopography rate-limited),success
PH11-00454,2010-05-18,2010,Tamil Nadu,"Karur, Tiruchirappalli",10.8217671,78.3828654,district,flood,1,0.0,0.0,0.0,8.3,8.6,31.8583,63.9583,0.187,125.0,,,77.559,0.0,0.0,0.0,partial,slope/relief unavailable (open-elevation fallback; OpenTopography rate-limited),success
PH11-00455,2010-07-09,2010,Tamil Nadu,Kancheepuram,12.8796052,79.7042762,district,flood,1,0.1,0.3,0.3,0.3,4.1,27.0375,82.25,0.3399,79.0,,,198.069,0.0,0.0,0.0,partial,slope/relief unavailable (open-elevation fallback; OpenTopography rate-limited),success
PH11-00456,2010-08-08,2010,Tamil Nadu,"Cuddalore,Kancheepuram",11.5202071,79.3396356,district,flood,1,0.0,0.0,0.0,6.0,6.0,30.6292,60.5417,0.1985,53.0,1.47,36.0,119.889,0.0,0.0,0.0,success,,success
PH11-00457,2010-08-23,2010,Tamil Nadu,"Cuddalore,Erode",11.5202071,79.3396356,district,flood,1,0.0,0.3,1.1,2.1,39.1,25.0333,92.5417,0.4216,53.0,1.47,36.0,119.889,0.0,0.0,0.0,success,,success
PH11-00458,2010-09-23,2010,Tamil Nadu,Coimbatore,11.0018115,76.9628425,district,flood,1,0.0,3.0,5.1,6.9,6.9,25.3875,79.25,0.2867,419.0,2.68,34.0,30.026,0.0,0.0,0.0,success,,success
PH11-00459,2010-11-07,2010,Tamil Nadu,"Chennai, Cuddalore, Tiruchirappalli,Tiruvannamalai, Vellore,Viluppuram",13.0836939,80.270186,district,flood,1,4.3,15.4,29.3,37.3,38.6,25.7875,84.7083,0.4005,10.0,2.82,28.0,261.138,0.0,0.0,0.0,success,,success
PH11-00460,2010-11-22,2010,Tamil Nadu,Many districts of Tamil Nadu.,11.3323723,78.6098639,district,flood,1,0.0,0.0,0.1,1.9,6.8,21.5667,88.625,0.41,753.0,,,61.637,0.0,0.0,0.0,partial,slope/relief unavailable (open-elevation fallback; OpenTopography rate-limited),success
PH11-00461,2010-11-25,2010,Tamil Nadu,"Ariyalur, Madurai, Nagapattinam, Ramanathapuram, Thanjavur, Thoothukkudi,Viluppu",11.1530559,79.2585797,district,flood,1,0.3,1.0,1.8,2.1,3.1,25.0417,89.0417,0.4711,73.0,,,128.046,0.0,0.0,0.0,partial,slope/relief unavailable (open-elevation fallback; OpenTopography rate-limited),success
PH11-00462,2010-11-30,2010,Tamil Nadu,Many districts of Tamil Nadu.,11.3323723,78.6098639,district,flood,1,0.0,0.0,0.0,0.0,1.0,21.1333,83.5833,0.4002,753.0,,,61.637,0.0,0.0,0.0,partial,slope/relief unavailable (open-elevation fallback; OpenTopography rate-limited),success
PH11-00463,2010-12-01,2010,Tamil Nadu,"Ariyalur, Ramanathapuram, Thanjavur,Thoothukkudi",11.1530559,79.2585797,district,flood,1,0.7,2.3,3.9,4.8,6.3,25.1792,83.2083,0.4614,73.0,,,128.046,0.0,0.0,0.0,partial,slope/relief unavailable (open-elevation fallback; OpenTopography rate-limited),success
PH11-00464,2010-12-09,2010,Tamil Nadu,"Kanniyakumariumari,Tirunelveli",11.3323723,78.6098639,district,flood,1,0.0,0.0,0.0,0.0,0.1,22.1042,81.875,0.3697,753.0,,,61.637,0.0,0.0,0.0,partial,slope/relief unavailable (open-elevation fallback; OpenTopography rate-limited),success
PH11-00465,2010-12-16,2010,Tamil Nadu,Tiruppur,10.7915267,77.5325466,district,flood,1,0.4,0.8,1.6,1.6,3.0,23.7125,85.375,0.3324,238.0,,,42.224,0.0,0.0,0.0,partial,slope/relief unavailable (open-elevation fallback; OpenTopography rate-limited),success
PH11-00466,2010-07-05,2010,Uttarakhand,Mathura,29.2220315,79.5229864,district,flood,1,0.7,0.7,0.7,0.7,2.4,29.2875,72.4167,0.33,441.0,4.34,47.0,,,,,success,,success
PH11-00467,2010-08-18,2010,Uttarakhand,Bageshwar,30.0087902,79.9280183,district,flood,1,4.0,11.7,23.6,33.8,51.2,19.9833,95.25,0.468,1819.0,,,,,,,partial,slope/relief unavailable (open-elevation fallback; OpenTopography rate-limited),success
PH11-00468,2010-09-18,2010,Uttarakhand,"Almora, Dehradun,Nainital",29.702651,79.4326318,district,flood,1,6.7,20.0,33.4,72.0,101.3,19.9083,91.125,0.4935,1142.0,16.65,255.0,,,,,success,,success
PH11-00469,2011-04-14,2011,Kerala,Wayanad,11.7151291,76.1271185,district,flood,1,0.0,0.0,0.0,0.0,0.0,24.4667,82.0833,0.4167,757.0,7.78,77.0,,,,,success,,success
PH11-00470,2011-04-21,2011,Kerala,Wayanad,11.7151291,76.1271185,district,flood,1,0.0,0.0,0.1,0.2,3.7,23.4042,90.0,0.4538,757.0,7.78,77.0,,,,,success,,success
PH11-00471,2011-04-25,2011,Kerala,Alappuzha,9.5003416,76.4123364,district,flood,1,0.2,1.4,3.6,4.4,11.3,25.6708,90.3333,0.3615,1.0,1.32,35.0,,,,,success,,success
PH11-00472,2011-04-28,2011,Kerala,Thiruvananthapuram,8.4882267,76.947551,district,flood,1,0.0,0.0,1.8,5.4,7.3,26.6375,85.125,0.2716,21.0,5.01,43.0,,,,,success,,success
PH11-00473,2011-06-01,2011,Kerala,"Alappuzha, Idukki, Kollam, Kottayam, Kozhikode, Malappuram, Pathanamthitta, Thri",9.5003416,76.4123364,district,flood,1,1.6,3.7,10.6,21.6,40.9,25.775,92.9167,0.3805,1.0,1.32,35.0,,,,,success,,success
PH11-00474,2011-06-05,2011,Kerala,"Alappuzha, Ernakulam, Idukki, Kottayam, Malappuram, Pathanamthitta, Thiruvananth",9.5003416,76.4123364,district,flood,1,0.4,1.6,3.7,7.0,11.7,26.1833,90.25,0.3553,1.0,1.32,35.0,,,,,success,,success
PH11-00475,2011-06-17,2011,Kerala,Wayanad,11.7151291,76.1271185,district,flood,1,0.2,0.6,1.8,2.2,5.7,20.8667,96.0,0.5004,757.0,7.78,77.0,,,,,success,,success
PH11-00476,2011-06-29,2011,Kerala,Kozhikode,11.2450558,75.7754716,district,flood,1,0.1,0.9,1.2,1.5,4.7,25.6083,86.4583,0.3102,13.0,1.98,29.0,,,,,success,,success
PH11-00477,2011-07-16,2011,Kerala,"Malappuram, Kasaragod, Kozhikode,Wayanad",11.1065685,76.1101742,district,flood,1,2.9,7.3,14.3,28.4,44.5,23.425,94.9583,0.4807,47.0,9.32,83.0,,,,,success,,success
PH11-00478,2011-08-06,2011,Kerala,"Idukki, Kannur, Kottayam, Pathanamthitta,Thiruvananthapuram",9.8154785,76.9991599,district,flood,1,0.6,3.0,8.0,15.1,31.9,20.8792,97.375,0.4847,723.0,0.0,409.0,,,,,success,,success
PH11-00479,2011-08-28,2011,Kerala,"Kozhikode, Malappuram, Palakkad, Thiruvananthapuram, Thrissur,Wayanad",11.2450558,75.7754716,district,flood,1,1.1,4.6,7.7,10.5,16.1,24.6833,90.0833,0.3112,13.0,1.98,29.0,,,,,success,,success
PH11-00480,2011-10-10,2011,Kerala,Wayanad,11.7151291,76.1271185,district,flood,1,0.0,0.0,0.0,0.0,0.9,22.4458,87.7917,0.4037,757.0,7.78,77.0,,,,,success,,success
PH11-00481,2011-10-14,2011,Kerala,"Idukki,Wayanad",9.8154785,76.9991599,district,flood,1,0.5,1.6,1.8,2.0,8.6,22.2167,89.7083,0.469,723.0,0.0,409.0,,,,,success,,success
PH11-00482,2011-10-21,2011,Kerala,"Malappuram,Thrissur",11.1065685,76.1101742,district,flood,1,0.0,0.5,1.7,2.8,7.2,25.2417,86.7083,0.4981,47.0,9.32,83.0,,,,,success,,success
PH11-00483,2011-10-31,2011,Kerala,"Kannur, Thiruvananthapuram,Wayanad",11.8763836,75.3737973,district,flood,1,0.0,0.0,1.9,16.0,23.5,25.7958,88.875,0.3217,21.0,1.67,43.0,,,,,success,,success
PH11-00484,2011-11-26,2011,Kerala,Thiruvananthapuram,8.4882267,76.947551,district,flood,1,1.3,3.4,4.4,6.5,17.3,25.0375,87.5833,0.2036,21.0,5.01,43.0,,,,,success,,success
PH11-00485,2011-12-31,2011,Kerala,"Alappuzha, Kollam,Thiruvananthapuram",9.5003416,76.4123364,district,flood,1,3.1,10.1,22.2,22.7,22.9,26.7458,78.75,0.1354,1.0,1.32,35.0,,,,,success,,success
PH11-00486,2011-04-21,2011,Tamil Nadu,The Nilgiris,11.4,76.7,district,flood,1,0.0,0.0,0.0,0.0,2.8,17.3375,80.2083,0.3695,2232.0,11.52,253.0,0.892,52.0,168.0,671.0,success,,success
PH11-00487,2011-09-16,2011,Tamil Nadu,Kancheepuram,12.8796052,79.7042762,district,flood,1,0.0,1.2,3.8,4.6,5.0,28.9708,70.5417,0.3107,79.0,,,198.069,0.0,0.0,0.0,partial,slope/relief unavailable (open-elevation fallback; OpenTopography rate-limited),success
PH11-00488,2011-10-16,2011,Tamil Nadu,Coimbatore,11.0018115,76.9628425,district,flood,1,0.5,1.7,4.0,4.5,8.8,24.6917,83.375,0.3609,419.0,2.68,34.0,30.026,0.0,0.0,0.0,success,,success
PH11-00489,2011-10-20,2011,Tamil Nadu,Cuddalore,11.5202071,79.3396356,district,flood,1,0.0,0.0,0.0,0.0,0.0,28.2292,73.625,0.338,53.0,1.47,36.0,119.889,0.0,0.0,0.0,success,,success
PH11-00490,2011-10-30,2011,Tamil Nadu,Cuddalore,11.5202071,79.3396356,district,flood,1,0.5,1.6,2.5,4.4,9.0,24.7417,90.2083,0.3993,53.0,1.47,36.0,119.889,0.0,0.0,0.0,success,,success
PH11-00491,2011-11-01,2011,Tamil Nadu,"Districts of Cauvery delta zone, Chennai,Dindigul",11.3323723,78.6098639,district,flood,1,0.5,1.3,3.8,6.6,7.7,21.1042,92.4583,0.4042,753.0,,,61.637,0.0,0.0,0.0,partial,slope/relief unavailable (open-elevation fallback; OpenTopography rate-limited),success
PH11-00492,2011-11-24,2011,Tamil Nadu,Districts of Cauvery delta,11.3323723,78.6098639,district,flood,1,0.0,0.0,0.0,0.0,0.0,21.6208,71.7083,0.2582,753.0,,,61.637,0.0,0.0,0.0,partial,slope/relief unavailable (open-elevation fallback; OpenTopography rate-limited),success
PH11-00493,2011-07-21,2011,Uttarakhand,Almora,29.702651,79.4326318,district,flood,1,3.5,10.0,14.1,19.5,31.3,23.2,93.2083,0.4816,1142.0,16.65,255.0,,,,,success,,success
PH11-00494,2011-08-23,2011,Uttarakhand,Parts of Uttar Kashiakhand,30.0417376,79.089691,district,flood,1,0.2,0.6,1.5,1.5,4.7,19.3208,86.0417,0.4921,2041.0,30.37,706.0,,,,,success,,success
PH11-00495,2012-04-07,2012,Kerala,Kollam,8.8870533,76.5906696,district,flood,1,0.0,0.0,0.0,0.6,4.2,27.8458,79.6667,0.177,17.0,1.36,31.0,,,,,success,,success
PH11-00496,2012-04-09,2012,Kerala,Wayanad,11.7151291,76.1271185,district,flood,1,0.0,0.0,0.0,0.0,2.2,24.775,85.5417,0.4205,757.0,7.78,77.0,,,,,success,,success
PH11-00497,2012-04-23,2012,Kerala,Pathanamthitta,9.2780841,76.9737443,district,flood,1,0.0,0.0,1.6,15.1,24.2,23.7583,91.6667,0.4675,465.0,9.48,415.0,,,,,success,,success
PH11-00498,2012-04-24,2012,Kerala,Thrissur,10.5270099,76.214621,district,flood,1,2.9,3.2,3.2,17.9,19.2,27.8333,85.4167,0.402,22.0,4.19,39.0,,,,,success,,success
PH11-00499,2012-06-06,2012,Kerala,Wayanad,11.7151291,76.1271185,district,flood,1,0.2,0.5,1.3,3.2,5.6,22.3167,94.7083,0.4934,757.0,7.78,77.0,,,,,success,,success
PH11-00500,2012-06-12,2012,Kerala,Kottayam,9.6287383,76.6455326,district,flood,1,0.4,1.0,1.2,1.2,1.5,25.9458,89.0417,0.4858,40.0,3.14,97.0,,,,,success,,success
PH11-00501,2012-07-02,2012,Kerala,Thiruvananthapuram,8.4882267,76.947551,district,flood,1,0.8,4.2,6.7,10.1,17.5,24.5375,89.5417,0.2979,21.0,5.01,43.0,,,,,success,,success
PH11-00502,2012-07-28,2012,Kerala,Wayanad,11.7151291,76.1271185,district,flood,1,0.0,0.0,0.0,0.0,1.6,21.2417,94.0833,0.4911,757.0,7.78,77.0,,,,,success,,success
PH11-00503,2012-08-04,2012,Kerala,"Kannur, Kozhikode,Wayanad",11.8763836,75.3737973,district,flood,1,0.5,1.6,2.4,3.1,5.0,24.9625,89.0833,0.2923,21.0,1.67,43.0,,,,,success,,success
PH11-00504,2012-11-17,2012,Kerala,"Ernakulam, Idukki, Kottayam, Pathanamthitta,Thiruvananthapuram",9.9837257,76.2740001,district,flood,1,0.0,0.0,0.0,0.0,0.0,26.1,77.1667,0.3427,4.0,2.82,24.0,,,,,success,,success
PH11-00505,2012-09-04,2012,Kerala,Kollam,8.8870533,76.5906696,district,flood,1,0.3,1.4,2.7,4.0,6.2,25.775,88.9583,0.3054,17.0,1.36,31.0,,,,,success,,success
PH11-00506,2012-11-01,2012,Kerala,"Ernakulam, Kollam,Thiruvananthapuram",9.9837257,76.2740001,district,flood,1,2.2,4.8,7.8,8.6,8.6,25.9833,83.9583,0.4112,4.0,2.82,24.0,,,,,success,,success
PH11-00507,2012-11-11,2012,Kerala,Thiruvananthapuram,8.4882267,76.947551,district,flood,1,0.0,0.1,0.2,0.5,9.1,25.6625,85.625,0.2923,21.0,5.01,43.0,,,,,success,,success
PH11-00508,2012-10-20,2012,Tamil Nadu,Many parts of Tamil Nadu.,11.3323723,78.6098639,district,flood,1,1.8,4.3,7.5,11.3,18.8,20.8208,93.125,0.4189,753.0,,,61.637,0.0,0.0,0.0,partial,slope/relief unavailable (open-elevation fallback; OpenTopography rate-limited),success
PH11-00509,2012-11-01,2012,Tamil Nadu,"Chennai, Thiruvarur,Vellore",13.0836939,80.270186,district,flood,1,0.9,1.8,3.8,7.1,69.4,25.2208,89.7083,0.4172,10.0,2.82,28.0,261.138,0.0,0.0,0.0,success,,success
PH11-00510,2012-08-04,2012,Uttarakhand,Chamoli,30.4985956,79.6190537,district,flood,1,1.1,3.6,12.0,37.4,63.6,20.325,94.0417,0.4269,1853.0,23.8,928.0,,,,,success,,success
PH11-00511,2012-09-13,2012,Uttarakhand,Rudra Prayag,30.0417376,79.089691,district,flood,1,0.0,0.0,1.2,1.4,5.4,18.225,89.5417,0.4859,2041.0,30.37,706.0,,,,,success,,success
PH11-00512,2013-03-09,2013,Kerala,Wayanad,11.7151291,76.1271185,district,flood,1,0.0,0.0,0.0,0.0,0.0,24.6083,79.25,0.3845,757.0,7.78,77.0,,,,,success,,success
PH11-00513,2013-03-12,2013,Kerala,Kannur,11.8763836,75.3737973,district,flood,1,1.7,4.9,5.3,7.7,11.4,27.1292,84.2917,0.2128,21.0,1.67,43.0,,,,,success,,success
PH11-00514,2013-03-26,2013,Kerala,Thiruvananthapuram,8.4882267,76.947551,district,flood,1,0.0,0.0,0.0,10.3,20.5,26.6042,81.625,0.1856,21.0,5.01,43.0,,,,,success,,success
PH11-00515,2013-03-29,2013,Kerala,Wayanad,11.7151291,76.1271185,district,flood,1,0.0,0.0,0.0,0.0,3.9,24.1125,89.4583,0.4338,757.0,7.78,77.0,,,,,success,,success
PH11-00516,2013-04-26,2013,Kerala,Wayanad,11.7151291,76.1271185,district,flood,1,0.0,0.0,0.2,0.3,3.0,24.5708,81.5,0.3774,757.0,7.78,77.0,,,,,success,,success
PH11-00517,2013-05-03,2013,Kerala,Wayanad,11.7151291,76.1271185,district,flood,1,0.0,0.0,0.0,0.0,0.2,25.225,84.25,0.3848,757.0,7.78,77.0,,,,,success,,success
PH11-00518,2013-05-05,2013,Kerala,Thiruvananthapuram,8.4882267,76.947551,district,flood,1,0.0,0.0,0.1,0.3,1.8,27.5458,85.2083,0.2433,21.0,5.01,43.0,,,,,success,,success
PH11-00519,2013-06-02,2013,Kerala,Thiruvananthapuram,8.4882267,76.947551,district,flood,1,0.6,1.6,3.4,7.9,18.3,25.225,89.25,0.3288,21.0,5.01,43.0,,,,,success,,success
PH11-00520,2013-06-08,2013,Kerala,"Thiruvananthapuram,Thrissur",8.4882267,76.947551,district,flood,1,3.0,11.0,14.7,24.2,41.2,24.8542,91.2917,0.3331,21.0,5.01,43.0,,,,,success,,success
PH11-00521,2013-06-08,2013,Kerala,Wayanad,11.7151291,76.1271185,district,flood,1,0.6,2.7,5.3,10.8,23.4,21.025,98.7083,0.4874,757.0,7.78,77.0,,,,,success,,success
PH11-00522,2013-06-11,2013,Kerala,Thiruvananthapuram,8.4882267,76.947551,district,flood,1,0.2,0.5,1.0,2.3,4.5,25.1917,90.1667,0.2942,21.0,5.01,43.0,,,,,success,,success
PH11-00523,2013-06-17,2013,Kerala,Kasaragod,12.4221964,75.1904446,district,flood,1,1.4,3.0,6.6,14.7,35.6,24.0125,96.2917,0.4786,83.0,9.45,223.0,,,,,success,,success
PH11-00524,2013-06-24,2013,Kerala,Kasaragod,12.4221964,75.1904446,district,flood,1,0.9,3.3,6.8,13.7,30.6,23.5208,96.625,0.468,83.0,9.45,223.0,,,,,success,,success
PH11-00525,2013-06-25,2013,Kerala,"Idukki, Ernakulam, Kollam, Kozhikode, Palakkad,Pathanamthitta",9.8154785,76.9991599,district,flood,1,1.1,4.7,7.8,13.1,29.4,20.3583,96.7917,0.4911,723.0,0.0,409.0,,,,,success,,success
PH11-00526,2013-06-27,2013,Kerala,Alappuzha,9.5003416,76.4123364,district,flood,1,1.2,2.9,3.4,6.0,14.7,25.4667,90.5833,0.3614,1.0,1.32,35.0,,,,,success,,success
PH11-00527,2013-07-01,2013,Kerala,Wayanad,11.7151291,76.1271185,district,flood,1,0.0,0.0,0.0,0.2,2.5,21.4708,93.125,0.4952,757.0,7.78,77.0,,,,,success,,success
PH11-00528,2013-07-05,2013,Kerala,"Idukki,Thiruvananthapuram",9.8154785,76.9991599,district,flood,1,0.0,0.8,1.5,4.9,14.2,20.7333,95.2083,0.4698,723.0,0.0,409.0,,,,,success,,success
PH11-00529,2013-07-11,2013,Kerala,Wayanad,11.7151291,76.1271185,district,flood,1,0.6,2.2,3.5,7.7,17.6,20.675,96.9167,0.4845,757.0,7.78,77.0,,,,,success,,success
PH11-00530,2013-07-11,2013,Kerala,"Alappuzha, Ernakulam, Kollam,Kottayam",9.5003416,76.4123364,district,flood,1,1.3,5.5,8.6,15.7,34.5,24.575,92.4167,0.3793,1.0,1.32,35.0,,,,,success,,success
PH11-00531,2013-07-19,2013,Kerala,Thiruvananthapuram,8.4882267,76.947551,district,flood,1,0.3,1.7,2.2,2.8,6.2,24.3875,89.375,0.2733,21.0,5.01,43.0,,,,,success,,success
PH11-00532,2013-07-23,2013,Kerala,Ernakulam,9.9837257,76.2740001,district,flood,1,0.0,0.6,1.7,5.9,18.2,24.8542,90.75,0.4319,4.0,2.82,24.0,,,,,success,,success
PH11-00533,2013-07-29,2013,Kerala,Pathanamthitta,9.2780841,76.9737443,district,flood,1,0.0,0.0,0.0,0.0,0.6,22.5875,84.2917,0.4556,465.0,9.48,415.0,,,,,success,,success
PH11-00534,2013-08-01,2013,Kerala,Wayanad,11.7151291,76.1271185,district,flood,1,0.3,1.1,2.3,3.9,10.1,21.125,94.625,0.4998,757.0,7.78,77.0,,,,,success,,success
PH11-00535,2013-08-02,2013,Kerala,Thiruvananthapuram,8.4882267,76.947551,district,flood,1,0.8,2.0,3.5,5.6,8.6,25.0833,90.7917,0.2592,21.0,5.01,43.0,,,,,success,,success
PH11-00536,2013-08-04,2013,Kerala,"Alappuzha, Ernakulam,Idukki,",9.5003416,76.4123364,district,flood,1,2.2,5.2,9.5,13.2,23.3,24.8375,92.0417,0.3598,1.0,1.32,35.0,,,,,success,,success
PH11-00537,2013-08-10,2013,Kerala,Wayanad,11.7151291,76.1271185,district,flood,1,0.0,0.0,0.0,0.1,5.4,21.3875,90.875,0.4883,757.0,7.78,77.0,,,,,success,,success
PH11-00538,2013-09-01,2013,Kerala,Idukki,9.8154785,76.9991599,district,flood,1,0.1,0.3,0.3,0.3,8.7,22.5917,90.0833,0.4739,723.0,0.0,409.0,,,,,success,,success
PH11-00539,2013-09-12,2013,Kerala,Wayanad,11.7151291,76.1271185,district,flood,1,0.0,0.0,0.0,0.6,4.6,21.2125,94.2917,0.4972,757.0,7.78,77.0,,,,,success,,success
PH11-00540,2013-09-17,2013,Kerala,Thiruvananthapuram,8.4882267,76.947551,district,flood,1,0.4,1.4,4.5,11.4,22.6,24.9875,88.0833,0.323,21.0,5.01,43.0,,,,,success,,success
PH11-00541,2013-09-11,2013,Tamil Nadu,"Chennai,Tiruvannamalai",13.0836939,80.270186,district,flood,1,0.3,1.3,2.0,7.0,10.3,26.6958,84.5417,0.3993,10.0,2.82,28.0,261.138,0.0,0.0,0.0,success,,success
PH11-00542,2013-10-15,2013,Tamil Nadu,"Coimbatore,Cuddalore",11.0018115,76.9628425,district,flood,1,0.0,0.0,0.0,0.0,0.0,25.5125,73.9583,0.2136,419.0,2.68,34.0,30.026,0.0,0.0,0.0,success,,success
PH11-00543,2013-10-20,2013,Tamil Nadu,"Coimbatore,Tiruvannamalai",11.0018115,76.9628425,district,flood,1,2.9,9.5,15.4,17.6,19.4,24.2667,83.0,0.3605,419.0,2.68,34.0,30.026,0.0,0.0,0.0,success,,success
PH11-00544,2013-11-16,2013,Tamil Nadu,"Cuddalore, Dharmapuri,Kanniyakumariumari, Nagapattinam, Thanjavur, Thiruvarur,Vi",11.5202071,79.3396356,district,flood,1,0.3,0.7,1.2,5.3,5.3,25.1583,73.1667,0.2263,53.0,1.47,36.0,119.889,0.0,0.0,0.0,success,,success
PH11-00545,2013-11-25,2013,Tamil Nadu,Pudukkottai,10.2903072,78.8173617,district,flood,1,0.0,0.0,0.0,3.2,9.5,24.4125,91.2083,0.4712,87.0,1.68,25.0,112.988,0.0,0.0,0.0,success,,success
PH11-00546,2013-12-13,2013,Tamil Nadu,Nagapattinam,10.6026203,79.7619348,district,flood,1,0.5,1.9,3.0,5.3,29.0,24.925,87.1667,0.3094,1.0,,,208.548,0.0,0.0,0.0,partial,slope/relief unavailable (open-elevation fallback; OpenTopography rate-limited),success
PH11-00547,2013-06-14,2013,Uttarakhand,"Chamoli, Pithoragarh, Rudra Prayag,Uttar Kashi Kashi",30.4985956,79.6190537,district,flood,1,2.2,6.6,10.6,16.0,35.1,17.9458,96.0417,0.4266,1853.0,23.8,928.0,,,,,success,,success
PH11-00548,2014-03-07,2014,Kerala,Wayanad,11.7151291,76.1271185,district,flood,1,0.0,0.0,0.0,0.2,1.5,23.6333,76.9583,0.3654,757.0,7.78,77.0,,,,,success,,success
PH11-00549,2014-03-25,2014,Kerala,Wayanad,11.7151291,76.1271185,district,flood,1,0.0,0.0,0.0,0.0,0.0,26.0458,70.0417,0.291,757.0,7.78,77.0,,,,,success,,success
PH11-00550,2014-04-10,2014,Kerala,"Alappuzha, Kasaragod, Kozhikode, Thiruvananthapuram, Thrissur,Wayanad",9.5003416,76.4123364,district,flood,1,0.0,0.3,1.7,1.9,7.2,28.0917,82.8333,0.2276,1.0,1.32,35.0,,,,,success,,success
PH11-00551,2014-04-19,2014,Kerala,"Thiruvananthapuram,Wayanad",8.4882267,76.947551,district,flood,1,0.0,0.0,0.0,0.0,0.0,27.9042,79.5833,0.16,21.0,5.01,43.0,,,,,success,,success
PH11-00552,2014-05-03,2014,Kerala,"Alappuzha, Ernakulam, Kozhikode, Malappuram, Thrissur, Thiruvananthapuram,Wayana",9.5003416,76.4123364,district,flood,1,0.0,0.5,0.7,6.6,7.8,28.225,84.25,0.2558,1.0,1.32,35.0,,,,,success,,success
PH11-00553,2014-06-06,2014,Kerala,Wayanad,11.7151291,76.1271185,district,flood,1,0.0,0.0,0.0,0.5,1.8,22.9792,91.0833,0.4736,757.0,7.78,77.0,,,,,success,,success
PH11-00554,2014-06-12,2014,Kerala,Thiruvananthapuram,8.4882267,76.947551,district,flood,1,0.6,1.3,1.9,5.6,12.0,25.8292,89.25,0.3111,21.0,5.01,43.0,,,,,success,,success
PH11-00555,2014-06-21,2014,Kerala,Idukki,9.8154785,76.9991599,district,flood,1,0.6,2.1,4.0,7.8,24.0,20.9583,96.8333,0.4854,723.0,0.0,409.0,,,,,success,,success
PH11-00556,2014-07-12,2014,Kerala,"Kannur, Kasaragod, Kozhikode, Malappuram,Wayanad",11.8763836,75.3737973,district,flood,1,0.7,1.7,3.7,6.8,16.5,24.2583,91.25,0.3444,21.0,1.67,43.0,,,,,success,,success
PH11-00557,2014-08-01,2014,Kerala,"Alappuzha, Kannur, Kasaragod, Kozhikode, Kottayam, Malappuram, Palakkad, Pathana",9.5003416,76.4123364,district,flood,1,0.2,2.9,7.9,19.0,35.1,25.5667,91.5417,0.3661,1.0,1.32,35.0,,,,,success,,success
PH11-00558,2014-08-22,2014,Kerala,"Kottayam, Pathanamthitta, Thiruvananthapuram,Wayanad",9.6287383,76.6455326,district,flood,1,1.3,3.7,5.0,7.3,21.0,25.375,90.125,0.4952,40.0,3.14,97.0,,,,,success,,success
PH11-00559,2014-09-01,2014,Kerala,Thiruvananthapuram,8.4882267,76.947551,district,flood,1,0.8,2.3,3.5,5.2,9.0,25.2125,90.125,0.3044,21.0,5.01,43.0,,,,,success,,success
PH11-00560,2014-09-26,2014,Kerala,Thiruvananthapuram,8.4882267,76.947551,district,flood,1,0.0,0.3,1.1,14.1,34.5,25.5083,90.2917,0.2809,21.0,5.01,43.0,,,,,success,,success
PH11-00561,2014-03-08,2014,Tamil Nadu,Coimbatore,11.0018115,76.9628425,district,flood,1,0.0,0.0,0.0,0.0,0.1,25.9417,63.0833,0.228,419.0,2.68,34.0,30.026,0.0,0.0,0.0,success,,success
PH11-00562,2014-05-06,2014,Tamil Nadu,"Kanniyakumariumari, Madurai, The Nilgiris,Theni",11.3323723,78.6098639,district,flood,1,1.2,4.0,6.1,7.0,7.7,24.6708,75.3333,0.1517,753.0,,,61.637,0.0,0.0,0.0,partial,slope/relief unavailable (open-elevation fallback; OpenTopography rate-limited),success
PH11-00563,2014-05-21,2014,Tamil Nadu,"Coimbatore,Krishnagiri",11.0018115,76.9628425,district,flood,1,0.0,0.0,0.0,0.0,1.2,27.2417,74.7917,0.2118,419.0,2.68,34.0,30.026,0.0,0.0,0.0,success,,success
PH11-00564,2014-08-22,2014,Tamil Nadu,Erode,11.4905282,77.3505274,district,flood,1,0.0,0.0,0.4,8.7,11.3,27.0583,82.0833,0.3662,213.0,,,31.924,0.0,0.0,0.0,partial,slope/relief unavailable (open-elevation fallback; OpenTopography rate-limited),success
PH11-00565,2014-09-23,2014,Tamil Nadu,"Dindigul, Erode,Virudhunagar",10.4257161,77.8154728,district,flood,1,0.0,0.0,0.1,4.2,6.5,27.6458,75.2083,0.2703,303.0,,,8.738,0.0,18.0,30.0,partial,slope/relief unavailable (open-elevation fallback; OpenTopography rate-limited),success
PH11-00566,2014-07-27,2014,Uttarakhand,Pithoragarh,29.585871,80.215167,district,flood,1,0.0,0.0,0.1,3.2,8.7,19.6333,94.7083,0.5017,1612.0,,,,,,,partial,slope/relief unavailable (open-elevation fallback; OpenTopography rate-limited),success
PH11-00567,2014-07-31,2014,Uttarakhand,Tehri Garhwal,30.4658181,78.4837349,district,flood,1,0.2,1.2,2.2,6.6,7.6,20.1417,86.25,0.4851,1703.0,41.77,869.0,,,,,success,,success
PH11-00568,2014-08-11,2014,Uttarakhand,Parts of Uttar Kashiakhand,30.0417376,79.089691,district,flood,1,0.0,0.2,0.2,0.2,6.8,19.2833,90.0417,0.472,2041.0,30.37,706.0,,,,,success,,success
PH11-00569,2015-03-03,2015,Kerala,"Alappuzha, Ernakulam, Kottayam, Malappuram, Thrissur, Pathanamthitta",9.5003416,76.4123364,district,flood,1,0.0,0.0,0.2,0.5,1.1,27.5708,77.375,0.1059,1.0,1.32,35.0,,,,,success,,success
PH11-00570,2015-03-13,2015,Kerala,"Alappuzha, Kottayam, Thrissur, Thiruvananthapuram",9.5003416,76.4123364,district,flood,1,0.0,0.0,0.3,6.3,6.3,28.3208,74.0833,0.1565,1.0,1.32,35.0,,,,,success,,success
PH11-00571,2015-03-27,2015,Kerala,"Alappuzha, Pathanamthitta",9.5003416,76.4123364,district,flood,1,0.0,0.0,0.0,0.0,0.0,29.6375,68.5833,0.0837,1.0,1.32,35.0,,,,,success,,success
PH11-00572,2015-04-06,2015,Kerala,"Alappuzha, Ernakulam, Palakkad, Idukki, Kollam",9.5003416,76.4123364,district,flood,1,0.0,0.0,0.2,2.4,2.4,30.0,75.25,0.1579,1.0,1.32,35.0,,,,,success,,success
PH11-00573,2015-04-11,2015,Kerala,"Ernakulam, Idukki, Kollam, Kozhikode, Malappuram, Pathanamthitta, Thiruvananthap",9.9837257,76.2740001,district,flood,1,0.0,0.7,1.4,2.5,4.4,27.7042,82.8333,0.3632,4.0,2.82,24.0,,,,,success,,success
PH11-00574,2015-04-19,2015,Kerala,"Alappuzha, Idukki, Kasaragod, Kannur, Malappuram, Palakkad, Pathanamthitta, Thir",9.5003416,76.4123364,district,flood,1,0.0,0.0,0.0,0.0,0.0,28.1875,77.2083,0.2487,1.0,1.32,35.0,,,,,success,,success
PH11-00575,2015-04-26,2015,Kerala,"Alappuzha, Ernakulam, Kannur, Kottayam, Malappuram, Pathanamthitta, Thiruvananth",9.5003416,76.4123364,district,flood,1,0.0,0.0,0.0,0.2,0.4,27.7958,82.1667,0.3185,1.0,1.32,35.0,,,,,success,,success
PH11-00576,2015-05-03,2015,Kerala,"Ernakulam, Idukki, Kannur, Palakkad, Thrissur, Thiruvananthapuram",9.9837257,76.2740001,district,flood,1,0.0,0.0,0.0,0.0,0.7,28.2667,79.875,0.38,4.0,2.82,24.0,,,,,success,,success
PH11-00577,2015-05-07,2015,Kerala,"Kottayam, Palakkad, Thrissur",9.6287383,76.6455326,district,flood,1,0.0,0.0,0.0,0.1,4.2,26.7667,86.9167,0.4693,40.0,3.14,97.0,,,,,success,,success
PH11-00578,2015-05-10,2015,Kerala,"Ernakulam, Idukki, Kannur, Kasaragod, Kollam, Kozhikode, Malappuram, Palakkad, T",9.9837257,76.2740001,district,flood,1,0.0,0.0,1.8,5.2,13.1,26.9708,87.5,0.4284,4.0,2.82,24.0,,,,,success,,success
PH11-00579,2015-05-15,2015,Kerala,"Kasaragod, Kollam, Thiruvananthapuram",12.4221964,75.1904446,district,flood,1,3.9,10.2,12.5,14.8,17.1,26.3792,91.1667,0.4848,83.0,9.45,223.0,,,,,success,,success
PH11-00580,2015-06-08,2015,Kerala,"Alappuzha, Kannur, Kollam, Thrissur, Thiruvananthapuram",9.5003416,76.4123364,district,flood,1,0.7,1.8,2.9,11.9,15.8,27.1917,87.5833,0.3343,1.0,1.32,35.0,,,,,success,,success
PH11-00581,2015-06-19,2015,Kerala,"Alappuzha, Ernakulam, Idukki, Kasaragod, Kottayam, Palakkad, Pathanamthitta, Thr",9.5003416,76.4123364,district,flood,1,0.8,1.5,2.0,4.0,19.1,25.5458,92.5833,0.3659,1.0,1.32,35.0,,,,,success,,success
PH11-00582,2015-07-18,2015,Kerala,Kannur,11.8763836,75.3737973,district,flood,1,1.1,4.1,8.4,13.9,28.4,24.9167,91.5833,0.3366,21.0,1.67,43.0,,,,,success,,success
PH11-00583,2015-08-12,2015,Kerala,Kannur,11.8763836,75.3737973,district,flood,1,0.5,1.4,2.1,4.3,9.6,25.4583,89.9167,0.3139,21.0,1.67,43.0,,,,,success,,success
PH11-00584,2015-09-05,2015,Kerala,"Pathanamthitta, Thiruvananthapuram",9.2780841,76.9737443,district,flood,1,0.3,0.9,1.6,2.2,12.7,22.7958,92.4167,0.4672,465.0,9.48,415.0,,,,,success,,success
PH11-00585,2015-09-27,2015,Kerala,"Kannur, Wayanad",11.8763836,75.3737973,district,flood,1,0.0,0.0,0.0,0.0,0.2,27.4708,82.75,0.2422,21.0,1.67,43.0,,,,,success,,success
PH11-00586,2015-10-08,2015,Kerala,Thiruvananthapuram,8.4882267,76.947551,district,flood,1,0.0,0.7,2.0,4.4,6.5,25.9667,86.75,0.2773,21.0,5.01,43.0,,,,,success,,success
PH11-00587,2015-10-30,2015,Kerala,Thiruvananthapuram,8.4882267,76.947551,district,flood,1,0.0,0.0,0.3,8.0,14.3,25.85,84.375,0.3108,21.0,5.01,43.0,,,,,success,,success
PH11-00588,2015-11-01,2015,Kerala,"Ernakulam, Malappuram, Pathanamthitta, Thiruvananthapuram",9.9837257,76.2740001,district,flood,1,12.1,34.3,43.0,51.8,63.5,25.975,89.2083,0.4285,4.0,2.82,24.0,,,,,success,,success
PH11-00589,2015-12-08,2015,Kerala,"Alappuzha, Thiruvananthapuram",9.5003416,76.4123364,district,flood,1,0.0,0.2,5.6,6.0,18.4,26.3667,90.7083,0.3478,1.0,1.32,35.0,,,,,success,,success
PH11-00590,2015-04-12,2015,Tamil Nadu,Virudhunagar,9.4926289,77.8631831,district,flood,1,0.0,0.0,0.0,0.0,0.0,29.9458,65.125,0.3432,88.0,,,28.664,0.0,0.0,0.0,partial,slope/relief unavailable (open-elevation fallback; OpenTopography rate-limited),success
PH11-00591,2015-04-21,2015,Tamil Nadu,Thiruvarur,10.6878621,79.4979437,district,flood,1,0.0,1.5,1.5,1.5,1.7,29.1167,71.6667,0.2358,16.0,,,180.449,0.0,0.0,0.0,partial,slope/relief unavailable (open-elevation fallback; OpenTopography rate-limited),success
PH11-00592,2015-04-25,2015,Tamil Nadu,Vellore,12.9021849,79.061104,district,flood,1,0.0,0.0,0.0,15.6,18.9,28.5917,74.5833,0.2791,233.0,0.73,17.0,151.536,0.0,0.0,0.0,success,,success
PH11-00593,2015-05-14,2015,Tamil Nadu,"Coimbatore,Pudukkottai",11.0018115,76.9628425,district,flood,1,0.1,1.0,6.3,19.1,23.4,24.4042,87.25,0.3535,419.0,2.68,34.0,30.026,0.0,0.0,0.0,success,,success
PH11-00594,2015-05-17,2015,Tamil Nadu,"Thiruvallur, Virudhunagar",13.2537619,80.0562572,district,flood,1,0.0,0.0,0.0,0.0,7.3,27.9417,81.0833,0.3138,26.0,1.99,21.0,253.889,0.0,0.0,0.0,success,,success
PH11-00595,2015-06-17,2015,Tamil Nadu,Chennai,13.0836939,80.270186,district,flood,1,0.0,0.0,0.7,2.3,2.3,30.0292,62.7083,0.2027,10.0,2.82,28.0,261.138,0.0,0.0,0.0,success,,success
PH11-00596,2015-06-21,2015,Tamil Nadu,The Nilgiris,11.4,76.7,district,flood,1,0.2,0.7,0.9,1.1,1.9,16.25,83.5833,0.4153,2232.0,11.52,253.0,0.892,52.0,168.0,671.0,success,,success
PH11-00597,2015-07-17,2015,Tamil Nadu,Chennai,13.0836939,80.270186,district,flood,1,0.0,0.0,0.0,0.0,0.1,31.1083,61.4167,0.2391,10.0,2.82,28.0,261.138,0.0,0.0,0.0,success,,success
PH11-00598,2015-11-09,2015,Tamil Nadu,"Thiruvallur, Chennai, Krishnagiri, Tiruvannamalai, Dharmapuri, Salem, Erode, The",13.2537619,80.0562572,district,flood,1,6.7,17.5,28.9,45.8,56.8,25.0292,92.8333,0.4254,26.0,1.99,21.0,253.889,0.0,0.0,0.0,success,,success
PH11-00599,2015-11-11,2015,Tamil Nadu,"Chennai, Cuddalore, Dharmapuri, Erode, The Nilgiris, Thiruvallur, Thoothukkudi, ",13.0836939,80.270186,district,flood,1,0.3,0.9,3.4,3.9,4.9,25.4625,80.875,0.387,10.0,2.82,28.0,261.138,0.0,0.0,0.0,success,,success
PH11-00600,2015-11-18,2015,Tamil Nadu,"Chennai, Cuddalore, Kancheepuram, Kanniyakumariumari, Krishnagiri, Nagapattinam,",13.0836939,80.270186,district,flood,1,0.0,0.0,0.0,0.0,0.0,24.2583,84.375,0.3813,10.0,2.82,28.0,261.138,0.0,0.0,0.0,success,,success
PH11-00601,2015-11-23,2015,Tamil Nadu,"Thiruvallur, Chennai, Krishnagiri, Tiruvannamalai, Dharmapuri, Salem, Erode, The",13.2537619,80.0562572,district,flood,1,0.3,1.5,3.2,4.6,12.3,25.2,91.2917,0.421,26.0,1.99,21.0,253.889,0.0,0.0,0.0,success,,success
PH11-00602,2015-11-28,2015,Tamil Nadu,"Chennai, Viluppuram",13.0836939,80.270186,district,flood,1,0.0,0.0,0.0,0.0,0.0,25.2792,80.5,0.3446,10.0,2.82,28.0,261.138,0.0,0.0,0.0,success,,success
PH11-00603,2015-12-01,2015,Tamil Nadu,"Thiruvallur, Chennai, Krishnagiri, Tiruvannamalai, Dharmapuri, Salem, Erode, The",13.2537619,80.0562572,district,flood,1,1.2,3.6,5.6,7.1,14.7,25.0042,90.625,0.4244,26.0,1.99,21.0,253.889,0.0,0.0,0.0,success,,success
PH11-00604,2015-12-08,2015,Tamil Nadu,"Thiruvallur, Chennai, Krishnagiri, Tiruvannamalai, Dharmapuri, Salem, Erode, The",13.2537619,80.0562572,district,flood,1,0.0,0.0,0.0,0.0,0.0,25.9375,74.3333,0.3842,26.0,1.99,21.0,253.889,0.0,0.0,0.0,success,,success
PH11-00605,2015-07-26,2015,Uttarakhand,Parts of Uttar Kashiakhand,30.0417376,79.089691,district,flood,1,0.0,0.4,4.9,7.3,10.9,18.7375,89.1667,0.4763,2041.0,30.37,706.0,,,,,success,,success
PH11-00606,2016-04-14,2016,Kerala,Kannur,11.8763836,75.3737973,district,flood,1,0.0,0.0,0.0,0.0,0.0,30.0958,74.9583,0.1046,21.0,1.67,43.0,,,,,success,,success
PH11-00607,2016-05-31,2016,Kerala,Kozhikode,11.2450558,75.7754716,district,flood,1,0.0,1.3,3.3,7.8,26.3,26.1208,89.875,0.3241,13.0,1.98,29.0,,,,,success,,success
PH11-00608,2016-06-07,2016,Kerala,"Idukki, Kottayam, Thiruvananthapuram, Wayanad",9.8154785,76.9991599,district,flood,1,0.4,0.8,1.2,2.3,5.9,22.2167,93.8333,0.499,723.0,0.0,409.0,,,,,success,,success
PH11-00609,2016-06-10,2016,Kerala,"Idukki, Kannur, Kollam, Pathanamthitta, Thiruvananthapuram, Wayanad",9.8154785,76.9991599,district,flood,1,1.0,2.6,5.5,11.1,39.3,21.4208,98.8333,0.4997,723.0,0.0,409.0,,,,,success,,success
PH11-00610,2016-06-16,2016,Kerala,"Alappuzha, Ernakulam, Idukki, Kollam, Kottayam, Malappuram, Thrissur, Thiruvanan",9.5003416,76.4123364,district,flood,1,1.0,3.0,4.1,5.5,10.5,27.1042,86.875,0.3308,1.0,1.32,35.0,,,,,success,,success
PH11-00611,2016-06-26,2016,Kerala,"Kasaragod, Malappuram, Wayanad",12.4221964,75.1904446,district,flood,1,0.2,1.6,3.8,16.8,44.9,23.55,98.5833,0.4715,83.0,9.45,223.0,,,,,success,,success
PH11-00612,2016-07-02,2016,Kerala,Wayanad,11.7151291,76.1271185,district,flood,1,0.0,0.0,0.0,0.0,4.9,22.1583,90.7917,0.4728,757.0,7.78,77.0,,,,,success,,success
PH11-00613,2016-07-10,2016,Kerala,"Idukki, Kasaragod, Wayanad",9.8154785,76.9991599,district,flood,1,1.6,5.3,9.6,17.3,27.9,20.9417,96.3333,0.4912,723.0,0.0,409.0,,,,,success,,success
PH11-00614,2016-09-18,2016,Kerala,Kozhikode,11.2450558,75.7754716,district,flood,1,0.1,0.2,0.2,1.3,4.7,25.2833,89.0833,0.2586,13.0,1.98,29.0,,,,,success,,success
PH11-00615,2016-06-11,2016,Tamil Nadu,Kanniyakumariumari,11.3323723,78.6098639,district,flood,1,0.0,0.0,0.0,0.0,0.1,25.5042,69.5,0.341,753.0,,,61.637,0.0,0.0,0.0,partial,slope/relief unavailable (open-elevation fallback; OpenTopography rate-limited),success
PH11-00616,2016-07-26,2016,Tamil Nadu,Krishnagiri,12.5152075,78.0093769,district,flood,1,0.9,1.1,2.9,10.1,10.3,24.125,81.7917,0.4312,707.0,,,85.71,0.0,0.0,0.0,partial,slope/relief unavailable (open-elevation fallback; OpenTopography rate-limited),success
PH11-00617,2016-05-08,2016,Uttarakhand,Chamoli,30.4985956,79.6190537,district,flood,1,0.5,3.0,3.6,3.6,7.5,14.1125,86.4583,0.3314,1853.0,23.8,928.0,,,,,success,,success
PH11-00618,2016-05-22,2016,Uttarakhand,Dehradun,30.3255646,78.0436813,district,flood,1,0.0,0.0,0.0,0.0,1.7,27.6167,64.625,0.141,672.0,3.84,53.0,,,,,success,,success
PH11-00619,2016-05-28,2016,Uttarakhand,"Tehri Garhwal,Uttar Kashi Kashi",30.4658181,78.4837349,district,flood,1,0.0,0.0,0.0,0.0,0.0,21.4125,49.4583,0.3187,1703.0,41.77,869.0,,,,,success,,success
PH11-00620,2016-07-03,2016,Uttarakhand,"Chamoli, Pithoragarh",30.4985956,79.6190537,district,flood,1,1.0,3.9,8.1,12.9,30.9,19.4333,96.0833,0.4277,1853.0,23.8,928.0,,,,,success,,success
PH11-00621,2016-07-16,2016,Uttarakhand,"Dehradun, Nainital, Tehri Garhwal, Uttar Kashi Kashi",30.3255646,78.0436813,district,flood,1,6.2,19.2,32.1,37.4,42.5,25.5458,88.375,0.4284,672.0,3.84,53.0,,,,,success,,success
PH11-00622,2016-07-21,2016,Uttarakhand,Dehradun,30.3255646,78.0436813,district,flood,1,0.0,0.0,0.2,0.3,0.9,26.5208,81.625,0.374,672.0,3.84,53.0,,,,,success,,success
PH11-00623,2017-03-15,2017,Kerala,Alappuzha,9.5003416,76.4123364,district,flood,1,0.4,3.4,9.0,11.3,15.2,27.6208,84.4167,0.174,1.0,1.32,35.0,,,,,success,,success
PH11-00624,2017-03-06,2017,Kerala,Thiruvananthapuram,8.4882267,76.947551,district,flood,1,0.0,0.0,10.5,10.5,11.0,27.0625,81.0417,0.0977,21.0,5.01,43.0,,,,,success,,success
PH11-00625,2017-05-06,2017,Kerala,Thiruvananthapuram,8.4882267,76.947551,district,flood,1,0.0,0.0,0.0,0.0,1.6,28.1875,83.3333,0.0719,21.0,5.01,43.0,,,,,success,,success
PH11-00626,2017-04-08,2017,Kerala,Pathanamthitta,9.2780841,76.9737443,district,flood,1,0.0,0.0,0.0,0.0,0.7,25.4042,84.2083,0.4762,465.0,9.48,415.0,,,,,success,,success
PH11-00627,2017-06-08,2017,Kerala,Idukki,9.8154785,76.9991599,district,flood,1,1.3,4.0,5.6,6.6,13.9,21.625,98.75,0.5081,723.0,0.0,409.0,,,,,success,,success
PH11-00628,2017-08-28,2017,Kerala,Wayanad,11.7151291,76.1271185,district,flood,1,2.5,4.3,4.7,6.6,22.7,21.1167,98.75,0.5061,757.0,7.78,77.0,,,,,success,,success
PH11-00629,2017-05-09,2017,Kerala,"Thiruvananthapuram, Wayanad",8.4882267,76.947551,district,flood,1,1.5,4.9,4.9,4.9,7.2,27.4542,84.5833,0.2052,21.0,5.01,43.0,,,,,success,,success
PH11-00630,2017-08-09,2017,Kerala,"Idukki, Kozhikode,  Thiruvananthapuram",9.8154785,76.9991599,district,flood,1,0.3,1.2,2.0,2.8,9.8,21.7917,95.2083,0.5062,723.0,0.0,409.0,,,,,success,,success
PH11-00631,2017-09-17,2017,Kerala,"Idukki, Kottayam,  Thiruvananthapuram",9.8154785,76.9991599,district,flood,1,2.8,13.1,14.6,19.7,30.5,21.4042,96.75,0.5083,723.0,0.0,409.0,,,,,success,,success
PH11-00632,2017-09-18,2017,Kerala,"Idukki, Kottayam, Kozhikode,  Thiruvananthapuram, Thrissur, Wayanad",9.8154785,76.9991599,district,flood,1,3.9,10.6,21.2,33.6,74.6,20.6167,99.5,0.5105,723.0,0.0,409.0,,,,,success,,success
PH11-00633,2017-10-22,2017,Kerala,Thiruvananthapuram,8.4882267,76.947551,district,flood,1,1.0,4.3,8.6,20.5,46.1,25.0458,93.875,0.3587,21.0,5.01,43.0,,,,,success,,success
PH11-00634,2017-02-11,2017,Kerala,Thiruvananthapuram,8.4882267,76.947551,district,flood,1,0.0,0.0,0.0,0.0,0.0,26.2417,65.2917,0.039,21.0,5.01,43.0,,,,,success,,success
PH11-00635,2017-05-11,2017,Kerala,"Kozhikode,  Thiruvananthapuram",11.2450558,75.7754716,district,flood,1,4.4,11.9,19.9,25.2,34.1,27.7,86.4583,0.3135,13.0,1.98,29.0,,,,,success,,success
PH11-00636,2017-05-28,2017,Tamil Nadu,Vellore,12.9021849,79.061104,district,flood,1,0.0,0.0,0.0,0.9,3.3,30.7208,60.875,0.1987,233.0,0.73,17.0,151.536,0.0,0.0,0.0,success,,success
PH11-00637,2017-01-09,2017,Tamil Nadu,Thiruvallur,13.2537619,80.0562572,district,flood,1,0.0,0.0,0.0,0.0,0.0,23.4583,68.9167,0.1657,26.0,1.99,21.0,253.889,0.0,0.0,0.0,success,,success
PH11-00638,2017-06-09,2017,Tamil Nadu,"Coimbatore, Nagapattinam, Tiruppur",11.0018115,76.9628425,district,flood,1,0.0,0.0,0.0,0.0,0.2,26.625,77.3333,0.2042,419.0,2.68,34.0,30.026,0.0,0.0,0.0,success,,success
PH11-00639,2017-04-10,2017,Tamil Nadu,Krishnagiri,12.5152075,78.0093769,district,flood,1,0.0,0.0,0.0,0.0,0.0,29.2292,50.75,0.2405,707.0,,,85.71,0.0,0.0,0.0,partial,slope/relief unavailable (open-elevation fallback; OpenTopography rate-limited),success
PH11-00640,2017-12-10,2017,Tamil Nadu,Vellore,12.9021849,79.061104,district,flood,1,0.0,0.0,0.0,0.0,0.0,24.1667,76.625,0.3208,233.0,0.73,17.0,151.536,0.0,0.0,0.0,success,,success
PH11-00641,2017-02-11,2017,Tamil Nadu,"Chennai, Cuddalore, Kanniyakumariumari, Karaikal, Nagarkoil, Tirunelveli",13.0836939,80.270186,district,flood,1,0.0,0.0,0.0,0.0,0.0,23.8875,66.7917,0.1468,10.0,2.82,28.0,261.138,0.0,0.0,0.0,success,,success
PH11-00642,2017-05-20,2017,Uttarakhand,Chamoli,30.4985956,79.6190537,district,flood,1,0.0,0.0,0.0,0.8,5.6,17.6708,63.25,0.2848,1853.0,23.8,928.0,,,,,success,,success
PH11-00643,2017-08-13,2017,Uttarakhand,Pithoragarh,29.585871,80.215167,district,flood,1,7.3,8.2,8.5,10.0,13.0,21.1167,89.4167,0.4972,1612.0,,,,,,,partial,slope/relief unavailable (open-elevation fallback; OpenTopography rate-limited),success
PH11-00644,2018-03-18,2018,Kerala,Thiruvananthapuram,8.4882267,76.947551,district,flood,1,0.0,0.0,0.0,0.0,4.3,27.025,84.1667,0.1455,21.0,5.01,43.0,,,,,success,,success
PH11-00645,2018-04-22,2018,Kerala,Wayanad,11.7151291,76.1271185,district,flood,1,0.0,0.0,0.0,4.3,14.2,24.8917,82.5417,0.4151,757.0,7.78,77.0,,,,,success,,success
PH11-00646,2018-05-13,2018,Kerala,Thiruvananthapuram,8.4882267,76.947551,district,flood,1,0.0,0.3,0.8,4.0,23.3,25.8875,91.5,0.3088,21.0,5.01,43.0,,,,,success,,success
PH11-00647,2018-05-16,2018,Kerala,Thiruvananthapuram,8.4882267,76.947551,district,flood,1,1.5,6.8,16.4,19.2,21.0,26.8708,88.4583,0.2719,21.0,5.01,43.0,,,,,success,,success
PH11-00648,2018-05-21,2018,Kerala,Thiruvananthapuram,8.4882267,76.947551,district,flood,1,0.0,0.0,0.0,3.0,13.3,26.1792,89.125,0.2968,21.0,5.01,43.0,,,,,success,,success
PH11-00649,2018-05-29,2018,Kerala,"Alappuzha, Ernakulam, Idukki, Kannur, Kasaragod, Kollam, Kottayam, Kozhikode, Ma",9.5003416,76.4123364,district,flood,1,0.0,1.7,6.2,13.7,25.0,26.7667,87.0,0.3319,1.0,1.32,35.0,,,,,success,,success
PH11-00650,2018-01-08,2018,Kerala,"Alappuzha, Ernakulam, Idukki, Kannur, Kasaragod, Kollam, Kottayam, Kozhikode, Ma",9.5003416,76.4123364,district,flood,1,0.0,0.1,0.6,0.6,1.0,25.6792,75.4583,0.0443,1.0,1.32,35.0,,,,,success,,success
PH11-00651,2018-10-21,2018,Kerala,Malappuram,11.1065685,76.1101742,district,flood,1,0.6,1.2,1.2,1.4,20.2,24.7667,91.8333,0.5013,47.0,9.32,83.0,,,,,success,,success
PH11-00652,2018-11-16,2018,Kerala,"Alappuzha, Idukki",9.5003416,76.4123364,district,flood,1,1.1,3.2,3.2,3.2,4.1,27.2625,85.625,0.1985,1.0,1.32,35.0,,,,,success,,success
PH11-00653,2018-11-17,2018,Kerala,Alappuzha,9.5003416,76.4123364,district,flood,1,0.0,0.0,0.0,42.7,77.6,24.9417,93.1667,0.3157,1.0,1.32,35.0,,,,,success,,success
PH11-00654,2018-12-28,2018,Kerala,Wayanad,11.7151291,76.1271185,district,flood,1,0.0,0.0,0.0,0.1,0.6,21.8667,84.7917,0.3539,757.0,7.78,77.0,,,,,success,,success
PH11-00655,2018-03-14,2018,Tamil Nadu,"Chennai, Thoothukkudi",13.0836939,80.270186,district,flood,1,0.0,0.0,0.0,0.0,0.6,27.7958,77.8333,0.1401,10.0,2.82,28.0,261.138,0.0,0.0,0.0,success,,success
PH11-00656,2018-05-20,2018,Tamil Nadu,Salem,11.6469616,78.2106958,district,flood,1,0.0,0.0,0.0,0.0,0.6,30.8208,54.0,0.1486,394.0,,,10.853,0.0,0.0,12.0,partial,slope/relief unavailable (open-elevation fallback; OpenTopography rate-limited),success
PH11-00657,2018-09-15,2018,Tamil Nadu,Sivaganga,9.8486881,78.4870461,district,flood,1,0.0,0.0,1.8,3.5,5.5,29.6458,70.0833,0.1703,101.0,,,83.101,0.0,0.0,0.0,partial,slope/relief unavailable (open-elevation fallback; OpenTopography rate-limited),success
PH11-00658,2018-11-22,2018,Tamil Nadu,Viluppuram,12.1166967,79.5989236,district,flood,1,2.8,9.1,12.7,28.8,63.9,23.8375,93.25,0.4265,51.0,2.61,34.0,149.335,0.0,0.0,0.0,success,,success
PH11-00659,2018-11-24,2018,Tamil Nadu,Thanjavur,10.659037,79.2014278,district,flood,1,5.6,14.0,30.6,31.9,46.9,24.9125,92.2083,0.4287,37.0,1.32,20.0,158.552,0.0,0.0,0.0,success,,success
PH11-00660,2018-11-07,2018,Uttarakhand,Dehradun,30.3255646,78.0436813,district,flood,1,0.0,0.0,0.0,0.0,0.0,19.1583,58.125,0.1726,672.0,3.84,53.0,,,,,success,,success
PH11-00661,2018-08-30,2018,Uttarakhand,Tehri Garhwal,30.4658181,78.4837349,district,flood,1,0.0,0.0,0.0,3.5,12.3,20.2042,91.3333,0.5028,1703.0,41.77,869.0,,,,,success,,success
PH11-00662,2019-04-19,2019,Kerala,Wayanad,11.7151291,76.1271185,district,flood,1,0.4,4.4,8.2,18.9,28.5,24.5333,85.5,0.4081,757.0,7.78,77.0,,,,,success,,success
PH11-00663,2019-04-24,2019,Kerala,"Malappuram, Thiruvananthapuram, Wayanad",11.1065685,76.1101742,district,flood,1,0.0,0.0,0.0,0.3,2.9,28.2958,81.375,0.4794,47.0,9.32,83.0,,,,,success,,success
PH11-00664,2019-04-28,2019,Kerala,"Thiruvananthapuram, Wayanad",8.4882267,76.947551,district,flood,1,0.0,0.0,0.0,0.9,2.1,28.7083,84.3333,0.1359,21.0,5.01,43.0,,,,,success,,success
PH11-00665,2019-05-16,2019,Kerala,Wayanad,11.7151291,76.1271185,district,flood,1,0.0,0.0,0.0,0.0,1.5,24.3583,87.2917,0.4526,757.0,7.78,77.0,,,,,success,,success
PH11-00666,2019-05-19,2019,Kerala,Wayanad,11.7151291,76.1271185,district,flood,1,0.0,0.0,0.0,0.0,2.8,25.2583,85.1667,0.4297,757.0,7.78,77.0,,,,,success,,success
PH11-00667,2019-05-24,2019,Kerala,Thiruvananthapuram,8.4882267,76.947551,district,flood,1,0.1,0.7,1.9,5.9,7.3,26.9708,89.0833,0.1746,21.0,5.01,43.0,,,,,success,,success
PH11-00668,2019-09-06,2019,Kerala,Thiruvananthapuram,8.4882267,76.947551,district,flood,1,0.6,2.7,6.0,10.7,15.5,25.5417,92.2917,0.3168,21.0,5.01,43.0,,,,,success,,success
PH11-00669,2019-12-06,2019,Kerala,"Ernakulam, Malappuram",9.9837257,76.2740001,district,flood,1,0.0,0.0,0.0,0.0,0.0,27.4083,81.4167,0.3292,4.0,2.82,24.0,,,,,success,,success
PH11-00670,2019-06-14,2019,Kerala,"Malappuram , Wayanad",11.1065685,76.1101742,district,flood,1,0.9,2.0,2.8,9.0,19.9,25.6917,93.75,0.5115,47.0,9.32,83.0,,,,,success,,success
PH11-00671,2019-06-20,2019,Kerala,"Kannur, Kasaragod",11.8763836,75.3737973,district,flood,1,0.5,1.9,5.3,16.1,24.5,26.2458,92.0,0.3245,21.0,1.67,43.0,,,,,success,,success
PH11-00672,2019-10-07,2019,Kerala,Kottayam,9.6287383,76.6455326,district,flood,1,0.0,1.9,2.2,2.2,7.9,25.35,91.7917,0.4996,40.0,3.14,97.0,,,,,success,,success
PH11-00673,2019-07-18,2019,Kerala,"Alappuzha , Ernakulam, Idukki, Kannur, Kasaragod, Kollam, Kottayam, Kozhikode, P",9.5003416,76.4123364,district,flood,1,0.3,2.7,4.3,9.7,36.0,25.5708,93.0,0.3458,1.0,1.32,35.0,,,,,success,,success
PH11-00674,2019-07-28,2019,Kerala,Idukki,9.8154785,76.9991599,district,flood,1,0.4,1.3,2.0,3.8,9.2,21.8792,93.7917,0.5042,723.0,0.0,409.0,,,,,success,,success
PH11-00675,2019-04-08,2019,Kerala,Wayanad,11.7151291,76.1271185,district,flood,1,0.0,0.5,0.5,0.5,1.6,25.8583,76.1667,0.328,757.0,7.78,77.0,,,,,success,,success
PH11-00676,2019-07-08,2019,Kerala,Thiruvananthapuram,8.4882267,76.947551,district,flood,1,0.5,2.3,4.1,5.7,7.1,27.0292,89.5,0.26,21.0,5.01,43.0,,,,,success,,success
PH11-00677,2019-08-08,2019,Kerala,"Ernakulam, Idukki, Kannur, Kasaragod, Kozhikode, Malappuram, Palakkad, Thiruvana",9.9837257,76.2740001,district,flood,1,2.0,4.4,10.6,25.6,39.9,25.7667,91.7917,0.4349,4.0,2.82,24.0,,,,,success,,success
PH11-00678,2019-09-08,2019,Kerala,"Ernakulam, Idukki, Kannur, Malappuram, Palakkad, Thiruvananthapuram, Thrissur, W",9.9837257,76.2740001,district,flood,1,0.5,2.9,4.1,5.9,9.8,26.1333,90.9167,0.4219,4.0,2.82,24.0,,,,,success,,success
PH11-00679,2019-10-08,2019,Kerala,"Alappuzha, Ernakulam, Idukki, Kannur, Kasaragod, Kollam, Kottayam, Kozhikode, Ma",9.5003416,76.4123364,district,flood,1,0.0,0.0,0.0,0.7,5.1,25.6458,91.875,0.2941,1.0,1.32,35.0,,,,,success,,success
PH11-00680,2019-11-08,2019,Kerala,"Alappuzha, Idukki, Kollam, Malappuram, Thiruvananthapuram, Wayanad",9.5003416,76.4123364,district,flood,1,0.1,0.6,1.3,4.2,7.7,26.8875,89.2917,0.2293,1.0,1.32,35.0,,,,,success,,success
PH11-00681,2019-08-19,2019,Kerala,"Alappuzha, Thiruvananthapuram, Wayanad",9.5003416,76.4123364,district,flood,1,2.2,4.0,4.9,6.4,12.9,25.8958,91.4167,0.2983,1.0,1.32,35.0,,,,,success,,success
PH11-00682,2019-08-22,2019,Kerala,Wayanad,11.7151291,76.1271185,district,flood,1,0.2,0.6,2.8,11.2,27.8,21.5167,96.25,0.5072,757.0,7.78,77.0,,,,,success,,success
PH11-00683,2019-03-09,2019,Kerala,Wayanad,11.7151291,76.1271185,district,flood,1,0.0,0.0,0.0,0.0,0.0,24.0708,75.4167,0.3147,757.0,7.78,77.0,,,,,success,,success
PH11-00684,2019-12-09,2019,Kerala,Malappuram,11.1065685,76.1101742,district,flood,1,0.1,0.3,0.3,0.3,0.3,26.35,79.75,0.3742,47.0,9.32,83.0,,,,,success,,success
PH11-00685,2019-09-26,2019,Kerala,Thiruvananthapuram,8.4882267,76.947551,district,flood,1,1.7,4.0,7.7,9.5,14.4,25.6875,91.2083,0.3142,21.0,5.01,43.0,,,,,success,,success
PH11-00686,2019-10-17,2019,Kerala,Thiruvananthapuram,8.4882267,76.947551,district,flood,1,0.1,0.3,1.3,18.9,34.8,24.7958,94.1667,0.343,21.0,5.01,43.0,,,,,success,,success
PH11-00687,2019-10-21,2019,Kerala,"Alappuzha, Ernakulam, Idukki, Kannur, Kasaragod, Kollam, Kottayam, Kozhikode, Ma",9.5003416,76.4123364,district,flood,1,4.1,9.6,13.4,24.8,33.3,25.6083,93.25,0.3405,1.0,1.32,35.0,,,,,success,,success
PH11-00688,2019-10-22,2019,Kerala,Thiruvananthapuram,8.4882267,76.947551,district,flood,1,0.0,0.0,0.1,1.8,18.3,24.3167,94.625,0.3296,21.0,5.01,43.0,,,,,success,,success
PH11-00689,2019-10-30,2019,Kerala,Thiruvananthapuram,8.4882267,76.947551,district,flood,1,1.1,4.0,4.5,6.0,25.8,25.3083,94.125,0.3238,21.0,5.01,43.0,,,,,success,,success
PH11-00690,2019-01-11,2019,Kerala,"Alappuzha, Idukki, Thiruvananthapuram",9.5003416,76.4123364,district,flood,1,0.0,0.0,0.0,0.0,0.0,25.3833,70.25,0.0312,1.0,1.32,35.0,,,,,success,,success
PH11-00691,2019-10-11,2019,Kerala,Wayanad,11.7151291,76.1271185,district,flood,1,0.0,0.0,0.0,0.6,14.4,22.2333,92.3333,0.4855,757.0,7.78,77.0,,,,,success,,success
PH11-00692,2019-11-11,2019,Kerala,Thiruvananthapuram,8.4882267,76.947551,district,flood,1,0.1,0.6,1.0,4.9,6.8,25.6208,92.2083,0.2671,21.0,5.01,43.0,,,,,success,,success
PH11-00693,2019-11-20,2019,Kerala,"Kannur, Malappuram, Thiruvananthapuram",11.8763836,75.3737973,district,flood,1,0.5,1.6,4.0,4.0,6.9,26.7458,89.75,0.2791,21.0,1.67,43.0,,,,,success,,success
PH11-00694,2019-03-12,2019,Kerala,Wayanad,11.7151291,76.1271185,district,flood,1,0.0,0.0,0.1,0.1,0.6,24.4042,76.75,0.3144,757.0,7.78,77.0,,,,,success,,success
PH11-00695,2019-01-05,2019,Tamil Nadu,Coimbatore,11.0018115,76.9628425,district,flood,1,0.0,0.0,0.0,0.0,0.0,23.2708,56.5833,0.1548,419.0,2.68,34.0,30.026,0.0,0.0,0.0,success,,success
PH11-00696,2019-11-30,2019,Tamil Nadu,Thanjavur,10.659037,79.2014278,district,flood,1,0.1,1.4,3.9,4.6,12.4,25.6625,89.625,0.3777,37.0,1.32,20.0,158.552,0.0,0.0,0.0,success,,success
PH11-00697,2019-01-12,2019,Tamil Nadu,Tirunelveli,8.5495014,77.5805178,district,flood,1,0.0,0.0,0.0,0.0,0.0,24.6542,71.2083,0.1958,113.0,1.04,143.0,12.198,0.0,0.0,6.0,success,,success
PH11-00698,2019-02-12,2019,Tamil Nadu,"Chennai, Coimbatore, Cuddalore, Thoothukkudi, Tirunelveli",13.0836939,80.270186,district,flood,1,0.0,0.0,0.0,0.0,0.8,26.6083,72.75,0.1566,10.0,2.82,28.0,261.138,0.0,0.0,0.0,success,,success
PH11-00699,2019-02-06,2019,Uttarakhand,"Almora, Chamoli",29.702651,79.4326318,district,flood,1,0.0,0.0,0.0,0.0,0.0,12.3333,64.4583,0.4245,1142.0,16.65,255.0,,,,,success,,success
PH11-00700,2019-06-21,2019,Uttarakhand,Uttar Kashi Kashi,30.0417376,79.089691,district,flood,1,0.0,0.0,0.0,1.3,5.3,17.9375,77.4167,0.2487,2041.0,30.37,706.0,,,,,success,,success
PH11-00701,2019-06-23,2019,Uttarakhand,Garhwal,30.25,79.333333,district,flood,1,0.0,0.0,0.6,0.6,0.8,18.3583,59.7917,0.4163,2253.0,26.1,621.0,,,,,success,,success
PH11-00702,2019-04-07,2019,Uttarakhand,Rudra Prayag,30.0417376,79.089691,district,flood,1,0.0,0.0,0.0,0.0,5.2,14.1333,73.0417,0.3687,2041.0,30.37,706.0,,,,,success,,success
PH11-00703,2019-06-08,2019,Uttarakhand,"Chamoli, Garhwal, Uttar Kashi Kashi",30.4985956,79.6190537,district,flood,1,0.0,0.0,0.0,0.0,0.1,20.6708,48.375,0.1831,1853.0,23.8,928.0,,,,,success,,success
PH11-00704,2019-08-08,2019,Uttarakhand,"Chamoli, Garhwal, Rudra Prayag, Tehri Garhwal",30.4985956,79.6190537,district,flood,1,0.5,2.3,2.6,2.6,5.9,21.1542,82.1667,0.4158,1853.0,23.8,928.0,,,,,success,,success
PH11-00705,2019-12-08,2019,Uttarakhand,"Bageshwar, Chamoli",30.0087902,79.9280183,district,flood,1,0.0,0.0,0.0,0.0,0.0,10.9875,49.4583,0.3273,1819.0,,,,,,,partial,slope/relief unavailable (open-elevation fallback; OpenTopography rate-limited),success
PH11-00706,2019-08-18,2019,Uttarakhand,"Dehradun, Garhwal, Tehri Garhwal, Uttar Kashi Kashi",30.3255646,78.0436813,district,flood,1,11.8,34.9,43.7,54.9,73.1,25.0333,90.375,0.4311,672.0,3.84,53.0,,,,,success,,success
PH11-00707,2019-02-09,2019,Uttarakhand,Almora,29.702651,79.4326318,district,flood,1,0.0,0.0,0.0,1.2,6.7,8.275,81.0,0.4958,1142.0,16.65,255.0,,,,,success,,success
PH11-00708,2019-06-09,2019,Uttarakhand,"Chamoli, Pithoragarh",30.4985956,79.6190537,district,flood,1,0.0,0.0,0.0,0.0,0.2,20.0958,50.2083,0.1855,1853.0,23.8,928.0,,,,,success,,success
PH11-00709,2019-09-27,2019,Uttarakhand,Dehradun,30.3255646,78.0436813,district,flood,1,0.0,1.3,4.5,5.0,8.4,23.8333,86.2083,0.3282,672.0,3.84,53.0,,,,,success,,success
PH11-00710,2020-02-01,2020,Kerala,"Malappuram, Thiruvananthapuram",11.1065685,76.1101742,district,flood,1,0.0,0.0,0.0,0.0,0.0,28.1,66.2917,0.2145,47.0,9.32,83.0,,,,,success,,success
PH11-00711,2020-04-24,2020,Kerala,Thiruvananthapuram,8.4882267,76.947551,district,flood,1,0.2,0.2,0.2,0.5,2.0,27.7917,83.9167,0.1187,21.0,5.01,43.0,,,,,success,,success
PH11-00712,2020-03-05,2020,Kerala,Pathanamthitta,9.2780841,76.9737443,district,flood,1,3.0,5.0,5.0,5.2,7.1,25.125,82.7917,0.4514,465.0,9.48,415.0,,,,,success,,success
PH11-00713,2020-07-05,2020,Kerala,Thiruvananthapuram,8.4882267,76.947551,district,flood,1,1.6,4.8,8.0,8.7,10.7,25.9417,91.4167,0.2685,21.0,5.01,43.0,,,,,success,,success
PH11-00714,2020-05-16,2020,Kerala,Thiruvananthapuram,8.4882267,76.947551,district,flood,1,0.0,0.2,2.9,12.7,15.4,27.0667,88.75,0.2895,21.0,5.01,43.0,,,,,success,,success
PH11-00715,2020-05-22,2020,Kerala,Thiruvananthapuram,8.4882267,76.947551,district,flood,1,3.1,5.4,10.3,13.8,29.8,25.5625,96.625,0.3282,21.0,5.01,43.0,,,,,success,,success
PH11-00716,2020-02-06,2020,Kerala,Thiruvananthapuram,8.4882267,76.947551,district,flood,1,0.0,0.0,0.0,0.0,0.2,27.4042,68.2917,0.0532,21.0,5.01,43.0,,,,,success,,success
PH11-00717,2020-03-07,2020,Kerala,Kozhikode,11.2450558,75.7754716,district,flood,1,0.2,0.5,0.5,0.5,0.5,27.8917,73.9167,0.1038,13.0,1.98,29.0,,,,,success,,success
PH11-00718,2020-05-08,2020,Kerala,Wayanad,11.7151291,76.1271185,district,flood,1,0.0,0.0,0.0,0.3,1.6,25.4125,81.875,0.4025,757.0,7.78,77.0,,,,,success,,success
PH11-00719,2020-06-08,2020,Kerala,Idukki,9.8154785,76.9991599,district,flood,1,0.1,1.2,11.1,20.5,28.1,21.4458,96.8333,0.5096,723.0,0.0,409.0,,,,,success,,success
PH11-00720,2020-06-08,2020,Kerala,Wayanad,11.7151291,76.1271185,district,flood,1,0.0,0.2,1.0,1.7,50.9,21.875,94.625,0.5055,757.0,7.78,77.0,,,,,success,,success
PH11-00721,2020-07-08,2020,Kerala,Alappuzha,9.5003416,76.4123364,district,flood,1,0.0,0.0,0.0,0.6,6.1,26.25,91.75,0.3053,1.0,1.32,35.0,,,,,success,,success
PH11-00722,2020-08-08,2020,Kerala,"Thiruvananthapuram, Wayanad",8.4882267,76.947551,district,flood,1,0.1,0.4,2.2,19.3,34.3,24.375,96.3333,0.3524,21.0,5.01,43.0,,,,,success,,success
PH11-00723,2020-09-08,2020,Kerala,"Alappuzha, Ernakulam, Kollam, Kottayam",9.5003416,76.4123364,district,flood,1,0.7,1.4,2.3,6.4,31.4,25.4208,93.5417,0.3303,1.0,1.32,35.0,,,,,success,,success
PH11-00724,2020-10-08,2020,Kerala,"Pathanamthitta, Wayanad",9.2780841,76.9737443,district,flood,1,0.1,0.1,0.1,2.1,7.5,23.4,91.2917,0.5015,465.0,9.48,415.0,,,,,success,,success
PH11-00725,2020-11-08,2020,Kerala,Kozhikode,11.2450558,75.7754716,district,flood,1,0.1,0.1,0.9,5.6,6.5,26.875,87.2083,0.2714,13.0,1.98,29.0,,,,,success,,success
PH11-00726,2020-12-08,2020,Kerala,"Alappuzha, Kottayam, Pathanamthitta",9.5003416,76.4123364,district,flood,1,0.0,0.0,0.0,2.4,8.4,25.2875,90.4583,0.284,1.0,1.32,35.0,,,,,success,,success
PH11-00727,2020-06-09,2020,Kerala,Alappuzha,9.5003416,76.4123364,district,flood,1,0.2,0.6,1.1,1.1,2.5,26.5125,89.6667,0.2886,1.0,1.32,35.0,,,,,success,,success
PH11-00728,2020-06-09,2020,Kerala,Thiruvananthapuram,8.4882267,76.947551,district,flood,1,0.1,0.1,0.3,0.4,1.5,26.9875,85.3333,0.2896,21.0,5.01,43.0,,,,,success,,success
PH11-00729,2020-11-09,2020,Kerala,"Malappuram, Thiruvananthapuram",11.1065685,76.1101742,district,flood,1,0.0,0.3,1.3,10.4,19.0,26.625,85.7917,0.4641,47.0,9.32,83.0,,,,,success,,success
PH11-00730,2020-09-20,2020,Kerala,"Ernakulam, Kannur, Thrissur, Wayanad",9.9837257,76.2740001,district,flood,1,1.0,5.0,11.8,23.4,38.0,25.3333,91.25,0.4347,4.0,2.82,24.0,,,,,success,,success
PH11-00731,2020-09-21,2020,Kerala,"Kannur, Kasaragod, Palakkad",11.8763836,75.3737973,district,flood,1,1.8,4.0,7.2,12.1,56.0,25.1708,92.25,0.3613,21.0,1.67,43.0,,,,,success,,success
PH11-00732,2020-09-22,2020,Kerala,"Kollam, Thiruvananthapuram",8.8870533,76.5906696,district,flood,1,0.8,2.0,4.8,6.6,12.4,25.7208,89.125,0.3131,17.0,1.36,31.0,,,,,success,,success
PH11-00733,2020-09-23,2020,Kerala,Thiruvananthapuram,8.4882267,76.947551,district,flood,1,1.0,2.6,4.8,8.4,31.3,25.0125,93.6667,0.3423,21.0,5.01,43.0,,,,,success,,success
PH11-00734,2020-09-10,2020,Kerala,Thiruvananthapuram,8.4882267,76.947551,district,flood,1,1.9,5.5,11.3,18.9,40.4,24.8208,94.625,0.3528,21.0,5.01,43.0,,,,,success,,success
PH11-00735,2020-10-29,2020,Kerala,Thiruvananthapuram,8.4882267,76.947551,district,flood,1,0.0,0.0,0.0,1.1,10.1,26.0,88.875,0.2094,21.0,5.01,43.0,,,,,success,,success
PH11-00736,2020-07-15,2020,Uttarakhand,Dehradun,30.3255646,78.0436813,district,flood,1,9.2,20.8,22.0,23.1,25.2,26.9708,83.5,0.3782,672.0,3.84,53.0,,,,,success,,success
PH11-00737,2020-07-18,2020,Uttarakhand,Pithoragarh,29.585871,80.215167,district,flood,1,0.2,0.7,1.3,1.7,6.8,21.8458,89.625,0.5016,1612.0,,,,,,,partial,slope/relief unavailable (open-elevation fallback; OpenTopography rate-limited),success
PH11-00738,2020-08-25,2020,Uttarakhand,Chamoli,30.4985956,79.6190537,district,flood,1,1.2,2.0,2.5,2.6,5.0,20.6417,87.375,0.3902,1853.0,23.8,928.0,,,,,success,,success
PH11-00739,2021-01-03,2021,Kerala,Kasaragod,12.4221964,75.1904446,district,flood,1,0.0,0.0,0.0,0.0,0.0,25.3333,63.5,0.326,83.0,9.45,223.0,,,,,success,,success
PH11-00740,2021-01-10,2021,Kerala,Wayanad,11.7151291,76.1271185,district,flood,1,0.0,0.0,0.0,0.2,3.2,21.875,89.7083,0.4683,757.0,7.78,77.0,,,,,success,,success
PH11-00741,2021-04-02,2021,Kerala,Thiruvananthapuram,8.4882267,76.947551,district,flood,1,0.0,0.0,0.0,3.0,8.9,27.2958,85.2917,0.1395,21.0,5.01,43.0,,,,,success,,success
PH11-00742,2021-04-10,2021,Kerala,Kozhikode,11.2450558,75.7754716,district,flood,1,0.4,0.8,1.4,1.4,5.1,27.6208,88.2917,0.2604,13.0,1.98,29.0,,,,,success,,success
PH11-00743,2021-04-11,2021,Kerala,Thiruvananthapuram,8.4882267,76.947551,district,flood,1,0.1,0.6,0.6,2.3,3.9,27.0333,84.625,0.1445,21.0,5.01,43.0,,,,,success,,success
PH11-00744,2021-04-13,2021,Kerala,Ernakulam,9.9837257,76.2740001,district,flood,1,0.1,0.1,0.1,8.9,9.2,27.1333,86.4167,0.3168,4.0,2.82,24.0,,,,,success,,success
PH11-00745,2021-04-18,2021,Kerala,Wayanad,11.7151291,76.1271185,district,flood,1,0.0,0.0,0.0,0.0,1.1,23.8208,85.0,0.42,757.0,7.78,77.0,,,,,success,,success
PH11-00746,2021-04-19,2021,Kerala,Kozhikode,11.2450558,75.7754716,district,flood,1,0.0,0.0,4.2,8.4,21.0,26.3417,90.0417,0.3057,13.0,1.98,29.0,,,,,success,,success
PH11-00747,2021-04-20,2021,Kerala,Wayanad,11.7151291,76.1271185,district,flood,1,0.0,0.6,0.8,1.3,8.0,23.8917,86.5833,0.4323,757.0,7.78,77.0,,,,,success,,success
PH11-00748,2021-04-22,2021,Kerala,Palakkad,10.7873692,76.4742172,district,flood,1,0.0,0.0,0.1,8.7,12.8,27.4917,84.9167,0.4518,83.0,3.15,57.0,,,,,success,,success
PH11-00749,2021-05-12,2021,Kerala,Thiruvananthapuram,8.4882267,76.947551,district,flood,1,0.1,4.9,14.6,18.9,27.9,26.475,91.375,0.2968,21.0,5.01,43.0,,,,,success,,success
PH11-00750,2021-05-18,2021,Kerala,Thiruvananthapuram,8.4882267,76.947551,district,flood,1,0.3,1.3,2.3,2.7,3.6,27.2292,88.4583,0.2825,21.0,5.01,43.0,,,,,success,,success
PH11-00751,2021-05-20,2021,Kerala,Idukki,9.8154785,76.9991599,district,flood,1,0.1,0.4,1.4,4.1,15.1,23.0,94.4583,0.5017,723.0,0.0,409.0,,,,,success,,success
PH11-00752,2021-05-23,2021,Kerala,Thiruvananthapuram,8.4882267,76.947551,district,flood,1,2.6,6.9,9.1,17.2,31.6,25.6958,93.8333,0.3457,21.0,5.01,43.0,,,,,success,,success
PH11-00753,2021-06-05,2021,Kerala,Thiruvananthapuram,8.4882267,76.947551,district,flood,1,0.2,1.7,1.9,2.6,9.3,25.9208,92.4167,0.2925,21.0,5.01,43.0,,,,,success,,success
PH11-00754,2021-06-16,2021,Kerala,Wayanad,11.7151291,76.1271185,district,flood,1,0.9,2.5,4.7,8.8,15.6,21.7042,95.0833,0.5094,757.0,7.78,77.0,,,,,success,,success
PH11-00755,2021-06-21,2021,Kerala,Wayanad,11.7151291,76.1271185,district,flood,1,0.0,0.0,0.0,0.2,4.4,22.0792,87.2083,0.494,757.0,7.78,77.0,,,,,success,,success
PH11-00756,2021-07-14,2021,Kerala,Wayanad,11.7151291,76.1271185,district,flood,1,0.2,1.2,1.9,3.8,19.4,21.2208,97.9167,0.5084,757.0,7.78,77.0,,,,,success,,success
PH11-00757,2021-07-17,2021,Kerala,Wayanad,11.7151291,76.1271185,district,flood,1,1.0,2.8,3.9,5.3,73.7,20.925,98.5417,0.5074,757.0,7.78,77.0,,,,,success,,success
PH11-00758,2021-07-21,2021,Kerala,Wayanad,11.7151291,76.1271185,district,flood,1,0.3,1.2,2.3,3.7,9.5,21.65,91.1667,0.5047,757.0,7.78,77.0,,,,,success,,success
PH11-00759,2021-08-03,2021,Kerala,Idukki,9.8154785,76.9991599,district,flood,1,0.4,1.7,3.9,6.1,12.8,21.1375,95.0417,0.5071,723.0,0.0,409.0,,,,,success,,success
PH11-00760,2021-09-27,2021,Kerala,"Idukki, Thiruvananthapuram",9.8154785,76.9991599,district,flood,1,4.4,10.6,14.7,19.4,26.9,21.9292,95.0833,0.5103,723.0,0.0,409.0,,,,,success,,success
PH11-00761,2021-10-02,2021,Kerala,Thrissur,10.5270099,76.214621,district,flood,1,0.4,4.0,5.6,11.8,14.5,26.1708,88.5833,0.5062,22.0,4.19,39.0,,,,,success,,success
PH11-00762,2021-10-05,2021,Kerala,Thiruvananthapuram,8.4882267,76.947551,district,flood,1,0.3,2.0,3.4,3.5,6.8,25.6375,90.9583,0.2631,21.0,5.01,43.0,,,,,success,,success
PH11-00763,2021-10-09,2021,Kerala,"Alappuzha, Thiruvananthapuram",9.5003416,76.4123364,district,flood,1,2.7,5.3,7.4,12.4,22.7,26.0583,92.5,0.3178,1.0,1.32,35.0,,,,,success,,success
PH11-00764,2021-10-11,2021,Kerala,Kollam,8.8870533,76.5906696,district,flood,1,0.3,2.6,4.8,7.3,10.7,26.0583,88.9583,0.3071,17.0,1.36,31.0,,,,,success,,success
PH11-00765,2021-10-11,2021,Kerala,Malappuram,11.1065685,76.1101742,district,flood,1,0.5,2.0,2.4,9.2,21.2,25.2167,92.5417,0.5071,47.0,9.32,83.0,,,,,success,,success
PH11-00766,2021-10-12,2021,Kerala,"Ernakulam, Kannur, Kottayam, Kozhikode, Palakkad, Pathanamthitta, Thiruvananthap",9.9837257,76.2740001,district,flood,1,3.2,8.2,17.4,28.8,51.9,25.2917,92.375,0.4352,4.0,2.82,24.0,,,,,success,,success
PH11-00767,2021-10-12,2021,Kerala,Ernakulam,9.9837257,76.2740001,district,flood,1,3.2,8.2,17.4,28.8,51.9,25.2917,92.375,0.4352,4.0,2.82,24.0,,,,,success,,success
PH11-00768,2021-10-12,2021,Kerala,Kannur,11.8763836,75.3737973,district,flood,1,0.6,2.0,5.7,11.7,28.0,25.5417,91.5833,0.3372,21.0,1.67,43.0,,,,,success,,success
PH11-00769,2021-10-12,2021,Kerala,Kottayam,9.6287383,76.6455326,district,flood,1,2.2,9.6,19.7,30.3,74.8,23.9667,98.9583,0.5062,40.0,3.14,97.0,,,,,success,,success
PH11-00770,2021-10-12,2021,Kerala,Kozhikode,11.2450558,75.7754716,district,flood,1,1.8,2.8,6.2,9.0,24.3,25.575,92.4583,0.3376,13.0,1.98,29.0,,,,,success,,success
PH11-00771,2021-10-12,2021,Kerala,Palakkad,10.7873692,76.4742172,district,flood,1,1.2,3.3,5.6,13.6,25.4,24.7167,93.0,0.5112,83.0,3.15,57.0,,,,,success,,success
PH11-00772,2021-10-12,2021,Kerala,Pathanamthitta,9.2780841,76.9737443,district,flood,1,2.1,8.1,16.3,27.3,75.0,21.5708,99.9583,0.5111,465.0,9.48,415.0,,,,,success,,success
PH11-00773,2021-10-12,2021,Kerala,Thiruvananthapuram,8.4882267,76.947551,district,flood,1,0.3,2.7,10.1,19.3,43.9,24.6667,96.0,0.357,21.0,5.01,43.0,,,,,success,,success
PH11-00774,2021-10-12,2021,Kerala,Thrissur,10.5270099,76.214621,district,flood,1,1.5,4.8,8.4,15.8,32.7,25.025,93.6667,0.509,22.0,4.19,39.0,,,,,success,,success
PH11-00775,2021-10-16,2021,Kerala,"Alappuzha, Ernakulam, Idukki, Kollam, Kottayam, Palakkad, Thiruvananthapuram",9.5003416,76.4123364,district,flood,1,6.4,10.9,13.5,14.2,16.0,25.8042,91.125,0.2733,1.0,1.32,35.0,,,,,success,,success
PH11-00776,2021-10-16,2021,Kerala,Alappuzha,9.5003416,76.4123364,district,flood,1,6.4,10.9,13.5,14.2,16.0,25.8042,91.125,0.2733,1.0,1.32,35.0,,,,,success,,success
PH11-00777,2021-10-16,2021,Kerala,Ernakulam,9.9837257,76.2740001,district,flood,1,6.7,7.4,8.5,9.1,10.4,26.0375,88.9167,0.4017,4.0,2.82,24.0,,,,,success,,success
PH11-00778,2021-10-16,2021,Kerala,Idukki,9.8154785,76.9991599,district,flood,1,0.3,2.0,2.0,2.1,4.9,22.5042,92.1667,0.5001,723.0,0.0,409.0,,,,,success,,success
PH11-00779,2021-10-16,2021,Kerala,Kollam,8.8870533,76.5906696,district,flood,1,4.1,8.2,21.0,24.2,29.0,26.1583,88.0,0.3,17.0,1.36,31.0,,,,,success,,success
PH11-00780,2021-10-16,2021,Kerala,Kottayam,9.6287383,76.6455326,district,flood,1,5.1,12.5,12.7,13.5,20.8,25.3167,91.7917,0.4965,40.0,3.14,97.0,,,,,success,,success
PH11-00781,2021-10-16,2021,Kerala,Palakkad,10.7873692,76.4742172,district,flood,1,0.4,2.3,2.9,3.0,9.0,26.05,88.3333,0.4986,83.0,3.15,57.0,,,,,success,,success
PH11-00782,2021-10-16,2021,Kerala,Thiruvananthapuram,8.4882267,76.947551,district,flood,1,9.8,11.6,17.0,20.9,23.9,25.9792,89.625,0.2954,21.0,5.01,43.0,,,,,success,,success
PH11-00783,2021-10-17,2021,Kerala,Thrissur,10.5270099,76.214621,district,flood,1,2.1,39.0,69.4,74.2,91.9,25.2208,92.7917,0.5078,22.0,4.19,39.0,,,,,success,,success
PH11-00784,2021-10-18,2021,Kerala,Thiruvananthapuram,8.4882267,76.947551,district,flood,1,0.0,0.0,0.0,0.8,15.5,26.0667,85.125,0.3262,21.0,5.01,43.0,,,,,success,,success
PH11-00785,2021-10-11,2021,Kerala,"Alappuzha, Idukki, Ernakulam, Kannur, Kottayam, Kollam, Kozhikode, Malappuram, P",9.5003416,76.4123364,district,flood,1,3.0,4.1,5.1,10.8,29.7,25.6125,93.6667,0.3397,1.0,1.32,35.0,,,,,success,,success
PH11-00786,2021-10-11,2021,Kerala,Alappuzha,9.5003416,76.4123364,district,flood,1,3.0,4.1,5.1,10.8,29.7,25.6125,93.6667,0.3397,1.0,1.32,35.0,,,,,success,,success
PH11-00787,2021-10-11,2021,Kerala,Kannur,11.8763836,75.3737973,district,flood,1,0.1,1.8,4.2,13.0,16.6,25.3542,92.3333,0.3255,21.0,1.67,43.0,,,,,success,,success
PH11-00788,2021-10-11,2021,Kerala,Thrissur,10.5270099,76.214621,district,flood,1,0.8,2.1,5.3,11.1,23.2,25.2542,93.2917,0.5096,22.0,4.19,39.0,,,,,success,,success
PH11-00789,2021-10-20,2021,Kerala,Malappuram,11.1065685,76.1101742,district,flood,1,0.0,0.0,0.0,2.4,3.0,26.1708,85.9167,0.4714,47.0,9.32,83.0,,,,,success,,success
PH11-00790,2021-10-20,2021,Kerala,Palakkad,10.7873692,76.4742172,district,flood,1,0.1,0.2,0.6,1.1,4.1,26.1042,87.0417,0.486,83.0,3.15,57.0,,,,,success,,success
PH11-00791,2021-10-20,2021,Kerala,Thiruvananthapuram,8.4882267,76.947551,district,flood,1,0.0,0.0,0.0,0.2,2.2,26.1042,88.0417,0.2514,21.0,5.01,43.0,,,,,success,,success
PH11-00792,2021-10-23,2021,Kerala,Kottayam,9.6287383,76.6455326,district,flood,1,3.0,3.2,6.5,6.7,11.2,25.2917,92.2083,0.4969,40.0,3.14,97.0,,,,,success,,success
PH11-00793,2021-10-23,2021,Kerala,Pathanamthitta,9.2780841,76.9737443,district,flood,1,1.2,1.4,2.1,3.7,5.9,23.6083,89.125,0.5022,465.0,9.48,415.0,,,,,success,,success
PH11-00794,2021-11-02,2021,Kerala,Kozhikode,11.2450558,75.7754716,district,flood,1,0.0,0.0,0.0,11.2,14.2,25.5375,90.7917,0.2934,13.0,1.98,29.0,,,,,success,,success
PH11-00795,2021-11-05,2021,Kerala,"Alappuzha, Kottayam",9.5003416,76.4123364,district,flood,1,2.9,5.7,10.4,20.9,35.7,24.5042,94.875,0.3446,1.0,1.32,35.0,,,,,success,,success
PH11-00796,2021-11-13,2021,Kerala,"Alappuzha, Thiruvananthapuram",9.5003416,76.4123364,district,flood,1,0.3,1.0,1.9,4.0,6.1,25.2167,91.8333,0.2819,1.0,1.32,35.0,,,,,success,,success
PH11-00797,2021-11-14,2021,Kerala,Kannur,11.8763836,75.3737973,district,flood,1,7.9,15.7,22.5,31.5,32.4,25.3292,90.0833,0.2768,21.0,1.67,43.0,,,,,success,,success
PH11-00798,2021-11-14,2021,Kerala,Thiruvananthapuram,8.4882267,76.947551,district,flood,1,0.8,2.0,5.2,17.8,54.1,24.3167,95.25,0.3624,21.0,5.01,43.0,,,,,success,,success
PH11-00799,2021-11-14,2021,Kerala,Thrissur,10.5270099,76.214621,district,flood,1,3.0,15.5,20.9,32.9,60.9,24.15,95.5417,0.5065,22.0,4.19,39.0,,,,,success,,success
PH11-00800,2021-11-10,2021,Kerala,"Ernakulam, Kannur, Kollam, Kottayam, Thiruvananthapuram, Thrissur",9.9837257,76.2740001,district,flood,1,0.0,0.2,0.2,1.7,2.1,25.1667,87.5417,0.3967,4.0,2.82,24.0,,,,,success,,success
PH11-00801,2021-11-10,2021,Kerala,Ernakulam,9.9837257,76.2740001,district,flood,1,0.0,0.2,0.2,1.7,2.1,25.1667,87.5417,0.3967,4.0,2.82,24.0,,,,,success,,success
PH11-00802,2021-11-15,2021,Kerala,"Alappuzha, Thiruvananthapuram, Thrissur",9.5003416,76.4123364,district,flood,1,2.8,9.9,26.9,52.7,74.7,24.2458,96.75,0.3665,1.0,1.32,35.0,,,,,success,,success
PH11-00803,2021-11-15,2021,Kerala,Thiruvananthapuram,8.4882267,76.947551,district,flood,1,3.2,7.3,11.3,32.4,44.5,24.7792,93.4167,0.3547,21.0,5.01,43.0,,,,,success,,success
PH11-00804,2021-11-17,2021,Kerala,Thiruvananthapuram,8.4882267,76.947551,district,flood,1,0.0,0.0,0.0,0.3,3.5,25.3,88.1667,0.2971,21.0,5.01,43.0,,,,,success,,success
PH11-00805,2021-11-17,2021,Kerala,Thrissur,10.5270099,76.214621,district,flood,1,0.0,0.4,2.6,4.4,17.0,24.5542,92.6667,0.5019,22.0,4.19,39.0,,,,,success,,success
PH11-00806,2021-11-30,2021,Kerala,Thiruvananthapuram,8.4882267,76.947551,district,flood,1,0.3,0.6,5.2,11.5,26.8,24.6833,94.9167,0.3415,21.0,5.01,43.0,,,,,success,,success
PH11-00807,2021-07-17,2021,Tamil Nadu,Tiruvannamalai,12.4289282,78.99915,district,flood,1,0.0,0.0,0.0,0.0,1.4,26.0333,80.9583,0.3423,266.0,,,107.216,0.0,0.0,0.0,partial,slope/relief unavailable (open-elevation fallback; OpenTopography rate-limited),success
PH11-00808,2021-09-17,2021,Tamil Nadu,Pudukkottai,10.2903072,78.8173617,district,flood,1,0.9,0.9,0.9,1.3,7.6,29.6917,70.2083,0.343,87.0,1.68,25.0,112.988,0.0,0.0,0.0,success,,success
PH11-00809,2021-11-06,2021,Tamil Nadu,Chennai,13.0836939,80.270186,district,flood,1,0.0,0.0,0.3,8.4,26.0,24.9917,89.9167,0.423,10.0,2.82,28.0,261.138,0.0,0.0,0.0,success,,success
PH11-00810,2021-11-06,2021,Tamil Nadu,Kallakurichi,11.7946847,79.0388211,district,flood,1,0.2,0.7,4.6,7.8,18.4,25.2,89.5417,0.4208,119.0,,,83.69,0.0,0.0,0.0,partial,slope/relief unavailable (open-elevation fallback; OpenTopography rate-limited),success
PH11-00811,2021-11-06,2021,Tamil Nadu,Krishnagiri,12.5152075,78.0093769,district,flood,1,0.0,0.0,0.3,5.6,6.5,22.7875,88.125,0.4973,707.0,,,85.71,0.0,0.0,0.0,partial,slope/relief unavailable (open-elevation fallback; OpenTopography rate-limited),success
PH11-00812,2021-11-06,2021,Tamil Nadu,Madurai,9.9261153,78.1140983,district,flood,1,0.0,0.0,0.0,1.3,24.9,25.0667,89.0833,0.412,138.0,2.65,23.0,46.961,0.0,0.0,0.0,success,,success
PH11-00813,2021-11-06,2021,Tamil Nadu,Thanjavur,10.659037,79.2014278,district,flood,1,0.1,2.4,3.9,9.1,13.0,25.2708,89.2917,0.4171,37.0,1.32,20.0,158.552,0.0,0.0,0.0,success,,success
PH11-00814,2021-11-06,2021,Tamil Nadu,Theni,9.8692558,77.4222974,district,flood,1,0.0,0.0,0.3,0.5,23.7,24.4,86.8333,0.3925,386.0,,,15.487,0.0,0.0,57.0,partial,slope/relief unavailable (open-elevation fallback; OpenTopography rate-limited),success
PH11-00815,2021-11-06,2021,Tamil Nadu,Tiruvannamalai,12.4289282,78.99915,district,flood,1,0.0,0.0,0.0,13.5,30.3,23.6083,90.6667,0.4203,266.0,,,107.216,0.0,0.0,0.0,partial,slope/relief unavailable (open-elevation fallback; OpenTopography rate-limited),success
PH11-00816,2021-11-06,2021,Tamil Nadu,Vellore,12.9021849,79.061104,district,flood,1,0.0,0.0,0.1,13.0,29.6,23.6917,91.875,0.4199,233.0,0.73,17.0,151.536,0.0,0.0,0.0,success,,success
PH11-00817,2021-11-06,2021,Tamil Nadu,Viluppuram,12.1166967,79.5989236,district,flood,1,0.0,0.0,0.0,9.1,16.3,25.2833,88.9167,0.4199,51.0,2.61,34.0,149.335,0.0,0.0,0.0,success,,success
PH11-00818,2021-11-07,2021,Tamil Nadu,Chennai,13.0836939,80.270186,district,flood,1,2.1,11.5,23.8,34.5,37.6,25.3667,89.1667,0.4212,10.0,2.82,28.0,261.138,0.0,0.0,0.0,success,,success
PH11-00819,2021-11-10,2021,Tamil Nadu,Thanjavur,10.659037,79.2014278,district,flood,1,0.0,0.7,3.1,17.4,40.0,23.275,91.5833,0.4317,37.0,1.32,20.0,158.552,0.0,0.0,0.0,success,,success
PH11-00820,2021-11-18,2021,Tamil Nadu,Vellore,12.9021849,79.061104,district,flood,1,5.7,15.4,24.5,32.1,38.8,24.1292,90.5833,0.4226,233.0,0.73,17.0,151.536,0.0,0.0,0.0,success,,success
PH11-00821,2021-11-19,2021,Tamil Nadu,Viluppuram,12.1166967,79.5989236,district,flood,1,1.3,3.8,6.5,20.9,77.7,23.825,93.1667,0.4292,51.0,2.61,34.0,149.335,0.0,0.0,0.0,success,,success
PH11-00822,2021-11-19,2021,Tamil Nadu,"Krishnagiri, Tiruvannamalai",12.5152075,78.0093769,district,flood,1,0.1,2.5,13.4,47.0,112.1,21.6167,91.7917,0.5107,707.0,,,85.71,0.0,0.0,0.0,partial,slope/relief unavailable (open-elevation fallback; OpenTopography rate-limited),success
PH11-00823,2021-11-19,2021,Tamil Nadu,"Krishnagiri, Tiruvannamalai",12.5152075,78.0093769,district,flood,1,0.1,2.5,13.4,47.0,112.1,21.6167,91.7917,0.5107,707.0,,,85.71,0.0,0.0,0.0,partial,slope/relief unavailable (open-elevation fallback; OpenTopography rate-limited),success
PH11-00824,2021-11-21,2021,Tamil Nadu,Kallakurichi,11.7946847,79.0388211,district,flood,1,0.0,0.0,0.0,0.4,14.8,25.5708,90.25,0.4196,119.0,,,83.69,0.0,0.0,0.0,partial,slope/relief unavailable (open-elevation fallback; OpenTopography rate-limited),success
PH11-00825,2021-12-30,2021,Tamil Nadu,Chennai,13.0836939,80.270186,district,flood,1,0.2,0.3,0.3,0.3,0.9,25.5667,77.875,0.2503,10.0,2.82,28.0,261.138,0.0,0.0,0.0,success,,success
PH11-00826,2021-02-07,2021,Uttarakhand,Chamoli,30.4985956,79.6190537,district,flood,1,0.0,0.0,0.0,0.0,0.0,2.9583,34.6667,0.3132,1853.0,23.8,928.0,,,,,success,,success
PH11-00827,2021-05-29,2021,Uttarakhand,Uttar Kashi Kashi,30.0417376,79.089691,district,flood,1,0.0,0.0,0.0,0.8,2.3,17.6375,86.625,0.386,2041.0,30.37,706.0,,,,,success,,success
PH11-00828,2021-07-11,2021,Uttarakhand,Bageshwar,30.0087902,79.9280183,district,flood,1,4.0,5.3,5.6,5.7,10.7,20.9,87.5417,0.504,1819.0,,,,,,,partial,slope/relief unavailable (open-elevation fallback; OpenTopography rate-limited),success
PH11-00829,2021-07-11,2021,Uttarakhand,Chamoli,30.4985956,79.6190537,district,flood,1,0.2,0.5,0.6,0.7,1.3,21.2917,81.5,0.3157,1853.0,23.8,928.0,,,,,success,,success
PH11-00830,2021-07-19,2021,Uttarakhand,Uttar Kashi Kashi,30.0417376,79.089691,district,flood,1,0.4,3.0,6.2,25.8,53.7,18.9333,98.25,0.5136,2041.0,30.37,706.0,,,,,success,,success
PH11-00831,2021-08-29,2021,Uttarakhand,Pithoragarh,29.585871,80.215167,district,flood,1,0.0,0.3,1.1,1.2,11.0,19.0958,93.7917,0.5014,1612.0,,,,,,,partial,slope/relief unavailable (open-elevation fallback; OpenTopography rate-limited),success
PH11-00832,2021-10-16,2021,Uttarakhand,"Almora, Bageshwar, Chamoli, Champawat, Nainital, Garhwal, Pithoragarh, Udam Sing",29.702651,79.4326318,district,flood,1,0.0,0.0,0.0,0.0,0.0,22.5625,63.75,0.296,1142.0,16.65,255.0,,,,,success,,success
PH11-00833,2022-03-23,2022,Kerala,Palakkad,10.7873692,76.4742172,district,flood,1,0.3,0.6,0.7,0.7,1.5,29.4333,70.1667,0.2955,83.0,3.15,57.0,,,,,success,,success
PH11-00834,2022-03-24,2022,Kerala,Kannur,11.8763836,75.3737973,district,flood,1,0.0,0.5,2.6,3.3,5.0,27.5792,81.875,0.1058,21.0,1.67,43.0,,,,,success,,success
PH11-00835,2022-03-24,2022,Kerala,Kasaragod,12.4221964,75.1904446,district,flood,1,0.0,0.0,0.0,16.1,19.5,26.6458,84.0,0.4121,83.0,9.45,223.0,,,,,success,,success
PH11-00836,2022-03-27,2022,Kerala,Kottayam,9.6287383,76.6455326,district,flood,1,0.0,0.0,0.0,0.8,1.4,27.5583,80.9167,0.4001,40.0,3.14,97.0,,,,,success,,success
PH11-00837,2022-05-17,2022,Kerala,Thrissur,10.5270099,76.214621,district,flood,1,4.7,20.7,118.5,144.2,175.4,24.5958,96.3333,0.5121,22.0,4.19,39.0,,,,,success,,success
PH11-00838,2022-05-18,2022,Kerala,Ernakulam,9.9837257,76.2740001,district,flood,1,8.4,15.9,18.3,27.5,132.2,25.1958,94.3333,0.4357,4.0,2.82,24.0,,,,,success,,success
PH11-00839,2022-05-18,2022,Kerala,Kozhikode,11.2450558,75.7754716,district,flood,1,0.4,1.6,4.5,12.7,30.6,25.0417,94.125,0.3496,13.0,1.98,29.0,,,,,success,,success
PH11-00840,2022-05-20,2022,Kerala,Idukki,9.8154785,76.9991599,district,flood,1,0.5,1.1,2.6,10.4,24.8,21.1667,98.8333,0.5113,723.0,0.0,409.0,,,,,success,,success
PH11-00841,2022-05-20,2022,Kerala,Thrissur,10.5270099,76.214621,district,flood,1,3.5,9.0,24.5,27.1,71.8,24.4042,94.0833,0.5114,22.0,4.19,39.0,,,,,success,,success
PH11-00842,2022-06-16,2022,Kerala,Wayanad,11.7151291,76.1271185,district,flood,1,0.0,0.0,0.0,1.5,14.6,22.5417,91.5833,0.4735,757.0,7.78,77.0,,,,,success,,success
PH11-00843,2022-07-01,2022,Kerala,Kannur,11.8763836,75.3737973,district,flood,1,4.4,5.6,9.8,17.2,37.5,24.4292,92.0,0.3499,21.0,1.67,43.0,,,,,success,,success
PH11-00844,2022-07-02,2022,Kerala,Kannur,11.8763836,75.3737973,district,flood,1,0.2,0.7,3.4,4.2,17.0,25.2583,89.875,0.3358,21.0,1.67,43.0,,,,,success,,success
PH11-00845,2022-07-04,2022,Kerala,Idukki,9.8154785,76.9991599,district,flood,1,0.2,3.0,10.3,29.0,43.2,20.775,98.9583,0.5115,723.0,0.0,409.0,,,,,success,,success
PH11-00846,2022-07-05,2022,Kerala,Idukki,9.8154785,76.9991599,district,flood,1,0.9,4.3,11.9,24.0,30.0,20.7708,95.0833,0.5051,723.0,0.0,409.0,,,,,success,,success
PH11-00847,2022-07-07,2022,Kerala,Kannur,11.8763836,75.3737973,district,flood,1,0.3,2.3,6.9,12.5,32.0,24.2667,93.1667,0.3526,21.0,1.67,43.0,,,,,success,,success
PH11-00848,2022-07-10,2022,Kerala,Ernakulam,9.9837257,76.2740001,district,flood,1,0.3,0.5,1.5,4.2,16.4,25.0625,89.1667,0.4306,4.0,2.82,24.0,,,,,success,,success
PH11-00849,2022-07-15,2022,Kerala,Idukki,9.8154785,76.9991599,district,flood,1,1.0,6.1,8.3,16.2,49.3,20.0,99.0833,0.5095,723.0,0.0,409.0,,,,,success,,success
PH11-00850,2022-07-16,2022,Kerala,"Kasaragod, Wayanad, Kozhikode, Malappuram, Palakkad, Thrissur, Idukki, Ernakulam",12.4221964,75.1904446,district,flood,1,0.5,4.0,9.7,19.7,45.7,23.0917,97.125,0.507,83.0,9.45,223.0,,,,,success,,success
PH11-00851,2022-07-16,2022,Kerala,Palakkad,10.7873692,76.4742172,district,flood,1,0.3,0.7,2.2,3.7,27.1,23.9792,92.875,0.5109,83.0,3.15,57.0,,,,,success,,success
PH11-00852,2022-07-16,2022,Kerala,Thrissur,10.5270099,76.214621,district,flood,1,0.3,1.0,3.6,4.4,34.0,24.9417,91.1667,0.5049,22.0,4.19,39.0,,,,,success,,success
PH11-00853,2022-07-19,2022,Kerala,Malappuram,11.1065685,76.1101742,district,flood,1,2.1,3.0,3.1,3.5,18.6,25.4208,86.6667,0.4976,47.0,9.32,83.0,,,,,success,,success
PH11-00854,2022-07-20,2022,Kerala,Malappuram,11.1065685,76.1101742,district,flood,1,0.0,0.0,0.0,0.2,1.2,25.6375,86.5833,0.4905,47.0,9.32,83.0,,,,,success,,success
PH11-00855,2022-07-28,2022,Kerala,Ernakulam,9.9837257,76.2740001,district,flood,1,0.2,0.7,3.0,3.2,4.6,25.7458,89.4583,0.4006,4.0,2.82,24.0,,,,,success,,success
PH11-00856,2022-08-01,2022,Kerala,Kollam,8.8870533,76.5906696,district,flood,1,4.3,7.2,14.9,31.9,41.0,25.35,90.9583,0.2869,17.0,1.36,31.0,,,,,success,,success
PH11-00857,2022-08-01,2022,Kerala,Kottayam,9.6287383,76.6455326,district,flood,1,0.9,5.2,12.9,21.6,29.1,25.4333,92.0,0.5019,40.0,3.14,97.0,,,,,success,,success
PH11-00858,2022-08-01,2022,Kerala,Malappuram,11.1065685,76.1101742,district,flood,1,3.3,8.4,15.1,23.9,44.7,25.9833,88.9583,0.5018,47.0,9.32,83.0,,,,,success,,success
PH11-00859,2022-08-01,2022,Kerala,Pathanamthitta,9.2780841,76.9737443,district,flood,1,0.6,7.2,21.6,43.0,54.9,22.9417,92.8333,0.5014,465.0,9.48,415.0,,,,,success,,success
PH11-00860,2022-08-01,2022,Kerala,Thiruvananthapuram,8.4882267,76.947551,district,flood,1,0.4,3.7,8.4,32.5,34.6,25.0542,91.625,0.2756,21.0,5.01,43.0,,,,,success,,success
PH11-00861,2022-08-01,2022,Kerala,Kottayam,9.6287383,76.6455326,district,flood,1,0.9,5.2,12.9,21.6,29.1,25.4333,92.0,0.5019,40.0,3.14,97.0,,,,,success,,success
PH11-00862,2022-08-01,2022,Kerala,Kannur,11.8763836,75.3737973,district,flood,1,4.0,11.5,22.0,24.7,37.1,26.4542,88.0833,0.3068,21.0,1.67,43.0,,,,,success,,success
PH11-00863,2022-08-02,2022,Kerala,Alappuzha,9.5003416,76.4123364,district,flood,1,3.6,7.9,15.4,53.1,88.4,24.4208,95.5,0.37,1.0,1.32,35.0,,,,,success,,success
PH11-00864,2022-08-02,2022,Kerala,Ernakulam,9.9837257,76.2740001,district,flood,1,1.3,6.1,18.8,59.2,83.0,24.9917,91.1667,0.4336,4.0,2.82,24.0,,,,,success,,success
PH11-00866,2022-08-02,2022,Kerala,Kannur,11.8763836,75.3737973,district,flood,1,3.4,10.5,18.1,26.9,41.8,25.4333,90.2083,0.35,21.0,1.67,43.0,,,,,success,,success
PH11-00867,2022-08-02,2022,Kerala,Kollam,8.8870533,76.5906696,district,flood,1,0.1,1.5,7.4,12.4,86.1,24.4,92.8333,0.3615,17.0,1.36,31.0,,,,,success,,success
PH11-00868,2022-08-02,2022,Kerala,Kottayam,9.6287383,76.6455326,district,flood,1,1.6,5.5,12.9,63.8,98.4,23.8833,97.6667,0.5108,40.0,3.14,97.0,,,,,success,,success
PH11-00869,2022-08-02,2022,Kerala,Malappuram,11.1065685,76.1101742,district,flood,1,7.1,18.4,29.0,42.7,59.9,24.8542,91.7083,0.5102,47.0,9.32,83.0,,,,,success,,success
PH11-00870,2022-08-02,2022,Kerala,Pathanamthitta,9.2780841,76.9737443,district,flood,1,1.6,6.3,14.0,21.1,55.5,21.6208,99.25,0.5137,465.0,9.48,415.0,,,,,success,,success
PH11-00871,2022-08-02,2022,Kerala,Thiruvananthapuram,8.4882267,76.947551,district,flood,1,0.1,0.3,4.6,6.9,42.1,24.2875,93.4583,0.3182,21.0,5.01,43.0,,,,,success,,success
PH11-00872,2022-08-02,2022,Kerala,Thrissur,10.5270099,76.214621,district,flood,1,2.2,11.6,17.0,38.3,60.6,24.3833,93.2917,0.5095,22.0,4.19,39.0,,,,,success,,success
PH11-00873,2022-08-02,2022,Kerala,Wayanad,11.7151291,76.1271185,district,flood,1,3.8,6.8,14.1,22.9,40.3,21.8,94.5833,0.5072,757.0,7.78,77.0,,,,,success,,success
PH11-00874,2022-08-29,2022,Kerala,Idukki,9.8154785,76.9991599,district,flood,1,0.2,0.4,0.8,4.2,11.3,21.3833,94.0417,0.5013,723.0,0.0,409.0,,,,,success,,success
PH11-00875,2022-09-04,2022,Kerala,Thiruvananthapuram,8.4882267,76.947551,district,flood,1,0.0,0.5,2.2,2.4,5.5,25.2792,89.4167,0.2818,21.0,5.01,43.0,,,,,success,,success
PH11-00876,2022-10-21,2022,Tamil Nadu,Erode,11.4905282,77.3505274,district,flood,1,0.0,0.0,1.8,6.9,8.3,24.8125,87.625,0.3661,213.0,,,31.924,0.0,0.0,0.0,partial,slope/relief unavailable (open-elevation fallback; OpenTopography rate-limited),success
PH11-00877,2022-11-01,2022,Tamil Nadu,Chennai,13.0836939,80.270186,district,flood,1,2.2,7.6,14.7,25.6,50.0,24.6042,92.2083,0.4092,10.0,2.82,28.0,261.138,0.0,0.0,0.0,success,,success
PH11-00878,2022-11-01,2022,Tamil Nadu,Ranipet,12.9186243,79.4081921,district,flood,1,3.0,9.0,9.3,12.4,16.0,24.1333,85.5,0.3458,165.0,,,176.981,0.0,0.0,0.0,partial,slope/relief unavailable (open-elevation fallback; OpenTopography rate-limited),success
PH11-00879,2022-11-01,2022,Tamil Nadu,Tiruvannamalai,12.4289282,78.99915,district,flood,1,1.1,3.5,3.5,3.6,7.9,23.2792,84.7917,0.288,266.0,,,107.216,0.0,0.0,0.0,partial,slope/relief unavailable (open-elevation fallback; OpenTopography rate-limited),success
PH11-00880,2022-07-19,2022,Uttarakhand,Rudra Prayag,30.0417376,79.089691,district,flood,1,0.0,1.1,2.3,2.7,4.9,19.8292,88.5417,0.4768,2041.0,30.37,706.0,,,,,success,,success
PH11-00881,2022-08-19,2022,Uttarakhand,"Dehradun,",30.3255646,78.0436813,district,flood,1,0.4,1.1,2.2,2.4,3.4,26.3875,83.5833,0.3722,672.0,3.84,53.0,,,,,success,,success
PH11-00882,2022-08-19,2022,Uttarakhand,Garhwal,30.25,79.333333,district,flood,1,0.2,0.2,0.2,0.8,1.7,17.9,81.8333,0.4662,2253.0,26.1,621.0,,,,,success,,success
PH11-00883,2022-08-19,2022,Uttarakhand,Tehri Garhwal,30.4658181,78.4837349,district,flood,1,0.1,0.3,0.4,0.7,1.5,21.5917,83.875,0.4392,1703.0,41.77,869.0,,,,,success,,success
PH11-00884,2022-08-28,2022,Uttarakhand,Dehradun,30.3255646,78.0436813,district,flood,1,0.1,0.1,0.1,0.9,1.9,26.2333,86.4167,0.3542,672.0,3.84,53.0,,,,,success,,success
PH11-00885,2022-09-22,2022,Uttarakhand,"Dehradun,",30.3255646,78.0436813,district,flood,1,0.0,0.1,0.3,0.7,13.2,25.925,75.8333,0.396,672.0,3.84,53.0,,,,,success,,success
PH11-00886,2022-09-22,2022,Uttarakhand,Uttar Kashi Kashi,30.0417376,79.089691,district,flood,1,0.0,0.0,0.0,0.0,10.1,18.0,83.25,0.4771,2041.0,30.37,706.0,,,,,success,,success
PH11-00887,2023-07-03,2023,Kerala,Alappuzha,9.5003416,76.4123364,district,flood,1,6.0,7.3,13.7,34.8,41.0,25.125,93.2917,0.314,1.0,1.32,35.0,,,,,success,,success
PH11-00888,2023-07-03,2023,Kerala,Kannur,11.8763836,75.3737973,district,flood,1,5.1,5.3,6.7,24.8,33.3,25.8042,88.75,0.3215,21.0,1.67,43.0,,,,,success,,success
PH11-00889,2023-07-03,2023,Kerala,Kottayam,9.6287383,76.6455326,district,flood,1,0.7,1.1,5.7,24.3,27.0,24.6792,93.1667,0.5014,40.0,3.14,97.0,,,,,success,,success
PH11-00890,2023-07-03,2023,Kerala,Kozhikode,11.2450558,75.7754716,district,flood,1,3.0,3.0,3.2,15.3,18.3,26.2208,87.875,0.3083,13.0,1.98,29.0,,,,,success,,success
PH11-00891,2023-07-03,2023,Kerala,Pathanamthitta,9.2780841,76.9737443,district,flood,1,0.3,0.4,1.6,7.0,14.7,22.6417,95.25,0.4952,465.0,9.48,415.0,,,,,success,,success
PH11-00893,2023-07-10,2023,Kerala,Malappuram,11.1065685,76.1101742,district,flood,1,0.0,0.0,0.0,0.0,0.5,26.3083,85.125,0.4773,47.0,9.32,83.0,,,,,success,,success
PH11-00894,2023-07-23,2023,Kerala,Thrissur,10.5270099,76.214621,district,flood,1,0.1,0.3,3.7,14.3,20.0,25.2542,89.2917,0.5075,22.0,4.19,39.0,,,,,success,,success
PH11-00895,2023-07-23,2023,Kerala,Wayanad,11.7151291,76.1271185,district,flood,1,0.5,1.3,4.2,14.7,31.2,21.1917,95.5833,0.5117,757.0,7.78,77.0,,,,,success,,success
PH11-00896,2023-06-25,2023,Uttarakhand,Rudra Prayag,30.0417376,79.089691,district,flood,1,0.6,2.5,2.6,3.1,9.0,19.5792,90.625,0.5034,2041.0,30.37,706.0,,,,,success,,success
PH11-00897,2023-06-25,2023,Uttarakhand,Uttar Kashi Kashi,30.0417376,79.089691,district,flood,1,0.6,2.5,2.6,3.1,9.0,19.5792,90.625,0.5034,2041.0,30.37,706.0,,,,,success,,success
PH11-00898,2023-07-09,2023,Uttarakhand,Dehradun,30.3255646,78.0436813,district,flood,1,1.8,4.0,8.4,17.4,32.5,25.0958,89.9167,0.4274,672.0,3.84,53.0,,,,,success,,success
PH11-00899,2023-07-09,2023,Uttarakhand,Udam Singh Nagar,30.0417376,79.089691,district,flood,1,0.9,5.9,10.7,15.3,27.3,18.4833,92.625,0.5044,2041.0,30.37,706.0,,,,,success,,success
PH11-00900,2023-07-10,2023,Uttarakhand,Uttar Kashi Kashi,30.0417376,79.089691,district,flood,1,0.2,0.2,0.2,0.3,15.5,18.2292,93.375,0.5013,2041.0,30.37,706.0,,,,,success,,success
PH11-00901,2023-07-11,2023,Uttarakhand,Pithoragarh,29.585871,80.215167,district,flood,1,0.0,0.0,0.1,8.2,10.6,21.4833,87.375,0.4964,1612.0,,,,,,,partial,slope/relief unavailable (open-elevation fallback; OpenTopography rate-limited),success
PH11-00902,2023-07-11,2023,Uttarakhand,Rudra Prayag,30.0417376,79.089691,district,flood,1,0.4,1.0,1.1,5.3,12.7,19.5417,86.75,0.4923,2041.0,30.37,706.0,,,,,success,,success
PH11-00903,2023-07-16,2023,Uttarakhand,Chamoli,30.4985956,79.6190537,district,flood,1,0.2,5.1,10.7,11.9,16.6,20.85,88.875,0.3976,1853.0,23.8,928.0,,,,,success,,success
PH11-00904,2023-07-16,2023,Uttarakhand,Rudra Prayag,30.0417376,79.089691,district,flood,1,0.1,5.7,14.8,17.1,32.0,18.8958,92.9583,0.5024,2041.0,30.37,706.0,,,,,success,,success
PH11-00905,2023-07-17,2023,Uttarakhand,Rudra Prayag,30.0417376,79.089691,district,flood,1,0.0,0.0,0.1,0.5,6.2,19.1208,89.0833,0.4932,2041.0,30.37,706.0,,,,,success,,success
PH11-00906,2023-08-04,2023,Uttarakhand,Rudra Prayag,30.0417376,79.089691,district,flood,1,0.0,0.0,0.2,1.7,11.9,19.1,90.0,0.4972,2041.0,30.37,706.0,,,,,success,,success
PH11-00907,2023-08-06,2023,Uttarakhand,Tehri Garhwal,30.4658181,78.4837349,district,flood,1,0.0,0.0,0.0,1.1,5.0,21.525,84.4167,0.4777,1703.0,41.77,869.0,,,,,success,,success
PH11-00908,2023-08-07,2023,Uttarakhand,Rudra Prayag,30.0417376,79.089691,district,flood,1,0.1,0.6,2.3,3.3,11.1,19.1208,92.5833,0.5017,2041.0,30.37,706.0,,,,,success,,success
PH11-00909,2023-08-09,2023,Uttarakhand,Rudra Prayag,30.0417376,79.089691,district,flood,1,0.0,0.0,0.8,2.8,5.9,19.0667,90.9583,0.5007,2041.0,30.37,706.0,,,,,success,,success
PH11-00910,2023-08-10,2023,Uttarakhand,Garhwal,30.25,79.333333,district,flood,1,0.1,0.2,0.2,0.8,9.1,17.3375,91.5,0.5016,2253.0,26.1,621.0,,,,,success,,success
PH11-00911,2023-08-10,2023,Uttarakhand,Rudra Prayag,30.0417376,79.089691,district,flood,1,0.0,0.0,0.6,2.6,5.2,18.8792,93.1667,0.5011,2041.0,30.37,706.0,,,,,success,,success
PH11-00912,2023-08-14,2023,Uttarakhand,Dehradun,30.3255646,78.0436813,district,flood,1,5.5,13.1,17.6,26.5,53.8,24.9625,94.4167,0.4327,672.0,3.84,53.0,,,,,success,,success
PH11-00913,2023-08-14,2023,Uttarakhand,Tehri Garhwal,30.4658181,78.4837349,district,flood,1,0.9,1.3,4.0,19.0,27.4,20.7583,93.5833,0.5067,1703.0,41.77,869.0,,,,,success,,success
PH11-00914,2023-08-15,2023,Uttarakhand,Chamoli,30.4985956,79.6190537,district,flood,1,0.1,0.3,1.9,3.0,13.8,19.5125,92.625,0.4185,1853.0,23.8,928.0,,,,,success,,success
PH11-00915,2023-08-21,2023,Uttarakhand,Tehri Garhwal,30.4658181,78.4837349,district,flood,1,0.5,1.2,1.4,2.8,3.4,22.1833,83.8333,0.4467,1703.0,41.77,869.0,,,,,success,,success
PH11-00916,2023-08-23,2023,Uttarakhand,Garhwal,30.25,79.333333,district,flood,1,0.9,2.5,2.9,3.3,7.2,18.3583,91.125,0.4924,2253.0,26.1,621.0,,,,,success,,success
PH11-00917,2023-08-26,2023,Uttarakhand,Chamoli,30.4985956,79.6190537,district,flood,1,0.0,0.1,0.9,1.3,1.7,20.2667,82.9167,0.3683,1853.0,23.8,928.0,,,,,success,,success
NEG-00001,1999-07-01,1999,Kerala,"Kasaragod, Wayanad, Kozhikode, Malappuram, Palakkad, Thrissur, Idukki, Ernakulam",12.4221964,75.1904446,district,non_flood,0,0.0,0.0,0.0,1.8,3.2,25.2625,87.7917,0.4872,83.0,9.45,223.0,,,,,success,,success
NEG-00002,1984-07-15,1984,Kerala,"Beedar, Kalaburagi, Belagavi, Yadgir, Bagalkotee, Raichur, Koppal, Gadag, Ballar",10.3528744,76.5120396,district,non_flood,0,0.6,2.4,4.7,7.7,45.6,22.8083,98.625,0.4748,144.0,22.21,330.0,,,,,success,,success
NEG-00003,2015-10-15,2015,Tamil Nadu,Chennai,13.0836939,80.270186,district,non_flood,0,0.0,0.0,0.0,0.0,0.0,27.7667,78.0,0.2624,10.0,2.82,28.0,261.138,0.0,0.0,0.0,success,,success
NEG-00006,2014-11-21,2014,Tamil Nadu,Chennai,13.0836939,80.270186,district,non_flood,0,0.0,0.0,0.0,0.0,0.0,25.825,75.375,0.3136,10.0,2.82,28.0,261.138,0.0,0.0,0.0,success,,success
NEG-00007,1994-05-08,1994,Kerala,Thrissur,10.5270099,76.214621,district,non_flood,0,0.0,0.0,0.0,4.8,16.0,26.1208,87.25,0.4379,22.0,4.19,39.0,,,,,success,,success
NEG-00008,1990-06-01,1990,Kerala,"Amroha, Hapur, Bareilly, Pilibhit, Bulandshahr, Gautam Buddha Nagar, Kheri, Buda",10.3528744,76.5120396,district,non_flood,0,1.7,3.2,4.9,6.6,10.4,24.775,93.0833,0.5005,144.0,22.21,330.0,,,,,success,,success
NEG-00011,2013-07-22,2013,Kerala,"Kasaragod, Wayanad, Kozhikode, Malappuram, Palakkad, Thrissur, Idukki, Ernakulam",12.4221964,75.1904446,district,non_flood,0,2.1,5.5,8.2,15.2,42.4,23.7458,95.7917,0.4751,83.0,9.45,223.0,,,,,success,,success
NEG-00012,2014-06-15,2014,Kerala,"Kasaragod, Wayanad, Kozhikode, Malappuram, Palakkad, Thrissur, Idukki, Ernakulam",12.4221964,75.1904446,district,non_flood,0,0.7,1.7,2.7,3.1,10.3,25.575,90.0417,0.4778,83.0,9.45,223.0,,,,,success,,success
NEG-00013,1989-11-01,1989,Kerala,"Thiruvananthapuram, Kollam, Alappuzha, Kottayam, Thrissur",8.4882267,76.947551,district,non_flood,0,0.0,0.0,0.1,13.8,24.2,24.8417,88.6667,0.3262,21.0,5.01,43.0,,,,,success,,success
NEG-00014,1983-11-21,1983,Tamil Nadu,"Thanjavur, Chennai, Chengalpattu",10.659037,79.2014278,district,non_flood,0,0.0,0.0,0.0,0.0,0.2,26.7042,70.75,0.2527,37.0,1.32,20.0,158.552,0.0,0.0,0.0,success,,success
NEG-00015,1977-07-22,1977,Kerala,"Thiruvananthapuram, Kottayam, Ernakulam, Kozhikode,Thrissur",8.4882267,76.947551,district,non_flood,0,0.2,0.8,1.6,3.2,8.2,24.5083,91.0417,0.2926,21.0,5.01,43.0,,,,,success,,success
NEG-00017,1992-10-08,1992,Tamil Nadu,"Chennai, The Nilgiris, Coimbatore",13.0836939,80.270186,district,non_flood,0,3.6,9.3,17.9,27.9,31.7,26.5333,86.0,0.3438,10.0,2.82,28.0,261.138,0.0,0.0,0.0,success,,success
NEG-00018,2009-11-15,2009,Tamil Nadu,Coimbatore,11.0018115,76.9628425,district,non_flood,0,1.1,4.7,9.6,12.0,22.3,22.6792,91.4583,0.4192,419.0,2.68,34.0,30.026,0.0,0.0,0.0,success,,success
NEG-00019,2003-11-01,2003,Kerala,"Thiruvananthapuram, Kollam, Alappuzha, Thrissur, Kannur,Malappuram",8.4882267,76.947551,district,non_flood,0,0.0,0.0,0.6,5.0,10.6,25.0292,86.9167,0.2912,21.0,5.01,43.0,,,,,success,,success
NEG-00020,2019-04-01,2019,Tamil Nadu,The Nilgiris,11.4,76.7,district,non_flood,0,0.0,0.0,0.0,0.0,0.0,17.5333,51.7917,0.1471,2232.0,11.52,253.0,0.892,52.0,168.0,671.0,success,,success
NEG-00021,2015-11-01,2015,Tamil Nadu,"Coimbatore, Erode, Salem,Thanjavur, The Nilgiris",11.0018115,76.9628425,district,non_flood,0,1.1,3.7,7.7,13.5,19.8,24.5917,83.6667,0.3515,419.0,2.68,34.0,30.026,0.0,0.0,0.0,success,,success
NEG-00022,1988-11-22,1988,Tamil Nadu,The Nilgiris,11.4,76.7,district,non_flood,0,0.0,0.0,0.0,0.0,0.0,14.0833,72.6667,0.3788,2232.0,11.52,253.0,0.892,52.0,168.0,671.0,success,,success
NEG-00023,2014-12-22,2014,Tamil Nadu,"Chennai, Ramanathapuram",13.0836939,80.270186,district,non_flood,0,0.0,0.0,0.0,0.0,0.0,24.525,69.125,0.2938,10.0,2.82,28.0,261.138,0.0,0.0,0.0,success,,success
NEG-00024,1998-06-10,1998,Kerala,Alappuzha,9.5003416,76.4123364,district,non_flood,0,0.8,1.4,2.0,4.0,11.7,26.8542,89.7917,0.3419,1.0,1.32,35.0,,,,,success,,success
NEG-00025,2015-06-14,2015,Kerala,Ernakulam,9.9837257,76.2740001,district,non_flood,0,0.0,0.2,1.2,2.0,5.7,26.2417,87.2917,0.4219,4.0,2.82,24.0,,,,,success,,success
NEG-00026,1971-07-02,1971,Kerala,Kannur,11.8763836,75.3737973,district,non_flood,0,0.3,0.8,2.3,4.8,13.6,24.8708,87.9583,0.3175,21.0,1.67,43.0,,,,,success,,success
NEG-00027,2006-07-29,2006,Kerala,Kozhikode,11.2450558,75.7754716,district,non_flood,0,0.3,0.7,1.4,3.1,8.6,24.775,89.2083,0.2976,13.0,1.98,29.0,,,,,success,,success
NEG-00028,2017-08-01,2017,Kerala,"Kannur,Kozhikode",11.8763836,75.3737973,district,non_flood,0,0.0,0.1,0.1,0.2,4.3,26.4625,86.0,0.2693,21.0,1.67,43.0,,,,,success,,success
NEG-00029,2016-08-06,2016,Kerala,Kannur,11.8763836,75.3737973,district,non_flood,0,0.0,0.5,1.6,5.3,11.1,25.3833,90.0417,0.3213,21.0,1.67,43.0,,,,,success,,success
NEG-00030,1976-11-15,1976,Kerala,Palakkad,10.7873692,76.4742172,district,non_flood,0,0.0,0.0,0.0,1.4,2.0,25.4042,83.9583,0.4464,83.0,3.15,57.0,,,,,success,,success
NEG-00031,1997-11-17,1997,Tamil Nadu,Coimbatore,11.0018115,76.9628425,district,non_flood,0,0.0,0.0,0.0,1.2,1.4,23.9083,82.9583,0.3265,419.0,2.68,34.0,30.026,0.0,0.0,0.0,success,,success
NEG-00032,2003-05-12,2003,Tamil Nadu,Chennai,13.0836939,80.270186,district,non_flood,0,0.0,0.0,0.0,0.0,0.0,29.15,75.75,0.126,10.0,2.82,28.0,261.138,0.0,0.0,0.0,success,,success
NEG-00033,2004-11-13,2004,Tamil Nadu,Madurai,9.9261153,78.1140983,district,non_flood,0,0.0,0.0,0.0,0.5,8.2,23.4667,93.625,0.4205,138.0,2.65,23.0,46.961,0.0,0.0,0.0,success,,success
NEG-00034,2001-11-22,2001,Tamil Nadu,Pudukkottai,10.2903072,78.8173617,district,non_flood,0,1.0,3.4,5.3,6.0,14.6,24.55,86.8333,0.4632,87.0,1.68,25.0,112.988,0.0,0.0,0.0,success,,success
NEG-00035,2019-11-19,2019,Tamil Nadu,Ramanathapuram,9.5205576,78.5184635,district,non_flood,0,0.0,0.2,0.2,0.2,2.3,26.7667,85.4583,0.3285,46.0,2.39,17.0,88.178,0.0,0.0,0.0,success,,success
NEG-00036,1968-11-13,1968,Tamil Nadu,Cuddalore,11.5202071,79.3396356,district,non_flood,0,0.0,0.0,0.0,0.0,0.0,27.2208,68.375,0.2731,53.0,1.47,36.0,119.889,0.0,0.0,0.0,success,,success
NEG-00037,1993-07-23,1993,Tamil Nadu,Thanjavur,10.659037,79.2014278,district,non_flood,0,0.0,0.0,0.0,0.0,0.0,30.2417,59.0833,0.2612,37.0,1.32,20.0,158.552,0.0,0.0,0.0,success,,success
NEG-00038,1983-11-13,1983,Tamil Nadu,The Nilgiris,11.4,76.7,district,non_flood,0,0.0,0.0,0.0,0.0,0.0,14.6292,73.4167,0.3521,2232.0,11.52,253.0,0.892,52.0,168.0,671.0,success,,success
NEG-00039,1997-11-13,1997,Tamil Nadu,Tiruchirappalli,10.8071144,78.6880939,district,non_flood,0,0.0,0.0,0.0,0.0,0.0,25.6375,79.7917,0.3469,78.0,1.68,25.0,107.404,0.0,0.0,0.0,success,,success
NEG-00040,2021-11-12,2021,Tamil Nadu,Tirunelveli,8.5495014,77.5805178,district,non_flood,0,0.0,0.0,0.0,0.1,2.8,26.7083,80.4167,0.372,113.0,1.04,143.0,12.198,0.0,0.0,6.0,success,,success
NEG-00041,1981-03-09,1981,Uttarakhand,Chamoli,30.4985956,79.6190537,district,non_flood,0,0.0,0.0,0.0,0.0,0.0,4.625,41.2917,0.3545,1853.0,23.8,928.0,,,,,success,,success
NEG-00042,1993-07-08,1993,Uttarakhand,"Azamgarh, Bahraich, Ballia, Bara Banki, Basti, Chamoli, Dehradun, Deoria, Ayodhy",30.0417376,79.089691,district,non_flood,0,0.0,0.0,1.3,2.2,14.2,18.7958,92.875,0.4881,2041.0,30.37,706.0,,,,,success,,success
NEG-00043,1971-06-15,1971,Kerala,"Kannur, Malappuram, Kozhikode, Kollam,Thiruvananthapuram",11.8763836,75.3737973,district,non_flood,0,0.9,2.8,4.6,5.5,9.1,25.3583,87.7083,0.3023,21.0,1.67,43.0,,,,,success,,success
NEG-00044,2001-06-22,2001,Kerala,Palakkad,10.7873692,76.4742172,district,non_flood,0,0.3,0.5,0.5,0.7,5.1,24.9042,88.125,0.484,83.0,3.15,57.0,,,,,success,,success
NEG-00045,1971-07-01,1971,Kerala,"Alappuzha,Kannur, Kottayam, Kozhikode, Malappuram, Palakkad,Thrissur",9.5003416,76.4123364,district,non_flood,0,0.4,0.7,0.7,2.1,7.4,24.0917,92.8333,0.3613,1.0,1.32,35.0,,,,,success,,success
NEG-00046,1983-08-22,1983,Kerala,"Alappuzha, Kozhikode, Kollam, Thrissur,Thiruvananthapuram",9.5003416,76.4123364,district,non_flood,0,0.2,0.8,1.4,14.0,31.7,25.3542,91.5417,0.3636,1.0,1.32,35.0,,,,,success,,success
NEG-00047,2020-09-22,2020,Kerala,Kottayam,9.6287383,76.6455326,district,non_flood,0,0.8,1.9,4.9,9.4,19.8,24.1833,97.8333,0.5111,40.0,3.14,97.0,,,,,success,,success
NEG-00048,1973-10-01,1973,Kerala,Kozhikode,11.2450558,75.7754716,district,non_flood,0,0.1,0.3,0.5,1.9,5.1,25.2458,87.875,0.1989,13.0,1.98,29.0,,,,,success,,success
NEG-00049,2004-07-01,2004,Tamil Nadu,Coimbatore,11.0018115,76.9628425,district,non_flood,0,0.0,0.0,0.0,0.0,0.1,24.75,76.5833,0.2255,419.0,2.68,34.0,30.026,0.0,0.0,0.0,success,,success
NEG-00050,1978-11-12,1978,Tamil Nadu,Chengalpattu,12.6840886,79.9836371,district,non_flood,0,0.0,0.0,0.0,0.0,0.0,25.5458,83.0833,0.3498,47.0,2.01,59.0,211.631,0.0,0.0,0.0,success,,success
NEG-00051,1992-11-15,1992,Tamil Nadu,Chennai,13.0836939,80.270186,district,non_flood,0,0.2,1.3,2.3,6.6,22.1,24.3458,92.5833,0.4123,10.0,2.82,28.0,261.138,0.0,0.0,0.0,success,,success
NEG-00052,1969-06-25,1969,Uttarakhand,Uttar Kashi Kashi,30.0417376,79.089691,district,non_flood,0,0.0,0.1,0.1,0.9,0.9,20.2708,62.0833,0.4177,2041.0,30.37,706.0,,,,,success,,success
NEG-00053,2010-07-08,2010,Uttarakhand,"Chamoli, Tehri Garhwal , Uttar Kashi Kashi, Ballia, Pratapgarh, Dehradun",30.4985956,79.6190537,district,non_flood,0,0.0,0.0,0.5,1.1,11.0,20.65,89.9583,0.4101,1853.0,23.8,928.0,,,,,success,,success
NEG-00054,1970-07-15,1970,Uttarakhand,"Bahraich, Ballia, Bara Banki, Bareilly,Basti, Bulandshahr, Deoria, Fatehpur, Gon",30.0417376,79.089691,district,non_flood,0,0.2,0.6,1.6,6.8,10.9,18.9458,91.0417,0.4902,2041.0,30.37,706.0,,,,,success,,success
NEG-00055,2009-08-01,2009,Uttarakhand,"Prayagraj,Azamgarh, Bahraich,Ballia, Bara Banki, Basti, Budaun, Bulandshahr, Deh",30.0417376,79.089691,district,non_flood,0,0.0,0.0,0.1,0.9,2.8,19.1958,84.2917,0.46,2041.0,30.37,706.0,,,,,success,,success
NEG-00056,1972-06-01,1972,Kerala,"Kozhikode, Malappuram, Ernakulam, Thrissur, Kollam, Kottayam, Alappuzha,Kannur",11.2450558,75.7754716,district,non_flood,0,0.0,0.0,0.0,0.0,0.0,27.3875,80.7083,0.2553,13.0,1.98,29.0,,,,,success,,success
NEG-00057,1996-06-08,1996,Kerala,"Malappuram, Kollam, Thrissur,Kozhikode",11.1065685,76.1101742,district,non_flood,0,0.2,0.6,0.8,1.0,2.9,26.1208,85.0833,0.4831,47.0,9.32,83.0,,,,,success,,success
NEG-00058,2023-06-14,2023,Kerala,Alappuzha,9.5003416,76.4123364,district,non_flood,0,0.2,0.4,1.7,6.8,11.0,26.3167,90.6667,0.3028,1.0,1.32,35.0,,,,,success,,success
NEG-00059,2011-07-27,2011,Kerala,Idukki,9.8154785,76.9991599,district,non_flood,0,0.3,0.8,2.3,7.3,16.1,20.6625,97.4167,0.4843,723.0,0.0,409.0,,,,,success,,success
NEG-00060,2005-08-17,2005,Kerala,Kozhikode,11.2450558,75.7754716,district,non_flood,0,0.0,0.0,0.4,2.0,5.5,25.1375,87.1667,0.2787,13.0,1.98,29.0,,,,,success,,success
NEG-00061,2009-09-15,2009,Kerala,Alappuzha,9.5003416,76.4123364,district,non_flood,0,0.0,0.0,0.0,0.0,6.1,26.025,89.875,0.3308,1.0,1.32,35.0,,,,,success,,success
NEG-00062,1971-09-11,1971,Tamil Nadu,Vellore,12.9021849,79.061104,district,non_flood,0,0.0,0.0,2.4,6.4,7.1,28.5667,65.0417,0.1547,233.0,0.73,17.0,151.536,0.0,0.0,0.0,success,,success
NEG-00063,1985-07-01,1985,Uttarakhand,"Mathura, Mainpuri, Aligarh, Pratapgarh, Sultanpur, Agra, Farrukhabad, Ballia, Go",29.2220315,79.5229864,district,non_flood,0,0.0,0.0,0.0,0.3,0.8,28.7917,73.75,0.3428,441.0,4.34,47.0,,,,,success,,success
NEG-00064,2010-07-30,2010,Kerala,Kannur,11.8763836,75.3737973,district,non_flood,0,1.8,4.7,9.0,20.3,31.3,24.4083,93.0,0.3513,21.0,1.67,43.0,,,,,success,,success
NEG-00065,2019-08-01,2019,Kerala,Kozhikode,11.2450558,75.7754716,district,non_flood,0,0.1,0.6,0.7,0.7,1.8,26.1583,90.2083,0.2608,13.0,1.98,29.0,,,,,success,,success
NEG-00066,2010-08-13,2010,Tamil Nadu,"Viluppuram, Cuddalore",12.1166967,79.5989236,district,non_flood,0,0.0,0.9,4.7,7.6,7.6,30.7417,65.5,0.2245,51.0,2.61,34.0,149.335,0.0,0.0,0.0,success,,success
NEG-00067,2016-04-15,2016,Uttarakhand,"Dehradun, Almora",30.3255646,78.0436813,district,non_flood,0,0.0,0.0,0.0,0.0,0.0,24.7333,35.875,0.1315,672.0,3.84,53.0,,,,,success,,success
NEG-00068,1971-08-08,1971,Uttarakhand,Chamoli,30.4985956,79.6190537,district,non_flood,0,4.0,12.9,21.6,24.4,34.4,19.6208,96.2917,0.4266,1853.0,23.8,928.0,,,,,success,,success
NEG-00069,1969-08-22,1969,Uttarakhand,"Bahraich, Gonda, Basti, Gorakhpur, Deoria, Ballia, Azamgarh, Ayodhya, Sultanpur,",30.0417376,79.089691,district,non_flood,0,0.1,0.4,1.4,3.2,8.5,17.3833,92.5833,0.4981,2041.0,30.37,706.0,,,,,success,,success
NEG-00070,2008-07-23,2008,Kerala,Malappuram,11.1065685,76.1101742,district,non_flood,0,0.8,1.3,2.1,4.5,9.4,24.7417,89.75,0.492,47.0,9.32,83.0,,,,,success,,success
NEG-00071,2018-08-10,2018,Kerala,Ernakulam,9.9837257,76.2740001,district,non_flood,0,1.2,3.7,7.1,9.0,15.8,25.3333,90.0,0.4255,4.0,2.82,24.0,,,,,success,,success
NEG-00072,2014-11-02,2014,Kerala,Palakkad,10.7873692,76.4742172,district,non_flood,0,0.4,0.7,1.7,1.9,2.3,25.5333,83.6667,0.4729,83.0,3.15,57.0,,,,,success,,success
NEG-00073,1987-09-07,1987,Tamil Nadu,Vellore,12.9021849,79.061104,district,non_flood,0,0.0,0.0,0.0,0.1,0.1,29.675,59.375,0.1807,233.0,0.73,17.0,151.536,0.0,0.0,0.0,success,,success
NEG-00074,1990-12-21,1990,Tamil Nadu,"Pudukkottai, Ramanathapuram,  Viluppuram, Cuddalore, Thanjavur,Tiruchirappalli",10.2903072,78.8173617,district,non_flood,0,0.0,0.0,0.0,0.0,0.0,25.4625,74.0,0.3471,87.0,1.68,25.0,112.988,0.0,0.0,0.0,success,,success
NEG-00075,2014-07-22,2014,Uttarakhand,Almora,29.702651,79.4326318,district,non_flood,0,0.0,0.0,0.0,1.4,48.1,23.1292,91.125,0.4693,1142.0,16.65,255.0,,,,,success,,success
NEG-00076,2021-04-23,2021,Kerala,Malappuram,11.1065685,76.1101742,district,non_flood,0,5.6,9.4,16.8,20.1,23.0,27.2208,84.875,0.4884,47.0,9.32,83.0,,,,,success,,success
NEG-00077,1991-06-15,1991,Kerala,"Kottayam, Wayanad",9.6287383,76.6455326,district,non_flood,0,0.0,0.0,0.0,3.0,8.4,25.0458,95.8333,0.484,40.0,3.14,97.0,,,,,success,,success
NEG-00078,1981-06-16,1981,Kerala,"Kozhikode, Palakkad",11.2450558,75.7754716,district,non_flood,0,1.0,3.4,6.5,11.8,37.5,24.8875,91.625,0.3524,13.0,1.98,29.0,,,,,success,,success
NEG-00079,2017-06-17,2017,Kerala,"Alappuzha,Kannur, Malappuram",9.5003416,76.4123364,district,non_flood,0,0.0,1.8,2.9,6.1,16.0,26.2958,91.125,0.3229,1.0,1.32,35.0,,,,,success,,success
NEG-00080,1985-06-17,1985,Kerala,Ernakulam,9.9837257,76.2740001,district,non_flood,0,0.7,2.4,3.5,5.5,7.7,25.9583,87.6667,0.4313,4.0,2.82,24.0,,,,,success,,success
NEG-00081,1988-06-18,1988,Kerala,Alappuzha,9.5003416,76.4123364,district,non_flood,0,0.0,0.0,0.5,0.7,5.6,26.0708,89.4167,0.3265,1.0,1.32,35.0,,,,,success,,success
NEG-00082,1991-07-01,1991,Kerala,Wayanad,11.7151291,76.1271185,district,non_flood,0,0.4,0.8,1.4,3.7,8.7,21.6833,96.5417,0.4853,757.0,7.78,77.0,,,,,success,,success
NEG-00083,2001-10-05,2001,Kerala,Alappuzha,9.5003416,76.4123364,district,non_flood,0,0.1,0.1,0.1,0.1,0.8,26.0667,84.375,0.2948,1.0,1.32,35.0,,,,,success,,success
NEG-00084,1997-10-06,1997,Kerala,Kozhikode,11.2450558,75.7754716,district,non_flood,0,0.0,0.0,0.0,0.0,1.2,26.4458,85.4583,0.259,13.0,1.98,29.0,,,,,success,,success
NEG-00085,2010-02-16,2010,Tamil Nadu,Chennai,13.0836939,80.270186,district,non_flood,0,0.0,0.0,0.0,0.0,0.0,25.1417,77.625,0.1426,10.0,2.82,28.0,261.138,0.0,0.0,0.0,success,,success
NEG-00086,1980-03-04,1980,Tamil Nadu,Tirunelveli,8.5495014,77.5805178,district,non_flood,0,0.0,0.0,0.0,0.0,0.0,27.7667,63.4583,0.1198,113.0,1.04,143.0,12.198,0.0,0.0,6.0,success,,success
NEG-00087,2000-03-04,2000,Tamil Nadu,"Madurai,Vellore",9.9261153,78.1140983,district,non_flood,0,0.0,0.0,0.0,0.0,0.0,26.8,57.5,0.2082,138.0,2.65,23.0,46.961,0.0,0.0,0.0,success,,success
NEG-00088,1986-03-06,1986,Tamil Nadu,Tiruchirappalli,10.8071144,78.6880939,district,non_flood,0,0.0,0.0,0.0,0.0,0.0,27.1417,64.9167,0.1397,78.0,1.68,25.0,107.404,0.0,0.0,0.0,success,,success
NEG-00089,1993-04-30,1993,Tamil Nadu,Madurai,9.9261153,78.1140983,district,non_flood,0,0.0,0.0,0.0,0.0,0.1,32.0917,55.0,0.1373,138.0,2.65,23.0,46.961,0.0,0.0,0.0,success,,success
NEG-00090,2018-10-03,2018,Tamil Nadu,Coimbatore,11.0018115,76.9628425,district,non_flood,0,0.0,1.0,2.5,3.0,5.9,25.75,80.8333,0.3318,419.0,2.68,34.0,30.026,0.0,0.0,0.0,success,,success
NEG-00091,2006-06-29,2006,Uttarakhand,Nainital,29.294995,79.4162511,district,non_flood,0,0.1,0.1,0.5,0.8,8.8,23.7833,89.6667,0.4488,819.0,31.56,555.0,,,,,success,,success
NEG-00092,1986-07-02,1986,Uttarakhand,Almora,29.702651,79.4326318,district,non_flood,0,0.0,0.0,0.0,0.1,1.1,23.4083,74.6667,0.4438,1142.0,16.65,255.0,,,,,success,,success
NEG-00093,1973-07-30,1973,Uttarakhand,Nainital,29.294995,79.4162511,district,non_flood,0,0.3,1.8,3.1,3.3,7.5,24.5167,90.5417,0.4635,819.0,31.56,555.0,,,,,success,,success
NEG-00094,2009-06-15,2009,Kerala,Kozhikode,11.2450558,75.7754716,district,non_flood,0,0.7,3.2,7.6,21.0,24.8,25.3167,90.25,0.3405,13.0,1.98,29.0,,,,,success,,success
NEG-00095,1988-06-24,1988,Kerala,Idukki,9.8154785,76.9991599,district,non_flood,0,0.4,1.0,1.2,1.6,4.1,21.85,91.25,0.4911,723.0,0.0,409.0,,,,,success,,success
NEG-00096,1970-06-25,1970,Kerala,"Alappuzha,Kannur, Kottayam, Kozhikode, Palakkad,Thrissur",9.5003416,76.4123364,district,non_flood,0,0.1,0.7,1.9,7.2,14.6,25.4333,91.0833,0.3634,1.0,1.32,35.0,,,,,success,,success
NEG-00097,2000-07-14,2000,Kerala,Thiruvananthapuram,8.4882267,76.947551,district,non_flood,0,0.0,0.1,0.3,0.8,3.3,25.4625,87.8333,0.267,21.0,5.01,43.0,,,,,success,,success
NEG-00098,1969-11-01,1969,Tamil Nadu,"Thiruvallur, Chennai, Krishnagiri, Tiruvannamalai, Dharmapuri, Salem, Erode, The",13.2537619,80.0562572,district,non_flood,0,0.0,0.0,0.0,0.0,1.2,25.6083,81.9167,0.382,26.0,1.99,21.0,253.889,0.0,0.0,0.0,success,,success
NEG-00099,1972-07-22,1972,Uttarakhand,Garhwal,30.25,79.333333,district,non_flood,0,0.3,0.5,1.0,1.9,2.8,17.8042,82.375,0.4688,2253.0,26.1,621.0,,,,,success,,success
NEG-00100,1971-08-08,1971,Uttarakhand,"Ballia, Deoria, Ghazipurr, Moradabad, Nainital",30.0417376,79.089691,district,non_flood,0,0.2,0.7,1.3,2.6,12.6,18.3167,93.4167,0.4644,2041.0,30.37,706.0,,,,,success,,success
NEG-00101,2023-10-22,2023,Uttarakhand,Garhwal,30.25,79.333333,district,non_flood,0,0.0,0.0,0.0,0.0,0.3,10.3667,58.375,0.3487,2253.0,26.1,621.0,,,,,success,,success
NEG-00102,2003-05-04,2003,Kerala,"Kozhikode,Thiruvananthapuram",11.2450558,75.7754716,district,non_flood,0,0.0,0.0,1.8,3.7,6.2,27.4917,84.0,0.2479,13.0,1.98,29.0,,,,,success,,success
NEG-00103,1988-03-12,1988,Kerala,Thiruvananthapuram,8.4882267,76.947551,district,non_flood,0,0.0,0.0,0.0,1.1,3.7,26.9708,80.4167,0.1249,21.0,5.01,43.0,,,,,success,,success
NEG-00104,1987-06-18,1987,Kerala,Thiruvananthapuram,8.4882267,76.947551,district,non_flood,0,0.1,0.8,2.1,5.5,9.0,26.1625,89.0417,0.2863,21.0,5.01,43.0,,,,,success,,success
NEG-00105,2017-06-24,2017,Kerala,Kollam,8.8870533,76.5906696,district,non_flood,0,0.6,1.7,4.2,5.3,10.8,25.9292,89.0833,0.2988,17.0,1.36,31.0,,,,,success,,success
NEG-00106,1990-08-01,1990,Kerala,"Alappuzha,Kannur, Ernakulam, Idukki, Kottayam,Kollam",9.5003416,76.4123364,district,non_flood,0,0.3,0.6,1.4,1.7,3.5,25.5667,88.7917,0.3158,1.0,1.32,35.0,,,,,success,,success
NEG-00107,2009-11-03,2009,Tamil Nadu,Tiruchirappalli,10.8071144,78.6880939,district,non_flood,0,0.0,0.2,0.8,0.8,1.4,27.1708,73.5417,0.2459,78.0,1.68,25.0,107.404,0.0,0.0,0.0,success,,success
NEG-00108,2005-11-05,2005,Tamil Nadu,"Chengalpattu, Chennai, Cuddalore, Kallakurichi, Viluppuram, Tiruchirappalli",12.6840886,79.9836371,district,non_flood,0,0.2,0.4,0.6,0.9,5.1,25.4917,88.7083,0.4167,47.0,2.01,59.0,211.631,0.0,0.0,0.0,success,,success
NEG-00109,2006-06-18,2006,Kerala,Ernakulam,9.9837257,76.2740001,district,non_flood,0,0.0,0.0,0.0,0.6,2.6,26.425,85.9167,0.4225,4.0,2.82,24.0,,,,,success,,success
NEG-00110,2002-10-13,2002,Kerala,Idukki,9.8154785,76.9991599,district,non_flood,0,0.2,0.3,0.6,2.7,10.7,21.1208,94.125,0.4774,723.0,0.0,409.0,,,,,success,,success
NEG-00111,2016-11-09,2016,Kerala,Kozhikode,11.2450558,75.7754716,district,non_flood,0,0.0,0.0,0.0,0.0,0.0,25.6,79.7083,0.2035,13.0,1.98,29.0,,,,,success,,success
NEG-00112,2017-12-01,2017,Kerala,Thrissur,10.5270099,76.214621,district,non_flood,0,1.2,3.9,14.7,15.8,19.1,26.4833,77.0417,0.4097,22.0,4.19,39.0,,,,,success,,success
NEG-00113,1988-12-05,1988,Kerala,Thiruvananthapuram,8.4882267,76.947551,district,non_flood,0,0.0,0.0,0.0,3.7,7.0,24.675,86.8333,0.1847,21.0,5.01,43.0,,,,,success,,success
NEG-00114,1971-12-17,1971,Kerala,Kozhikode,11.2450558,75.7754716,district,non_flood,0,0.0,0.0,0.3,6.2,14.0,25.4208,83.5,0.2195,13.0,1.98,29.0,,,,,success,,success
NEG-00115,2006-12-06,2006,Tamil Nadu,"Pudukkottai, Thanjavur, Tiruchirappalli",10.2903072,78.8173617,district,non_flood,0,0.0,0.0,0.0,0.0,0.0,25.0542,75.0833,0.4104,87.0,1.68,25.0,112.988,0.0,0.0,0.0,success,,success
NEG-00116,2002-04-17,2002,Kerala,Ernakulam,9.9837257,76.2740001,district,non_flood,0,0.0,0.0,0.0,0.0,0.0,27.9792,79.7917,0.3228,4.0,2.82,24.0,,,,,success,,success
NEG-00117,1995-06-05,1995,Kerala,Malappuram,11.1065685,76.1101742,district,non_flood,0,0.0,0.0,0.0,1.6,10.8,26.2667,88.2083,0.4689,47.0,9.32,83.0,,,,,success,,success
NEG-00118,2011-07-18,2011,Kerala,Idukki,9.8154785,76.9991599,district,non_flood,0,0.7,1.1,2.4,14.8,28.3,20.575,97.9583,0.467,723.0,0.0,409.0,,,,,success,,success
NEG-00119,2005-07-21,2005,Kerala,Idukki,9.8154785,76.9991599,district,non_flood,0,0.3,0.8,2.1,9.0,18.4,20.6708,97.2083,0.4997,723.0,0.0,409.0,,,,,success,,success
NEG-00120,1968-07-23,1968,Kerala,Kannur,11.8763836,75.3737973,district,non_flood,0,0.5,1.5,2.3,3.8,10.5,24.8583,88.125,0.312,21.0,1.67,43.0,,,,,success,,success
NEG-00121,2019-08-25,2019,Kerala,Malappuram,11.1065685,76.1101742,district,non_flood,0,0.3,2.0,5.7,10.3,20.5,23.9667,93.9167,0.513,47.0,9.32,83.0,,,,,success,,success
NEG-00122,1983-09-15,1983,Kerala,Idukki,9.8154785,76.9991599,district,non_flood,0,0.3,0.6,0.6,1.1,7.7,21.25,94.0,0.4611,723.0,0.0,409.0,,,,,success,,success
NEG-00123,2018-09-22,2018,Kerala,Kollam,8.8870533,76.5906696,district,non_flood,0,0.0,0.2,0.3,0.3,0.6,26.5208,82.5833,0.1942,17.0,1.36,31.0,,,,,success,,success
NEG-00124,2019-11-06,2019,Tamil Nadu,Chennai,13.0836939,80.270186,district,non_flood,0,0.0,0.0,0.0,0.0,0.0,27.0625,81.9167,0.3414,10.0,2.82,28.0,261.138,0.0,0.0,0.0,success,,success
NEG-00125,1998-06-08,1998,Kerala,"Alappuzha,Thrissur",9.5003416,76.4123364,district,non_flood,0,0.1,0.1,0.1,4.8,5.9,27.3708,87.75,0.3435,1.0,1.32,35.0,,,,,success,,success
NEG-00126,2017-06-09,2017,Kerala,Kasaragod,12.4221964,75.1904446,district,non_flood,0,0.8,3.6,6.6,11.2,16.7,24.2583,96.5,0.5057,83.0,9.45,223.0,,,,,success,,success
NEG-00127,1978-06-11,1978,Kerala,Kasaragod,12.4221964,75.1904446,district,non_flood,0,0.4,0.9,3.4,13.6,26.8,24.2417,93.875,0.4786,83.0,9.45,223.0,,,,,success,,success
NEG-00128,1999-06-11,1999,Kerala,"Idukki,Kottayam",9.8154785,76.9991599,district,non_flood,0,1.3,3.7,6.4,13.4,31.0,19.85,99.3333,0.4906,723.0,0.0,409.0,,,,,success,,success
NEG-00129,1971-07-16,1971,Kerala,Idukki,9.8154785,76.9991599,district,non_flood,0,0.2,0.3,0.3,2.1,6.3,20.1417,95.75,0.4967,723.0,0.0,409.0,,,,,success,,success
NEG-00130,2021-07-18,2021,Kerala,Pathanamthitta,9.2780841,76.9737443,district,non_flood,0,0.2,0.4,0.5,2.1,3.3,23.8792,82.75,0.4908,465.0,9.48,415.0,,,,,success,,success
NEG-00131,2019-07-21,2019,Kerala,Thiruvananthapuram,8.4882267,76.947551,district,non_flood,0,1.0,2.6,4.3,9.0,16.3,24.8875,94.1667,0.3357,21.0,5.01,43.0,,,,,success,,success
NEG-00132,1996-07-21,1996,Kerala,"Alappuzha, Ernakulam, Idukki, Kozhikode, Malappuram,Palakkad",9.5003416,76.4123364,district,non_flood,0,0.6,1.4,4.1,11.6,35.5,24.6542,92.8333,0.3759,1.0,1.32,35.0,,,,,success,,success
NEG-00133,2007-06-19,2007,Tamil Nadu,Chennai,13.0836939,80.270186,district,non_flood,0,0.0,0.0,1.3,7.1,7.1,28.9458,74.5417,0.3211,10.0,2.82,28.0,261.138,0.0,0.0,0.0,success,,success
NEG-00134,1996-07-22,1996,Tamil Nadu,"Coimbatore, The Nilgiris",11.0018115,76.9628425,district,non_flood,0,0.6,0.8,1.1,1.4,2.9,22.9292,86.5417,0.3979,419.0,2.68,34.0,30.026,0.0,0.0,0.0,success,,success
NEG-00135,2019-05-26,2019,Kerala,Kozhikode,11.2450558,75.7754716,district,non_flood,0,0.0,0.0,1.9,4.5,4.5,27.6417,85.5,0.3028,13.0,1.98,29.0,,,,,success,,success
NEG-00136,1996-07-03,1996,Kerala,"Kannur,Kozhikode",11.8763836,75.3737973,district,non_flood,0,0.0,0.0,0.0,0.2,0.5,26.45,83.375,0.2492,21.0,1.67,43.0,,,,,success,,success
NEG-00137,1981-11-03,1981,Kerala,Thiruvananthapuram,8.4882267,76.947551,district,non_flood,0,0.2,0.2,0.5,1.1,2.9,24.8583,87.0417,0.272,21.0,5.01,43.0,,,,,success,,success
NEG-00138,2022-07-09,2022,Uttarakhand,Garhwal,30.25,79.333333,district,non_flood,0,0.5,6.6,11.0,11.6,14.9,17.9875,88.875,0.4919,2253.0,26.1,621.0,,,,,success,,success
NEG-00139,2008-10-18,2008,Tamil Nadu,"Chennai,The Nilgiris",13.0836939,80.270186,district,non_flood,0,0.2,2.0,4.4,10.4,11.6,26.525,87.7917,0.3892,10.0,2.82,28.0,261.138,0.0,0.0,0.0,success,,success
NEG-00140,2002-03-09,2002,Kerala,Kollam,8.8870533,76.5906696,district,non_flood,0,0.0,0.0,0.1,0.4,0.5,27.9292,74.7917,0.0647,17.0,1.36,31.0,,,,,success,,success
NEG-00141,1979-05-21,1979,Kerala,Kozhikode,11.2450558,75.7754716,district,non_flood,0,0.0,0.0,0.0,0.0,0.1,28.4083,73.1667,0.1374,13.0,1.98,29.0,,,,,success,,success
NEG-00142,1997-06-03,1997,Kerala,Ernakulam,9.9837257,76.2740001,district,non_flood,0,0.0,0.0,0.0,0.3,0.5,27.8958,81.7917,0.381,4.0,2.82,24.0,,,,,success,,success
NEG-00143,2017-06-06,2017,Kerala,"Alappuzha, Idukki, Kasaragod, Kollam, Kottayam, Kozhikode, Palakkad, Pathanamthi",9.5003416,76.4123364,district,non_flood,0,0.8,2.4,2.5,8.3,24.9,26.0708,93.0417,0.3356,1.0,1.32,35.0,,,,,success,,success
NEG-00144,1983-06-09,1983,Kerala,"Alappuzha,Kozhikode",9.5003416,76.4123364,district,non_flood,0,0.1,0.1,1.7,6.3,7.7,27.4417,84.75,0.29,1.0,1.32,35.0,,,,,success,,success
NEG-00145,1990-06-19,1990,Kerala,"Ernakulam,Thiruvananthapuram",9.9837257,76.2740001,district,non_flood,0,0.6,1.1,1.3,1.8,3.8,26.0583,89.1667,0.4307,4.0,2.82,24.0,,,,,success,,success
NEG-00146,1992-07-07,1992,Kerala,"Kannur, Kollam, Palakkad,Thiruvananthapuram",11.8763836,75.3737973,district,non_flood,0,0.1,0.6,1.7,5.8,16.8,26.275,86.7083,0.3215,21.0,1.67,43.0,,,,,success,,success
NEG-00147,1986-10-20,1986,Tamil Nadu,"Thiruvallur, Chennai, Krishnagiri, Tiruvannamalai, Dharmapuri, Salem, Erode, The",13.2537619,80.0562572,district,non_flood,0,0.0,0.0,0.0,0.0,0.6,27.1333,73.0,0.2266,26.0,1.99,21.0,253.889,0.0,0.0,0.0,success,,success
NEG-00148,2005-08-15,2005,Uttarakhand,Chamoli,30.4985956,79.6190537,district,non_flood,0,0.5,1.5,4.1,6.7,10.3,20.6167,92.0417,0.4065,1853.0,23.8,928.0,,,,,success,,success
NEG-00149,1979-08-16,1979,Uttarakhand,Almora,29.702651,79.4326318,district,non_flood,0,0.1,0.5,1.4,1.8,5.1,23.25,93.9167,0.5017,1142.0,16.65,255.0,,,,,success,,success
NEG-00150,1975-08-18,1975,Uttarakhand,Tehri Garhwal,30.4658181,78.4837349,district,non_flood,0,0.0,0.0,0.9,0.9,1.7,20.7458,82.75,0.4535,1703.0,41.77,869.0,,,,,success,,success
NEG-00151,2013-05-18,2013,Kerala,"Alappuzha,Ernakulam",9.5003416,76.4123364,district,non_flood,0,0.0,0.0,0.0,0.0,0.1,28.4833,77.25,0.2111,1.0,1.32,35.0,,,,,success,,success
NEG-00152,1991-06-08,1991,Kerala,"Kasaragod, Wayanad, Kozhikode, Malappuram, Palakkad, Thrissur, Idukki, Ernakulam",12.4221964,75.1904446,district,non_flood,0,1.5,4.1,12.6,38.3,111.9,24.8958,98.6667,0.4868,83.0,9.45,223.0,,,,,success,,success
NEG-00153,1994-07-02,1994,Kerala,"Kasaragod, Wayanad, Kozhikode, Malappuram, Palakkad, Thrissur, Idukki, Ernakulam",12.4221964,75.1904446,district,non_flood,0,0.1,0.8,1.6,6.5,20.4,24.1625,94.3333,0.4953,83.0,9.45,223.0,,,,,success,,success
NEG-00154,1972-07-16,1972,Kerala,"Alappuzha,Kollam",9.5003416,76.4123364,district,non_flood,0,0.4,2.0,6.2,8.4,26.8,24.8125,92.0833,0.3658,1.0,1.32,35.0,,,,,success,,success
NEG-00155,2010-07-27,2010,Kerala,Ernakulam,9.9837257,76.2740001,district,non_flood,0,0.0,0.2,0.2,0.2,12.5,25.3083,90.0,0.4216,4.0,2.82,24.0,,,,,success,,success
NEG-00156,1974-07-28,1974,Kerala,Thiruvananthapuram,8.4882267,76.947551,district,non_flood,0,0.1,0.5,1.9,2.2,6.4,24.0333,90.0,0.2961,21.0,5.01,43.0,,,,,success,,success
NEG-00157,1997-07-31,1997,Kerala,Kollam,8.8870533,76.5906696,district,non_flood,0,0.1,0.2,1.0,2.9,6.1,25.6333,88.875,0.2779,17.0,1.36,31.0,,,,,success,,success
NEG-00158,2005-08-02,2005,Kerala,Kollam,8.8870533,76.5906696,district,non_flood,0,0.1,0.6,1.7,4.0,14.2,25.3583,88.6667,0.3253,17.0,1.36,31.0,,,,,success,,success
NEG-00159,2014-08-08,2014,Kerala,"Kollam,Kozhikode",8.8870533,76.5906696,district,non_flood,0,0.9,1.7,1.7,1.8,3.8,25.5,86.4167,0.2727,17.0,1.36,31.0,,,,,success,,success
NEG-00160,2003-10-10,2003,Kerala,"Alappuzha, Kollam, Pathanamthitta,Thiruvananthapuram",9.5003416,76.4123364,district,non_flood,0,0.2,0.7,1.5,2.2,2.8,26.4542,87.5833,0.3252,1.0,1.32,35.0,,,,,success,,success
NEG-00161,2022-10-09,2022,Tamil Nadu,Kanniyakumariumari,11.3323723,78.6098639,district,non_flood,0,0.0,0.0,0.0,0.8,1.4,23.0625,79.2917,0.2716,753.0,,,61.637,0.0,0.0,0.0,partial,slope/relief unavailable (open-elevation fallback; OpenTopography rate-limited),success
NEG-00162,1995-06-01,1995,Kerala,"Alappuzha, Ernakulam, Idukki,  Kollam, Pathanamthitta, Thiruvananthapuram,Thriss",9.5003416,76.4123364,district,non_flood,0,0.0,0.0,0.0,5.7,7.1,27.3083,87.7083,0.3251,1.0,1.32,35.0,,,,,success,,success
NEG-00163,1982-06-13,1982,Kerala,Alappuzha,9.5003416,76.4123364,district,non_flood,0,0.3,1.2,2.3,3.1,4.1,26.7208,87.375,0.3075,1.0,1.32,35.0,,,,,success,,success
NEG-00164,1969-06-18,1969,Kerala,Thiruvananthapuram,8.4882267,76.947551,district,non_flood,0,0.1,0.3,0.5,1.0,4.8,25.7542,85.4583,0.251,21.0,5.01,43.0,,,,,success,,success
NEG-00165,1992-07-03,1992,Kerala,Kottayam,9.6287383,76.6455326,district,non_flood,0,0.2,0.4,0.6,1.9,12.0,24.275,93.2083,0.4904,40.0,3.14,97.0,,,,,success,,success
NEG-00166,1998-07-18,1998,Kerala,Kollam,8.8870533,76.5906696,district,non_flood,0,0.0,0.0,0.8,1.2,3.3,25.4458,88.5,0.314,17.0,1.36,31.0,,,,,success,,success
NEG-00167,1972-07-22,1972,Kerala,Kollam,8.8870533,76.5906696,district,non_flood,0,0.0,0.0,0.0,0.3,2.4,25.6208,88.3333,0.2764,17.0,1.36,31.0,,,,,success,,success
NEG-00168,2011-07-26,2011,Kerala,"Kannur,Thiruvananthapuram",11.8763836,75.3737973,district,non_flood,0,1.8,4.7,5.5,7.0,21.7,24.4833,92.3333,0.3281,21.0,1.67,43.0,,,,,success,,success
NEG-00169,2021-07-27,2021,Kerala,Malappuram,11.1065685,76.1101742,district,non_flood,0,0.9,2.1,2.5,3.7,13.6,24.5208,92.2083,0.4991,47.0,9.32,83.0,,,,,success,,success
NEG-00170,2014-07-28,2014,Kerala,Thiruvananthapuram,8.4882267,76.947551,district,non_flood,0,0.3,0.9,1.3,1.9,5.1,24.8458,88.7083,0.2397,21.0,5.01,43.0,,,,,success,,success
NEG-00171,1999-10-06,1999,Kerala,Kottayam,9.6287383,76.6455326,district,non_flood,0,2.5,6.1,9.8,17.0,40.5,23.6125,97.25,0.4757,40.0,3.14,97.0,,,,,success,,success
NEG-00172,1988-10-08,1988,Kerala,Malappuram,11.1065685,76.1101742,district,non_flood,0,0.0,0.0,0.0,0.0,1.2,25.5542,85.625,0.4502,47.0,9.32,83.0,,,,,success,,success
NEG-00173,1997-10-09,1997,Kerala,Palakkad,10.7873692,76.4742172,district,non_flood,0,0.0,0.5,2.1,6.4,9.4,26.1208,84.7083,0.479,83.0,3.15,57.0,,,,,success,,success
NEG-00174,2017-10-11,2017,Kerala,Alappuzha,9.5003416,76.4123364,district,non_flood,0,0.0,0.0,0.2,0.7,1.9,26.9917,87.375,0.2618,1.0,1.32,35.0,,,,,success,,success
NEG-00175,1976-11-10,1976,Kerala,"Idukki, Kollam,Thiruvananthapuram",9.8154785,76.9991599,district,non_flood,0,0.0,0.0,0.2,2.2,16.5,21.0417,93.75,0.4869,723.0,0.0,409.0,,,,,success,,success
NEG-00176,1987-08-06,1987,Tamil Nadu,Dindigul,10.4257161,77.8154728,district,non_flood,0,0.0,0.0,0.0,0.0,3.7,28.0958,68.375,0.2602,303.0,,,8.738,0.0,18.0,30.0,partial,slope/relief unavailable (open-elevation fallback; OpenTopography rate-limited),success
NEG-00177,2001-11-07,2001,Tamil Nadu,"Coimbatore, The Nilgiris, Ramanathapuram,Thanjavur",11.0018115,76.9628425,district,non_flood,0,0.2,0.4,1.0,4.4,10.4,23.1208,90.7083,0.3708,419.0,2.68,34.0,30.026,0.0,0.0,0.0,success,,success
NEG-00178,1980-05-28,1980,Kerala,Palakkad,10.7873692,76.4742172,district,non_flood,0,0.0,0.0,0.2,0.2,0.4,28.1667,75.2917,0.3524,83.0,3.15,57.0,,,,,success,,success
NEG-00179,2022-06-01,2022,Kerala,"Alappuzha, Ernakulam, Idukki, Kasaragod, Kollam, Kottayam, Kozhikode, Malappuram",9.5003416,76.4123364,district,non_flood,0,0.1,0.4,1.2,4.4,6.3,26.5917,85.7917,0.2539,1.0,1.32,35.0,,,,,success,,success
NEG-00180,1975-07-11,1975,Kerala,Kasaragod,12.4221964,75.1904446,district,non_flood,0,1.3,3.5,11.3,23.2,49.5,23.6917,95.0,0.4674,83.0,9.45,223.0,,,,,success,,success
NEG-00181,2015-07-14,2015,Kerala,"Idukki,Malappuram",9.8154785,76.9991599,district,non_flood,0,0.1,0.1,0.1,0.3,2.9,22.0792,88.2917,0.4861,723.0,0.0,409.0,,,,,success,,success
NEG-00182,2021-07-14,2021,Kerala,"Alappuzha, Ernakulam, Idukki, Kozhikode, Malappuram, Palakkad,Thrissur",9.5003416,76.4123364,district,non_flood,0,0.8,2.0,3.1,3.6,11.2,25.9708,90.875,0.3202,1.0,1.32,35.0,,,,,success,,success
NEG-00183,1974-07-15,1974,Kerala,"Kannur, Kozhikode, Malappuram, Thiruvananthapuram,Thrissur",11.8763836,75.3737973,district,non_flood,0,0.3,1.1,2.7,9.6,20.6,24.7958,90.5417,0.3488,21.0,1.67,43.0,,,,,success,,success
NEG-00184,1987-07-23,1987,Kerala,Thrissur,10.5270099,76.214621,district,non_flood,0,0.0,0.0,0.0,0.0,0.3,26.8833,81.5417,0.43,22.0,4.19,39.0,,,,,success,,success
NEG-00185,1989-07-31,1989,Kerala,"Kasaragod, Kollam, Kozhikode, Palakkad, Pathanamthitta,Thiruvananthapuram",12.4221964,75.1904446,district,non_flood,0,0.2,0.2,0.2,0.2,0.5,25.3792,84.7083,0.4778,83.0,9.45,223.0,,,,,success,,success
NEG-00186,1969-08-01,1969,Kerala,"Alappuzha, Thiruvananthapuram,Thrissur",9.5003416,76.4123364,district,non_flood,0,0.4,1.1,2.6,4.1,7.7,24.8875,91.375,0.3502,1.0,1.32,35.0,,,,,success,,success
NEG-00187,1981-08-02,1981,Kerala,"Ernakulam, Idukki, Kollam, Kottayam,Thiruvananthapuram",9.9837257,76.2740001,district,non_flood,0,0.8,1.7,2.4,2.6,3.7,25.325,85.0,0.4051,4.0,2.82,24.0,,,,,success,,success
NEG-00188,2011-08-03,2011,Kerala,"Alappuzha, Ernakulam, Idukki, Kannur, Kasaragod, Kollam, Kottayam, Pathanamthitt",9.5003416,76.4123364,district,non_flood,0,0.2,0.5,2.4,7.9,15.3,25.5333,90.6667,0.3399,1.0,1.32,35.0,,,,,success,,success
NEG-00189,1970-09-22,1970,Kerala,Kannur,11.8763836,75.3737973,district,non_flood,0,0.5,2.1,3.6,5.5,10.4,24.0167,90.9167,0.3272,21.0,1.67,43.0,,,,,success,,success
NEG-00190,1980-10-03,1980,Kerala,"Kollam,Thiruvananthapuram",8.8870533,76.5906696,district,non_flood,0,0.0,0.2,0.7,2.4,6.5,25.3917,89.1667,0.3038,17.0,1.36,31.0,,,,,success,,success
NEG-00191,2019-10-11,2019,Kerala,Idukki,9.8154785,76.9991599,district,non_flood,0,0.0,0.0,0.0,1.8,17.1,22.65,90.7917,0.4989,723.0,0.0,409.0,,,,,success,,success
NEG-00192,1987-10-16,1987,Kerala,Kozhikode,11.2450558,75.7754716,district,non_flood,0,0.0,0.0,0.0,0.3,1.5,26.4833,85.8333,0.276,13.0,1.98,29.0,,,,,success,,success
NEG-00193,1979-10-24,1979,Kerala,Kollam,8.8870533,76.5906696,district,non_flood,0,0.0,0.0,0.5,1.8,4.9,26.3417,82.2083,0.2711,17.0,1.36,31.0,,,,,success,,success
NEG-00194,1995-07-13,1995,Tamil Nadu,Coimbatore,11.0018115,76.9628425,district,non_flood,0,0.0,0.0,0.0,0.3,1.2,23.4458,84.9167,0.3188,419.0,2.68,34.0,30.026,0.0,0.0,0.0,success,,success
NEG-00195,2009-11-03,2009,Tamil Nadu,"Chennai,Madurai",13.0836939,80.270186,district,non_flood,0,0.6,2.4,3.1,5.1,5.7,27.2208,78.0,0.2611,10.0,2.82,28.0,261.138,0.0,0.0,0.0,success,,success
NEG-00196,1984-11-07,1984,Tamil Nadu,"Dindigul, Tiruchirappalli",10.4257161,77.8154728,district,non_flood,0,0.0,0.0,0.3,0.3,3.3,24.4917,84.0,0.3633,303.0,,,8.738,0.0,18.0,30.0,partial,slope/relief unavailable (open-elevation fallback; OpenTopography rate-limited),success
NEG-00197,1991-12-20,1991,Tamil Nadu,Chennai,13.0836939,80.270186,district,non_flood,0,0.0,0.0,0.0,0.0,0.0,24.225,73.0417,0.247,10.0,2.82,28.0,261.138,0.0,0.0,0.0,success,,success
NEG-00198,2023-03-28,2023,Kerala,Pathanamthitta,9.2780841,76.9737443,district,non_flood,0,0.0,0.0,0.0,0.1,0.9,25.7667,72.5,0.4175,465.0,9.48,415.0,,,,,success,,success
NEG-00199,2003-05-07,2003,Kerala,Kollam,8.8870533,76.5906696,district,non_flood,0,0.0,0.0,0.0,0.1,5.0,27.1625,85.5,0.3009,17.0,1.36,31.0,,,,,success,,success
NEG-00200,2002-05-07,2002,Kerala,"Ernakulam, Idukki, Thiruvananthapuram",9.9837257,76.2740001,district,non_flood,0,1.6,6.4,6.4,7.2,12.3,27.75,83.9583,0.4232,4.0,2.82,24.0,,,,,success,,success
NEG-00201,1986-05-07,1986,Kerala,"Alappuzha,Kottayam",9.5003416,76.4123364,district,non_flood,0,0.0,2.3,3.0,6.5,11.7,27.4042,88.5417,0.3069,1.0,1.32,35.0,,,,,success,,success
NEG-00202,2014-05-07,2014,Kerala,"Kozhikode, Pathanamthitta",11.2450558,75.7754716,district,non_flood,0,1.6,4.9,8.1,19.5,29.0,26.8542,88.1667,0.3038,13.0,1.98,29.0,,,,,success,,success
NEG-00203,2001-06-13,2001,Kerala,"Ernakulam, Idukki, Kasaragod, Kollam, Kottayam, Kozhikode, Malappuram,Thiruvanan",9.9837257,76.2740001,district,non_flood,0,0.6,2.9,5.8,9.3,29.2,25.1167,91.125,0.4318,4.0,2.82,24.0,,,,,success,,success
NEG-00204,2005-06-29,2005,Kerala,Kasaragod,12.4221964,75.1904446,district,non_flood,0,1.1,2.6,5.4,13.3,23.5,24.3542,95.2083,0.482,83.0,9.45,223.0,,,,,success,,success
NEG-00205,2015-07-05,2015,Kerala,"Idukki, Kasaragod,Kozhikode",9.8154785,76.9991599,district,non_flood,0,0.0,0.0,0.0,0.2,3.2,22.3708,89.625,0.483,723.0,0.0,409.0,,,,,success,,success
NEG-00206,2007-07-14,2007,Kerala,"Idukki, Kottayam,Malappuram",9.8154785,76.9991599,district,non_flood,0,0.6,2.0,3.8,6.0,14.3,21.3042,95.1667,0.5121,723.0,0.0,409.0,,,,,success,,success
NEG-00207,1987-07-21,1987,Kerala,"Kannur, Kasaragod,Kottayam",11.8763836,75.3737973,district,non_flood,0,0.1,0.1,0.1,0.1,1.0,26.1625,86.25,0.2736,21.0,1.67,43.0,,,,,success,,success
NEG-00208,2006-08-04,2006,Kerala,Kannur,11.8763836,75.3737973,district,non_flood,0,0.4,0.8,0.9,2.1,7.6,24.8708,90.2917,0.2948,21.0,1.67,43.0,,,,,success,,success
NEG-00209,1977-09-02,1977,Kerala,"Alappuzha, Idukki,Wayanad",9.5003416,76.4123364,district,non_flood,0,0.6,1.4,3.4,8.6,24.3,24.7083,92.25,0.3509,1.0,1.32,35.0,,,,,success,,success
NEG-00210,1974-10-07,1974,Kerala,"Kozhikode,Thiruvananthapuram",11.2450558,75.7754716,district,non_flood,0,0.0,0.0,0.0,3.7,14.1,24.4875,87.9167,0.3099,13.0,1.98,29.0,,,,,success,,success
NEG-00211,2002-10-15,2002,Kerala,"Alappuzha, Kollam, Malappuram, Thiruvananthapuram,Wayanad",9.5003416,76.4123364,district,non_flood,0,1.4,4.3,6.8,11.3,31.3,25.1083,93.5417,0.3798,1.0,1.32,35.0,,,,,success,,success
NEG-00212,2006-10-18,2006,Kerala,"Idukki,Thiruvananthapuram",9.8154785,76.9991599,district,non_flood,0,0.0,0.0,0.0,0.0,12.7,21.2417,94.0833,0.4837,723.0,0.0,409.0,,,,,success,,success
NEG-00213,1989-05-06,1989,Tamil Nadu,Kanniyakumariumari,11.3323723,78.6098639,district,non_flood,0,0.0,0.0,0.0,0.0,0.0,28.6875,56.5,0.1293,753.0,,,61.637,0.0,0.0,0.0,partial,slope/relief unavailable (open-elevation fallback; OpenTopography rate-limited),success
NEG-00214,1994-09-07,1994,Tamil Nadu,Kancheepuram,12.8796052,79.7042762,district,non_flood,0,0.0,0.0,0.0,0.0,0.0,31.3458,50.7083,0.152,79.0,,,198.069,0.0,0.0,0.0,partial,slope/relief unavailable (open-elevation fallback; OpenTopography rate-limited),success
NEG-00215,2006-11-02,2006,Tamil Nadu,"Nagapattinam,Thanjavur",10.6026203,79.7619348,district,non_flood,0,1.3,2.7,6.9,9.0,14.5,25.9333,86.1667,0.3152,1.0,,,208.548,0.0,0.0,0.0,partial,slope/relief unavailable (open-elevation fallback; OpenTopography rate-limited),success
NEG-00216,1995-06-03,1995,Kerala,Kottayam,9.6287383,76.6455326,district,non_flood,0,0.0,0.0,1.3,4.0,7.3,25.7167,92.5417,0.4725,40.0,3.14,97.0,,,,,success,,success
NEG-00217,2007-06-13,2007,Kerala,Thiruvananthapuram,8.4882267,76.947551,district,non_flood,0,0.0,0.5,2.2,2.8,7.8,26.0542,85.375,0.3023,21.0,5.01,43.0,,,,,success,,success
NEG-00218,1972-06-14,1972,Kerala,"Alappuzha, Ernakulam, Idukki, Kannur, Kasaragod, Kottayam, Kozhikode, Malappuram",9.5003416,76.4123364,district,non_flood,0,0.6,1.5,1.5,1.5,1.9,27.5792,83.0,0.282,1.0,1.32,35.0,,,,,success,,success
NEG-00219,1983-06-16,1983,Kerala,"Kasaragod, Wayanad, Kozhikode, Malappuram, Palakkad, Thrissur, Idukki, Ernakulam",12.4221964,75.1904446,district,non_flood,0,2.2,6.1,7.7,16.0,24.5,25.3667,91.625,0.4843,83.0,9.45,223.0,,,,,success,,success
NEG-00220,2003-06-17,2003,Kerala,Thiruvananthapuram,8.4882267,76.947551,district,non_flood,0,1.3,5.4,8.5,14.4,26.4,24.925,90.7083,0.3286,21.0,5.01,43.0,,,,,success,,success
NEG-00221,2020-06-20,2020,Kerala,"Kozhikode, Thiruvananthapuram",11.2450558,75.7754716,district,non_flood,0,2.3,3.4,4.2,4.8,10.1,26.1958,91.7083,0.2988,13.0,1.98,29.0,,,,,success,,success
NEG-00222,2013-07-20,2013,Kerala,"Idukki, Pathanamthitta",9.8154785,76.9991599,district,non_flood,0,0.1,0.3,1.2,8.3,34.6,20.0667,98.5417,0.4752,723.0,0.0,409.0,,,,,success,,success
NEG-00223,2020-07-24,2020,Kerala,"Idukki, Kozhikode",9.8154785,76.9991599,district,non_flood,0,0.2,0.6,0.8,5.1,13.7,22.3833,94.0833,0.5051,723.0,0.0,409.0,,,,,success,,success
NEG-00224,2005-08-08,2005,Kerala,Thiruvananthapuram,8.4882267,76.947551,district,non_flood,0,0.0,0.0,0.0,0.0,0.0,25.6792,84.4583,0.223,21.0,5.01,43.0,,,,,success,,success
NEG-00225,2014-08-12,2014,Kerala,Idukki,9.8154785,76.9991599,district,non_flood,0,2.4,5.5,8.7,14.1,22.9,20.6208,98.25,0.4795,723.0,0.0,409.0,,,,,success,,success
NEG-00226,1979-08-23,1979,Kerala,Kottayam,9.6287383,76.6455326,district,non_flood,0,0.0,0.0,0.0,0.0,0.0,25.5625,83.375,0.4523,40.0,3.14,97.0,,,,,success,,success
NEG-00227,1992-09-11,1992,Kerala,Idukki,9.8154785,76.9991599,district,non_flood,0,0.0,0.0,0.0,0.4,2.4,20.9,93.0833,0.4792,723.0,0.0,409.0,,,,,success,,success
NEG-00228,2019-06-14,2019,Tamil Nadu,"Chennai, Cuddalore, Coimbatore, Thanjavur",13.0836939,80.270186,district,non_flood,0,0.0,0.0,0.0,0.0,0.3,32.975,55.2083,0.138,10.0,2.82,28.0,261.138,0.0,0.0,0.0,success,,success
NEG-00229,2022-10-17,2022,Tamil Nadu,"Chengalpattu,Chennai, Dharmapuri, Dindigul, Kanniyakumariumari, Madurai, Nagapat",12.6840886,79.9836371,district,non_flood,0,0.0,0.9,2.9,3.2,3.9,26.75,84.4167,0.375,47.0,2.01,59.0,211.631,0.0,0.0,0.0,success,,success
NEG-00230,2021-11-17,2021,Tamil Nadu,"Chennai, Nagapattinam,Thanjavur",13.0836939,80.270186,district,non_flood,0,0.0,0.0,0.1,9.9,10.3,26.4958,85.1667,0.401,10.0,2.82,28.0,261.138,0.0,0.0,0.0,success,,success
NEG-00231,2007-12-12,2007,Tamil Nadu,"Thiruvallur, Chennai, Krishnagiri, Tiruvannamalai, Dharmapuri, Salem, Erode, The",13.2537619,80.0562572,district,non_flood,0,0.0,0.0,0.1,0.1,0.5,24.4,83.2083,0.325,26.0,1.99,21.0,253.889,0.0,0.0,0.0,success,,success
NEG-00232,2003-05-07,2003,Kerala,Kottayam,9.6287383,76.6455326,district,non_flood,0,0.0,0.0,0.0,0.4,5.6,26.0958,92.3333,0.4505,40.0,3.14,97.0,,,,,success,,success
NEG-00233,1979-06-30,1979,Kerala,Ernakulam,9.9837257,76.2740001,district,non_flood,0,0.0,0.4,1.5,2.8,7.1,26.1458,88.0833,0.4236,4.0,2.82,24.0,,,,,success,,success
NEG-00234,2001-07-01,2001,Kerala,"Kannur, Kasaragod, Kottayam, Kozhikode, Malappuram, Thiruvananthapuram",11.8763836,75.3737973,district,non_flood,0,0.5,1.7,4.2,9.7,16.6,24.6333,91.5833,0.3348,21.0,1.67,43.0,,,,,success,,success
NEG-00235,1974-07-20,1974,Kerala,"Idukki, Kottayam",9.8154785,76.9991599,district,non_flood,0,0.0,0.0,0.0,0.4,6.5,21.3583,91.0417,0.4819,723.0,0.0,409.0,,,,,success,,success
NEG-00236,2023-07-24,2023,Kerala,"Alappuzha, Malappuram",9.5003416,76.4123364,district,non_flood,0,0.4,0.7,2.2,7.9,13.2,24.8292,93.625,0.3159,1.0,1.32,35.0,,,,,success,,success
NEG-00237,2007-08-08,2007,Kerala,"Malappuram, Thiruvananthapuram,Thrissur",11.1065685,76.1101742,district,non_flood,0,0.4,1.2,2.6,4.7,18.6,23.6,93.0833,0.4539,47.0,9.32,83.0,,,,,success,,success
NEG-00238,2016-09-12,2016,Kerala,Kottayam,9.6287383,76.6455326,district,non_flood,0,0.0,0.1,0.2,0.2,1.6,24.9417,88.2917,0.4754,40.0,3.14,97.0,,,,,success,,success
NEG-00239,2012-09-22,2012,Kerala,Thiruvananthapuram,8.4882267,76.947551,district,non_flood,0,0.0,0.0,0.0,0.3,0.3,26.1083,81.7083,0.1763,21.0,5.01,43.0,,,,,success,,success
NEG-00240,1978-11-03,1978,Kerala,"Alappuzha, Idukki, Kottayam, Malappuram,Pathanamthitta",9.5003416,76.4123364,district,non_flood,0,5.7,18.9,35.8,43.0,60.8,25.4583,91.7083,0.3696,1.0,1.32,35.0,,,,,success,,success
NEG-00241,2022-11-28,2022,Kerala,Idukki,9.8154785,76.9991599,district,non_flood,0,0.0,0.0,0.0,2.0,5.0,21.85,88.875,0.4399,723.0,0.0,409.0,,,,,success,,success
NEG-00242,1983-12-16,1983,Kerala,Ernakulam,9.9837257,76.2740001,district,non_flood,0,0.0,0.0,0.0,0.0,0.2,26.425,81.5417,0.3414,4.0,2.82,24.0,,,,,success,,success
NEG-00243,2010-10-28,2010,Tamil Nadu,"Chennai, Chengalpattu,Dindigul",13.0836939,80.270186,district,non_flood,0,1.5,2.1,5.2,7.0,11.3,26.5167,85.7083,0.3694,10.0,2.82,28.0,261.138,0.0,0.0,0.0,success,,success
NEG-00244,2003-11-01,2003,Tamil Nadu,"Chengalpattu, Chennai, Nagapattinam, Thanjavur,Tiruchirappalli",12.6840886,79.9836371,district,non_flood,0,0.5,0.7,0.7,0.7,1.7,26.575,84.4583,0.3002,47.0,2.01,59.0,211.631,0.0,0.0,0.0,success,,success
NEG-00245,1969-12-05,1969,Tamil Nadu,"Thiruvallur, Chennai, Krishnagiri, Tiruvannamalai, Dharmapuri, Salem, Erode, The",13.2537619,80.0562572,district,non_flood,0,0.4,1.6,3.0,5.1,12.9,23.7667,91.0417,0.4255,26.0,1.99,21.0,253.889,0.0,0.0,0.0,success,,success
NEG-00246,2011-05-15,2011,Kerala,Thiruvananthapuram,8.4882267,76.947551,district,non_flood,0,0.0,0.0,0.0,0.1,0.7,27.3625,78.3333,0.1108,21.0,5.01,43.0,,,,,success,,success
NEG-00247,2001-06-28,2001,Kerala,Idukki,9.8154785,76.9991599,district,non_flood,0,0.6,0.9,1.5,3.9,7.3,21.0875,92.0833,0.5023,723.0,0.0,409.0,,,,,success,,success
NEG-00248,2016-07-02,2016,Kerala,"Idukki, Kasaragod, Kottayam, Malappuram, Palakkad, Thiruvananthapuram,Wayanad",9.8154785,76.9991599,district,non_flood,0,0.0,0.3,1.2,3.0,12.4,21.7125,93.9167,0.4774,723.0,0.0,409.0,,,,,success,,success
NEG-00249,1996-07-12,1996,Kerala,"Ernakulam, Idukki, Malappuram, Pathanamthitta,Thrissur",9.9837257,76.2740001,district,non_flood,0,0.2,0.6,1.8,5.8,22.6,24.7917,91.0417,0.4362,4.0,2.82,24.0,,,,,success,,success
NEG-00250,2013-10-10,2013,Kerala,"Kollam, Kottayam, Kozhikode, Malappuram, Pathanamthitta, Thiruvananthapuram,Waya",8.8870533,76.5906696,district,non_flood,0,0.0,0.2,0.7,1.5,6.2,25.6667,87.2917,0.2775,17.0,1.36,31.0,,,,,success,,success
NEG-00251,2019-11-01,2019,Kerala,"Idukki,Thiruvananthapuram",9.8154785,76.9991599,district,non_flood,0,0.0,0.2,1.6,4.6,127.6,20.4375,97.8333,0.5101,723.0,0.0,409.0,,,,,success,,success
NEG-00252,2018-11-11,2018,Kerala,"Palakkad,Pathanamthitta",10.7873692,76.4742172,district,non_flood,0,0.0,0.0,0.0,0.0,0.0,27.3792,71.25,0.3043,83.0,3.15,57.0,,,,,success,,success
NEG-00253,1971-10-11,1971,Tamil Nadu,Kanniyakumariumari,11.3323723,78.6098639,district,non_flood,0,0.3,0.5,0.5,9.5,9.9,23.4583,80.0,0.314,753.0,,,61.637,0.0,0.0,0.0,partial,slope/relief unavailable (open-elevation fallback; OpenTopography rate-limited),success
NEG-00254,2000-11-01,2000,Tamil Nadu,"Thiruvallur, Chennai, Krishnagiri, Tiruvannamalai, Dharmapuri, Salem, Erode, The",13.2537619,80.0562572,district,non_flood,0,0.0,0.0,0.0,0.0,0.0,26.4333,73.875,0.2133,26.0,1.99,21.0,253.889,0.0,0.0,0.0,success,,success
NEG-00255,2003-12-04,2003,Tamil Nadu,"Cuddalore, Madurai, Nagapattinam,Perambalur, Thanjavur, Tiruchirappalli, Tirunel",11.5202071,79.3396356,district,non_flood,0,0.0,0.0,0.0,0.0,0.0,23.4458,77.2917,0.3599,53.0,1.47,36.0,119.889,0.0,0.0,0.0,success,,success
NEG-00256,2008-02-05,2008,Kerala,Kollam,8.8870533,76.5906696,district,non_flood,0,0.2,2.3,4.9,5.3,5.5,26.6125,77.0417,0.1014,17.0,1.36,31.0,,,,,success,,success
NEG-00257,2009-05-25,2009,Kerala,"Idukki,Kottayam",9.8154785,76.9991599,district,non_flood,0,3.0,5.8,9.8,15.1,22.6,21.7083,96.2083,0.4824,723.0,0.0,409.0,,,,,success,,success
NEG-00258,1981-06-07,1981,Kerala,"Kasaragod, Wayanad, Kozhikode, Malappuram, Palakkad, Thrissur, Idukki, Ernakulam",12.4221964,75.1904446,district,non_flood,0,2.3,7.4,15.0,19.4,29.6,24.5875,91.9583,0.4804,83.0,9.45,223.0,,,,,success,,success
NEG-00259,1978-06-16,1978,Kerala,"Ernakulam, Idukki, Kasaragod, Kozhikode, Malappuram, Palakkad,Pathanamthitta",9.9837257,76.2740001,district,non_flood,0,1.6,6.3,14.8,23.4,44.5,24.3625,93.25,0.435,4.0,2.82,24.0,,,,,success,,success
NEG-00260,2010-07-17,2010,Kerala,"Idukki, Kannur, Kasaragod, Kollam, Palakkad, Pathanamthitta, Thiruvananthapuram,",9.8154785,76.9991599,district,non_flood,0,1.0,2.5,5.0,10.6,42.2,20.2167,99.5,0.477,723.0,0.0,409.0,,,,,success,,success
NEG-00261,1986-08-02,1986,Kerala,"Kasaragod, Kozhikode,Malappuram",12.4221964,75.1904446,district,non_flood,0,0.4,1.7,2.6,6.8,14.6,24.1792,92.2917,0.4823,83.0,9.45,223.0,,,,,success,,success
NEG-00262,2017-10-09,2017,Kerala,Kannur,11.8763836,75.3737973,district,non_flood,0,0.0,0.0,0.2,6.1,8.9,26.075,90.1667,0.3054,21.0,1.67,43.0,,,,,success,,success
NEG-00263,1969-10-18,1969,Kerala,"Kasaragod, Wayanad, Kozhikode, Malappuram, Palakkad, Thrissur, Idukki, Ernakulam",12.4221964,75.1904446,district,non_flood,0,0.0,0.3,0.6,0.8,5.6,24.6167,89.6667,0.4928,83.0,9.45,223.0,,,,,success,,success
NEG-00264,1990-05-05,1990,Tamil Nadu,Dindigul,10.4257161,77.8154728,district,non_flood,0,0.0,0.0,0.0,0.3,2.2,29.025,70.0,0.2316,303.0,,,8.738,0.0,18.0,30.0,partial,slope/relief unavailable (open-elevation fallback; OpenTopography rate-limited),success
NEG-00265,2008-11-21,2008,Tamil Nadu,"Karur, Nagapattinam, Perambalur, Pudukkottai, Thanjavur,Tiruchirappalli",10.8217671,78.3828654,district,non_flood,0,0.0,0.0,0.0,0.3,4.3,25.8,81.75,0.1702,125.0,,,77.559,0.0,0.0,0.0,partial,slope/relief unavailable (open-elevation fallback; OpenTopography rate-limited),success
NEG-00266,1991-04-08,1991,Kerala,Thiruvananthapuram,8.4882267,76.947551,district,non_flood,0,0.0,0.0,0.0,7.1,9.2,26.8417,82.4167,0.2177,21.0,5.01,43.0,,,,,success,,success
NEG-00267,1987-06-08,1987,Kerala,"Alappuzha, Idukki,Kannur",9.5003416,76.4123364,district,non_flood,0,0.0,0.0,1.3,6.5,7.7,27.8167,85.375,0.3155,1.0,1.32,35.0,,,,,success,,success
NEG-00268,1976-06-17,1976,Kerala,Alappuzha,9.5003416,76.4123364,district,non_flood,0,0.2,0.2,0.8,1.4,2.0,26.8208,86.4167,0.2982,1.0,1.32,35.0,,,,,success,,success
NEG-00269,2014-07-01,2014,Kerala,Kasaragod,12.4221964,75.1904446,district,non_flood,0,0.2,0.4,0.8,4.1,5.5,25.7417,89.25,0.4857,83.0,9.45,223.0,,,,,success,,success
NEG-00270,2010-07-07,2010,Kerala,"Idukki, Kollam, Pathanamthitta,Thiruvananthapuram",9.8154785,76.9991599,district,non_flood,0,0.0,0.0,0.0,0.1,2.4,21.2708,89.25,0.4732,723.0,0.0,409.0,,,,,success,,success
NEG-00271,2018-08-08,2018,Kerala,Kottayam,9.6287383,76.6455326,district,non_flood,0,0.8,2.9,6.6,9.5,20.1,23.6667,96.5833,0.5128,40.0,3.14,97.0,,,,,success,,success
NEG-00272,1978-08-22,1978,Kerala,"Alappuzha, Idukki, Kannur, Kasaragod, Kollam, Kottayam, Kozhikode, Malappuram, P",9.5003416,76.4123364,district,non_flood,0,0.7,2.8,4.6,7.4,18.1,24.2333,92.8333,0.3685,1.0,1.32,35.0,,,,,success,,success
NEG-00273,1976-02-24,1976,Tamil Nadu,"Chennai,Perambalur",13.0836939,80.270186,district,non_flood,0,0.0,0.0,0.0,0.0,0.0,24.5917,69.1667,0.1282,10.0,2.82,28.0,261.138,0.0,0.0,0.0,success,,success
NEG-00274,2018-06-08,2018,Tamil Nadu,Kanniyakumariumari,11.3323723,78.6098639,district,non_flood,0,0.0,0.0,0.0,0.0,0.4,25.1542,71.1667,0.3522,753.0,,,61.637,0.0,0.0,0.0,partial,slope/relief unavailable (open-elevation fallback; OpenTopography rate-limited),success
NEG-00275,1989-04-07,1989,Kerala,"Kottayam,Kozhikode",9.6287383,76.6455326,district,non_flood,0,0.0,0.0,0.0,0.0,0.2,28.7625,73.6667,0.3566,40.0,3.14,97.0,,,,,success,,success
NEG-00276,1975-05-26,1975,Kerala,"Alappuzha, Kollam,Kozhikode",9.5003416,76.4123364,district,non_flood,0,0.0,0.0,0.0,0.4,1.1,27.0292,87.125,0.3145,1.0,1.32,35.0,,,,,success,,success
NEG-00277,1996-06-08,1996,Kerala,Kasaragod,12.4221964,75.1904446,district,non_flood,0,0.1,0.4,0.5,0.9,5.3,25.9583,88.25,0.4908,83.0,9.45,223.0,,,,,success,,success
NEG-00278,2023-06-15,2023,Kerala,"Alappuzha, Kollam, Kozhikode, Malappuram,Wayanad",9.5003416,76.4123364,district,non_flood,0,0.1,0.1,0.1,0.1,2.3,26.6667,88.7083,0.2882,1.0,1.32,35.0,,,,,success,,success
NEG-00279,1977-07-08,1977,Kerala,"Alappuzha, Idukki, Kollam, Kottayam, Thiruvananthapuram,Thrissur",9.5003416,76.4123364,district,non_flood,0,0.4,0.8,2.9,6.5,11.1,25.6833,89.5417,0.3377,1.0,1.32,35.0,,,,,success,,success
NEG-00280,2009-09-22,2009,Kerala,Thiruvananthapuram,8.4882267,76.947551,district,non_flood,0,0.3,0.8,1.2,1.8,6.4,25.3667,88.7917,0.274,21.0,5.01,43.0,,,,,success,,success
NEG-00281,1976-11-10,1976,Kerala,Thiruvananthapuram,8.4882267,76.947551,district,non_flood,0,0.1,0.8,1.5,2.1,18.7,25.3125,86.875,0.3062,21.0,5.01,43.0,,,,,success,,success
NEG-00282,1996-07-06,1996,Uttarakhand,"Uttar Kashi Kashi, Chamoli, Dehradun, Tehri Garhwal, Rudra Prayag, Pithoragarh, ",30.0417376,79.089691,district,non_flood,0,0.0,0.0,0.2,0.8,2.4,18.5417,83.0833,0.4577,2041.0,30.37,706.0,,,,,success,,success
NEG-00283,2010-07-16,2010,Uttarakhand,"Uttar Kashi Kashi, Chamoli, Dehradun, Tehri Garhwal, Rudra Prayag, Pithoragarh, ",30.0417376,79.089691,district,non_flood,0,0.2,0.5,1.3,2.7,12.8,19.3458,90.875,0.4728,2041.0,30.37,706.0,,,,,success,,success
NEG-00284,2006-07-18,2006,Uttarakhand,Rudra Prayag,30.0417376,79.089691,district,non_flood,0,0.0,0.2,1.6,3.0,8.8,18.975,89.4583,0.4897,2041.0,30.37,706.0,,,,,success,,success
NEG-00285,2023-08-04,2023,Uttarakhand,"Azamgarh,Bahraich",30.0417376,79.089691,district,non_flood,0,0.0,0.0,0.2,1.7,11.9,19.1,90.0,0.4972,2041.0,30.37,706.0,,,,,success,,success
NEG-00286,2006-09-01,2006,Uttarakhand,East Uttar Kashi Pradesh,30.0417376,79.089691,district,non_flood,0,0.0,0.0,0.0,0.2,7.2,17.7375,85.375,0.481,2041.0,30.37,706.0,,,,,success,,success
NEG-00287,1976-06-11,1976,Kerala,"Kollam, Kozhikode,Thrissur",8.8870533,76.5906696,district,non_flood,0,0.0,0.0,0.2,0.9,2.2,25.7708,86.5833,0.2676,17.0,1.36,31.0,,,,,success,,success
NEG-00288,2011-07-12,2011,Kerala,Kannur,11.8763836,75.3737973,district,non_flood,0,0.7,2.1,2.6,12.0,24.5,25.0625,90.25,0.3367,21.0,1.67,43.0,,,,,success,,success
NEG-00289,2016-08-16,2016,Kerala,"Kottayam, Kozhikode,Palakkad",9.6287383,76.6455326,district,non_flood,0,0.2,0.6,1.1,1.5,7.7,24.8125,90.3333,0.5032,40.0,3.14,97.0,,,,,success,,success
NEG-00290,1994-10-12,1994,Kerala,Kasaragod,12.4221964,75.1904446,district,non_flood,0,0.0,0.2,1.3,2.4,16.7,24.925,91.1667,0.4899,83.0,9.45,223.0,,,,,success,,success
NEG-00291,2005-10-13,2005,Kerala,"Kannur, Kasaragod, Kozhikode,Thiruvananthapuram",11.8763836,75.3737973,district,non_flood,0,2.1,7.4,13.4,16.1,22.9,25.2708,88.875,0.3348,21.0,1.67,43.0,,,,,success,,success
NEG-00292,1989-01-31,1989,Tamil Nadu,"Cuddalore, Nagapattinam, Pudukkottai, Ramanathapuram, Thanjavur, Thiruvarur,Tiru",11.5202071,79.3396356,district,non_flood,0,0.0,0.0,0.0,0.0,0.0,23.85,66.6667,0.1273,53.0,1.47,36.0,119.889,0.0,0.0,0.0,success,,success
NEG-00293,1990-10-27,1990,Tamil Nadu,Many parts,11.3323723,78.6098639,district,non_flood,0,0.2,0.3,1.1,3.5,4.8,21.6583,88.0,0.3641,753.0,,,61.637,0.0,0.0,0.0,partial,slope/relief unavailable (open-elevation fallback; OpenTopography rate-limited),success
NEG-00294,1970-11-01,1970,Tamil Nadu,"Chennai, Coimbatore, Namakkal, Perambalur, Pudukkottai, Thanjavur, Theni, Thiruv",13.0836939,80.270186,district,non_flood,0,0.0,0.0,0.0,0.0,0.8,27.2292,77.5417,0.1843,10.0,2.82,28.0,261.138,0.0,0.0,0.0,success,,success
NEG-00295,1989-08-11,1989,Uttarakhand,"Tehri Garhwal,Uttar Kashi Kashi",30.4658181,78.4837349,district,non_flood,0,0.9,1.7,3.2,3.9,8.6,19.2708,90.5833,0.4956,1703.0,41.77,869.0,,,,,success,,success
NEG-00296,2011-09-12,2011,Uttarakhand,"Haridwar,Nainital",29.9384473,78.1452985,district,non_flood,0,0.2,0.2,1.3,1.3,8.9,27.1875,83.625,0.3873,290.0,,,,,,,partial,slope/relief unavailable (open-elevation fallback; OpenTopography rate-limited),success
NEG-00297,2017-06-18,2017,Kerala,"Kannur, Kasaragod, Kozhikode,Thiruvananthapuram",11.8763836,75.3737973,district,non_flood,0,0.0,0.0,0.0,0.9,6.1,26.2167,90.1667,0.3068,21.0,1.67,43.0,,,,,success,,success
NEG-00298,1986-07-04,1986,Kerala,Kottayam,9.6287383,76.6455326,district,non_flood,0,0.0,0.0,0.0,1.5,3.4,25.3958,88.125,0.4892,40.0,3.14,97.0,,,,,success,,success
NEG-00299,1997-07-06,1997,Kerala,"Kasaragod, Kottayam,Palakkad",12.4221964,75.1904446,district,non_flood,0,0.1,0.8,2.6,8.4,18.2,24.1833,95.2083,0.4824,83.0,9.45,223.0,,,,,success,,success
NEG-00300,2009-07-15,2009,Kerala,Kasaragod,12.4221964,75.1904446,district,non_flood,0,2.6,9.1,13.5,22.0,39.6,24.1542,94.6667,0.4693,83.0,9.45,223.0,,,,,success,,success
NEG-00301,1986-10-02,1986,Kerala,Thrissur,10.5270099,76.214621,district,non_flood,0,0.0,0.0,0.0,3.8,9.9,25.2833,88.4583,0.4555,22.0,4.19,39.0,,,,,success,,success
NEG-00302,1981-10-05,1981,Kerala,"Idukki, Kollam,Thiruvananthapuram",9.8154785,76.9991599,district,non_flood,0,0.0,0.0,0.0,0.4,4.2,21.4708,90.9167,0.4564,723.0,0.0,409.0,,,,,success,,success
NEG-00303,1992-10-23,1992,Kerala,Palakkad,10.7873692,76.4742172,district,non_flood,0,0.0,0.0,0.0,0.6,2.0,24.9792,91.6667,0.4748,83.0,3.15,57.0,,,,,success,,success
NEG-00304,1989-06-25,1989,Tamil Nadu,South Tripura,11.3323723,78.6098639,district,non_flood,0,0.0,0.0,0.0,1.1,1.6,24.95,67.2917,0.2025,753.0,,,61.637,0.0,0.0,0.0,partial,slope/relief unavailable (open-elevation fallback; OpenTopography rate-limited),success
NEG-00305,1995-07-04,1995,Uttarakhand,"Dehradun,Tehri Garhwal",30.3255646,78.0436813,district,non_flood,0,3.5,10.5,21.0,25.5,43.8,24.9958,87.2917,0.4256,672.0,3.84,53.0,,,,,success,,success
NEG-00306,1972-09-21,1972,Uttarakhand,Pithoragarh,29.585871,80.215167,district,non_flood,0,0.0,0.0,0.0,0.1,0.1,19.2417,69.5833,0.4057,1612.0,,,,,,,partial,slope/relief unavailable (open-elevation fallback; OpenTopography rate-limited),success
NEG-00307,1971-06-04,1971,Kerala,"Idukki, Kannur, Kollam, Kottayam, Kozhikode, Malappuram, Palakkad , Thrissur,Thi",9.8154785,76.9991599,district,non_flood,0,0.0,0.2,0.5,1.1,2.9,21.4,87.0,0.4888,723.0,0.0,409.0,,,,,success,,success
NEG-00308,1995-07-04,1995,Kerala,Kannur,11.8763836,75.3737973,district,non_flood,0,0.1,0.2,0.2,1.3,3.7,26.325,87.375,0.296,21.0,1.67,43.0,,,,,success,,success
NEG-00309,2002-07-07,2002,Kerala,"Thiruvananthapuram,Wayanad",8.4882267,76.947551,district,non_flood,0,0.0,0.0,0.0,0.0,1.6,25.8417,84.25,0.2086,21.0,5.01,43.0,,,,,success,,success
NEG-00310,1999-07-19,1999,Kerala,Thiruvananthapuram,8.4882267,76.947551,district,non_flood,0,0.8,2.6,7.4,17.3,46.2,23.9042,92.375,0.3433,21.0,5.01,43.0,,,,,success,,success
NEG-00311,1984-08-03,1984,Kerala,"Idukki, Kannur, Kasaragod, Kollam, Kozhikode, Malappuram, Palakkad,Wayanad",9.8154785,76.9991599,district,non_flood,0,0.2,0.6,0.8,2.3,13.1,20.3833,92.5417,0.5038,723.0,0.0,409.0,,,,,success,,success
NEG-00312,1972-10-04,1972,Kerala,"Alappuzha, Ernakulam,Thrissur",9.5003416,76.4123364,district,non_flood,0,0.8,1.7,3.9,8.3,21.2,25.2333,91.3333,0.3605,1.0,1.32,35.0,,,,,success,,success
NEG-00313,2016-09-20,2016,Tamil Nadu,Chennai,13.0836939,80.270186,district,non_flood,0,0.0,0.0,0.0,0.0,0.0,29.7292,69.9583,0.218,10.0,2.82,28.0,261.138,0.0,0.0,0.0,success,,success
NEG-00314,1994-10-30,1994,Tamil Nadu,"Thanjavur, Thiruvarur,Viluppuram",10.659037,79.2014278,district,non_flood,0,0.0,0.0,0.0,0.4,2.4,25.1792,88.5833,0.405,37.0,1.32,20.0,158.552,0.0,0.0,0.0,success,,success
NEG-00315,1984-11-05,1984,Tamil Nadu,Thiruvarur,10.6878621,79.4979437,district,non_flood,0,0.2,0.5,0.9,2.2,3.4,25.8458,82.0,0.2228,16.0,,,180.449,0.0,0.0,0.0,partial,slope/relief unavailable (open-elevation fallback; OpenTopography rate-limited),success
NEG-00316,2011-11-09,2011,Tamil Nadu,Chennai,13.0836939,80.270186,district,non_flood,0,0.0,0.0,0.0,0.0,0.0,24.6125,73.875,0.3353,10.0,2.82,28.0,261.138,0.0,0.0,0.0,success,,success
NEG-00317,1986-11-23,1986,Tamil Nadu,Nagapattinam,10.6026203,79.7619348,district,non_flood,0,0.1,0.3,0.6,0.7,1.0,25.6875,80.2917,0.1565,1.0,,,208.548,0.0,0.0,0.0,partial,slope/relief unavailable (open-elevation fallback; OpenTopography rate-limited),success
NEG-00318,1987-05-29,1987,Uttarakhand,Bageshwar,30.0087902,79.9280183,district,non_flood,0,0.0,0.0,0.0,0.5,2.3,19.925,49.8333,0.3152,1819.0,,,,,,,partial,slope/relief unavailable (open-elevation fallback; OpenTopography rate-limited),success
NEG-00319,2006-06-01,2006,Uttarakhand,Almora,29.702651,79.4326318,district,non_flood,0,0.0,0.0,0.0,0.6,11.5,23.5042,79.875,0.475,1142.0,16.65,255.0,,,,,success,,success
NEG-00320,2017-07-06,2017,Uttarakhand,Chamoli,30.4985956,79.6190537,district,non_flood,0,0.5,1.5,1.6,2.0,5.9,20.4375,87.0833,0.4096,1853.0,23.8,928.0,,,,,success,,success
NEG-00321,2007-07-28,2007,Uttarakhand,"Tehri Garhwal,Uttar Kashi Kashi",30.4658181,78.4837349,district,non_flood,0,0.0,0.0,0.8,4.1,8.5,19.3083,94.125,0.4936,1703.0,41.77,869.0,,,,,success,,success
NEG-00322,2020-08-26,2020,Uttarakhand,Udam Singh Nagar,30.0417376,79.089691,district,non_flood,0,0.0,0.0,0.0,0.7,7.5,18.9708,92.5833,0.5015,2041.0,30.37,706.0,,,,,success,,success
NEG-00323,2003-02-01,2003,Kerala,Thiruvananthapuram,8.4882267,76.947551,district,non_flood,0,0.0,0.0,0.0,0.0,0.0,25.6208,69.0833,0.053,21.0,5.01,43.0,,,,,success,,success
NEG-00324,1994-03-15,1994,Kerala,Thiruvananthapuram,8.4882267,76.947551,district,non_flood,0,0.0,0.0,0.0,2.1,4.6,26.3958,81.2083,0.0744,21.0,5.01,43.0,,,,,success,,success
NEG-00325,1985-04-04,1985,Kerala,Southern parts,10.3528744,76.5120396,district,non_flood,0,0.0,0.0,0.0,3.4,5.5,27.8,77.25,0.442,144.0,22.21,330.0,,,,,success,,success
NEG-00326,2010-04-06,2010,Kerala,"Thiruvananthapuram,Wayanad",8.4882267,76.947551,district,non_flood,0,0.0,0.0,0.0,4.1,37.2,26.7,86.75,0.2694,21.0,5.01,43.0,,,,,success,,success
NEG-00327,1976-04-12,1976,Kerala,Thiruvananthapuram,8.4882267,76.947551,district,non_flood,0,0.0,0.1,0.2,0.6,3.0,27.1667,79.2917,0.1303,21.0,5.01,43.0,,,,,success,,success
NEG-00328,1979-04-15,1979,Kerala,"Thiruvananthapuram,Wayanad",8.4882267,76.947551,district,non_flood,0,0.0,0.0,1.0,4.2,6.8,27.0792,82.8333,0.1474,21.0,5.01,43.0,,,,,success,,success
NEG-00329,2004-05-02,2004,Kerala,Wayanad,11.7151291,76.1271185,district,non_flood,0,0.0,0.0,0.0,0.0,0.0,24.5875,84.9167,0.4785,757.0,7.78,77.0,,,,,success,,success
NEG-00330,2017-05-17,2017,Kerala,Thiruvananthapuram,8.4882267,76.947551,district,non_flood,0,0.1,0.8,0.9,1.3,2.2,27.9125,84.75,0.1859,21.0,5.01,43.0,,,,,success,,success
NEG-00331,1999-05-29,1999,Kerala,Wayanad,11.7151291,76.1271185,district,non_flood,0,0.0,0.0,0.0,0.2,2.4,22.175,90.7917,0.4813,757.0,7.78,77.0,,,,,success,,success
NEG-00332,1979-06-01,1979,Kerala,"Kollam, Thiruvananthapuram,Wayanad",8.8870533,76.5906696,district,non_flood,0,0.0,0.1,0.3,0.8,1.2,27.7125,81.0417,0.2255,17.0,1.36,31.0,,,,,success,,success
NEG-00333,1994-06-15,1994,Kerala,"Alappuzha, Ernakulam, Kannur, Kasaragod, Kollam, Kottayam, Palakkad,Thiruvananth",9.5003416,76.4123364,district,non_flood,0,0.8,1.5,3.0,6.0,15.1,25.7125,90.6667,0.3536,1.0,1.32,35.0,,,,,success,,success
NEG-00334,2015-07-01,2015,Kerala,Kozhikode,11.2450558,75.7754716,district,non_flood,0,0.4,1.1,1.5,2.3,2.3,26.1208,87.5,0.2827,13.0,1.98,29.0,,,,,success,,success
NEG-00335,1983-07-01,1983,Kerala,Kollam,8.8870533,76.5906696,district,non_flood,0,0.0,0.0,0.0,0.0,1.4,26.4458,87.0833,0.2934,17.0,1.36,31.0,,,,,success,,success
NEG-00337,1987-07-07,1987,Kerala,"Kozhikode, Malappuram,Wayanad",11.2450558,75.7754716,district,non_flood,0,2.0,3.9,6.1,8.5,25.5,25.3417,89.5,0.3274,13.0,1.98,29.0,,,,,success,,success
NEG-00338,2011-07-20,2011,Kerala,Kozhikode,11.2450558,75.7754716,district,non_flood,0,0.5,1.9,3.5,15.1,30.8,24.7792,92.5833,0.3473,13.0,1.98,29.0,,,,,success,,success
NEG-00339,1977-07-22,1977,Kerala,"Alappuzha, Ernakulam, Idukki, Kollam, Kottayam, Thiruvananthapuram, Thrissur,Way",9.5003416,76.4123364,district,non_flood,0,0.2,1.3,3.3,7.1,16.8,24.6583,93.5833,0.3712,1.0,1.32,35.0,,,,,success,,success
NEG-00340,1993-09-07,1993,Kerala,Thiruvananthapuram,8.4882267,76.947551,district,non_flood,0,0.0,0.0,0.0,0.0,0.8,24.4958,87.0417,0.2282,21.0,5.01,43.0,,,,,success,,success
NEG-00341,2011-10-02,2011,Kerala,Wayanad,11.7151291,76.1271185,district,non_flood,0,0.0,0.0,0.0,0.0,1.8,22.6083,88.5,0.4152,757.0,7.78,77.0,,,,,success,,success
NEG-00342,2007-10-07,2007,Kerala,Wayanad,11.7151291,76.1271185,district,non_flood,0,0.0,0.0,0.0,0.0,2.5,21.0292,89.5833,0.4603,757.0,7.78,77.0,,,,,success,,success
NEG-00343,1990-10-08,1990,Kerala,"Kollam, Thiruvananthapuram,Wayanad",8.8870533,76.5906696,district,non_flood,0,0.0,0.2,0.7,1.6,3.5,26.1917,84.9583,0.2343,17.0,1.36,31.0,,,,,success,,success
NEG-00344,2015-10-22,2015,Kerala,"Kannur,Wayanad",11.8763836,75.3737973,district,non_flood,0,0.1,0.3,2.8,3.1,3.6,26.9542,87.6667,0.2466,21.0,1.67,43.0,,,,,success,,success
NEG-00345,1978-11-08,1978,Kerala,Ernakulam ant Thiruvananthapuram,10.3528744,76.5120396,district,non_flood,0,0.0,0.0,0.0,0.4,4.3,24.7875,89.4167,0.4875,144.0,22.21,330.0,,,,,success,,success
NEG-00346,2013-12-08,2013,Kerala,Thiruvananthapuram,8.4882267,76.947551,district,non_flood,0,0.0,0.0,0.0,0.0,0.4,25.8042,81.3333,0.2279,21.0,5.01,43.0,,,,,success,,success
NEG-00347,1970-04-07,1970,Tamil Nadu,"Kanniyakumariumari, Namakkal, The Nilgiris,Tiruchirappalli",11.3323723,78.6098639,district,non_flood,0,0.0,0.1,0.1,1.4,1.4,24.1708,75.4167,0.2904,753.0,,,61.637,0.0,0.0,0.0,partial,slope/relief unavailable (open-elevation fallback; OpenTopography rate-limited),success
NEG-00348,1999-10-13,1999,Tamil Nadu,Chennai,13.0836939,80.270186,district,non_flood,0,0.0,0.0,0.0,0.0,0.0,27.5375,80.0417,0.3145,10.0,2.82,28.0,261.138,0.0,0.0,0.0,success,,success
NEG-00349,1993-10-15,1993,Tamil Nadu,"Thiruvallur, Chennai, Krishnagiri, Tiruvannamalai, Dharmapuri, Salem, Erode, The",13.2537619,80.0562572,district,non_flood,0,1.2,1.6,2.3,2.7,6.5,25.9875,87.125,0.3998,26.0,1.99,21.0,253.889,0.0,0.0,0.0,success,,success
NEG-00350,1997-11-09,1997,Tamil Nadu,"Chennai, Cuddalore, Kancheepuram, Nagapattinam, Pudukkottai, Tiruchirappalli, Th",13.0836939,80.270186,district,non_flood,0,0.2,0.5,0.8,3.5,15.3,25.0292,91.6667,0.4081,10.0,2.82,28.0,261.138,0.0,0.0,0.0,success,,success
NEG-00351,2003-11-22,2003,Tamil Nadu,Nagapattinam,10.6026203,79.7619348,district,non_flood,0,3.5,9.7,17.1,69.5,123.6,24.8292,88.9583,0.3657,1.0,,,208.548,0.0,0.0,0.0,partial,slope/relief unavailable (open-elevation fallback; OpenTopography rate-limited),success
NEG-00352,1993-11-24,1993,Tamil Nadu,"Thiruvallur, Chennai, Krishnagiri, Tiruvannamalai, Dharmapuri, Salem, Erode, The",13.2537619,80.0562572,district,non_flood,0,0.0,0.0,0.5,1.6,2.5,25.9333,76.6667,0.318,26.0,1.99,21.0,253.889,0.0,0.0,0.0,success,,success
NEG-00353,1987-12-03,1987,Tamil Nadu,"Chennai, Kancheepuram,Thiruvallur",13.0836939,80.270186,district,non_flood,0,1.0,2.8,3.2,3.2,3.2,25.7833,72.8333,0.2543,10.0,2.82,28.0,261.138,0.0,0.0,0.0,success,,success
NEG-00354,1968-12-06,1968,Tamil Nadu,Thiruvallur,13.2537619,80.0562572,district,non_flood,0,0.2,0.2,0.6,2.7,4.3,24.4375,88.9167,0.3423,26.0,1.99,21.0,253.889,0.0,0.0,0.0,success,,success
NEG-00355,2004-12-08,2004,Tamil Nadu,"Cuddalore, Nagapattinam, Tiruchirappalli,Thiruvarur",11.5202071,79.3396356,district,non_flood,0,0.0,0.0,0.0,0.0,0.0,24.0917,70.7083,0.267,53.0,1.47,36.0,119.889,0.0,0.0,0.0,success,,success
NEG-00356,2007-12-11,2007,Tamil Nadu,"Ramanathapuram, Thanjavur,Thiruvarur",9.5205576,78.5184635,district,non_flood,0,0.0,0.0,0.0,0.0,0.0,25.8208,74.5833,0.2332,46.0,2.39,17.0,88.178,0.0,0.0,0.0,success,,success
NEG-00357,1974-06-30,1974,Uttarakhand,Chamoli,30.4985956,79.6190537,district,non_flood,0,0.1,1.9,3.6,4.3,5.6,18.7292,85.6667,0.3788,1853.0,23.8,928.0,,,,,success,,success
NEG-00358,2017-07-06,2017,Uttarakhand,Banda,30.4746788,78.3126068,district,non_flood,0,0.0,2.6,3.0,4.2,5.5,22.0,82.2083,0.4932,1636.0,,,,,,,partial,slope/relief unavailable (open-elevation fallback; OpenTopography rate-limited),success
NEG-00359,2010-07-14,2010,Uttarakhand,"Uttar Kashi Kashi, Chamoli, Dehradun, Tehri Garhwal, Rudra Prayag, Pithoragarh, ",30.0417376,79.089691,district,non_flood,0,0.0,0.0,0.4,0.5,8.1,19.2,84.6667,0.4587,2041.0,30.37,706.0,,,,,success,,success
NEG-00360,1992-07-21,1992,Uttarakhand,"Uttar Kashi Kashi, Chamoli, Dehradun, Tehri Garhwal, Rudra Prayag, Pithoragarh, ",30.0417376,79.089691,district,non_flood,0,0.0,0.0,2.9,6.1,14.5,18.6125,88.125,0.4843,2041.0,30.37,706.0,,,,,success,,success
NEG-00361,2016-07-22,2016,Uttarakhand,Tehri Garhwal,30.4658181,78.4837349,district,non_flood,0,1.0,4.6,7.0,7.6,12.0,20.2917,93.9167,0.4895,1703.0,41.77,869.0,,,,,success,,success
NEG-00362,2016-08-03,2016,Uttarakhand,Tehri Garhwal,30.4658181,78.4837349,district,non_flood,0,0.2,0.3,0.5,0.5,2.0,19.7333,82.8333,0.4928,1703.0,41.77,869.0,,,,,success,,success
NEG-00363,1975-08-05,1975,Uttarakhand,Pithoragarh,29.585871,80.215167,district,non_flood,0,2.0,4.7,7.4,7.7,13.7,19.2458,86.5417,0.4952,1612.0,,,,,,,partial,slope/relief unavailable (open-elevation fallback; OpenTopography rate-limited),success
NEG-00364,2006-09-05,2006,Uttarakhand,Bageshwar,30.0087902,79.9280183,district,non_flood,0,0.0,0.0,0.0,0.0,0.0,19.6333,73.3333,0.4592,1819.0,,,,,,,partial,slope/relief unavailable (open-elevation fallback; OpenTopography rate-limited),success
NEG-00365,1997-09-25,1997,Uttarakhand,"Dehradun, Haridwar, Moradabad,Muzaffarnagar,Dehradun, Haridwar,Nainital",30.3255646,78.0436813,district,non_flood,0,0.0,0.0,0.0,0.0,0.0,22.7708,79.75,0.3391,672.0,3.84,53.0,,,,,success,,success
NEG-00366,1998-03-05,1998,Kerala,Wayanad,11.7151291,76.1271185,district,non_flood,0,0.0,0.0,0.0,0.0,0.0,25.6,62.5417,0.2942,757.0,7.78,77.0,,,,,success,,success
NEG-00367,2008-05-23,2008,Kerala,Kozhikode,11.2450558,75.7754716,district,non_flood,0,0.2,0.5,2.1,5.2,10.9,25.775,88.9583,0.3123,13.0,1.98,29.0,,,,,success,,success
NEG-00368,1987-05-27,1987,Kerala,"Alappuzha, Kannur, Kasaragod, Kollam, Kottayam, Kozhikode, Malappuram, Thiruvana",9.5003416,76.4123364,district,non_flood,0,0.0,1.7,1.7,2.3,8.5,28.05,84.75,0.2847,1.0,1.32,35.0,,,,,success,,success
NEG-00369,1979-06-01,1979,Kerala,"Alappuzha, Ernakulam, Kannur, Kollam, Kozhikode, Palakkad, Thrissur,Wayanad",9.5003416,76.4123364,district,non_flood,0,0.0,0.4,0.4,0.4,1.2,27.4375,84.1667,0.2592,1.0,1.32,35.0,,,,,success,,success
NEG-00370,1997-06-23,1997,Kerala,"Alappuzha, Kozhikode, Malappuram,Thiruvananthapuram",9.5003416,76.4123364,district,non_flood,0,0.1,0.1,0.3,6.9,8.1,26.8875,87.625,0.3178,1.0,1.32,35.0,,,,,success,,success
NEG-00371,2014-06-29,2014,Kerala,Malappuram,11.1065685,76.1101742,district,non_flood,0,0.4,0.7,2.2,4.2,6.6,26.2042,88.125,0.4647,47.0,9.32,83.0,,,,,success,,success
NEG-00372,2021-07-01,2021,Kerala,"Kannur,Wayanad",11.8763836,75.3737973,district,non_flood,0,0.7,0.7,0.7,0.7,1.3,27.4333,86.25,0.2365,21.0,1.67,43.0,,,,,success,,success
NEG-00373,1971-07-04,1971,Kerala,"Malikkeri,Wayanad",10.3528744,76.5120396,district,non_flood,0,0.1,0.2,0.5,3.7,17.7,23.2542,95.75,0.4799,144.0,22.21,330.0,,,,,success,,success
NEG-00374,1985-07-05,1985,Kerala,Wayanad,11.7151291,76.1271185,district,non_flood,0,0.0,0.0,0.1,0.2,2.6,20.8792,93.3333,0.4975,757.0,7.78,77.0,,,,,success,,success
NEG-00375,1975-08-13,1975,Kerala,Wayanad,11.7151291,76.1271185,district,non_flood,0,0.6,1.6,2.7,6.5,18.4,20.5208,98.0833,0.4808,757.0,7.78,77.0,,,,,success,,success
NEG-00376,1991-09-22,1991,Kerala,Thiruvananthapuram,8.4882267,76.947551,district,non_flood,0,0.0,0.2,0.4,0.4,0.7,25.8,82.3333,0.1097,21.0,5.01,43.0,,,,,success,,success
NEG-00377,1993-09-25,1993,Kerala,"Kollam, Kottayam, Palakkad, Pathanamthitta,Thiruvananthapuram",8.8870533,76.5906696,district,non_flood,0,0.0,0.0,0.0,0.0,1.5,25.925,85.7083,0.2481,17.0,1.36,31.0,,,,,success,,success
NEG-00378,1986-10-18,1986,Kerala,Thiruvananthapuram,8.4882267,76.947551,district,non_flood,0,0.3,0.4,0.4,1.2,3.6,25.5292,87.3333,0.2558,21.0,5.01,43.0,,,,,success,,success
NEG-00379,2005-10-28,2005,Kerala,Thiruvananthapuram,8.4882267,76.947551,district,non_flood,0,0.1,0.5,0.5,0.5,0.7,25.8875,80.4583,0.2505,21.0,5.01,43.0,,,,,success,,success
NEG-00380,1978-11-04,1978,Kerala,Wayanad,11.7151291,76.1271185,district,non_flood,0,0.0,0.0,0.0,0.0,0.6,22.025,87.25,0.4817,757.0,7.78,77.0,,,,,success,,success
NEG-00381,1976-11-08,1976,Kerala,Thiruvananthapuram,8.4882267,76.947551,district,non_flood,0,1.6,6.5,10.4,17.2,41.8,24.4917,88.875,0.3234,21.0,5.01,43.0,,,,,success,,success
NEG-00382,1987-11-21,1987,Kerala,Thiruvananthapuram,8.4882267,76.947551,district,non_flood,0,0.0,0.0,0.0,0.0,53.8,24.575,88.125,0.3388,21.0,5.01,43.0,,,,,success,,success
NEG-00383,1976-11-25,1976,Kerala,Kottayam,9.6287383,76.6455326,district,non_flood,0,0.1,0.6,0.9,1.4,2.7,24.4583,90.7083,0.463,40.0,3.14,97.0,,,,,success,,success
NEG-00384,1979-05-13,1979,Tamil Nadu,Salem,11.6469616,78.2106958,district,non_flood,0,0.0,0.0,0.0,0.0,0.0,28.7583,66.3333,0.1253,394.0,,,10.853,0.0,0.0,12.0,partial,slope/relief unavailable (open-elevation fallback; OpenTopography rate-limited),success
NEG-00385,1995-10-22,1995,Tamil Nadu,"Chennai, Madurai, Nagapattinam,Tirunelveli, Tiruvannamalai, Thoothukkudi,Viluppu",13.0836939,80.270186,district,non_flood,0,0.0,0.2,0.9,0.9,2.2,26.9792,84.4167,0.3878,10.0,2.82,28.0,261.138,0.0,0.0,0.0,success,,success
NEG-00386,2000-11-09,2000,Tamil Nadu,The Nilgiris,11.4,76.7,district,non_flood,0,0.0,0.0,0.0,0.0,0.0,15.0667,74.0,0.3317,2232.0,11.52,253.0,0.892,52.0,168.0,671.0,success,,success
NEG-00387,1983-11-18,1983,Tamil Nadu,Nagapattinam,10.6026203,79.7619348,district,non_flood,0,1.0,2.8,5.4,6.4,6.6,26.475,79.3333,0.1597,1.0,,,208.548,0.0,0.0,0.0,partial,slope/relief unavailable (open-elevation fallback; OpenTopography rate-limited),success
NEG-00388,1976-06-07,1976,Uttarakhand,Lucknow,30.0417376,79.089691,district,non_flood,0,0.0,2.8,3.4,5.8,24.1,17.5375,86.8333,0.4747,2041.0,30.37,706.0,,,,,success,,success
NEG-00389,1997-02-26,1997,Kerala,Kollam,8.8870533,76.5906696,district,non_flood,0,0.0,0.0,0.0,0.0,0.0,27.7333,63.1667,0.0726,17.0,1.36,31.0,,,,,success,,success
NEG-00390,1974-04-21,1974,Kerala,Wayanad,11.7151291,76.1271185,district,non_flood,0,0.0,0.0,0.0,0.0,1.3,25.0375,82.125,0.3957,757.0,7.78,77.0,,,,,success,,success
NEG-00391,1985-06-07,1985,Kerala,Wayanad,11.7151291,76.1271185,district,non_flood,0,0.4,0.7,1.6,2.9,3.2,21.325,94.625,0.4971,757.0,7.78,77.0,,,,,success,,success
NEG-00392,1975-06-10,1975,Kerala,Wayanad,11.7151291,76.1271185,district,non_flood,0,0.0,0.0,0.0,0.0,1.0,23.0,86.1667,0.4792,757.0,7.78,77.0,,,,,success,,success
NEG-00393,1977-06-14,1977,Kerala,Kasaragod,12.4221964,75.1904446,district,non_flood,0,0.3,1.2,1.2,3.3,7.4,25.4125,88.5833,0.4868,83.0,9.45,223.0,,,,,success,,success
NEG-00394,2020-06-22,2020,Kerala,"Alappuzha, Ernakulam,  Idukki, Kannur, Kasaragod, Kottayam, Kozhikode, Malappura",9.5003416,76.4123364,district,non_flood,0,0.9,4.2,5.2,12.8,39.5,25.6625,94.25,0.348,1.0,1.32,35.0,,,,,success,,success
NEG-00395,2011-06-28,2011,Kerala,Wayanad,11.7151291,76.1271185,district,non_flood,0,1.2,3.8,8.7,12.5,18.6,21.0958,96.25,0.4871,757.0,7.78,77.0,,,,,success,,success
NEG-00396,1996-07-01,1996,Kerala,Idukki,9.8154785,76.9991599,district,non_flood,0,0.0,0.0,0.0,0.3,0.5,22.2,85.5833,0.4598,723.0,0.0,409.0,,,,,success,,success
NEG-00397,2002-07-02,2002,Kerala,"Ernakulam, Idukki, Kollam, Wayanad",9.9837257,76.2740001,district,non_flood,0,0.0,0.6,1.3,3.9,13.7,25.5667,90.25,0.4241,4.0,2.82,24.0,,,,,success,,success
NEG-00398,2010-07-04,2010,Kerala,Wayanad,11.7151291,76.1271185,district,non_flood,0,0.8,3.0,5.7,10.7,30.0,20.8875,99.2917,0.4696,757.0,7.78,77.0,,,,,success,,success
NEG-00399,1979-07-14,1979,Kerala,"Alappuzha, Idukki, Kannur, Kottayam, Kozhikode, Malappuram, Pathanamthitta, Thir",9.5003416,76.4123364,district,non_flood,0,0.4,0.7,1.7,5.1,21.3,24.875,93.2083,0.3713,1.0,1.32,35.0,,,,,success,,success
NEG-00400,2015-07-26,2015,Kerala,Wayanad,11.7151291,76.1271185,district,non_flood,0,0.4,1.3,1.5,3.9,10.5,20.8833,97.3333,0.4812,757.0,7.78,77.0,,,,,success,,success
NEG-00401,2023-09-09,2023,Kerala,Thiruvananthapuram,8.4882267,76.947551,district,non_flood,0,1.5,8.4,10.4,12.1,19.0,25.2375,90.5417,0.3142,21.0,5.01,43.0,,,,,success,,success
NEG-00402,2023-10-21,2023,Kerala,Thiruvananthapuram,8.4882267,76.947551,district,non_flood,0,0.0,0.0,0.3,0.4,0.5,25.875,84.75,0.2687,21.0,5.01,43.0,,,,,success,,success
NEG-00403,2023-11-03,2023,Kerala,"Alappuzha, Malappuram, Pathanamthitta, Thiruvananthapuram,Wayanad",9.5003416,76.4123364,district,non_flood,0,0.0,0.1,0.1,4.0,7.2,26.0,92.625,0.2787,1.0,1.32,35.0,,,,,success,,success
NEG-00404,1979-10-24,1979,Tamil Nadu,"Cuddalore,Nagapattinam",11.5202071,79.3396356,district,non_flood,0,0.0,0.0,0.0,0.1,1.5,25.5208,82.5,0.2621,53.0,1.47,36.0,119.889,0.0,0.0,0.0,success,,success
NEG-00405,2015-10-29,2015,Tamil Nadu,"Chennai, Kancheepuram, Tiruvannamalai,Viluppuram",13.0836939,80.270186,district,non_flood,0,0.2,0.4,1.0,1.2,5.0,26.5458,84.4167,0.3173,10.0,2.82,28.0,261.138,0.0,0.0,0.0,success,,success
NEG-00406,2022-11-06,2022,Tamil Nadu,Kanniyakumariumari,11.3323723,78.6098639,district,non_flood,0,0.0,0.0,0.0,0.7,6.8,21.0333,89.75,0.3984,753.0,,,61.637,0.0,0.0,0.0,partial,slope/relief unavailable (open-elevation fallback; OpenTopography rate-limited),success
NEG-00407,1985-12-19,1985,Tamil Nadu,Chennai,13.0836939,80.270186,district,non_flood,0,0.0,0.0,0.0,0.0,0.6,24.6167,83.25,0.3596,10.0,2.82,28.0,261.138,0.0,0.0,0.0,success,,success
NEG-00408,2002-03-13,2002,Kerala,"Alappuzha, Ernakulam Kannur, Kasaragod,Kollam, Kottayam, Kozhikode, Malappuram, ",9.5003416,76.4123364,district,non_flood,0,0.0,0.0,0.0,0.0,0.0,29.0583,71.8333,0.0771,1.0,1.32,35.0,,,,,success,,success
NEG-00409,1989-04-08,1989,Kerala,Thiruvananthapuram,8.4882267,76.947551,district,non_flood,0,0.0,0.0,0.0,2.0,9.3,26.9083,84.8333,0.2066,21.0,5.01,43.0,,,,,success,,success
NEG-00410,2009-04-23,2009,Kerala,Wayanad,11.7151291,76.1271185,district,non_flood,0,0.0,0.0,0.0,0.8,5.6,23.0,93.5417,0.4709,757.0,7.78,77.0,,,,,success,,success
NEG-00411,1991-07-11,1991,Kerala,Thiruvananthapuram,8.4882267,76.947551,district,non_flood,0,0.6,1.9,3.4,6.2,10.0,24.7125,90.5833,0.3182,21.0,5.01,43.0,,,,,success,,success
NEG-00412,1998-07-28,1998,Kerala,"Alappuzha, Idukki, Kollam, Kottayam, Palakkad, Pathanamthitta, Thiruvananthapura",9.5003416,76.4123364,district,non_flood,0,0.8,3.0,4.1,7.0,12.3,24.9375,92.0,0.3531,1.0,1.32,35.0,,,,,success,,success
NEG-00413,1986-08-10,1986,Kerala,"Palakkad,Wayanad",10.7873692,76.4742172,district,non_flood,0,1.7,5.8,10.0,17.6,37.5,22.8583,96.875,0.4789,83.0,3.15,57.0,,,,,success,,success
NEG-00414,2011-08-31,2011,Kerala,Thiruvananthapuram,8.4882267,76.947551,district,non_flood,0,0.3,0.6,1.2,2.1,7.6,24.6542,90.25,0.2853,21.0,5.01,43.0,,,,,success,,success
NEG-00415,1982-09-01,1982,Kerala,"Malappuram, Pathanamthitta, Thiruvananthapuram",11.1065685,76.1101742,district,non_flood,0,0.0,0.0,0.0,0.2,0.5,24.9375,85.25,0.4361,47.0,9.32,83.0,,,,,success,,success
NEG-00416,1975-09-07,1975,Kerala,"Idukki, Kasaragod,Kottayam",9.8154785,76.9991599,district,non_flood,0,0.0,0.0,0.0,0.0,0.2,21.2833,87.0,0.4734,723.0,0.0,409.0,,,,,success,,success
NEG-00417,1975-10-19,1975,Kerala,"Alappuzha, Kottayam, Kozhikode, Malappuram, Palakkad, Thiruvananthapuram, Thriss",9.5003416,76.4123364,district,non_flood,0,0.3,1.1,1.8,2.3,7.8,24.8417,90.7917,0.3347,1.0,1.32,35.0,,,,,success,,success
NEG-00418,2022-03-13,2022,Tamil Nadu,Cuddalore,11.5202071,79.3396356,district,non_flood,0,0.0,0.0,0.0,0.0,0.0,26.2458,72.4167,0.1967,53.0,1.47,36.0,119.889,0.0,0.0,0.0,success,,success
NEG-00419,2015-05-25,2015,Tamil Nadu,Coimbatore,11.0018115,76.9628425,district,non_flood,0,0.0,0.0,0.0,0.0,0.0,26.8417,79.1667,0.2875,419.0,2.68,34.0,30.026,0.0,0.0,0.0,success,,success
NEG-00420,1991-11-26,1991,Tamil Nadu,"Ariyalur, Chennai, Cuddalore, Dindigul, Nagapattinam,Thanjavur, Thiruvarur, Thoo",11.1530559,79.2585797,district,non_flood,0,0.1,0.2,0.2,0.2,1.8,24.1958,84.7917,0.4804,73.0,,,128.046,0.0,0.0,0.0,partial,slope/relief unavailable (open-elevation fallback; OpenTopography rate-limited),success
NEG-00421,2009-07-17,2009,Uttarakhand,Champawat,29.235032,80.1023068,district,non_flood,0,1.0,1.7,4.6,17.4,26.6,24.1375,87.0,0.4787,1013.0,,,,,,,partial,slope/relief unavailable (open-elevation fallback; OpenTopography rate-limited),success
NEG-00422,1972-05-26,1972,Kerala,"Alappuzha, Kollam, Kottayam,Thiruvananthapuram",9.5003416,76.4123364,district,non_flood,0,0.0,0.0,0.1,8.9,14.7,26.3125,90.4583,0.3501,1.0,1.32,35.0,,,,,success,,success
NEG-00423,2004-07-05,2004,Kerala,"Kozhikode, Thrissur,Wayanad",11.2450558,75.7754716,district,non_flood,0,0.2,0.8,1.9,2.9,7.9,25.0042,89.0,0.3002,13.0,1.98,29.0,,,,,success,,success
NEG-00424,1986-07-11,1986,Kerala,Wayanad,11.7151291,76.1271185,district,non_flood,0,0.0,0.0,0.0,0.0,0.9,22.1292,86.625,0.4847,757.0,7.78,77.0,,,,,success,,success
NEG-00425,1974-07-15,1974,Kerala,"Alappuzha, Ernakulam, Idukki, Kannur, Kasaragod, Kollam, Kozhikode, Pathanamthit",9.5003416,76.4123364,district,non_flood,0,0.9,1.8,2.6,8.5,14.7,24.9625,91.75,0.3712,1.0,1.32,35.0,,,,,success,,success
NEG-00426,2015-07-20,2015,Kerala,Wayanad,11.7151291,76.1271185,district,non_flood,0,0.4,1.1,1.1,8.0,34.7,20.4208,99.375,0.4837,757.0,7.78,77.0,,,,,success,,success
NEG-00427,1979-09-18,1979,Kerala,Kottayam,9.6287383,76.6455326,district,non_flood,0,0.0,0.4,1.1,4.8,13.6,24.125,95.9583,0.4728,40.0,3.14,97.0,,,,,success,,success
NEG-00428,1987-10-03,1987,Kerala,"Alappuzha, Ernakulam, Kollam, Kozhikode, Malappuram, Pathanamthitta, Thrissur,Th",9.5003416,76.4123364,district,non_flood,0,0.0,0.0,0.3,0.4,15.4,25.7958,89.7083,0.3431,1.0,1.32,35.0,,,,,success,,success
NEG-00429,2019-11-07,2019,Kerala,"Idukki, Palakkad,Thiruvananthapuram",9.8154785,76.9991599,district,non_flood,0,0.0,0.0,0.0,0.8,6.3,22.5583,90.2917,0.478,723.0,0.0,409.0,,,,,success,,success
NEG-00430,1991-12-27,1991,Kerala,Wayanad,11.7151291,76.1271185,district,non_flood,0,0.0,0.0,0.0,0.0,0.0,20.7167,71.5833,0.3196,757.0,7.78,77.0,,,,,success,,success
NEG-00431,1976-09-16,1976,Tamil Nadu,Vellore,12.9021849,79.061104,district,non_flood,0,0.0,0.0,0.0,0.0,0.0,29.0208,56.875,0.2157,233.0,0.73,17.0,151.536,0.0,0.0,0.0,success,,success
NEG-00432,2007-09-25,2007,Tamil Nadu,Tiruvannamalai,12.4289282,78.99915,district,non_flood,0,0.0,0.0,0.0,0.0,0.0,27.0917,68.7083,0.2598,266.0,,,107.216,0.0,0.0,0.0,partial,slope/relief unavailable (open-elevation fallback; OpenTopography rate-limited),success
NEG-00433,2019-11-06,2019,Tamil Nadu,"The Nilgiris,Kanniyakumariumari,Thiruvallur, Thiruvarur,Tirunelveli",11.4,76.7,district,non_flood,0,0.0,0.0,0.0,0.3,0.3,14.9625,80.25,0.3914,2232.0,11.52,253.0,0.892,52.0,168.0,671.0,success,,success
NEG-00434,1984-11-16,1984,Tamil Nadu,"Dharmapuri, Kanniyakumariumari, The Nilgiris,Thiruvallur",12.1456131,78.1132217,district,non_flood,0,0.1,0.4,0.4,0.4,1.1,23.1958,79.9583,0.3234,468.0,,,43.156,0.0,0.0,0.0,partial,slope/relief unavailable (open-elevation fallback; OpenTopography rate-limited),success
NEG-00435,2007-07-28,2007,Uttarakhand,Garhwal,30.25,79.333333,district,non_flood,0,0.4,1.2,3.9,5.6,10.3,16.2708,91.5833,0.4996,2253.0,26.1,621.0,,,,,success,,success
NEG-00436,1995-08-08,1995,Uttarakhand,Pithoragarh,29.585871,80.215167,district,non_flood,0,1.3,4.2,7.8,11.6,20.4,20.3625,94.625,0.4851,1612.0,,,,,,,partial,slope/relief unavailable (open-elevation fallback; OpenTopography rate-limited),success
NEG-00437,1975-05-03,1975,Kerala,Wayanad,11.7151291,76.1271185,district,non_flood,0,0.0,0.0,0.0,0.3,1.2,22.475,87.5833,0.3963,757.0,7.78,77.0,,,,,success,,success
NEG-00438,1977-05-29,1977,Kerala,Kozhikode,11.2450558,75.7754716,district,non_flood,0,0.0,0.1,0.2,2.0,4.6,26.6708,85.5833,0.2342,13.0,1.98,29.0,,,,,success,,success
NEG-00439,2013-06-08,2013,Kerala,Idukki,9.8154785,76.9991599,district,non_flood,0,0.9,4.6,13.6,22.8,47.0,20.5333,99.6667,0.4792,723.0,0.0,409.0,,,,,success,,success
NEG-00440,2009-06-11,2009,Kerala,"Alappuzha, Ernakulam, Idukki, Kasaragod, Kochi,Kottayam, Kozhikode, Malappuram, ",9.5003416,76.4123364,district,non_flood,0,0.3,1.1,1.9,3.4,5.1,26.9625,88.3333,0.3167,1.0,1.32,35.0,,,,,success,,success
NEG-00441,1998-07-19,1998,Kerala,Thiruvananthapuram,8.4882267,76.947551,district,non_flood,0,0.7,1.7,3.7,7.2,12.8,24.8792,90.0,0.2748,21.0,5.01,43.0,,,,,success,,success
NEG-00442,2016-09-17,2016,Kerala,"Alappuzha, Ernakulam,Kozhikode",9.5003416,76.4123364,district,non_flood,0,0.0,0.0,0.0,0.7,1.7,25.7292,89.2083,0.314,1.0,1.32,35.0,,,,,success,,success
NEG-00443,1985-09-24,1985,Kerala,Kottayam,9.6287383,76.6455326,district,non_flood,0,0.0,0.0,0.0,0.0,0.0,25.4083,83.75,0.4247,40.0,3.14,97.0,,,,,success,,success
NEG-00444,1989-10-03,1989,Kerala,"Alappuzha, Kollam Kozhikode, Malappuram,Thrissur, Thiruvananthapuram,Wayanad",9.5003416,76.4123364,district,non_flood,0,0.0,0.0,0.0,0.0,0.2,26.1625,86.25,0.2681,1.0,1.32,35.0,,,,,success,,success
NEG-00445,2007-10-18,2007,Kerala,"Alappuzha, Kottayam, Pathanamthitta,Thiruvananthapuram,Thrissur",9.5003416,76.4123364,district,non_flood,0,1.0,3.4,4.0,6.6,16.8,25.6,91.4583,0.3445,1.0,1.32,35.0,,,,,success,,success
NEG-00446,2000-10-22,2000,Kerala,"Kannur, Kasaragod, Kozhikode, Malappuram,Wayanad",11.8763836,75.3737973,district,non_flood,0,0.0,0.0,0.0,0.5,1.7,25.7458,86.0,0.2601,21.0,1.67,43.0,,,,,success,,success
NEG-00447,2002-10-27,2002,Kerala,"Idukki,Thiruvananthapuram",9.8154785,76.9991599,district,non_flood,0,0.0,0.0,0.0,0.2,12.7,21.3625,93.3333,0.4674,723.0,0.0,409.0,,,,,success,,success
NEG-00448,1971-11-08,1971,Kerala,Thiruvananthapuram,8.4882267,76.947551,district,non_flood,0,0.0,0.0,0.0,0.0,2.1,24.7417,84.1667,0.2571,21.0,5.01,43.0,,,,,success,,success
NEG-00449,2002-11-16,2002,Kerala,Thiruvananthapuram,8.4882267,76.947551,district,non_flood,0,0.0,0.0,0.0,0.0,0.4,26.0875,84.8333,0.2643,21.0,5.01,43.0,,,,,success,,success
NEG-00450,1994-11-20,1994,Kerala,"Kozhikode, Palakkad, Pathanamthitta, Thiruvananthapuram,Wayanad",11.2450558,75.7754716,district,non_flood,0,0.0,0.2,0.2,0.2,0.3,26.2958,80.3333,0.2042,13.0,1.98,29.0,,,,,success,,success
NEG-00451,1993-11-27,1993,Kerala,"Pathanamthitta,Thiruvananthapuram",9.2780841,76.9737443,district,non_flood,0,0.0,0.0,0.0,0.5,4.5,22.8542,86.3333,0.4872,465.0,9.48,415.0,,,,,success,,success
NEG-00452,2001-12-08,2001,Kerala,Thiruvananthapuram,8.4882267,76.947551,district,non_flood,0,0.0,0.0,0.0,0.0,0.0,25.3417,75.7917,0.1823,21.0,5.01,43.0,,,,,success,,success
NEG-00453,2023-05-01,2023,Tamil Nadu,"Kanniyakumariumari, Salem,  Tiruchirappalli,Thoothukkudi",11.3323723,78.6098639,district,non_flood,0,0.1,0.2,0.2,0.2,3.7,23.7708,82.8333,0.3227,753.0,,,61.637,0.0,0.0,0.0,partial,slope/relief unavailable (open-elevation fallback; OpenTopography rate-limited),success
NEG-00454,2023-05-18,2023,Tamil Nadu,"Karur, Tiruchirappalli",10.8217671,78.3828654,district,non_flood,0,0.0,0.0,0.0,0.0,0.0,32.5833,52.1667,0.1618,125.0,,,77.559,0.0,0.0,0.0,partial,slope/relief unavailable (open-elevation fallback; OpenTopography rate-limited),success
NEG-00455,1984-07-09,1984,Tamil Nadu,Kancheepuram,12.8796052,79.7042762,district,non_flood,0,0.0,0.0,0.0,1.2,1.2,30.7583,56.7917,0.1613,79.0,,,198.069,0.0,0.0,0.0,partial,slope/relief unavailable (open-elevation fallback; OpenTopography rate-limited),success
NEG-00456,2011-08-08,2011,Tamil Nadu,"Cuddalore,Kancheepuram",11.5202071,79.3396356,district,non_flood,0,0.0,0.0,0.0,0.0,0.1,30.1625,58.25,0.201,53.0,1.47,36.0,119.889,0.0,0.0,0.0,success,,success
NEG-00457,2016-08-23,2016,Tamil Nadu,"Cuddalore,Erode",11.5202071,79.3396356,district,non_flood,0,0.0,0.0,0.0,1.8,1.8,31.7583,56.7917,0.1383,53.0,1.47,36.0,119.889,0.0,0.0,0.0,success,,success
NEG-00458,2002-09-23,2002,Tamil Nadu,Coimbatore,11.0018115,76.9628425,district,non_flood,0,0.0,0.0,0.0,0.0,0.0,26.0125,65.9583,0.1684,419.0,2.68,34.0,30.026,0.0,0.0,0.0,success,,success
NEG-00459,1982-11-07,1982,Tamil Nadu,"Chennai, Cuddalore, Tiruchirappalli,Tiruvannamalai, Vellore,Viluppuram",13.0836939,80.270186,district,non_flood,0,0.4,0.5,0.8,1.1,4.3,25.7042,87.8333,0.377,10.0,2.82,28.0,261.138,0.0,0.0,0.0,success,,success
NEG-00460,2001-11-22,2001,Tamil Nadu,Many districts of Tamil Nadu.,11.3323723,78.6098639,district,non_flood,0,0.0,0.0,0.3,0.4,6.0,21.0792,86.75,0.3804,753.0,,,61.637,0.0,0.0,0.0,partial,slope/relief unavailable (open-elevation fallback; OpenTopography rate-limited),success
NEG-00461,2007-11-25,2007,Tamil Nadu,"Ariyalur, Madurai, Nagapattinam, Ramanathapuram, Thanjavur, Thoothukkudi,Viluppu",11.1530559,79.2585797,district,non_flood,0,0.0,0.0,0.0,0.0,0.0,23.1917,69.375,0.3926,73.0,,,128.046,0.0,0.0,0.0,partial,slope/relief unavailable (open-elevation fallback; OpenTopography rate-limited),success
NEG-00462,1971-11-30,1971,Tamil Nadu,Many districts of Tamil Nadu.,11.3323723,78.6098639,district,non_flood,0,0.0,0.0,0.0,0.0,0.0,20.9917,65.6667,0.1768,753.0,,,61.637,0.0,0.0,0.0,partial,slope/relief unavailable (open-elevation fallback; OpenTopography rate-limited),success
NEG-00463,1996-12-01,1996,Tamil Nadu,"Ariyalur, Ramanathapuram, Thanjavur,Thoothukkudi",11.1530559,79.2585797,district,non_flood,0,0.0,0.0,0.0,0.0,0.0,23.7042,74.2083,0.4397,73.0,,,128.046,0.0,0.0,0.0,partial,slope/relief unavailable (open-elevation fallback; OpenTopography rate-limited),success
NEG-00464,1989-12-09,1989,Tamil Nadu,"Kanniyakumariumari,Tirunelveli",11.3323723,78.6098639,district,non_flood,0,0.0,0.0,0.0,0.0,0.0,19.8,72.7083,0.2755,753.0,,,61.637,0.0,0.0,0.0,partial,slope/relief unavailable (open-elevation fallback; OpenTopography rate-limited),success
NEG-00465,1984-12-16,1984,Tamil Nadu,Tiruppur,10.7915267,77.5325466,district,non_flood,0,0.0,0.0,0.0,0.0,0.0,22.9583,61.9583,0.2254,238.0,,,42.224,0.0,0.0,0.0,partial,slope/relief unavailable (open-elevation fallback; OpenTopography rate-limited),success
NEG-00466,1986-07-05,1986,Uttarakhand,Mathura,29.2220315,79.5229864,district,non_flood,0,0.0,0.0,0.0,0.0,0.0,29.275,72.7083,0.325,441.0,4.34,47.0,,,,,success,,success
NEG-00467,2001-08-18,2001,Uttarakhand,Bageshwar,30.0087902,79.9280183,district,non_flood,0,3.6,10.0,18.2,26.6,31.7,20.2292,91.875,0.4551,1819.0,,,,,,,partial,slope/relief unavailable (open-elevation fallback; OpenTopography rate-limited),success
NEG-00468,1980-09-18,1980,Uttarakhand,"Almora, Dehradun,Nainital",29.702651,79.4326318,district,non_flood,0,0.0,0.0,0.1,0.1,4.1,21.3,86.375,0.4244,1142.0,16.65,255.0,,,,,success,,success
NEG-00469,1990-04-14,1990,Kerala,Wayanad,11.7151291,76.1271185,district,non_flood,0,0.0,0.0,0.0,0.0,0.1,26.1292,73.625,0.3552,757.0,7.78,77.0,,,,,success,,success
NEG-00470,1991-04-21,1991,Kerala,Wayanad,11.7151291,76.1271185,district,non_flood,0,0.0,0.0,0.1,0.7,4.3,23.5958,87.4583,0.4524,757.0,7.78,77.0,,,,,success,,success
NEG-00471,2006-04-25,2006,Kerala,Alappuzha,9.5003416,76.4123364,district,non_flood,0,0.1,0.3,0.8,1.4,2.6,28.7125,79.125,0.2186,1.0,1.32,35.0,,,,,success,,success
NEG-00472,1979-04-28,1979,Kerala,Thiruvananthapuram,8.4882267,76.947551,district,non_flood,0,0.0,0.0,0.0,0.1,1.8,27.4042,81.2083,0.161,21.0,5.01,43.0,,,,,success,,success
NEG-00473,2017-06-01,2017,Kerala,"Alappuzha, Idukki, Kollam, Kottayam, Kozhikode, Malappuram, Pathanamthitta, Thri",9.5003416,76.4123364,district,non_flood,0,1.3,1.7,3.3,5.7,12.7,24.9292,96.25,0.3341,1.0,1.32,35.0,,,,,success,,success
NEG-00474,1981-06-05,1981,Kerala,"Alappuzha, Ernakulam, Idukki, Kottayam, Malappuram, Pathanamthitta, Thiruvananth",9.5003416,76.4123364,district,non_flood,0,0.3,1.7,6.9,14.0,39.9,25.5042,93.0833,0.3811,1.0,1.32,35.0,,,,,success,,success
NEG-00475,1970-06-17,1970,Kerala,Wayanad,11.7151291,76.1271185,district,non_flood,0,0.1,0.2,1.2,2.2,6.8,21.9542,96.5417,0.4728,757.0,7.78,77.0,,,,,success,,success
NEG-00476,1976-06-29,1976,Kerala,Kozhikode,11.2450558,75.7754716,district,non_flood,0,0.4,1.3,1.8,8.6,27.5,24.8208,90.5417,0.3561,13.0,1.98,29.0,,,,,success,,success
NEG-00477,1991-07-16,1991,Kerala,"Malappuram, Kasaragod, Kozhikode,Wayanad",11.1065685,76.1101742,district,non_flood,0,0.4,1.0,2.5,10.4,14.8,24.4,88.5417,0.4892,47.0,9.32,83.0,,,,,success,,success
NEG-00478,1981-08-06,1981,Kerala,"Idukki, Kannur, Kottayam, Pathanamthitta,Thiruvananthapuram",9.8154785,76.9991599,district,non_flood,0,0.2,0.5,0.9,3.0,8.6,20.4417,92.5417,0.5067,723.0,0.0,409.0,,,,,success,,success
NEG-00479,1987-08-28,1987,Kerala,"Kozhikode, Malappuram, Palakkad, Thiruvananthapuram, Thrissur,Wayanad",11.2450558,75.7754716,district,non_flood,0,0.6,0.9,2.0,3.7,11.2,25.0917,90.0417,0.3224,13.0,1.98,29.0,,,,,success,,success
NEG-00480,1996-10-10,1996,Kerala,Wayanad,11.7151291,76.1271185,district,non_flood,0,0.0,0.0,0.7,2.2,4.1,22.4458,88.375,0.4784,757.0,7.78,77.0,,,,,success,,success
NEG-00481,1972-10-14,1972,Kerala,"Idukki,Wayanad",9.8154785,76.9991599,district,non_flood,0,0.0,0.2,0.3,1.0,9.6,22.2125,88.9583,0.4755,723.0,0.0,409.0,,,,,success,,success
NEG-00482,1990-10-21,1990,Kerala,"Malappuram,Thrissur",11.1065685,76.1101742,district,non_flood,0,1.1,1.4,1.4,4.4,14.3,24.9833,90.125,0.5033,47.0,9.32,83.0,,,,,success,,success
NEG-00483,1986-10-31,1986,Kerala,"Kannur, Thiruvananthapuram,Wayanad",11.8763836,75.3737973,district,non_flood,0,0.1,0.2,0.2,0.2,0.2,26.1083,82.625,0.2708,21.0,1.67,43.0,,,,,success,,success
NEG-00484,1989-11-26,1989,Kerala,Thiruvananthapuram,8.4882267,76.947551,district,non_flood,0,0.0,0.0,0.0,0.0,0.0,24.6042,73.4167,0.1957,21.0,5.01,43.0,,,,,success,,success
NEG-00485,2013-12-31,2013,Kerala,"Alappuzha, Kollam,Thiruvananthapuram",9.5003416,76.4123364,district,non_flood,0,0.0,0.0,0.0,0.0,0.0,25.9208,74.4167,0.0934,1.0,1.32,35.0,,,,,success,,success
NEG-00486,2003-04-21,2003,Tamil Nadu,The Nilgiris,11.4,76.7,district,non_flood,0,0.0,0.0,0.0,0.0,0.0,18.875,65.0833,0.2952,2232.0,11.52,253.0,0.892,52.0,168.0,671.0,success,,success
NEG-00487,2020-09-16,2020,Tamil Nadu,Kancheepuram,12.8796052,79.7042762,district,non_flood,0,0.0,0.0,3.8,5.4,5.8,27.5625,79.5833,0.3742,79.0,,,198.069,0.0,0.0,0.0,partial,slope/relief unavailable (open-elevation fallback; OpenTopography rate-limited),success
NEG-00488,1996-10-16,1996,Tamil Nadu,Coimbatore,11.0018115,76.9628425,district,non_flood,0,0.7,1.2,1.8,3.2,6.7,24.225,84.2083,0.4057,419.0,2.68,34.0,30.026,0.0,0.0,0.0,success,,success
NEG-00489,2003-10-20,2003,Tamil Nadu,Cuddalore,11.5202071,79.3396356,district,non_flood,0,1.5,3.6,4.7,5.2,9.8,26.9292,81.9583,0.404,53.0,1.47,36.0,119.889,0.0,0.0,0.0,success,,success
NEG-00490,2006-10-30,2006,Tamil Nadu,Cuddalore,11.5202071,79.3396356,district,non_flood,0,0.0,0.7,1.0,3.8,5.8,25.2167,88.2083,0.412,53.0,1.47,36.0,119.889,0.0,0.0,0.0,success,,success
NEG-00491,1984-11-01,1984,Tamil Nadu,"Districts of Cauvery delta zone, Chennai,Dindigul",11.3323723,78.6098639,district,non_flood,0,0.0,0.0,0.0,0.0,0.0,21.8208,69.0,0.276,753.0,,,61.637,0.0,0.0,0.0,partial,slope/relief unavailable (open-elevation fallback; OpenTopography rate-limited),success
NEG-00492,1980-11-24,1980,Tamil Nadu,Districts of Cauvery delta,11.3323723,78.6098639,district,non_flood,0,0.0,0.0,0.0,0.0,0.0,21.725,75.5,0.3062,753.0,,,61.637,0.0,0.0,0.0,partial,slope/relief unavailable (open-elevation fallback; OpenTopography rate-limited),success
NEG-00493,1978-07-21,1978,Uttarakhand,Almora,29.702651,79.4326318,district,non_flood,0,0.0,0.2,0.8,4.6,8.6,23.1333,89.75,0.4794,1142.0,16.65,255.0,,,,,success,,success
NEG-00494,2016-08-23,2016,Uttarakhand,Parts of Uttar Kashiakhand,30.0417376,79.089691,district,non_flood,0,0.1,0.1,1.2,7.5,16.4,18.9,90.2083,0.4813,2041.0,30.37,706.0,,,,,success,,success
NEG-00495,1983-04-07,1983,Kerala,Kollam,8.8870533,76.5906696,district,non_flood,0,0.0,0.0,0.0,0.0,0.0,28.9292,70.75,0.0662,17.0,1.36,31.0,,,,,success,,success
NEG-00496,2020-04-09,2020,Kerala,Wayanad,11.7151291,76.1271185,district,non_flood,0,0.0,0.0,0.0,5.6,6.7,23.8,88.0417,0.3907,757.0,7.78,77.0,,,,,success,,success
NEG-00497,1969-04-23,1969,Kerala,Pathanamthitta,9.2780841,76.9737443,district,non_flood,0,0.0,0.0,0.0,0.3,28.4,23.2792,93.2083,0.4909,465.0,9.48,415.0,,,,,success,,success
NEG-00498,2022-04-24,2022,Kerala,Thrissur,10.5270099,76.214621,district,non_flood,0,0.0,0.2,4.0,11.6,26.8,26.4833,86.5417,0.4786,22.0,4.19,39.0,,,,,success,,success
NEG-00499,2000-06-06,2000,Kerala,Wayanad,11.7151291,76.1271185,district,non_flood,0,1.7,3.9,7.4,17.6,27.9,20.7,98.9167,0.4828,757.0,7.78,77.0,,,,,success,,success
NEG-00500,1970-06-12,1970,Kerala,Kottayam,9.6287383,76.6455326,district,non_flood,0,0.2,1.1,3.0,8.2,17.1,24.3333,96.625,0.4856,40.0,3.14,97.0,,,,,success,,success
NEG-00501,2023-07-02,2023,Kerala,Thiruvananthapuram,8.4882267,76.947551,district,non_flood,0,0.0,0.1,0.1,0.3,1.4,26.6458,86.2917,0.2016,21.0,5.01,43.0,,,,,success,,success
NEG-00502,1989-07-28,1989,Kerala,Wayanad,11.7151291,76.1271185,district,non_flood,0,0.3,2.2,3.6,5.8,25.3,20.3875,97.9167,0.4763,757.0,7.78,77.0,,,,,success,,success
NEG-00503,1981-08-04,1981,Kerala,"Kannur, Kozhikode,Wayanad",11.8763836,75.3737973,district,non_flood,0,0.1,0.5,1.2,3.6,6.3,24.3792,90.3333,0.3158,21.0,1.67,43.0,,,,,success,,success
NEG-00504,1982-11-17,1982,Kerala,"Ernakulam, Idukki, Kottayam, Pathanamthitta,Thiruvananthapuram",9.9837257,76.2740001,district,non_flood,0,0.0,0.0,0.0,0.0,0.0,26.45,84.9583,0.4027,4.0,2.82,24.0,,,,,success,,success
NEG-00505,2018-09-04,2018,Kerala,Kollam,8.8870533,76.5906696,district,non_flood,0,0.0,0.0,0.0,0.0,0.6,25.7292,87.7083,0.1953,17.0,1.36,31.0,,,,,success,,success
NEG-00506,2008-11-01,2008,Kerala,"Ernakulam, Kollam,Thiruvananthapuram",9.9837257,76.2740001,district,non_flood,0,0.0,0.0,0.0,0.0,0.0,26.3333,81.4167,0.3733,4.0,2.82,24.0,,,,,success,,success
NEG-00507,2003-11-11,2003,Kerala,Thiruvananthapuram,8.4882267,76.947551,district,non_flood,0,0.0,0.0,0.0,0.0,0.4,26.1833,81.5417,0.258,21.0,5.01,43.0,,,,,success,,success
NEG-00508,1983-10-20,1983,Tamil Nadu,Many parts of Tamil Nadu.,11.3323723,78.6098639,district,non_flood,0,0.3,1.3,1.4,1.4,1.4,23.8417,72.0417,0.3115,753.0,,,61.637,0.0,0.0,0.0,partial,slope/relief unavailable (open-elevation fallback; OpenTopography rate-limited),success
NEG-00509,1998-11-01,1998,Tamil Nadu,"Chennai, Thiruvarur,Vellore",13.0836939,80.270186,district,non_flood,0,0.0,0.0,0.0,0.0,0.0,26.9667,77.2083,0.2955,10.0,2.82,28.0,261.138,0.0,0.0,0.0,success,,success
NEG-00510,2001-08-04,2001,Uttarakhand,Chamoli,30.4985956,79.6190537,district,non_flood,0,0.4,1.5,3.1,3.5,30.3,19.325,96.9167,0.4264,1853.0,23.8,928.0,,,,,success,,success
NEG-00511,2017-09-13,2017,Uttarakhand,Rudra Prayag,30.0417376,79.089691,district,non_flood,0,0.0,0.0,0.0,0.0,1.0,18.025,76.6667,0.4383,2041.0,30.37,706.0,,,,,success,,success
NEG-00512,2023-03-09,2023,Kerala,Wayanad,11.7151291,76.1271185,district,non_flood,0,0.0,0.0,0.0,0.0,0.0,24.8958,38.75,0.2941,757.0,7.78,77.0,,,,,success,,success
NEG-00513,1989-03-12,1989,Kerala,Kannur,11.8763836,75.3737973,district,non_flood,0,0.0,0.1,0.1,0.2,0.2,27.7875,74.4583,0.099,21.0,1.67,43.0,,,,,success,,success
NEG-00514,2014-03-26,2014,Kerala,Thiruvananthapuram,8.4882267,76.947551,district,non_flood,0,0.0,0.0,0.0,0.0,0.0,27.3042,77.625,0.1733,21.0,5.01,43.0,,,,,success,,success
NEG-00515,1982-03-29,1982,Kerala,Wayanad,11.7151291,76.1271185,district,non_flood,0,0.0,0.0,0.0,0.2,0.2,25.5708,70.7917,0.2965,757.0,7.78,77.0,,,,,success,,success
NEG-00516,1975-04-26,1975,Kerala,Wayanad,11.7151291,76.1271185,district,non_flood,0,0.0,0.0,0.0,0.1,1.2,25.4792,80.375,0.3708,757.0,7.78,77.0,,,,,success,,success
NEG-00517,1991-05-03,1991,Kerala,Wayanad,11.7151291,76.1271185,district,non_flood,0,0.0,0.0,0.0,0.0,0.5,25.0167,84.3333,0.405,757.0,7.78,77.0,,,,,success,,success
NEG-00518,1970-05-05,1970,Kerala,Thiruvananthapuram,8.4882267,76.947551,district,non_flood,0,0.3,1.4,2.6,4.5,16.4,25.9292,88.0417,0.3059,21.0,5.01,43.0,,,,,success,,success
NEG-00519,2001-06-02,2001,Kerala,Thiruvananthapuram,8.4882267,76.947551,district,non_flood,0,0.0,0.0,0.0,0.0,0.3,26.9625,84.2917,0.2473,21.0,5.01,43.0,,,,,success,,success
NEG-00520,1978-06-08,1978,Kerala,"Thiruvananthapuram,Thrissur",8.4882267,76.947551,district,non_flood,0,0.1,0.7,1.6,6.0,8.5,25.3,87.0417,0.2775,21.0,5.01,43.0,,,,,success,,success
NEG-00521,2023-06-08,2023,Kerala,Wayanad,11.7151291,76.1271185,district,non_flood,0,0.0,0.0,0.0,0.2,1.2,24.2792,82.9167,0.4058,757.0,7.78,77.0,,,,,success,,success
NEG-00522,1997-06-11,1997,Kerala,Thiruvananthapuram,8.4882267,76.947551,district,non_flood,0,0.0,0.0,0.0,0.0,1.2,26.6875,81.9167,0.1635,21.0,5.01,43.0,,,,,success,,success
NEG-00523,2001-06-17,2001,Kerala,Kasaragod,12.4221964,75.1904446,district,non_flood,0,0.6,1.7,3.5,6.8,11.8,24.6417,92.9583,0.4587,83.0,9.45,223.0,,,,,success,,success
NEG-00524,2004-06-24,2004,Kerala,Kasaragod,12.4221964,75.1904446,district,non_flood,0,0.4,1.0,1.5,2.2,4.8,25.5208,86.0,0.4874,83.0,9.45,223.0,,,,,success,,success
NEG-00525,1980-06-25,1980,Kerala,"Idukki, Ernakulam, Kollam, Kozhikode, Palakkad,Pathanamthitta",9.8154785,76.9991599,district,non_flood,0,0.3,1.0,1.4,2.3,6.2,21.4458,91.6667,0.5007,723.0,0.0,409.0,,,,,success,,success
NEG-00526,1984-06-27,1984,Kerala,Alappuzha,9.5003416,76.4123364,district,non_flood,0,0.2,1.0,2.0,11.1,26.1,24.7167,91.4583,0.3709,1.0,1.32,35.0,,,,,success,,success
NEG-00527,1995-07-01,1995,Kerala,Wayanad,11.7151291,76.1271185,district,non_flood,0,0.0,0.0,0.1,2.2,8.2,21.8542,95.375,0.4872,757.0,7.78,77.0,,,,,success,,success
NEG-00528,2010-07-05,2010,Kerala,"Idukki,Thiruvananthapuram",9.8154785,76.9991599,district,non_flood,0,0.6,1.6,4.0,8.0,26.0,21.2,97.3333,0.4654,723.0,0.0,409.0,,,,,success,,success
NEG-00529,2012-07-11,2012,Kerala,Wayanad,11.7151291,76.1271185,district,non_flood,0,0.5,1.5,2.1,3.1,7.0,21.0625,97.7917,0.4893,757.0,7.78,77.0,,,,,success,,success
NEG-00530,1986-07-11,1986,Kerala,"Alappuzha, Ernakulam, Kollam,Kottayam",9.5003416,76.4123364,district,non_flood,0,0.1,1.0,2.2,3.4,6.0,25.8375,87.4167,0.3085,1.0,1.32,35.0,,,,,success,,success
NEG-00531,2000-07-19,2000,Kerala,Thiruvananthapuram,8.4882267,76.947551,district,non_flood,0,0.0,0.0,0.0,0.2,1.8,25.125,87.9583,0.21,21.0,5.01,43.0,,,,,success,,success
NEG-00532,1981-07-23,1981,Kerala,Ernakulam,9.9837257,76.2740001,district,non_flood,0,0.1,0.7,1.2,6.4,9.1,25.0167,90.2917,0.4327,4.0,2.82,24.0,,,,,success,,success
NEG-00533,1974-07-29,1974,Kerala,Pathanamthitta,9.2780841,76.9737443,district,non_flood,0,0.0,0.0,0.5,3.0,16.7,21.2458,95.125,0.47,465.0,9.48,415.0,,,,,success,,success
NEG-00534,2005-08-01,2005,Kerala,Wayanad,11.7151291,76.1271185,district,non_flood,0,0.5,1.9,2.7,6.4,16.8,20.9708,96.6667,0.4764,757.0,7.78,77.0,,,,,success,,success
NEG-00535,1994-08-02,1994,Kerala,Thiruvananthapuram,8.4882267,76.947551,district,non_flood,0,1.5,6.4,13.7,18.8,33.7,24.0542,90.9167,0.337,21.0,5.01,43.0,,,,,success,,success
NEG-00536,2010-08-04,2010,Kerala,"Alappuzha, Ernakulam,Idukki,",9.5003416,76.4123364,district,non_flood,0,0.3,1.4,2.8,6.8,24.3,25.1667,92.125,0.354,1.0,1.32,35.0,,,,,success,,success
NEG-00537,1987-08-10,1987,Kerala,Wayanad,11.7151291,76.1271185,district,non_flood,0,0.0,0.0,0.0,0.0,1.6,21.725,90.625,0.4839,757.0,7.78,77.0,,,,,success,,success
NEG-00538,1998-09-01,1998,Kerala,Idukki,9.8154785,76.9991599,district,non_flood,0,0.2,0.2,0.2,1.6,5.6,21.8667,91.2917,0.4735,723.0,0.0,409.0,,,,,success,,success
NEG-00539,2005-09-12,2005,Kerala,Wayanad,11.7151291,76.1271185,district,non_flood,0,0.2,0.8,1.3,1.9,6.6,20.8917,95.6667,0.495,757.0,7.78,77.0,,,,,success,,success
NEG-00540,1982-09-17,1982,Kerala,Thiruvananthapuram,8.4882267,76.947551,district,non_flood,0,0.0,0.0,0.0,0.1,1.2,25.6875,85.4583,0.1364,21.0,5.01,43.0,,,,,success,,success
NEG-00541,2007-09-11,2007,Tamil Nadu,"Chennai,Tiruvannamalai",13.0836939,80.270186,district,non_flood,0,0.1,0.1,0.1,0.1,0.1,27.6,83.25,0.3528,10.0,2.82,28.0,261.138,0.0,0.0,0.0,success,,success
NEG-00542,1982-10-15,1982,Tamil Nadu,"Coimbatore,Cuddalore",11.0018115,76.9628425,district,non_flood,0,0.0,0.0,0.0,0.0,0.0,26.75,61.9583,0.1558,419.0,2.68,34.0,30.026,0.0,0.0,0.0,success,,success
NEG-00543,1985-10-20,1985,Tamil Nadu,"Coimbatore,Tiruvannamalai",11.0018115,76.9628425,district,non_flood,0,0.0,0.0,0.0,0.0,0.1,25.4083,66.375,0.1385,419.0,2.68,34.0,30.026,0.0,0.0,0.0,success,,success
NEG-00544,2011-11-16,2011,Tamil Nadu,"Cuddalore, Dharmapuri,Kanniyakumariumari, Nagapattinam, Thanjavur, Thiruvarur,Vi",11.5202071,79.3396356,district,non_flood,0,0.0,0.0,0.0,0.0,0.0,25.4708,73.1667,0.2736,53.0,1.47,36.0,119.889,0.0,0.0,0.0,success,,success
NEG-00545,1988-11-25,1988,Tamil Nadu,Pudukkottai,10.2903072,78.8173617,district,non_flood,0,0.0,0.0,0.0,0.0,0.0,25.575,69.2917,0.3441,87.0,1.68,25.0,112.988,0.0,0.0,0.0,success,,success
NEG-00546,1983-12-13,1983,Tamil Nadu,Nagapattinam,10.6026203,79.7619348,district,non_flood,0,0.3,1.2,2.7,11.9,22.7,24.5167,89.875,0.345,1.0,,,208.548,0.0,0.0,0.0,partial,slope/relief unavailable (open-elevation fallback; OpenTopography rate-limited),success
NEG-00547,2010-06-14,2010,Uttarakhand,"Chamoli, Pithoragarh, Rudra Prayag,Uttar Kashi Kashi",30.4985956,79.6190537,district,non_flood,0,0.0,0.0,0.0,0.0,0.6,17.4917,67.7083,0.3328,1853.0,23.8,928.0,,,,,success,,success
NEG-00548,1984-03-07,1984,Kerala,Wayanad,11.7151291,76.1271185,district,non_flood,0,0.0,0.0,0.0,0.4,7.9,21.1208,94.5833,0.4731,757.0,7.78,77.0,,,,,success,,success
NEG-00549,1975-03-25,1975,Kerala,Wayanad,11.7151291,76.1271185,district,non_flood,0,0.0,0.0,0.0,0.0,7.2,24.3042,77.7083,0.3291,757.0,7.78,77.0,,,,,success,,success
NEG-00550,1978-04-10,1978,Kerala,"Alappuzha, Kasaragod, Kozhikode, Thiruvananthapuram, Thrissur,Wayanad",9.5003416,76.4123364,district,non_flood,0,0.1,0.3,0.4,0.8,6.3,26.5792,85.5417,0.2759,1.0,1.32,35.0,,,,,success,,success
NEG-00551,1974-04-19,1974,Kerala,"Thiruvananthapuram,Wayanad",8.4882267,76.947551,district,non_flood,0,0.0,0.0,0.0,0.0,0.9,26.6875,83.5,0.1915,21.0,5.01,43.0,,,,,success,,success
NEG-00552,2009-05-03,2009,Kerala,"Alappuzha, Ernakulam, Kozhikode, Malappuram, Thrissur, Thiruvananthapuram,Wayana",9.5003416,76.4123364,district,non_flood,0,0.2,0.8,1.2,1.3,6.2,28.4167,84.0417,0.2653,1.0,1.32,35.0,,,,,success,,success
NEG-00553,1980-06-06,1980,Kerala,Wayanad,11.7151291,76.1271185,district,non_flood,0,0.2,0.7,2.6,6.4,16.7,21.7583,97.5,0.4775,757.0,7.78,77.0,,,,,success,,success
NEG-00554,1991-06-12,1991,Kerala,Thiruvananthapuram,8.4882267,76.947551,district,non_flood,0,0.8,1.8,3.2,7.0,13.6,26.0833,89.5,0.3022,21.0,5.01,43.0,,,,,success,,success
NEG-00555,2015-06-21,2015,Kerala,Idukki,9.8154785,76.9991599,district,non_flood,0,1.1,3.2,5.7,9.3,22.4,21.3167,97.5,0.4934,723.0,0.0,409.0,,,,,success,,success
NEG-00556,1972-07-12,1972,Kerala,"Kannur, Kasaragod, Kozhikode, Malappuram,Wayanad",11.8763836,75.3737973,district,non_flood,0,1.1,3.8,7.6,15.2,36.4,24.5625,92.5,0.358,21.0,1.67,43.0,,,,,success,,success
NEG-00557,1993-08-01,1993,Kerala,"Alappuzha, Kannur, Kasaragod, Kozhikode, Kottayam, Malappuram, Palakkad, Pathana",9.5003416,76.4123364,district,non_flood,0,0.4,1.0,2.0,5.6,16.9,24.6,91.75,0.3626,1.0,1.32,35.0,,,,,success,,success
NEG-00558,1973-08-22,1973,Kerala,"Kottayam, Pathanamthitta, Thiruvananthapuram,Wayanad",9.6287383,76.6455326,district,non_flood,0,0.1,0.3,0.4,1.1,3.3,24.2708,89.9583,0.496,40.0,3.14,97.0,,,,,success,,success
NEG-00559,2020-09-01,2020,Kerala,Thiruvananthapuram,8.4882267,76.947551,district,non_flood,0,0.0,0.0,0.0,0.0,0.6,26.75,83.3333,0.0871,21.0,5.01,43.0,,,,,success,,success
NEG-00560,1976-09-26,1976,Kerala,Thiruvananthapuram,8.4882267,76.947551,district,non_flood,0,0.0,0.0,0.0,0.5,0.9,25.6333,83.5417,0.1353,21.0,5.01,43.0,,,,,success,,success
NEG-00561,1986-03-08,1986,Tamil Nadu,Coimbatore,11.0018115,76.9628425,district,non_flood,0,0.0,0.0,0.0,0.0,0.0,27.2042,49.2083,0.1261,419.0,2.68,34.0,30.026,0.0,0.0,0.0,success,,success
NEG-00562,2011-05-06,2011,Tamil Nadu,"Kanniyakumariumari, Madurai, The Nilgiris,Theni",11.3323723,78.6098639,district,non_flood,0,0.0,0.0,0.0,1.0,1.0,26.9958,67.3333,0.3138,753.0,,,61.637,0.0,0.0,0.0,partial,slope/relief unavailable (open-elevation fallback; OpenTopography rate-limited),success
NEG-00563,1989-05-21,1989,Tamil Nadu,"Coimbatore,Krishnagiri",11.0018115,76.9628425,district,non_flood,0,0.0,0.0,0.0,0.0,0.0,27.475,68.875,0.144,419.0,2.68,34.0,30.026,0.0,0.0,0.0,success,,success
NEG-00564,1977-08-22,1977,Tamil Nadu,Erode,11.4905282,77.3505274,district,non_flood,0,0.0,0.0,0.0,0.0,0.3,26.9333,67.7083,0.1478,213.0,,,31.924,0.0,0.0,0.0,partial,slope/relief unavailable (open-elevation fallback; OpenTopography rate-limited),success
NEG-00565,2004-09-23,2004,Tamil Nadu,"Dindigul, Erode,Virudhunagar",10.4257161,77.8154728,district,non_flood,0,0.0,0.0,0.0,0.3,0.3,28.1542,65.0,0.274,303.0,,,8.738,0.0,18.0,30.0,partial,slope/relief unavailable (open-elevation fallback; OpenTopography rate-limited),success
NEG-00566,2000-07-27,2000,Uttarakhand,Pithoragarh,29.585871,80.215167,district,non_flood,0,0.0,0.2,0.6,2.1,14.1,20.2083,90.875,0.4781,1612.0,,,,,,,partial,slope/relief unavailable (open-elevation fallback; OpenTopography rate-limited),success
NEG-00567,2011-07-31,2011,Uttarakhand,Tehri Garhwal,30.4658181,78.4837349,district,non_flood,0,0.2,0.6,1.2,1.5,3.4,20.1,92.4167,0.4829,1703.0,41.77,869.0,,,,,success,,success
NEG-00568,1968-08-11,1968,Uttarakhand,Parts of Uttar Kashiakhand,30.0417376,79.089691,district,non_flood,0,0.1,0.8,1.2,2.4,9.7,18.1625,94.4583,0.4784,2041.0,30.37,706.0,,,,,success,,success
NEG-00569,2023-03-03,2023,Kerala,"Alappuzha, Ernakulam, Kottayam, Malappuram, Thrissur, Pathanamthitta",9.5003416,76.4123364,district,non_flood,0,0.0,0.0,0.0,0.0,0.0,27.1458,70.5417,0.0775,1.0,1.32,35.0,,,,,success,,success
NEG-00570,2019-03-13,2019,Kerala,"Alappuzha, Kottayam, Thrissur, Thiruvananthapuram",9.5003416,76.4123364,district,non_flood,0,0.0,0.0,0.0,0.0,0.5,27.5667,85.4583,0.201,1.0,1.32,35.0,,,,,success,,success
NEG-00571,2010-03-27,2010,Kerala,"Alappuzha, Pathanamthitta",9.5003416,76.4123364,district,non_flood,0,0.0,1.4,2.7,3.8,5.8,28.7667,77.625,0.118,1.0,1.32,35.0,,,,,success,,success
NEG-00572,2003-04-06,2003,Kerala,"Alappuzha, Ernakulam, Palakkad, Idukki, Kollam",9.5003416,76.4123364,district,non_flood,0,0.0,0.0,0.0,0.0,1.6,28.15,79.2917,0.2473,1.0,1.32,35.0,,,,,success,,success
NEG-00573,2008-04-11,2008,Kerala,"Ernakulam, Idukki, Kollam, Kozhikode, Malappuram, Pathanamthitta, Thiruvananthap",9.9837257,76.2740001,district,non_flood,0,0.0,0.0,0.0,0.1,0.1,27.25,81.3333,0.334,4.0,2.82,24.0,,,,,success,,success
NEG-00574,2001-04-19,2001,Kerala,"Alappuzha, Idukki, Kasaragod, Kannur, Malappuram, Palakkad, Pathanamthitta, Thir",9.5003416,76.4123364,district,non_flood,0,0.0,0.0,1.0,6.9,9.5,26.8583,86.5833,0.3165,1.0,1.32,35.0,,,,,success,,success
NEG-00575,1992-04-26,1992,Kerala,"Alappuzha, Ernakulam, Kannur, Kottayam, Malappuram, Pathanamthitta, Thiruvananth",9.5003416,76.4123364,district,non_flood,0,0.0,0.0,0.0,0.0,2.4,27.6125,82.5417,0.203,1.0,1.32,35.0,,,,,success,,success
NEG-00576,1997-05-03,1997,Kerala,"Ernakulam, Idukki, Kannur, Palakkad, Thrissur, Thiruvananthapuram",9.9837257,76.2740001,district,non_flood,0,0.0,0.0,0.0,0.9,1.9,28.025,81.7917,0.3549,4.0,2.82,24.0,,,,,success,,success
NEG-00577,2020-05-07,2020,Kerala,"Kottayam, Palakkad, Thrissur",9.6287383,76.6455326,district,non_flood,0,0.0,0.0,0.0,1.7,6.9,27.0417,90.9583,0.4672,40.0,3.14,97.0,,,,,success,,success
NEG-00578,2009-05-10,2009,Kerala,"Ernakulam, Idukki, Kannur, Kasaragod, Kollam, Kozhikode, Malappuram, Palakkad, T",9.9837257,76.2740001,district,non_flood,0,0.0,0.0,0.0,0.2,1.9,27.9458,83.5,0.3903,4.0,2.82,24.0,,,,,success,,success
NEG-00579,2006-05-15,2006,Kerala,"Kasaragod, Kollam, Thiruvananthapuram",12.4221964,75.1904446,district,non_flood,0,0.0,0.0,0.0,0.0,0.0,28.4583,74.2917,0.3334,83.0,9.45,223.0,,,,,success,,success
NEG-00580,2016-06-08,2016,Kerala,"Alappuzha, Kannur, Kollam, Thrissur, Thiruvananthapuram",9.5003416,76.4123364,district,non_flood,0,0.6,1.0,1.7,6.6,18.9,26.1917,92.375,0.3675,1.0,1.32,35.0,,,,,success,,success
NEG-00581,2017-06-19,2017,Kerala,"Alappuzha, Ernakulam, Idukki, Kasaragod, Kottayam, Palakkad, Pathanamthitta, Thr",9.5003416,76.4123364,district,non_flood,0,0.0,0.2,1.3,1.8,13.7,26.6,90.5,0.3054,1.0,1.32,35.0,,,,,success,,success
NEG-00582,2003-07-18,2003,Kerala,Kannur,11.8763836,75.3737973,district,non_flood,0,0.0,1.0,1.8,5.7,9.2,25.4292,89.625,0.3276,21.0,1.67,43.0,,,,,success,,success
NEG-00583,2008-08-12,2008,Kerala,Kannur,11.8763836,75.3737973,district,non_flood,0,0.7,1.0,5.5,15.7,33.8,24.2833,94.5417,0.3637,21.0,1.67,43.0,,,,,success,,success
NEG-00584,1969-09-05,1969,Kerala,"Pathanamthitta, Thiruvananthapuram",9.2780841,76.9737443,district,non_flood,0,0.0,0.3,0.6,0.6,2.7,21.4625,90.5,0.493,465.0,9.48,415.0,,,,,success,,success
NEG-00585,1985-09-27,1985,Kerala,"Kannur, Wayanad",11.8763836,75.3737973,district,non_flood,0,0.0,0.0,0.0,0.2,4.3,25.6333,87.4167,0.2191,21.0,1.67,43.0,,,,,success,,success
NEG-00586,1998-10-08,1998,Kerala,Thiruvananthapuram,8.4882267,76.947551,district,non_flood,0,0.2,1.5,2.9,6.0,7.9,25.175,88.4583,0.2624,21.0,5.01,43.0,,,,,success,,success
NEG-00587,1987-10-30,1987,Kerala,Thiruvananthapuram,8.4882267,76.947551,district,non_flood,0,4.3,13.7,17.8,19.7,22.1,25.0792,90.1667,0.2925,21.0,5.01,43.0,,,,,success,,success
NEG-00588,1978-11-01,1978,Kerala,"Ernakulam, Malappuram, Pathanamthitta, Thiruvananthapuram",9.9837257,76.2740001,district,non_flood,0,0.1,0.1,0.4,5.2,7.9,25.875,88.2917,0.4276,4.0,2.82,24.0,,,,,success,,success
NEG-00589,2017-12-08,2017,Kerala,"Alappuzha, Thiruvananthapuram",9.5003416,76.4123364,district,non_flood,0,0.0,0.0,0.0,0.2,3.3,26.0583,86.9167,0.2097,1.0,1.32,35.0,,,,,success,,success
NEG-00590,1977-04-12,1977,Tamil Nadu,Virudhunagar,9.4926289,77.8631831,district,non_flood,0,0.0,0.0,0.0,0.0,0.2,31.7917,54.5833,0.2626,88.0,,,28.664,0.0,0.0,0.0,partial,slope/relief unavailable (open-elevation fallback; OpenTopography rate-limited),success
NEG-00591,1980-04-21,1980,Tamil Nadu,Thiruvarur,10.6878621,79.4979437,district,non_flood,0,0.0,0.0,0.0,0.0,0.2,30.0958,71.3333,0.2282,16.0,,,180.449,0.0,0.0,0.0,partial,slope/relief unavailable (open-elevation fallback; OpenTopography rate-limited),success
NEG-00592,1972-04-25,1972,Tamil Nadu,Vellore,12.9021849,79.061104,district,non_flood,0,0.0,0.0,0.0,0.0,0.0,30.5292,52.6667,0.1243,233.0,0.73,17.0,151.536,0.0,0.0,0.0,success,,success
NEG-00593,1973-05-14,1973,Tamil Nadu,"Coimbatore,Pudukkottai",11.0018115,76.9628425,district,non_flood,0,0.0,0.0,0.0,0.0,0.7,28.4125,63.125,0.1368,419.0,2.68,34.0,30.026,0.0,0.0,0.0,success,,success
NEG-00594,2002-05-17,2002,Tamil Nadu,"Thiruvallur, Virudhunagar",13.2537619,80.0562572,district,non_flood,0,0.0,0.0,0.0,7.1,8.6,32.0833,62.375,0.1979,26.0,1.99,21.0,253.889,0.0,0.0,0.0,success,,success
NEG-00595,1970-06-17,1970,Tamil Nadu,Chennai,13.0836939,80.270186,district,non_flood,0,0.0,0.0,0.0,0.0,0.0,31.5375,60.375,0.1469,10.0,2.82,28.0,261.138,0.0,0.0,0.0,success,,success
NEG-00596,2009-06-21,2009,Tamil Nadu,The Nilgiris,11.4,76.7,district,non_flood,0,0.0,0.0,0.0,0.2,1.6,16.9333,85.5,0.4087,2232.0,11.52,253.0,0.892,52.0,168.0,671.0,success,,success
NEG-00597,1995-07-17,1995,Tamil Nadu,Chennai,13.0836939,80.270186,district,non_flood,0,0.0,0.0,0.0,0.0,1.2,29.5208,65.1667,0.2176,10.0,2.82,28.0,261.138,0.0,0.0,0.0,success,,success
NEG-00598,1998-11-09,1998,Tamil Nadu,"Thiruvallur, Chennai, Krishnagiri, Tiruvannamalai, Dharmapuri, Salem, Erode, The",13.2537619,80.0562572,district,non_flood,0,0.0,0.0,0.7,3.7,16.2,25.2,91.0833,0.4218,26.0,1.99,21.0,253.889,0.0,0.0,0.0,success,,success
NEG-00599,1984-11-11,1984,Tamil Nadu,"Chennai, Cuddalore, Dharmapuri, Erode, The Nilgiris, Thiruvallur, Thoothukkudi, ",13.0836939,80.270186,district,non_flood,0,0.5,2.0,3.0,4.0,4.2,26.4708,76.125,0.2743,10.0,2.82,28.0,261.138,0.0,0.0,0.0,success,,success
NEG-00600,2014-11-18,2014,Tamil Nadu,"Chennai, Cuddalore, Kancheepuram, Kanniyakumariumari, Krishnagiri, Nagapattinam,",13.0836939,80.270186,district,non_flood,0,0.0,0.0,0.0,0.0,0.0,25.9083,77.7917,0.3504,10.0,2.82,28.0,261.138,0.0,0.0,0.0,success,,success
NEG-00601,1984-11-23,1984,Tamil Nadu,"Thiruvallur, Chennai, Krishnagiri, Tiruvannamalai, Dharmapuri, Salem, Erode, The",13.2537619,80.0562572,district,non_flood,0,0.0,0.0,0.0,0.0,0.0,24.1333,74.0,0.3352,26.0,1.99,21.0,253.889,0.0,0.0,0.0,success,,success
NEG-00602,2000-11-28,2000,Tamil Nadu,"Chennai, Viluppuram",13.0836939,80.270186,district,non_flood,0,0.0,0.0,0.0,0.0,0.0,25.9375,71.8333,0.2226,10.0,2.82,28.0,261.138,0.0,0.0,0.0,success,,success
NEG-00603,2009-12-01,2009,Tamil Nadu,"Thiruvallur, Chennai, Krishnagiri, Tiruvannamalai, Dharmapuri, Salem, Erode, The",13.2537619,80.0562572,district,non_flood,0,0.0,0.0,0.0,0.0,0.0,25.55,71.125,0.3155,26.0,1.99,21.0,253.889,0.0,0.0,0.0,success,,success
NEG-00604,1970-12-08,1970,Tamil Nadu,"Thiruvallur, Chennai, Krishnagiri, Tiruvannamalai, Dharmapuri, Salem, Erode, The",13.2537619,80.0562572,district,non_flood,0,0.0,0.0,0.0,0.0,0.0,23.6125,68.7083,0.24,26.0,1.99,21.0,253.889,0.0,0.0,0.0,success,,success
NEG-00605,1969-07-26,1969,Uttarakhand,Parts of Uttar Kashiakhand,30.0417376,79.089691,district,non_flood,0,1.0,2.7,7.0,12.2,22.3,17.7042,94.625,0.4665,2041.0,30.37,706.0,,,,,success,,success
NEG-00606,2004-04-14,2004,Kerala,Kannur,11.8763836,75.3737973,district,non_flood,0,0.0,0.0,0.0,3.6,4.8,28.0792,82.0417,0.181,21.0,1.67,43.0,,,,,success,,success
NEG-00607,1996-05-31,1996,Kerala,Kozhikode,11.2450558,75.7754716,district,non_flood,0,0.0,0.0,4.9,5.7,8.5,27.8083,81.625,0.2199,13.0,1.98,29.0,,,,,success,,success
NEG-00608,1977-06-07,1977,Kerala,"Idukki, Kottayam, Thiruvananthapuram, Wayanad",9.8154785,76.9991599,district,non_flood,0,0.0,0.0,0.3,1.1,1.9,23.425,87.375,0.4785,723.0,0.0,409.0,,,,,success,,success
NEG-00609,1979-06-10,1979,Kerala,"Idukki, Kannur, Kollam, Pathanamthitta, Thiruvananthapuram, Wayanad",9.8154785,76.9991599,district,non_flood,0,0.0,0.0,0.0,0.0,0.6,23.5083,86.125,0.4806,723.0,0.0,409.0,,,,,success,,success
NEG-00610,1975-06-16,1975,Kerala,"Alappuzha, Ernakulam, Idukki, Kollam, Kottayam, Malappuram, Thrissur, Thiruvanan",9.5003416,76.4123364,district,non_flood,0,1.0,1.6,5.1,7.3,24.8,25.0042,92.5833,0.3715,1.0,1.32,35.0,,,,,success,,success
NEG-00611,1993-06-26,1993,Kerala,"Kasaragod, Malappuram, Wayanad",12.4221964,75.1904446,district,non_flood,0,0.0,0.0,1.0,5.8,8.0,25.7917,90.375,0.4991,83.0,9.45,223.0,,,,,success,,success
NEG-00612,1994-07-02,1994,Kerala,Wayanad,11.7151291,76.1271185,district,non_flood,0,0.0,0.0,0.0,0.1,2.7,21.5333,90.7083,0.4888,757.0,7.78,77.0,,,,,success,,success
NEG-00613,2001-07-10,2001,Kerala,"Idukki, Kasaragod, Wayanad",9.8154785,76.9991599,district,non_flood,0,0.6,2.5,7.1,14.9,37.4,20.1292,98.375,0.4693,723.0,0.0,409.0,,,,,success,,success
NEG-00614,2020-09-18,2020,Kerala,Kozhikode,11.2450558,75.7754716,district,non_flood,0,0.6,2.4,4.1,6.6,9.5,25.5375,91.625,0.2967,13.0,1.98,29.0,,,,,success,,success
NEG-00615,1976-06-11,1976,Tamil Nadu,Kanniyakumariumari,11.3323723,78.6098639,district,non_flood,0,0.0,0.0,0.0,0.0,0.3,27.1083,54.75,0.1309,753.0,,,61.637,0.0,0.0,0.0,partial,slope/relief unavailable (open-elevation fallback; OpenTopography rate-limited),success
NEG-00616,1990-07-26,1990,Tamil Nadu,Krishnagiri,12.5152075,78.0093769,district,non_flood,0,0.0,0.0,0.0,0.0,0.0,25.0375,64.375,0.2455,707.0,,,85.71,0.0,0.0,0.0,partial,slope/relief unavailable (open-elevation fallback; OpenTopography rate-limited),success
NEG-00617,1996-05-08,1996,Uttarakhand,Chamoli,30.4985956,79.6190537,district,non_flood,0,0.0,0.0,0.0,0.0,0.0,12.3208,59.2083,0.3964,1853.0,23.8,928.0,,,,,success,,success
NEG-00618,1970-05-22,1970,Uttarakhand,Dehradun,30.3255646,78.0436813,district,non_flood,0,0.0,0.0,0.0,0.9,5.3,25.0958,71.3333,0.2088,672.0,3.84,53.0,,,,,success,,success
NEG-00619,1995-05-28,1995,Uttarakhand,"Tehri Garhwal,Uttar Kashi Kashi",30.4658181,78.4837349,district,non_flood,0,0.0,0.0,0.0,0.0,0.0,23.0167,31.5417,0.1536,1703.0,41.77,869.0,,,,,success,,success
NEG-00620,1973-07-03,1973,Uttarakhand,"Chamoli, Pithoragarh",30.4985956,79.6190537,district,non_flood,0,0.1,0.2,1.6,2.4,7.6,19.5167,93.375,0.4147,1853.0,23.8,928.0,,,,,success,,success
NEG-00621,2014-07-16,2014,Uttarakhand,"Dehradun, Nainital, Tehri Garhwal, Uttar Kashi Kashi",30.3255646,78.0436813,district,non_flood,0,0.7,1.6,2.7,3.4,3.9,26.1375,84.5417,0.3882,672.0,3.84,53.0,,,,,success,,success
NEG-00622,2018-07-21,2018,Uttarakhand,Dehradun,30.3255646,78.0436813,district,non_flood,0,0.0,0.0,0.0,0.0,3.3,27.0833,82.7083,0.3897,672.0,3.84,53.0,,,,,success,,success
NEG-00623,1980-03-15,1980,Kerala,Alappuzha,9.5003416,76.4123364,district,non_flood,0,0.1,0.4,0.4,0.4,0.4,29.0375,66.5,0.0783,1.0,1.32,35.0,,,,,success,,success
NEG-00624,1995-03-06,1995,Kerala,Thiruvananthapuram,8.4882267,76.947551,district,non_flood,0,0.0,0.0,0.0,0.2,2.8,26.1833,79.7083,0.0768,21.0,5.01,43.0,,,,,success,,success
NEG-00625,1978-05-06,1978,Kerala,Thiruvananthapuram,8.4882267,76.947551,district,non_flood,0,0.0,0.0,0.0,0.0,10.8,27.2167,82.75,0.2335,21.0,5.01,43.0,,,,,success,,success
NEG-00626,2020-04-08,2020,Kerala,Pathanamthitta,9.2780841,76.9737443,district,non_flood,0,0.0,0.0,0.0,7.4,15.5,24.4833,89.2083,0.4743,465.0,9.48,415.0,,,,,success,,success
NEG-00627,1983-06-08,1983,Kerala,Idukki,9.8154785,76.9991599,district,non_flood,0,0.0,0.0,0.0,0.5,5.7,21.6583,94.0,0.4883,723.0,0.0,409.0,,,,,success,,success
NEG-00628,1987-08-28,1987,Kerala,Wayanad,11.7151291,76.1271185,district,non_flood,0,0.0,0.0,0.0,0.1,4.2,21.5417,94.625,0.4695,757.0,7.78,77.0,,,,,success,,success
NEG-00629,1981-05-09,1981,Kerala,"Thiruvananthapuram, Wayanad",8.4882267,76.947551,district,non_flood,0,0.2,0.2,0.7,4.2,5.6,26.8542,84.7917,0.195,21.0,5.01,43.0,,,,,success,,success
NEG-00630,2018-08-09,2018,Kerala,"Idukki, Kozhikode,  Thiruvananthapuram",9.8154785,76.9991599,district,non_flood,0,4.3,12.0,22.4,42.9,77.2,20.3917,98.3333,0.5138,723.0,0.0,409.0,,,,,success,,success
NEG-00631,1992-09-17,1992,Kerala,"Idukki, Kottayam,  Thiruvananthapuram",9.8154785,76.9991599,district,non_flood,0,0.0,0.0,0.0,0.5,3.3,21.0125,90.0,0.4844,723.0,0.0,409.0,,,,,success,,success
NEG-00632,1969-09-18,1969,Kerala,"Idukki, Kottayam, Kozhikode,  Thiruvananthapuram, Thrissur, Wayanad",9.8154785,76.9991599,district,non_flood,0,0.0,0.0,0.0,0.1,1.5,20.8792,86.25,0.4585,723.0,0.0,409.0,,,,,success,,success
NEG-00633,2014-10-22,2014,Kerala,Thiruvananthapuram,8.4882267,76.947551,district,non_flood,0,1.0,1.6,4.1,7.1,17.5,25.2958,87.0833,0.3062,21.0,5.01,43.0,,,,,success,,success
NEG-00634,1988-02-11,1988,Kerala,Thiruvananthapuram,8.4882267,76.947551,district,non_flood,0,0.0,0.0,0.0,0.0,0.0,25.9667,76.375,0.0637,21.0,5.01,43.0,,,,,success,,success
NEG-00635,1998-05-11,1998,Kerala,"Kozhikode,  Thiruvananthapuram",11.2450558,75.7754716,district,non_flood,0,0.0,0.2,0.7,2.1,3.6,28.7958,81.125,0.2457,13.0,1.98,29.0,,,,,success,,success
NEG-00636,2016-05-28,2016,Tamil Nadu,Vellore,12.9021849,79.061104,district,non_flood,0,0.0,0.0,0.4,2.2,3.8,30.6333,61.625,0.2111,233.0,0.73,17.0,151.536,0.0,0.0,0.0,success,,success
NEG-00637,2021-01-09,2021,Tamil Nadu,Thiruvallur,13.2537619,80.0562572,district,non_flood,0,0.0,0.0,0.0,1.1,8.5,24.9,89.75,0.4122,26.0,1.99,21.0,253.889,0.0,0.0,0.0,success,,success
NEG-00638,1985-06-09,1985,Tamil Nadu,"Coimbatore, Nagapattinam, Tiruppur",11.0018115,76.9628425,district,non_flood,0,0.0,0.0,0.0,0.0,2.0,24.2333,81.0,0.2122,419.0,2.68,34.0,30.026,0.0,0.0,0.0,success,,success
NEG-00639,1974-04-10,1974,Tamil Nadu,Krishnagiri,12.5152075,78.0093769,district,non_flood,0,0.0,0.0,0.0,0.0,0.0,27.4708,55.25,0.1828,707.0,,,85.71,0.0,0.0,0.0,partial,slope/relief unavailable (open-elevation fallback; OpenTopography rate-limited),success
NEG-00640,1978-12-10,1978,Tamil Nadu,Vellore,12.9021849,79.061104,district,non_flood,0,0.0,0.0,0.0,0.0,1.1,23.3792,85.8333,0.2765,233.0,0.73,17.0,151.536,0.0,0.0,0.0,success,,success
NEG-00641,1993-02-11,1993,Tamil Nadu,"Chennai, Cuddalore, Kanniyakumariumari, Karaikal, Nagarkoil, Tirunelveli",13.0836939,80.270186,district,non_flood,0,0.0,0.0,0.0,0.0,0.0,23.6333,66.25,0.1272,10.0,2.82,28.0,261.138,0.0,0.0,0.0,success,,success
NEG-00642,1998-05-20,1998,Uttarakhand,Chamoli,30.4985956,79.6190537,district,non_flood,0,0.0,0.0,0.0,0.8,6.2,14.9167,86.5833,0.3961,1853.0,23.8,928.0,,,,,success,,success
NEG-00643,1992-08-13,1992,Uttarakhand,Pithoragarh,29.585871,80.215167,district,non_flood,0,0.0,1.8,1.8,1.9,2.7,20.8208,84.2917,0.4547,1612.0,,,,,,,partial,slope/relief unavailable (open-elevation fallback; OpenTopography rate-limited),success
NEG-00644,2001-03-18,2001,Kerala,Thiruvananthapuram,8.4882267,76.947551,district,non_flood,0,0.0,0.0,0.0,2.3,9.6,26.7333,82.8333,0.1238,21.0,5.01,43.0,,,,,success,,success
NEG-00645,2023-04-22,2023,Kerala,Wayanad,11.7151291,76.1271185,district,non_flood,0,0.0,0.0,0.0,0.0,3.1,24.5417,81.75,0.3504,757.0,7.78,77.0,,,,,success,,success
NEG-00646,1968-05-13,1968,Kerala,Thiruvananthapuram,8.4882267,76.947551,district,non_flood,0,0.0,0.0,0.0,0.0,0.2,26.8667,77.3333,0.0952,21.0,5.01,43.0,,,,,success,,success
NEG-00647,1996-05-16,1996,Kerala,Thiruvananthapuram,8.4882267,76.947551,district,non_flood,0,0.0,0.0,0.0,0.0,0.0,28.1917,72.7083,0.0601,21.0,5.01,43.0,,,,,success,,success
NEG-00648,1975-05-21,1975,Kerala,Thiruvananthapuram,8.4882267,76.947551,district,non_flood,0,0.0,0.1,0.2,1.6,8.1,25.7042,89.2083,0.2911,21.0,5.01,43.0,,,,,success,,success
NEG-00649,2003-05-29,2003,Kerala,"Alappuzha, Ernakulam, Idukki, Kannur, Kasaragod, Kollam, Kottayam, Kozhikode, Ma",9.5003416,76.4123364,district,non_flood,0,0.7,0.7,0.7,1.2,11.7,27.4708,87.25,0.3307,1.0,1.32,35.0,,,,,success,,success
NEG-00650,2008-01-08,2008,Kerala,"Alappuzha, Ernakulam, Idukki, Kannur, Kasaragod, Kollam, Kottayam, Kozhikode, Ma",9.5003416,76.4123364,district,non_flood,0,0.0,0.0,0.0,0.0,0.0,26.675,69.9583,0.0907,1.0,1.32,35.0,,,,,success,,success
NEG-00651,2012-10-21,2012,Kerala,Malappuram,11.1065685,76.1101742,district,non_flood,0,0.0,0.0,0.0,1.8,21.4,23.9083,92.5833,0.4652,47.0,9.32,83.0,,,,,success,,success
NEG-00652,2014-11-16,2014,Kerala,"Alappuzha, Idukki",9.5003416,76.4123364,district,non_flood,0,0.0,0.0,0.0,0.0,4.8,26.5875,88.0833,0.3361,1.0,1.32,35.0,,,,,success,,success
NEG-00653,1991-11-17,1991,Kerala,Alappuzha,9.5003416,76.4123364,district,non_flood,0,0.0,0.0,0.0,0.3,4.5,25.7667,88.75,0.3066,1.0,1.32,35.0,,,,,success,,success
NEG-00654,1975-12-28,1975,Kerala,Wayanad,11.7151291,76.1271185,district,non_flood,0,0.0,0.0,0.0,0.0,0.0,20.5667,64.3333,0.2683,757.0,7.78,77.0,,,,,success,,success
NEG-00655,1986-03-14,1986,Tamil Nadu,"Chennai, Thoothukkudi",13.0836939,80.270186,district,non_flood,0,0.0,0.0,0.0,0.0,0.0,26.6083,79.7083,0.1833,10.0,2.82,28.0,261.138,0.0,0.0,0.0,success,,success
NEG-00656,2021-05-20,2021,Tamil Nadu,Salem,11.6469616,78.2106958,district,non_flood,0,0.1,0.4,1.0,1.5,1.6,29.025,66.2917,0.1695,394.0,,,10.853,0.0,0.0,12.0,partial,slope/relief unavailable (open-elevation fallback; OpenTopography rate-limited),success
NEG-00657,2012-09-15,2012,Tamil Nadu,Sivaganga,9.8486881,78.4870461,district,non_flood,0,0.0,0.0,0.0,2.4,5.8,29.4333,64.25,0.2403,101.0,,,83.101,0.0,0.0,0.0,partial,slope/relief unavailable (open-elevation fallback; OpenTopography rate-limited),success
NEG-00658,2023-11-22,2023,Tamil Nadu,Viluppuram,12.1166967,79.5989236,district,non_flood,0,0.1,0.3,0.5,0.7,6.3,26.2417,87.125,0.3975,51.0,2.61,34.0,149.335,0.0,0.0,0.0,success,,success
NEG-00659,2017-11-24,2017,Tamil Nadu,Thanjavur,10.659037,79.2014278,district,non_flood,0,0.0,0.0,0.0,0.0,0.0,26.3333,79.5417,0.3388,37.0,1.32,20.0,158.552,0.0,0.0,0.0,success,,success
NEG-00660,2020-11-07,2020,Uttarakhand,Dehradun,30.3255646,78.0436813,district,non_flood,0,0.0,0.0,0.0,0.0,0.0,19.9042,51.4583,0.312,672.0,3.84,53.0,,,,,success,,success
NEG-00661,1988-08-30,1988,Uttarakhand,Tehri Garhwal,30.4658181,78.4837349,district,non_flood,0,0.0,0.0,0.0,0.0,0.0,20.2958,78.0833,0.4183,1703.0,41.77,869.0,,,,,success,,success
NEG-00662,1987-04-19,1987,Kerala,Wayanad,11.7151291,76.1271185,district,non_flood,0,0.0,0.0,0.0,0.0,0.0,27.7833,64.4583,0.2746,757.0,7.78,77.0,,,,,success,,success
NEG-00663,2007-04-24,2007,Kerala,"Malappuram, Thiruvananthapuram, Wayanad",11.1065685,76.1101742,district,non_flood,0,0.0,0.0,3.2,3.2,4.4,27.825,80.8333,0.4579,47.0,9.32,83.0,,,,,success,,success
NEG-00664,1994-04-28,1994,Kerala,"Thiruvananthapuram, Wayanad",8.4882267,76.947551,district,non_flood,0,0.0,0.0,0.0,1.9,3.6,27.3833,84.0833,0.173,21.0,5.01,43.0,,,,,success,,success
NEG-00665,1969-05-16,1969,Kerala,Wayanad,11.7151291,76.1271185,district,non_flood,0,0.0,0.1,1.4,3.3,13.8,22.6875,92.6667,0.4784,757.0,7.78,77.0,,,,,success,,success
NEG-00666,1998-05-19,1998,Kerala,Wayanad,11.7151291,76.1271185,district,non_flood,0,0.0,0.0,0.0,0.0,1.1,24.8458,89.5833,0.472,757.0,7.78,77.0,,,,,success,,success
NEG-00667,2006-05-24,2006,Kerala,Thiruvananthapuram,8.4882267,76.947551,district,non_flood,0,0.2,0.7,3.2,6.5,9.9,25.4125,88.1667,0.2641,21.0,5.01,43.0,,,,,success,,success
NEG-00668,1992-09-06,1992,Kerala,Thiruvananthapuram,8.4882267,76.947551,district,non_flood,0,0.0,0.0,0.4,0.5,2.9,24.4042,86.9167,0.2438,21.0,5.01,43.0,,,,,success,,success
NEG-00669,1970-12-06,1970,Kerala,"Ernakulam, Malappuram",9.9837257,76.2740001,district,non_flood,0,0.0,0.0,0.0,0.0,0.0,24.6167,73.7917,0.2763,4.0,2.82,24.0,,,,,success,,success
NEG-00670,1987-06-14,1987,Kerala,"Malappuram , Wayanad",11.1065685,76.1101742,district,non_flood,0,0.2,1.0,1.6,5.2,9.9,25.2083,88.375,0.477,47.0,9.32,83.0,,,,,success,,success
NEG-00671,2011-06-20,2011,Kerala,"Kannur, Kasaragod",11.8763836,75.3737973,district,non_flood,0,0.3,0.8,1.5,2.7,5.8,26.4542,86.8333,0.3059,21.0,1.67,43.0,,,,,success,,success
NEG-00672,2011-10-07,2011,Kerala,Kottayam,9.6287383,76.6455326,district,non_flood,0,0.0,0.0,0.0,0.0,0.2,26.1208,81.5,0.366,40.0,3.14,97.0,,,,,success,,success
NEG-00673,1984-07-18,1984,Kerala,"Alappuzha , Ernakulam, Idukki, Kannur, Kasaragod, Kollam, Kottayam, Kozhikode, P",9.5003416,76.4123364,district,non_flood,0,1.3,2.4,3.4,5.3,11.0,24.9917,89.1667,0.3565,1.0,1.32,35.0,,,,,success,,success
NEG-00674,1992-07-28,1992,Kerala,Idukki,9.8154785,76.9991599,district,non_flood,0,1.7,4.9,9.7,25.2,53.4,19.7583,98.9583,0.478,723.0,0.0,409.0,,,,,success,,success
NEG-00675,1986-04-08,1986,Kerala,Wayanad,11.7151291,76.1271185,district,non_flood,0,0.0,0.0,0.0,0.0,0.0,25.75,79.0833,0.3292,757.0,7.78,77.0,,,,,success,,success
NEG-00676,1975-07-08,1975,Kerala,Thiruvananthapuram,8.4882267,76.947551,district,non_flood,0,0.3,1.0,1.9,6.6,8.3,24.5958,87.875,0.2172,21.0,5.01,43.0,,,,,success,,success
NEG-00677,2009-08-08,2009,Kerala,"Ernakulam, Idukki, Kannur, Kasaragod, Kozhikode, Malappuram, Palakkad, Thiruvana",9.9837257,76.2740001,district,non_flood,0,0.0,0.0,0.7,2.0,3.3,25.8917,88.0833,0.4208,4.0,2.82,24.0,,,,,success,,success
NEG-00678,2021-09-08,2021,Kerala,"Ernakulam, Idukki, Kannur, Malappuram, Palakkad, Thiruvananthapuram, Thrissur, W",9.9837257,76.2740001,district,non_flood,0,0.7,2.0,3.2,4.9,12.0,25.3542,91.5,0.4268,4.0,2.82,24.0,,,,,success,,success
NEG-00679,1982-10-08,1982,Kerala,"Alappuzha, Ernakulam, Idukki, Kannur, Kasaragod, Kollam, Kottayam, Kozhikode, Ma",9.5003416,76.4123364,district,non_flood,0,0.8,2.7,4.1,8.7,11.0,25.6708,89.5417,0.2606,1.0,1.32,35.0,,,,,success,,success
NEG-00680,1994-11-08,1994,Kerala,"Alappuzha, Idukki, Kollam, Malappuram, Thiruvananthapuram, Wayanad",9.5003416,76.4123364,district,non_flood,0,0.0,0.1,0.2,4.9,11.9,25.9875,88.625,0.3408,1.0,1.32,35.0,,,,,success,,success
NEG-00681,1970-08-19,1970,Kerala,"Alappuzha, Thiruvananthapuram, Wayanad",9.5003416,76.4123364,district,non_flood,0,0.5,1.4,3.4,10.0,26.2,24.8458,92.125,0.3741,1.0,1.32,35.0,,,,,success,,success
NEG-00682,2010-08-22,2010,Kerala,Wayanad,11.7151291,76.1271185,district,non_flood,0,0.2,0.6,1.8,4.7,14.6,21.1,95.7083,0.4654,757.0,7.78,77.0,,,,,success,,success
NEG-00683,1985-03-09,1985,Kerala,Wayanad,11.7151291,76.1271185,district,non_flood,0,0.0,0.0,0.0,0.0,0.0,26.7875,61.875,0.2773,757.0,7.78,77.0,,,,,success,,success
NEG-00684,1995-12-09,1995,Kerala,Malappuram,11.1065685,76.1101742,district,non_flood,0,0.0,0.0,0.0,0.0,0.0,25.075,72.375,0.3254,47.0,9.32,83.0,,,,,success,,success
NEG-00685,1972-09-26,1972,Kerala,Thiruvananthapuram,8.4882267,76.947551,district,non_flood,0,0.0,0.0,0.0,0.4,11.5,24.5917,89.0417,0.3052,21.0,5.01,43.0,,,,,success,,success
NEG-00686,2023-10-17,2023,Kerala,Thiruvananthapuram,8.4882267,76.947551,district,non_flood,0,0.1,0.6,0.9,0.9,2.8,26.0917,87.25,0.277,21.0,5.01,43.0,,,,,success,,success
NEG-00687,2013-10-21,2013,Kerala,"Alappuzha, Ernakulam, Idukki, Kannur, Kasaragod, Kollam, Kottayam, Kozhikode, Ma",9.5003416,76.4123364,district,non_flood,0,0.9,2.7,5.6,10.8,25.9,24.1417,94.4167,0.3772,1.0,1.32,35.0,,,,,success,,success
NEG-00688,1969-10-22,1969,Kerala,Thiruvananthapuram,8.4882267,76.947551,district,non_flood,0,0.9,1.9,2.5,2.7,3.0,25.7292,84.5417,0.2579,21.0,5.01,43.0,,,,,success,,success
NEG-00689,2023-10-30,2023,Kerala,Thiruvananthapuram,8.4882267,76.947551,district,non_flood,0,0.0,2.2,2.3,2.4,31.4,25.7417,89.4583,0.315,21.0,5.01,43.0,,,,,success,,success
NEG-00690,1973-01-11,1973,Kerala,"Alappuzha, Idukki, Thiruvananthapuram",9.5003416,76.4123364,district,non_flood,0,0.0,0.0,0.0,0.0,0.0,26.4292,76.3333,0.0807,1.0,1.32,35.0,,,,,success,,success
NEG-00691,1973-10-11,1973,Kerala,Wayanad,11.7151291,76.1271185,district,non_flood,0,0.0,0.0,0.0,0.0,1.0,21.7167,89.4583,0.3924,757.0,7.78,77.0,,,,,success,,success
NEG-00692,2018-11-11,2018,Kerala,Thiruvananthapuram,8.4882267,76.947551,district,non_flood,0,0.0,0.0,1.1,1.8,4.8,26.2875,86.0833,0.2883,21.0,5.01,43.0,,,,,success,,success
NEG-00693,2006-11-20,2006,Kerala,"Kannur, Malappuram, Thiruvananthapuram",11.8763836,75.3737973,district,non_flood,0,0.0,0.1,2.1,3.5,3.9,26.5292,84.125,0.2815,21.0,1.67,43.0,,,,,success,,success
NEG-00694,1996-03-12,1996,Kerala,Wayanad,11.7151291,76.1271185,district,non_flood,0,0.0,0.0,0.0,0.0,0.0,26.0667,58.625,0.2663,757.0,7.78,77.0,,,,,success,,success
NEG-00695,2005-01-05,2005,Tamil Nadu,Coimbatore,11.0018115,76.9628425,district,non_flood,0,0.0,0.0,0.0,0.0,0.0,24.1125,62.5833,0.1516,419.0,2.68,34.0,30.026,0.0,0.0,0.0,success,,success
NEG-00696,1975-11-30,1975,Tamil Nadu,Thanjavur,10.659037,79.2014278,district,non_flood,0,0.0,0.0,0.0,0.0,0.0,24.8875,74.25,0.3471,37.0,1.32,20.0,158.552,0.0,0.0,0.0,success,,success
NEG-00697,1997-01-12,1997,Tamil Nadu,Tirunelveli,8.5495014,77.5805178,district,non_flood,0,0.0,0.0,0.0,0.0,1.3,25.6333,76.125,0.1736,113.0,1.04,143.0,12.198,0.0,0.0,6.0,success,,success
NEG-00698,1970-02-12,1970,Tamil Nadu,"Chennai, Coimbatore, Cuddalore, Thoothukkudi, Tirunelveli",13.0836939,80.270186,district,non_flood,0,0.0,0.0,0.0,0.0,0.0,24.8208,75.5417,0.1468,10.0,2.82,28.0,261.138,0.0,0.0,0.0,success,,success
NEG-00699,2002-02-06,2002,Uttarakhand,"Almora, Chamoli",29.702651,79.4326318,district,non_flood,0,0.2,0.7,1.0,2.0,2.1,10.65,64.875,0.3396,1142.0,16.65,255.0,,,,,success,,success
NEG-00700,2011-06-21,2011,Uttarakhand,Uttar Kashi Kashi,30.0417376,79.089691,district,non_flood,0,0.0,0.0,0.0,0.8,4.9,19.0417,83.5417,0.4902,2041.0,30.37,706.0,,,,,success,,success
NEG-00701,2007-06-23,2007,Uttarakhand,Garhwal,30.25,79.333333,district,non_flood,0,0.3,0.4,0.6,0.6,0.9,18.0875,68.9583,0.3303,2253.0,26.1,621.0,,,,,success,,success
NEG-00702,1982-04-07,1982,Uttarakhand,Rudra Prayag,30.0417376,79.089691,district,non_flood,0,2.1,4.3,9.0,14.6,24.6,9.4667,84.875,0.4838,2041.0,30.37,706.0,,,,,success,,success
NEG-00703,1977-06-08,1977,Uttarakhand,"Chamoli, Garhwal, Uttar Kashi Kashi",30.4985956,79.6190537,district,non_flood,0,0.0,0.0,0.0,3.2,8.0,16.775,87.0,0.3899,1853.0,23.8,928.0,,,,,success,,success
NEG-00704,2004-08-08,2004,Uttarakhand,"Chamoli, Garhwal, Rudra Prayag, Tehri Garhwal",30.4985956,79.6190537,district,non_flood,0,0.5,3.1,7.8,9.0,12.3,19.9917,93.4583,0.422,1853.0,23.8,928.0,,,,,success,,success
NEG-00705,1988-12-08,1988,Uttarakhand,"Bageshwar, Chamoli",30.0087902,79.9280183,district,non_flood,0,0.0,0.0,0.0,0.0,0.0,11.6208,51.2917,0.2426,1819.0,,,,,,,partial,slope/relief unavailable (open-elevation fallback; OpenTopography rate-limited),success
NEG-00706,2021-08-18,2021,Uttarakhand,"Dehradun, Garhwal, Tehri Garhwal, Uttar Kashi Kashi",30.3255646,78.0436813,district,non_flood,0,0.0,0.0,0.0,0.0,0.0,26.9625,78.4167,0.3364,672.0,3.84,53.0,,,,,success,,success
NEG-00707,2002-02-09,2002,Uttarakhand,Almora,29.702651,79.4326318,district,non_flood,0,0.5,2.0,4.6,7.2,11.2,9.9083,84.4583,0.4883,1142.0,16.65,255.0,,,,,success,,success
NEG-00708,1990-06-09,1990,Uttarakhand,"Chamoli, Pithoragarh",30.4985956,79.6190537,district,non_flood,0,0.0,0.0,0.0,0.4,3.5,16.9458,86.75,0.3468,1853.0,23.8,928.0,,,,,success,,success
NEG-00709,1989-09-27,1989,Uttarakhand,Dehradun,30.3255646,78.0436813,district,non_flood,0,0.0,0.0,0.0,0.0,1.3,22.0333,78.9583,0.3295,672.0,3.84,53.0,,,,,success,,success
NEG-00710,1978-02-01,1978,Kerala,"Malappuram, Thiruvananthapuram",11.1065685,76.1101742,district,non_flood,0,0.0,0.1,0.1,0.1,0.5,26.0,67.4583,0.2588,47.0,9.32,83.0,,,,,success,,success
NEG-00711,2023-04-24,2023,Kerala,Thiruvananthapuram,8.4882267,76.947551,district,non_flood,0,0.0,0.0,0.0,0.0,1.0,29.3417,75.5833,0.0526,21.0,5.01,43.0,,,,,success,,success
NEG-00712,1976-03-05,1976,Kerala,Pathanamthitta,9.2780841,76.9737443,district,non_flood,0,3.3,12.3,18.4,19.9,24.8,22.15,85.7917,0.4791,465.0,9.48,415.0,,,,,success,,success
NEG-00713,1981-07-05,1981,Kerala,Thiruvananthapuram,8.4882267,76.947551,district,non_flood,0,0.0,0.0,0.0,0.0,0.0,25.9333,83.3333,0.1537,21.0,5.01,43.0,,,,,success,,success
NEG-00714,2008-05-16,2008,Kerala,Thiruvananthapuram,8.4882267,76.947551,district,non_flood,0,0.0,0.0,0.0,0.0,1.1,26.6917,80.6667,0.2352,21.0,5.01,43.0,,,,,success,,success
NEG-00715,2011-05-22,2011,Kerala,Thiruvananthapuram,8.4882267,76.947551,district,non_flood,0,0.3,0.4,1.3,6.6,9.6,25.8583,86.7917,0.2281,21.0,5.01,43.0,,,,,success,,success
NEG-00716,2004-02-06,2004,Kerala,Thiruvananthapuram,8.4882267,76.947551,district,non_flood,0,0.0,0.0,0.0,0.0,0.0,26.4292,77.6667,0.0894,21.0,5.01,43.0,,,,,success,,success
NEG-00717,2013-03-07,2013,Kerala,Kozhikode,11.2450558,75.7754716,district,non_flood,0,0.0,0.0,0.6,0.6,0.7,28.5208,74.3333,0.0936,13.0,1.98,29.0,,,,,success,,success
NEG-00718,1988-05-08,1988,Kerala,Wayanad,11.7151291,76.1271185,district,non_flood,0,0.0,0.0,0.0,0.0,0.0,26.2042,85.2917,0.4657,757.0,7.78,77.0,,,,,success,,success
NEG-00719,1993-06-08,1993,Kerala,Idukki,9.8154785,76.9991599,district,non_flood,0,0.6,2.3,4.4,10.0,20.1,20.9542,96.5833,0.4721,723.0,0.0,409.0,,,,,success,,success
NEG-00720,1977-06-08,1977,Kerala,Wayanad,11.7151291,76.1271185,district,non_flood,0,0.0,0.0,0.3,2.2,7.6,22.05,92.875,0.4822,757.0,7.78,77.0,,,,,success,,success
NEG-00721,1990-07-08,1990,Kerala,Alappuzha,9.5003416,76.4123364,district,non_flood,0,1.2,2.9,8.0,30.7,58.2,24.3875,94.2917,0.3887,1.0,1.32,35.0,,,,,success,,success
NEG-00722,1986-08-08,1986,Kerala,"Thiruvananthapuram, Wayanad",8.4882267,76.947551,district,non_flood,0,1.9,6.4,11.7,16.0,32.0,24.1708,90.7917,0.2938,21.0,5.01,43.0,,,,,success,,success
NEG-00723,1991-09-08,1991,Kerala,"Alappuzha, Ernakulam, Kollam, Kottayam",9.5003416,76.4123364,district,non_flood,0,0.0,0.0,0.0,0.0,1.4,26.0625,85.5833,0.2213,1.0,1.32,35.0,,,,,success,,success
NEG-00724,1991-10-08,1991,Kerala,"Pathanamthitta, Wayanad",9.2780841,76.9737443,district,non_flood,0,0.8,1.8,2.0,2.2,9.8,22.575,91.875,0.4801,465.0,9.48,415.0,,,,,success,,success
NEG-00725,1993-11-08,1993,Kerala,Kozhikode,11.2450558,75.7754716,district,non_flood,0,0.2,0.2,0.2,0.2,1.4,26.4333,83.6667,0.2529,13.0,1.98,29.0,,,,,success,,success
NEG-00726,1975-12-08,1975,Kerala,"Alappuzha, Kottayam, Pathanamthitta",9.5003416,76.4123364,district,non_flood,0,0.0,0.0,0.0,0.0,4.2,25.2875,87.9583,0.286,1.0,1.32,35.0,,,,,success,,success
NEG-00727,2007-06-09,2007,Kerala,Alappuzha,9.5003416,76.4123364,district,non_flood,0,0.2,0.8,3.0,3.4,12.8,26.3333,90.0417,0.357,1.0,1.32,35.0,,,,,success,,success
NEG-00728,1991-06-09,1991,Kerala,Thiruvananthapuram,8.4882267,76.947551,district,non_flood,0,1.5,4.2,6.8,10.4,24.6,25.8625,89.375,0.3335,21.0,5.01,43.0,,,,,success,,success
NEG-00729,1998-11-09,1998,Kerala,"Malappuram, Thiruvananthapuram",11.1065685,76.1101742,district,non_flood,0,0.0,0.0,0.0,4.6,15.2,24.8167,88.8333,0.4824,47.0,9.32,83.0,,,,,success,,success
NEG-00730,1987-09-20,1987,Kerala,"Ernakulam, Kannur, Thrissur, Wayanad",9.9837257,76.2740001,district,non_flood,0,0.0,0.0,0.4,2.9,13.9,25.85,89.875,0.4197,4.0,2.82,24.0,,,,,success,,success
NEG-00731,1984-09-21,1984,Kerala,"Kannur, Kasaragod, Palakkad",11.8763836,75.3737973,district,non_flood,0,0.0,4.5,11.2,17.1,19.0,25.7667,85.2083,0.1933,21.0,1.67,43.0,,,,,success,,success
NEG-00732,1982-09-22,1982,Kerala,"Kollam, Thiruvananthapuram",8.8870533,76.5906696,district,non_flood,0,0.0,0.0,0.0,1.0,3.8,25.5458,88.2917,0.2385,17.0,1.36,31.0,,,,,success,,success
NEG-00733,2021-09-23,2021,Kerala,Thiruvananthapuram,8.4882267,76.947551,district,non_flood,0,0.1,0.2,1.5,1.5,1.8,26.2708,86.75,0.19,21.0,5.01,43.0,,,,,success,,success
NEG-00734,1986-09-10,1986,Kerala,Thiruvananthapuram,8.4882267,76.947551,district,non_flood,0,0.0,0.3,0.7,1.8,4.6,24.5583,88.2083,0.1454,21.0,5.01,43.0,,,,,success,,success
NEG-00735,1972-10-29,1972,Kerala,Thiruvananthapuram,8.4882267,76.947551,district,non_flood,0,0.4,1.0,2.1,2.3,2.6,25.2,86.4167,0.2853,21.0,5.01,43.0,,,,,success,,success
NEG-00736,2013-07-15,2013,Uttarakhand,Dehradun,30.3255646,78.0436813,district,non_flood,0,0.2,0.9,2.2,3.0,6.2,25.4125,86.5417,0.4191,672.0,3.84,53.0,,,,,success,,success
NEG-00737,2019-07-18,2019,Uttarakhand,Pithoragarh,29.585871,80.215167,district,non_flood,0,0.2,2.9,8.3,8.6,17.5,20.0083,90.125,0.5022,1612.0,,,,,,,partial,slope/relief unavailable (open-elevation fallback; OpenTopography rate-limited),success
NEG-00738,1973-08-25,1973,Uttarakhand,Chamoli,30.4985956,79.6190537,district,non_flood,0,0.6,3.5,5.7,6.6,10.6,20.6292,89.5833,0.4133,1853.0,23.8,928.0,,,,,success,,success
NEG-00739,2006-01-03,2006,Kerala,Kasaragod,12.4221964,75.1904446,district,non_flood,0,0.0,0.0,0.0,0.0,0.0,24.5333,69.4167,0.2912,83.0,9.45,223.0,,,,,success,,success
NEG-00740,1970-01-10,1970,Kerala,Wayanad,11.7151291,76.1271185,district,non_flood,0,0.0,0.0,0.0,0.0,0.0,22.8958,72.2917,0.3075,757.0,7.78,77.0,,,,,success,,success
NEG-00741,1968-04-02,1968,Kerala,Thiruvananthapuram,8.4882267,76.947551,district,non_flood,0,0.0,0.0,0.0,0.6,5.5,26.7667,84.4583,0.2344,21.0,5.01,43.0,,,,,success,,success
NEG-00742,2014-04-10,2014,Kerala,Kozhikode,11.2450558,75.7754716,district,non_flood,0,0.0,0.0,0.0,0.1,0.1,28.8958,75.6667,0.1158,13.0,1.98,29.0,,,,,success,,success
NEG-00743,2018-04-11,2018,Kerala,Thiruvananthapuram,8.4882267,76.947551,district,non_flood,0,0.2,2.0,2.2,2.2,2.8,28.0,80.8333,0.0939,21.0,5.01,43.0,,,,,success,,success
NEG-00744,1987-04-13,1987,Kerala,Ernakulam,9.9837257,76.2740001,district,non_flood,0,0.0,0.0,0.0,0.0,0.0,29.3708,69.0417,0.1504,4.0,2.82,24.0,,,,,success,,success
NEG-00745,1989-04-18,1989,Kerala,Wayanad,11.7151291,76.1271185,district,non_flood,0,0.0,0.0,0.0,0.0,0.0,26.0208,78.0,0.3337,757.0,7.78,77.0,,,,,success,,success
NEG-00746,2000-04-19,2000,Kerala,Kozhikode,11.2450558,75.7754716,district,non_flood,0,3.9,7.6,7.6,13.3,14.9,27.725,81.625,0.181,13.0,1.98,29.0,,,,,success,,success
NEG-00747,1993-04-20,1993,Kerala,Wayanad,11.7151291,76.1271185,district,non_flood,0,0.0,0.0,0.0,0.2,4.1,24.2083,87.625,0.4389,757.0,7.78,77.0,,,,,success,,success
NEG-00748,2007-04-22,2007,Kerala,Palakkad,10.7873692,76.4742172,district,non_flood,0,0.0,0.2,4.0,8.7,17.2,26.4917,86.375,0.4592,83.0,3.15,57.0,,,,,success,,success
NEG-00749,1997-05-12,1997,Kerala,Thiruvananthapuram,8.4882267,76.947551,district,non_flood,0,0.0,0.0,0.0,1.4,2.6,27.4167,82.4583,0.2457,21.0,5.01,43.0,,,,,success,,success
NEG-00750,2003-05-18,2003,Kerala,Thiruvananthapuram,8.4882267,76.947551,district,non_flood,0,0.0,0.0,0.0,1.0,3.0,27.3417,82.125,0.2153,21.0,5.01,43.0,,,,,success,,success
NEG-00751,1983-05-20,1983,Kerala,Idukki,9.8154785,76.9991599,district,non_flood,0,0.0,0.0,0.0,0.4,124.0,22.5958,94.5,0.4693,723.0,0.0,409.0,,,,,success,,success
NEG-00752,2007-05-23,2007,Kerala,Thiruvananthapuram,8.4882267,76.947551,district,non_flood,0,0.0,0.0,0.1,0.1,1.0,27.7417,82.2917,0.1373,21.0,5.01,43.0,,,,,success,,success
NEG-00753,2011-06-05,2011,Kerala,Thiruvananthapuram,8.4882267,76.947551,district,non_flood,0,0.1,1.1,2.9,3.9,6.5,25.6833,89.7083,0.3031,21.0,5.01,43.0,,,,,success,,success
NEG-00754,2010-06-16,2010,Kerala,Wayanad,11.7151291,76.1271185,district,non_flood,0,0.0,0.0,0.0,0.7,21.3,21.1917,99.4167,0.4952,757.0,7.78,77.0,,,,,success,,success
NEG-00755,1994-06-21,1994,Kerala,Wayanad,11.7151291,76.1271185,district,non_flood,0,0.0,0.0,0.0,0.0,0.1,22.0583,88.7083,0.4855,757.0,7.78,77.0,,,,,success,,success
NEG-00756,1973-07-14,1973,Kerala,Wayanad,11.7151291,76.1271185,district,non_flood,0,0.1,0.3,0.4,0.6,4.1,21.5083,90.75,0.496,757.0,7.78,77.0,,,,,success,,success
NEG-00757,2003-07-17,2003,Kerala,Wayanad,11.7151291,76.1271185,district,non_flood,0,0.1,0.1,0.2,8.2,30.0,20.4375,98.875,0.489,757.0,7.78,77.0,,,,,success,,success
NEG-00758,1987-07-21,1987,Kerala,Wayanad,11.7151291,76.1271185,district,non_flood,0,0.0,0.0,0.0,0.0,0.7,22.4417,88.0417,0.4703,757.0,7.78,77.0,,,,,success,,success
NEG-00759,1974-08-03,1974,Kerala,Idukki,9.8154785,76.9991599,district,non_flood,0,0.5,0.9,2.0,2.4,8.7,20.4,91.75,0.4941,723.0,0.0,409.0,,,,,success,,success
NEG-00760,2002-09-27,2002,Kerala,"Idukki, Thiruvananthapuram",9.8154785,76.9991599,district,non_flood,0,0.0,0.0,0.0,0.0,0.8,22.7292,83.2917,0.4083,723.0,0.0,409.0,,,,,success,,success
NEG-00761,1974-10-02,1974,Kerala,Thrissur,10.5270099,76.214621,district,non_flood,0,0.0,1.2,1.3,7.4,11.1,25.2,89.25,0.4769,22.0,4.19,39.0,,,,,success,,success
NEG-00762,1999-10-05,1999,Kerala,Thiruvananthapuram,8.4882267,76.947551,district,non_flood,0,0.9,3.0,6.3,8.5,9.9,25.3875,86.0833,0.2555,21.0,5.01,43.0,,,,,success,,success
NEG-00763,1998-10-09,1998,Kerala,"Alappuzha, Thiruvananthapuram",9.5003416,76.4123364,district,non_flood,0,0.3,1.2,5.7,16.4,43.3,25.125,93.3333,0.379,1.0,1.32,35.0,,,,,success,,success
NEG-00764,2000-10-11,2000,Kerala,Kollam,8.8870533,76.5906696,district,non_flood,0,0.0,0.0,0.0,0.7,3.1,26.0458,85.7083,0.263,17.0,1.36,31.0,,,,,success,,success
NEG-00765,1992-10-11,1992,Kerala,Malappuram,11.1065685,76.1101742,district,non_flood,0,0.5,3.0,4.6,4.7,6.6,25.1833,89.4167,0.4823,47.0,9.32,83.0,,,,,success,,success
NEG-00766,1968-10-12,1968,Kerala,"Ernakulam, Kannur, Kottayam, Kozhikode, Palakkad, Pathanamthitta, Thiruvananthap",9.9837257,76.2740001,district,non_flood,0,0.0,0.0,0.0,0.3,3.6,25.9167,85.625,0.3589,4.0,2.82,24.0,,,,,success,,success
NEG-00767,2016-10-12,2016,Kerala,Ernakulam,9.9837257,76.2740001,district,non_flood,0,0.0,0.0,0.0,0.2,1.1,26.2125,82.2083,0.3603,4.0,2.82,24.0,,,,,success,,success
NEG-00768,1977-10-12,1977,Kerala,Kannur,11.8763836,75.3737973,district,non_flood,0,1.2,1.7,1.7,2.7,5.1,26.2167,85.9583,0.2935,21.0,1.67,43.0,,,,,success,,success
NEG-00769,1982-10-12,1982,Kerala,Kottayam,9.6287383,76.6455326,district,non_flood,0,0.0,0.0,1.6,4.8,6.7,25.4333,88.4167,0.493,40.0,3.14,97.0,,,,,success,,success
NEG-00770,2010-10-12,2010,Kerala,Kozhikode,11.2450558,75.7754716,district,non_flood,0,0.0,0.0,0.0,0.6,2.0,26.4375,82.875,0.2594,13.0,1.98,29.0,,,,,success,,success
NEG-00771,2012-10-12,2012,Kerala,Palakkad,10.7873692,76.4742172,district,non_flood,0,0.0,0.0,0.0,0.0,0.0,25.9792,84.2083,0.4127,83.0,3.15,57.0,,,,,success,,success
NEG-00772,2016-10-12,2016,Kerala,Pathanamthitta,9.2780841,76.9737443,district,non_flood,0,0.0,0.0,0.0,0.0,0.0,22.7875,81.375,0.3775,465.0,9.48,415.0,,,,,success,,success
NEG-00773,1972-10-12,1972,Kerala,Thiruvananthapuram,8.4882267,76.947551,district,non_flood,0,0.5,0.8,0.8,0.9,9.0,25.2375,88.0833,0.288,21.0,5.01,43.0,,,,,success,,success
NEG-00774,1972-10-12,1972,Kerala,Thrissur,10.5270099,76.214621,district,non_flood,0,0.0,0.0,0.0,0.0,5.8,26.0625,86.5417,0.4631,22.0,4.19,39.0,,,,,success,,success
NEG-00775,1979-10-16,1979,Kerala,"Alappuzha, Ernakulam, Idukki, Kollam, Kottayam, Palakkad, Thiruvananthapuram",9.5003416,76.4123364,district,non_flood,0,0.0,0.0,0.0,2.4,3.7,26.0833,87.4167,0.321,1.0,1.32,35.0,,,,,success,,success
NEG-00776,2022-10-16,2022,Kerala,Alappuzha,9.5003416,76.4123364,district,non_flood,0,0.0,0.2,2.7,4.2,7.3,25.9458,87.2917,0.2659,1.0,1.32,35.0,,,,,success,,success
NEG-00777,2002-10-16,2002,Kerala,Ernakulam,9.9837257,76.2740001,district,non_flood,0,0.0,0.0,0.0,0.6,20.4,24.8917,92.6667,0.4341,4.0,2.82,24.0,,,,,success,,success
NEG-00778,1980-10-16,1980,Kerala,Idukki,9.8154785,76.9991599,district,non_flood,0,0.0,0.0,0.0,0.0,2.6,21.5583,87.0,0.4815,723.0,0.0,409.0,,,,,success,,success
NEG-00779,1994-10-16,1994,Kerala,Kollam,8.8870533,76.5906696,district,non_flood,0,0.0,0.0,0.5,1.8,6.7,25.5417,87.375,0.3072,17.0,1.36,31.0,,,,,success,,success
NEG-00780,1993-10-16,1993,Kerala,Kottayam,9.6287383,76.6455326,district,non_flood,0,0.0,0.2,0.7,0.7,2.1,24.8375,86.0833,0.4569,40.0,3.14,97.0,,,,,success,,success
NEG-00781,2004-10-16,2004,Kerala,Palakkad,10.7873692,76.4742172,district,non_flood,0,0.0,0.0,0.0,0.9,10.1,24.7708,90.75,0.4635,83.0,3.15,57.0,,,,,success,,success
NEG-00782,1984-10-16,1984,Kerala,Thiruvananthapuram,8.4882267,76.947551,district,non_flood,0,0.0,0.0,0.0,0.0,0.0,24.6333,84.4167,0.2153,21.0,5.01,43.0,,,,,success,,success
NEG-00783,1994-10-17,1994,Kerala,Thrissur,10.5270099,76.214621,district,non_flood,0,0.0,0.0,9.0,13.3,20.4,25.0583,90.2917,0.4615,22.0,4.19,39.0,,,,,success,,success
NEG-00784,1996-10-18,1996,Kerala,Thiruvananthapuram,8.4882267,76.947551,district,non_flood,0,1.0,3.7,6.6,14.9,26.4,24.2917,92.0833,0.3351,21.0,5.01,43.0,,,,,success,,success
NEG-00785,2006-10-11,2006,Kerala,"Alappuzha, Idukki, Ernakulam, Kannur, Kottayam, Kollam, Kozhikode, Malappuram, P",9.5003416,76.4123364,district,non_flood,0,0.3,1.2,2.1,7.4,20.8,25.0958,92.1667,0.3649,1.0,1.32,35.0,,,,,success,,success
NEG-00786,1975-10-11,1975,Kerala,Alappuzha,9.5003416,76.4123364,district,non_flood,0,0.0,0.0,0.7,2.3,5.5,25.2292,89.0417,0.3358,1.0,1.32,35.0,,,,,success,,success
NEG-00787,2001-10-11,2001,Kerala,Kannur,11.8763836,75.3737973,district,non_flood,0,0.0,0.0,0.2,1.0,1.6,25.8083,85.625,0.2364,21.0,1.67,43.0,,,,,success,,success
NEG-00788,1992-10-11,1992,Kerala,Thrissur,10.5270099,76.214621,district,non_flood,0,1.0,2.4,3.8,4.7,10.1,25.1833,90.8333,0.4904,22.0,4.19,39.0,,,,,success,,success
NEG-00789,1973-10-20,1973,Kerala,Malappuram,11.1065685,76.1101742,district,non_flood,0,0.0,0.0,0.5,4.6,10.0,25.5792,85.0,0.4919,47.0,9.32,83.0,,,,,success,,success
NEG-00790,1992-10-20,1992,Kerala,Palakkad,10.7873692,76.4742172,district,non_flood,0,0.0,0.0,0.0,0.0,2.0,24.7583,87.5417,0.4512,83.0,3.15,57.0,,,,,success,,success
NEG-00791,2002-10-20,2002,Kerala,Thiruvananthapuram,8.4882267,76.947551,district,non_flood,0,0.2,0.4,0.5,2.2,5.1,25.0958,87.5417,0.2822,21.0,5.01,43.0,,,,,success,,success
NEG-00792,1973-10-23,1973,Kerala,Kottayam,9.6287383,76.6455326,district,non_flood,0,0.0,0.0,0.0,0.5,10.7,24.5292,91.6667,0.4706,40.0,3.14,97.0,,,,,success,,success
NEG-00793,2015-10-23,2015,Kerala,Pathanamthitta,9.2780841,76.9737443,district,non_flood,0,0.0,0.0,0.0,0.7,1.6,24.2958,83.375,0.4664,465.0,9.48,415.0,,,,,success,,success
NEG-00794,1982-11-02,1982,Kerala,Kozhikode,11.2450558,75.7754716,district,non_flood,0,0.0,0.1,1.3,2.4,2.6,26.7875,80.2083,0.2144,13.0,1.98,29.0,,,,,success,,success
NEG-00795,2020-11-05,2020,Kerala,"Alappuzha, Kottayam",9.5003416,76.4123364,district,non_flood,0,0.1,1.0,2.3,2.4,5.0,26.4917,89.9583,0.2456,1.0,1.32,35.0,,,,,success,,success
NEG-00796,2016-11-13,2016,Kerala,"Alappuzha, Thiruvananthapuram",9.5003416,76.4123364,district,non_flood,0,0.0,0.1,0.6,0.6,1.1,26.9375,83.2083,0.2122,1.0,1.32,35.0,,,,,success,,success
NEG-00797,2018-11-14,2018,Kerala,Kannur,11.8763836,75.3737973,district,non_flood,0,0.0,0.0,0.0,0.0,0.5,25.9292,86.4167,0.1732,21.0,1.67,43.0,,,,,success,,success
NEG-00798,1977-11-14,1977,Kerala,Thiruvananthapuram,8.4882267,76.947551,district,non_flood,0,0.0,0.1,0.6,0.6,1.8,26.0208,84.25,0.2817,21.0,5.01,43.0,,,,,success,,success
NEG-00799,1969-11-14,1969,Kerala,Thrissur,10.5270099,76.214621,district,non_flood,0,0.3,1.1,3.8,12.6,18.9,24.9292,88.1667,0.4382,22.0,4.19,39.0,,,,,success,,success
NEG-00800,1978-11-10,1978,Kerala,"Ernakulam, Kannur, Kollam, Kottayam, Thiruvananthapuram, Thrissur",9.9837257,76.2740001,district,non_flood,0,0.0,0.0,0.0,0.0,0.0,26.2792,84.1667,0.386,4.0,2.82,24.0,,,,,success,,success
NEG-00801,1984-11-10,1984,Kerala,Ernakulam,9.9837257,76.2740001,district,non_flood,0,0.0,1.1,5.6,5.6,5.6,26.1542,86.3333,0.387,4.0,2.82,24.0,,,,,success,,success
NEG-00802,2016-11-15,2016,Kerala,"Alappuzha, Thiruvananthapuram, Thrissur",9.5003416,76.4123364,district,non_flood,0,0.6,1.1,1.1,2.2,10.1,25.7458,89.9583,0.3037,1.0,1.32,35.0,,,,,success,,success
NEG-00803,1974-11-15,1974,Kerala,Thiruvananthapuram,8.4882267,76.947551,district,non_flood,0,0.0,0.0,0.0,0.9,2.2,25.4625,84.5417,0.2052,21.0,5.01,43.0,,,,,success,,success
NEG-00804,2016-11-17,2016,Kerala,Thiruvananthapuram,8.4882267,76.947551,district,non_flood,0,0.0,0.0,0.0,0.6,1.9,26.0667,82.3333,0.2437,21.0,5.01,43.0,,,,,success,,success
NEG-00805,1991-11-17,1991,Kerala,Thrissur,10.5270099,76.214621,district,non_flood,0,0.0,0.0,0.0,1.0,1.1,25.6,88.0833,0.4348,22.0,4.19,39.0,,,,,success,,success
NEG-00806,1989-11-30,1989,Kerala,Thiruvananthapuram,8.4882267,76.947551,district,non_flood,0,0.0,0.0,0.0,0.6,0.6,26.1667,77.7083,0.1598,21.0,5.01,43.0,,,,,success,,success
NEG-00807,1977-07-17,1977,Tamil Nadu,Tiruvannamalai,12.4289282,78.99915,district,non_flood,0,0.0,0.0,0.0,3.4,3.4,29.0792,57.7917,0.2102,266.0,,,107.216,0.0,0.0,0.0,partial,slope/relief unavailable (open-elevation fallback; OpenTopography rate-limited),success
NEG-00808,1975-09-17,1975,Tamil Nadu,Pudukkottai,10.2903072,78.8173617,district,non_flood,0,0.2,0.8,1.8,14.2,16.4,26.0083,84.3333,0.4848,87.0,1.68,25.0,112.988,0.0,0.0,0.0,success,,success
NEG-00809,1984-11-06,1984,Tamil Nadu,Chennai,13.0836939,80.270186,district,non_flood,0,0.2,1.2,2.2,2.7,5.6,25.6583,86.375,0.329,10.0,2.82,28.0,261.138,0.0,0.0,0.0,success,,success
NEG-00810,1974-11-06,1974,Tamil Nadu,Kallakurichi,11.7946847,79.0388211,district,non_flood,0,0.8,2.3,2.7,3.4,9.9,24.1667,82.9583,0.195,119.0,,,83.69,0.0,0.0,0.0,partial,slope/relief unavailable (open-elevation fallback; OpenTopography rate-limited),success
NEG-00811,1988-11-06,1988,Tamil Nadu,Krishnagiri,12.5152075,78.0093769,district,non_flood,0,0.0,0.0,0.0,0.6,5.1,22.2417,81.0833,0.2494,707.0,,,85.71,0.0,0.0,0.0,partial,slope/relief unavailable (open-elevation fallback; OpenTopography rate-limited),success
NEG-00812,2003-11-06,2003,Tamil Nadu,Madurai,9.9261153,78.1140983,district,non_flood,0,0.1,0.4,0.4,3.2,13.1,24.95,85.375,0.3573,138.0,2.65,23.0,46.961,0.0,0.0,0.0,success,,success
NEG-00813,1971-11-06,1971,Tamil Nadu,Thanjavur,10.659037,79.2014278,district,non_flood,0,0.0,0.0,0.0,0.0,0.0,26.8958,70.5,0.2565,37.0,1.32,20.0,158.552,0.0,0.0,0.0,success,,success
NEG-00814,2010-11-06,2010,Tamil Nadu,Theni,9.8692558,77.4222974,district,non_flood,0,0.0,0.0,0.0,1.2,12.0,22.45,87.9167,0.3955,386.0,,,15.487,0.0,0.0,57.0,partial,slope/relief unavailable (open-elevation fallback; OpenTopography rate-limited),success
NEG-00815,2004-11-06,2004,Tamil Nadu,Tiruvannamalai,12.4289282,78.99915,district,non_flood,0,1.0,2.1,8.1,25.1,38.2,20.7583,90.7917,0.4194,266.0,,,107.216,0.0,0.0,0.0,partial,slope/relief unavailable (open-elevation fallback; OpenTopography rate-limited),success
NEG-00816,1970-11-06,1970,Tamil Nadu,Vellore,12.9021849,79.061104,district,non_flood,0,0.0,0.3,0.6,4.8,12.7,24.1792,83.625,0.2303,233.0,0.73,17.0,151.536,0.0,0.0,0.0,success,,success
NEG-00817,2019-11-06,2019,Tamil Nadu,Viluppuram,12.1166967,79.5989236,district,non_flood,0,0.0,0.0,0.0,0.0,0.0,27.0958,78.5,0.34,51.0,2.61,34.0,149.335,0.0,0.0,0.0,success,,success
NEG-00818,1976-11-07,1976,Tamil Nadu,Chennai,13.0836939,80.270186,district,non_flood,0,1.0,1.4,2.1,5.8,8.4,26.425,84.75,0.2702,10.0,2.82,28.0,261.138,0.0,0.0,0.0,success,,success
NEG-00819,1997-11-10,1997,Tamil Nadu,Thanjavur,10.659037,79.2014278,district,non_flood,0,0.0,0.0,0.0,0.3,19.0,24.9667,90.6667,0.412,37.0,1.32,20.0,158.552,0.0,0.0,0.0,success,,success
NEG-00820,2020-11-18,2020,Tamil Nadu,Vellore,12.9021849,79.061104,district,non_flood,0,0.0,0.0,1.4,1.9,5.7,24.0042,90.0833,0.409,233.0,0.73,17.0,151.536,0.0,0.0,0.0,success,,success
NEG-00821,1997-11-19,1997,Tamil Nadu,Viluppuram,12.1166967,79.5989236,district,non_flood,0,0.0,0.0,0.9,5.2,9.7,24.8042,89.0833,0.4167,51.0,2.61,34.0,149.335,0.0,0.0,0.0,success,,success
NEG-00822,1981-11-19,1981,Tamil Nadu,"Krishnagiri, Tiruvannamalai",12.5152075,78.0093769,district,non_flood,0,0.0,0.0,0.0,0.0,0.0,20.4792,68.5,0.326,707.0,,,85.71,0.0,0.0,0.0,partial,slope/relief unavailable (open-elevation fallback; OpenTopography rate-limited),success
NEG-00823,2007-11-19,2007,Tamil Nadu,"Krishnagiri, Tiruvannamalai",12.5152075,78.0093769,district,non_flood,0,0.0,0.0,0.0,0.0,0.0,21.95,67.9167,0.2603,707.0,,,85.71,0.0,0.0,0.0,partial,slope/relief unavailable (open-elevation fallback; OpenTopography rate-limited),success
NEG-00824,1971-11-21,1971,Tamil Nadu,Kallakurichi,11.7946847,79.0388211,district,non_flood,0,0.0,0.0,0.0,0.0,1.6,23.4417,80.9583,0.3011,119.0,,,83.69,0.0,0.0,0.0,partial,slope/relief unavailable (open-elevation fallback; OpenTopography rate-limited),success
NEG-00825,1972-12-30,1972,Tamil Nadu,Chennai,13.0836939,80.270186,district,non_flood,0,0.0,0.0,0.0,0.0,0.0,23.7708,77.4167,0.2668,10.0,2.82,28.0,261.138,0.0,0.0,0.0,success,,success
NEG-00826,2014-02-07,2014,Uttarakhand,Chamoli,30.4985956,79.6190537,district,non_flood,0,1.0,2.4,4.3,9.9,13.1,3.6583,68.9167,0.3536,1853.0,23.8,928.0,,,,,success,,success
NEG-00827,2017-05-29,2017,Uttarakhand,Uttar Kashi Kashi,30.0417376,79.089691,district,non_flood,0,0.1,0.3,0.3,0.7,7.6,16.1167,85.6667,0.4622,2041.0,30.37,706.0,,,,,success,,success
NEG-00828,2006-07-11,2006,Uttarakhand,Bageshwar,30.0087902,79.9280183,district,non_flood,0,0.0,0.0,0.0,1.3,5.7,20.5875,87.0417,0.47,1819.0,,,,,,,partial,slope/relief unavailable (open-elevation fallback; OpenTopography rate-limited),success
NEG-00829,2018-07-11,2018,Uttarakhand,Chamoli,30.4985956,79.6190537,district,non_flood,0,0.9,2.2,3.5,4.0,20.9,20.875,80.9167,0.4177,1853.0,23.8,928.0,,,,,success,,success
NEG-00830,1999-07-19,1999,Uttarakhand,Uttar Kashi Kashi,30.0417376,79.089691,district,non_flood,0,0.1,0.6,2.1,2.1,4.1,18.2708,86.0,0.4663,2041.0,30.37,706.0,,,,,success,,success
NEG-00831,2016-08-29,2016,Uttarakhand,Pithoragarh,29.585871,80.215167,district,non_flood,0,0.0,0.0,1.1,4.5,8.8,21.225,84.2917,0.469,1612.0,,,,,,,partial,slope/relief unavailable (open-elevation fallback; OpenTopography rate-limited),success
NEG-00832,2023-10-16,2023,Uttarakhand,"Almora, Bageshwar, Chamoli, Champawat, Nainital, Garhwal, Pithoragarh, Udam Sing",29.702651,79.4326318,district,non_flood,0,0.0,0.0,0.0,0.0,1.3,19.1667,73.7917,0.3203,1142.0,16.65,255.0,,,,,success,,success
NEG-00833,1992-03-23,1992,Kerala,Palakkad,10.7873692,76.4742172,district,non_flood,0,0.0,0.0,0.0,0.0,0.0,30.225,55.0,0.25,83.0,3.15,57.0,,,,,success,,success
NEG-00834,1978-03-24,1978,Kerala,Kannur,11.8763836,75.3737973,district,non_flood,0,0.0,0.0,0.0,0.0,0.0,28.275,72.8333,0.0719,21.0,1.67,43.0,,,,,success,,success
NEG-00835,2012-03-24,2012,Kerala,Kasaragod,12.4221964,75.1904446,district,non_flood,0,0.0,0.0,0.0,0.0,0.6,27.8583,74.25,0.2856,83.0,9.45,223.0,,,,,success,,success
NEG-00836,1990-03-27,1990,Kerala,Kottayam,9.6287383,76.6455326,district,non_flood,0,0.0,0.0,0.0,0.0,0.0,28.2542,66.3333,0.3442,40.0,3.14,97.0,,,,,success,,success
NEG-00837,1976-05-17,1976,Kerala,Thrissur,10.5270099,76.214621,district,non_flood,0,0.0,0.6,1.7,3.3,10.0,26.3042,86.6667,0.4671,22.0,4.19,39.0,,,,,success,,success
NEG-00838,2020-05-18,2020,Kerala,Ernakulam,9.9837257,76.2740001,district,non_flood,0,0.6,8.5,14.2,18.8,27.2,26.7083,91.75,0.4253,4.0,2.82,24.0,,,,,success,,success
NEG-00839,1987-05-18,1987,Kerala,Kozhikode,11.2450558,75.7754716,district,non_flood,0,0.0,0.0,0.0,0.0,0.0,28.775,74.6667,0.1953,13.0,1.98,29.0,,,,,success,,success
NEG-00840,1988-05-20,1988,Kerala,Idukki,9.8154785,76.9991599,district,non_flood,0,0.2,0.7,0.8,0.8,5.2,23.0833,91.75,0.4836,723.0,0.0,409.0,,,,,success,,success
NEG-00841,1980-05-20,1980,Kerala,Thrissur,10.5270099,76.214621,district,non_flood,0,0.0,3.4,3.4,8.9,18.6,26.6792,88.4583,0.469,22.0,4.19,39.0,,,,,success,,success
NEG-00842,1989-06-16,1989,Kerala,Wayanad,11.7151291,76.1271185,district,non_flood,0,0.0,0.0,0.2,1.3,8.5,20.9542,95.9167,0.4849,757.0,7.78,77.0,,,,,success,,success
NEG-00843,2019-07-01,2019,Kerala,Kannur,11.8763836,75.3737973,district,non_flood,0,0.2,0.9,2.2,4.8,13.3,25.7375,91.7083,0.3074,21.0,1.67,43.0,,,,,success,,success
NEG-00844,1973-07-02,1973,Kerala,Kannur,11.8763836,75.3737973,district,non_flood,0,3.0,7.7,13.9,23.2,49.0,24.5792,93.3333,0.3688,21.0,1.67,43.0,,,,,success,,success
NEG-00845,2011-07-04,2011,Kerala,Idukki,9.8154785,76.9991599,district,non_flood,0,0.0,0.0,0.0,0.4,1.8,22.175,86.625,0.471,723.0,0.0,409.0,,,,,success,,success
NEG-00846,1983-07-05,1983,Kerala,Idukki,9.8154785,76.9991599,district,non_flood,0,0.0,0.0,0.0,0.1,0.9,23.2333,84.8333,0.4525,723.0,0.0,409.0,,,,,success,,success
NEG-00847,2010-07-07,2010,Kerala,Kannur,11.8763836,75.3737973,district,non_flood,0,0.2,0.6,1.1,1.7,9.4,25.0,91.7083,0.3235,21.0,1.67,43.0,,,,,success,,success
NEG-00848,1988-07-10,1988,Kerala,Ernakulam,9.9837257,76.2740001,district,non_flood,0,0.0,0.0,0.0,4.4,6.6,25.75,88.0833,0.432,4.0,2.82,24.0,,,,,success,,success
NEG-00849,1998-07-15,1998,Kerala,Idukki,9.8154785,76.9991599,district,non_flood,0,0.3,0.6,2.0,3.9,18.6,21.8792,93.125,0.4701,723.0,0.0,409.0,,,,,success,,success
NEG-00850,1996-07-16,1996,Kerala,"Kasaragod, Wayanad, Kozhikode, Malappuram, Palakkad, Thrissur, Idukki, Ernakulam",12.4221964,75.1904446,district,non_flood,0,1.8,6.9,13.1,24.9,56.5,23.25,98.4167,0.4744,83.0,9.45,223.0,,,,,success,,success
NEG-00851,1997-07-16,1997,Kerala,Palakkad,10.7873692,76.4742172,district,non_flood,0,0.0,0.0,0.2,0.5,3.7,25.0917,87.625,0.4774,83.0,3.15,57.0,,,,,success,,success
NEG-00852,1976-07-16,1976,Kerala,Thrissur,10.5270099,76.214621,district,non_flood,0,0.8,2.4,2.5,5.0,9.3,24.55,90.75,0.4635,22.0,4.19,39.0,,,,,success,,success
NEG-00853,2007-07-19,2007,Kerala,Malappuram,11.1065685,76.1101742,district,non_flood,0,0.0,0.9,1.3,5.2,8.1,24.6333,88.75,0.4952,47.0,9.32,83.0,,,,,success,,success
NEG-00854,2007-07-20,2007,Kerala,Malappuram,11.1065685,76.1101742,district,non_flood,0,0.2,0.7,3.3,9.5,12.7,24.625,90.25,0.4805,47.0,9.32,83.0,,,,,success,,success
NEG-00855,1979-07-28,1979,Kerala,Ernakulam,9.9837257,76.2740001,district,non_flood,0,0.2,0.7,1.1,2.9,6.9,25.1125,88.5,0.4295,4.0,2.82,24.0,,,,,success,,success
NEG-00856,2019-08-01,2019,Kerala,Kollam,8.8870533,76.5906696,district,non_flood,0,0.0,0.5,0.5,0.5,0.9,26.3625,88.5,0.2307,17.0,1.36,31.0,,,,,success,,success
NEG-00857,2020-08-01,2020,Kerala,Kottayam,9.6287383,76.6455326,district,non_flood,0,0.0,0.3,1.9,7.5,35.9,24.5833,96.625,0.509,40.0,3.14,97.0,,,,,success,,success
NEG-00858,1968-08-01,1968,Kerala,Malappuram,11.1065685,76.1101742,district,non_flood,0,0.5,1.3,2.7,7.8,26.2,24.0958,91.2917,0.4963,47.0,9.32,83.0,,,,,success,,success
NEG-00859,1974-08-01,1974,Kerala,Pathanamthitta,9.2780841,76.9737443,district,non_flood,0,0.0,0.0,0.0,3.5,21.3,20.8458,94.5,0.4595,465.0,9.48,415.0,,,,,success,,success
NEG-00860,2011-08-01,2011,Kerala,Thiruvananthapuram,8.4882267,76.947551,district,non_flood,0,0.0,0.0,0.0,0.5,2.2,24.9167,87.9167,0.265,21.0,5.01,43.0,,,,,success,,success
NEG-00861,1993-08-01,1993,Kerala,Kottayam,9.6287383,76.6455326,district,non_flood,0,0.3,1.4,2.8,7.6,25.3,23.4917,95.2917,0.4945,40.0,3.14,97.0,,,,,success,,success
NEG-00862,1990-08-01,1990,Kerala,Kannur,11.8763836,75.3737973,district,non_flood,0,0.2,0.5,1.1,2.5,5.3,25.2792,88.25,0.2885,21.0,1.67,43.0,,,,,success,,success
NEG-00863,2003-08-02,2003,Kerala,Alappuzha,9.5003416,76.4123364,district,non_flood,0,0.0,0.0,0.0,3.3,10.6,25.225,91.0417,0.3574,1.0,1.32,35.0,,,,,success,,success
NEG-00864,1979-08-02,1979,Kerala,Ernakulam,9.9837257,76.2740001,district,non_flood,0,0.2,0.6,1.2,3.2,16.2,24.9417,90.4583,0.4292,4.0,2.82,24.0,,,,,success,,success
NEG-00866,1968-08-02,1968,Kerala,Kannur,11.8763836,75.3737973,district,non_flood,0,1.0,3.9,5.9,11.7,24.6,24.6625,91.0,0.3349,21.0,1.67,43.0,,,,,success,,success
NEG-00867,2019-08-02,2019,Kerala,Kollam,8.8870533,76.5906696,district,non_flood,0,0.0,0.1,0.3,0.3,2.1,26.5167,88.4167,0.2296,17.0,1.36,31.0,,,,,success,,success
NEG-00868,1985-08-02,1985,Kerala,Kottayam,9.6287383,76.6455326,district,non_flood,0,1.4,3.1,4.2,7.7,16.3,23.2833,95.75,0.502,40.0,3.14,97.0,,,,,success,,success
NEG-00869,1988-08-02,1988,Kerala,Malappuram,11.1065685,76.1101742,district,non_flood,0,0.2,0.9,1.3,2.3,4.5,24.9208,87.25,0.4937,47.0,9.32,83.0,,,,,success,,success
NEG-00870,2008-08-02,2008,Kerala,Pathanamthitta,9.2780841,76.9737443,district,non_flood,0,0.0,0.0,0.0,1.1,4.8,21.3333,93.1667,0.4758,465.0,9.48,415.0,,,,,success,,success
NEG-00871,1968-08-02,1968,Kerala,Thiruvananthapuram,8.4882267,76.947551,district,non_flood,0,1.0,2.0,2.8,4.6,7.5,24.6208,90.25,0.2973,21.0,5.01,43.0,,,,,success,,success
NEG-00872,2018-08-02,2018,Kerala,Thrissur,10.5270099,76.214621,district,non_flood,0,0.0,0.1,0.6,0.7,8.7,25.2,91.1667,0.5022,22.0,4.19,39.0,,,,,success,,success
NEG-00873,1975-08-02,1975,Kerala,Wayanad,11.7151291,76.1271185,district,non_flood,0,0.3,0.7,1.5,3.2,9.1,20.6958,95.5417,0.491,757.0,7.78,77.0,,,,,success,,success
NEG-00874,1998-08-29,1998,Kerala,Idukki,9.8154785,76.9991599,district,non_flood,0,0.0,0.0,0.0,0.4,1.3,21.6125,86.5,0.4713,723.0,0.0,409.0,,,,,success,,success
NEG-00875,1977-09-04,1977,Kerala,Thiruvananthapuram,8.4882267,76.947551,district,non_flood,0,0.1,0.3,0.7,1.7,3.9,24.7708,89.9167,0.2264,21.0,5.01,43.0,,,,,success,,success
NEG-00876,1976-10-21,1976,Tamil Nadu,Erode,11.4905282,77.3505274,district,non_flood,0,0.0,0.0,0.0,1.1,1.7,26.1542,80.0833,0.3586,213.0,,,31.924,0.0,0.0,0.0,partial,slope/relief unavailable (open-elevation fallback; OpenTopography rate-limited),success
NEG-00877,1991-11-01,1991,Tamil Nadu,Chennai,13.0836939,80.270186,district,non_flood,0,0.6,2.6,4.6,5.6,6.0,27.2208,81.25,0.374,10.0,2.82,28.0,261.138,0.0,0.0,0.0,success,,success
NEG-00878,2007-11-01,2007,Tamil Nadu,Ranipet,12.9186243,79.4081921,district,non_flood,0,0.7,1.7,1.7,3.6,6.1,25.5833,84.6667,0.4015,165.0,,,176.981,0.0,0.0,0.0,partial,slope/relief unavailable (open-elevation fallback; OpenTopography rate-limited),success
NEG-00879,1995-11-01,1995,Tamil Nadu,Tiruvannamalai,12.4289282,78.99915,district,non_flood,0,0.0,0.0,0.0,0.0,0.0,25.6333,77.5833,0.3573,266.0,,,107.216,0.0,0.0,0.0,partial,slope/relief unavailable (open-elevation fallback; OpenTopography rate-limited),success
NEG-00880,2020-07-19,2020,Uttarakhand,Rudra Prayag,30.0417376,79.089691,district,non_flood,0,0.2,1.2,1.4,2.0,3.7,19.6917,95.9583,0.5,2041.0,30.37,706.0,,,,,success,,success
NEG-00881,2015-08-19,2015,Uttarakhand,"Dehradun,",30.3255646,78.0436813,district,non_flood,0,0.5,1.3,1.5,2.3,4.8,24.8125,87.8333,0.3987,672.0,3.84,53.0,,,,,success,,success
NEG-00882,2003-08-19,2003,Uttarakhand,Garhwal,30.25,79.333333,district,non_flood,0,0.6,3.3,8.6,12.2,18.5,16.8292,92.75,0.487,2253.0,26.1,621.0,,,,,success,,success
NEG-00883,1993-08-19,1993,Uttarakhand,Tehri Garhwal,30.4658181,78.4837349,district,non_flood,0,0.0,0.2,0.8,0.8,2.7,20.4292,83.625,0.4844,1703.0,41.77,869.0,,,,,success,,success
NEG-00884,2005-08-28,2005,Uttarakhand,Dehradun,30.3255646,78.0436813,district,non_flood,0,0.0,0.0,0.0,0.0,2.1,24.1917,84.8333,0.3763,672.0,3.84,53.0,,,,,success,,success
NEG-00885,1989-09-22,1989,Uttarakhand,"Dehradun,",30.3255646,78.0436813,district,non_flood,0,0.0,0.0,0.0,0.0,5.8,22.3417,89.1667,0.3935,672.0,3.84,53.0,,,,,success,,success
NEG-00886,1981-09-22,1981,Uttarakhand,Uttar Kashi Kashi,30.0417376,79.089691,district,non_flood,0,0.0,0.0,0.0,0.0,0.0,16.4167,74.3333,0.463,2041.0,30.37,706.0,,,,,success,,success
NEG-00887,1976-07-03,1976,Kerala,Alappuzha,9.5003416,76.4123364,district,non_flood,0,0.0,0.0,0.3,1.2,3.6,26.2417,88.375,0.3278,1.0,1.32,35.0,,,,,success,,success
NEG-00888,2019-07-03,2019,Kerala,Kannur,11.8763836,75.3737973,district,non_flood,0,0.3,1.9,4.6,9.3,19.2,25.9333,91.5833,0.3317,21.0,1.67,43.0,,,,,success,,success
NEG-00889,2004-07-03,2004,Kerala,Kottayam,9.6287383,76.6455326,district,non_flood,0,0.2,0.9,1.8,3.2,6.7,24.5708,91.4167,0.481,40.0,3.14,97.0,,,,,success,,success
NEG-00890,1992-07-03,1992,Kerala,Kozhikode,11.2450558,75.7754716,district,non_flood,0,0.7,3.0,3.7,7.0,16.5,24.875,90.9167,0.3344,13.0,1.98,29.0,,,,,success,,success
NEG-00891,2012-07-03,2012,Kerala,Pathanamthitta,9.2780841,76.9737443,district,non_flood,0,0.7,2.0,3.8,7.0,35.7,20.9375,98.5833,0.4748,465.0,9.48,415.0,,,,,success,,success
NEG-00893,2004-07-10,2004,Kerala,Malappuram,11.1065685,76.1101742,district,non_flood,0,0.0,0.6,1.5,2.7,11.7,24.4833,91.1667,0.4823,47.0,9.32,83.0,,,,,success,,success
NEG-00894,1996-07-23,1996,Kerala,Thrissur,10.5270099,76.214621,district,non_flood,0,1.3,3.1,6.3,10.6,38.1,24.45,91.8333,0.4528,22.0,4.19,39.0,,,,,success,,success
NEG-00895,1994-07-23,1994,Kerala,Wayanad,11.7151291,76.1271185,district,non_flood,0,0.0,0.0,0.0,0.0,1.8,21.2292,91.625,0.4781,757.0,7.78,77.0,,,,,success,,success
NEG-00896,1983-06-25,1983,Uttarakhand,Rudra Prayag,30.0417376,79.089691,district,non_flood,0,0.0,1.5,3.8,3.8,6.1,20.1208,59.4583,0.3613,2041.0,30.37,706.0,,,,,success,,success
NEG-00897,2002-06-25,2002,Uttarakhand,Uttar Kashi Kashi,30.0417376,79.089691,district,non_flood,0,1.3,3.5,4.6,7.6,23.1,18.175,91.0833,0.4733,2041.0,30.37,706.0,,,,,success,,success
NEG-00898,2004-07-09,2004,Uttarakhand,Dehradun,30.3255646,78.0436813,district,non_flood,0,0.3,2.0,7.6,16.8,24.6,24.1792,92.2083,0.4155,672.0,3.84,53.0,,,,,success,,success
NEG-00899,1978-07-09,1978,Uttarakhand,Udam Singh Nagar,30.0417376,79.089691,district,non_flood,0,1.9,7.8,13.5,15.9,20.4,18.5375,91.7917,0.4939,2041.0,30.37,706.0,,,,,success,,success
NEG-00900,1970-07-10,1970,Uttarakhand,Uttar Kashi Kashi,30.0417376,79.089691,district,non_flood,0,0.0,0.4,1.6,2.0,13.7,19.0958,90.9583,0.4678,2041.0,30.37,706.0,,,,,success,,success
NEG-00901,1988-07-11,1988,Uttarakhand,Pithoragarh,29.585871,80.215167,district,non_flood,0,0.1,0.7,1.5,1.9,6.9,20.8375,90.1667,0.4913,1612.0,,,,,,,partial,slope/relief unavailable (open-elevation fallback; OpenTopography rate-limited),success
NEG-00902,1989-07-11,1989,Uttarakhand,Rudra Prayag,30.0417376,79.089691,district,non_flood,0,0.0,0.0,0.6,2.3,5.1,20.0083,85.1667,0.496,2041.0,30.37,706.0,,,,,success,,success
NEG-00903,1985-07-16,1985,Uttarakhand,Chamoli,30.4985956,79.6190537,district,non_flood,0,2.8,7.5,11.0,12.0,25.5,19.6583,96.0,0.426,1853.0,23.8,928.0,,,,,success,,success
NEG-00904,2021-07-16,2021,Uttarakhand,Rudra Prayag,30.0417376,79.089691,district,non_flood,0,0.1,0.3,0.3,0.5,11.4,18.6417,88.7917,0.4962,2041.0,30.37,706.0,,,,,success,,success
NEG-00905,1970-07-17,1970,Uttarakhand,Rudra Prayag,30.0417376,79.089691,district,non_flood,0,0.4,2.8,10.0,18.0,28.4,18.9583,94.375,0.4818,2041.0,30.37,706.0,,,,,success,,success
NEG-00906,1993-08-04,1993,Uttarakhand,Rudra Prayag,30.0417376,79.089691,district,non_flood,0,0.0,0.0,2.2,7.1,15.6,18.7583,91.7083,0.4713,2041.0,30.37,706.0,,,,,success,,success
NEG-00907,2001-08-06,2001,Uttarakhand,Tehri Garhwal,30.4658181,78.4837349,district,non_flood,0,0.0,0.0,0.0,0.0,0.2,20.4667,76.7917,0.4672,1703.0,41.77,869.0,,,,,success,,success
NEG-00908,1986-08-07,1986,Uttarakhand,Rudra Prayag,30.0417376,79.089691,district,non_flood,0,0.2,0.2,2.3,2.3,6.4,18.9417,87.0833,0.4937,2041.0,30.37,706.0,,,,,success,,success
NEG-00909,2016-08-09,2016,Uttarakhand,Rudra Prayag,30.0417376,79.089691,district,non_flood,0,0.2,0.8,2.4,6.6,9.8,19.2583,90.25,0.491,2041.0,30.37,706.0,,,,,success,,success
NEG-00910,2003-08-10,2003,Uttarakhand,Garhwal,30.25,79.333333,district,non_flood,0,0.4,1.5,2.9,3.2,5.8,17.1792,89.875,0.468,2253.0,26.1,621.0,,,,,success,,success
NEG-00911,1997-08-10,1997,Uttarakhand,Rudra Prayag,30.0417376,79.089691,district,non_flood,0,0.2,0.5,0.6,0.7,2.2,19.1625,88.2083,0.4965,2041.0,30.37,706.0,,,,,success,,success
NEG-00912,2014-08-14,2014,Uttarakhand,Dehradun,30.3255646,78.0436813,district,non_flood,0,0.1,0.1,0.2,1.9,6.0,25.6042,88.7917,0.4096,672.0,3.84,53.0,,,,,success,,success
NEG-00913,2012-08-14,2012,Uttarakhand,Tehri Garhwal,30.4658181,78.4837349,district,non_flood,0,0.3,0.3,0.3,3.1,8.7,19.3833,93.375,0.4854,1703.0,41.77,869.0,,,,,success,,success
NEG-00914,2008-08-15,2008,Uttarakhand,Chamoli,30.4985956,79.6190537,district,non_flood,0,0.2,0.7,2.8,5.2,41.4,18.7583,94.7083,0.4265,1853.0,23.8,928.0,,,,,success,,success
NEG-00915,2005-08-21,2005,Uttarakhand,Tehri Garhwal,30.4658181,78.4837349,district,non_flood,0,0.0,0.0,0.6,1.0,2.1,19.325,92.25,0.487,1703.0,41.77,869.0,,,,,success,,success
NEG-00916,2014-08-23,2014,Uttarakhand,Garhwal,30.25,79.333333,district,non_flood,0,0.7,2.6,4.3,5.3,10.2,15.6,88.875,0.4918,2253.0,26.1,621.0,,,,,success,,success
NEG-00917,1985-08-26,1985,Uttarakhand,Chamoli,30.4985956,79.6190537,district,non_flood,0,0.9,2.7,5.8,6.0,12.7,18.7042,95.0833,0.4209,1853.0,23.8,928.0,,,,,success,,success
