event_id,date,year,state,district,latitude,longitude,coordinate_precision,temporal_precision,antecedent_day,rain_1h_mm,rain_3h_mm,rain_6h_mm,rain_12h_mm,rain_24h_mm,temperature_c,humidity_percent,soil_moisture_m3m3,flood_occurred,sample_type,source,data_source,retrieval_status,retrieval_error
NEG-00001,1999-07-01,1999,Kerala,"Kasaragod, Wayanad, Kozhikode, Malappuram, Palakkad, Thrissur, Idukki, Ernakulam",12.4221964,75.1904446,district,date,1999-06-30,0.0,0.0,0.0,1.8,3.2,25.2625,87.7917,0.4872,0,non_flood,generated_negative,ERA5-Land via Open-Meteo Historical API,success,
NEG-00002,1984-07-15,1984,Kerala,"Beedar, Kalaburagi, Belagavi, Yadgir, Bagalkotee, Raichur, Koppal, Gadag, Ballar",10.3528744,76.5120396,district,date,1984-07-14,0.6,2.4,4.7,7.7,45.6,22.8083,98.625,0.4748,0,non_flood,generated_negative,ERA5-Land via Open-Meteo Historical API,success,
NEG-00003,2015-10-15,2015,Tamil Nadu,Chennai,13.0836939,80.270186,district,date,2015-10-14,0.0,0.0,0.0,0.0,0.0,27.7667,78.0,0.2624,0,non_flood,generated_negative,ERA5-Land via Open-Meteo Historical API,success,
NEG-00006,2014-11-21,2014,Tamil Nadu,Chennai,13.0836939,80.270186,district,date,2014-11-20,0.0,0.0,0.0,0.0,0.0,25.825,75.375,0.3136,0,non_flood,generated_negative,ERA5-Land via Open-Meteo Historical API,success,
NEG-00007,1994-05-08,1994,Kerala,Thrissur,10.5270099,76.214621,district,date,1994-05-07,0.0,0.0,0.0,4.8,16.0,26.1208,87.25,0.4379,0,non_flood,generated_negative,ERA5-Land via Open-Meteo Historical API,success,
NEG-00008,1990-06-01,1990,Kerala,"Amroha, Hapur, Bareilly, Pilibhit, Bulandshahr, Gautam Buddha Nagar, Kheri, Buda",10.3528744,76.5120396,district,date,1990-05-31,1.7,3.2,4.9,6.6,10.4,24.775,93.0833,0.5005,0,non_flood,generated_negative,ERA5-Land via Open-Meteo Historical API,success,
NEG-00011,2013-07-22,2013,Kerala,"Kasaragod, Wayanad, Kozhikode, Malappuram, Palakkad, Thrissur, Idukki, Ernakulam",12.4221964,75.1904446,district,date,2013-07-21,2.1,5.5,8.2,15.2,42.4,23.7458,95.7917,0.4751,0,non_flood,generated_negative,ERA5-Land via Open-Meteo Historical API,success,
NEG-00012,2014-06-15,2014,Kerala,"Kasaragod, Wayanad, Kozhikode, Malappuram, Palakkad, Thrissur, Idukki, Ernakulam",12.4221964,75.1904446,district,date,2014-06-14,0.7,1.7,2.7,3.1,10.3,25.575,90.0417,0.4778,0,non_flood,generated_negative,ERA5-Land via Open-Meteo Historical API,success,
NEG-00013,1989-11-01,1989,Kerala,"Thiruvananthapuram, Kollam, Alappuzha, Kottayam, Thrissur",8.4882267,76.947551,district,date,1989-10-31,0.0,0.0,0.1,13.8,24.2,24.8417,88.6667,0.3262,0,non_flood,generated_negative,ERA5-Land via Open-Meteo Historical API,success,
NEG-00014,1983-11-21,1983,Tamil Nadu,"Thanjavur, Chennai, Chengalpattu",10.659037,79.2014278,district,date,1983-11-20,0.0,0.0,0.0,0.0,0.2,26.7042,70.75,0.2527,0,non_flood,generated_negative,ERA5-Land via Open-Meteo Historical API,success,
NEG-00015,1977-07-22,1977,Kerala,"Thiruvananthapuram, Kottayam, Ernakulam, Kozhikode,Thrissur",8.4882267,76.947551,district,date,1977-07-21,0.2,0.8,1.6,3.2,8.2,24.5083,91.0417,0.2926,0,non_flood,generated_negative,ERA5-Land via Open-Meteo Historical API,success,
NEG-00017,1992-10-08,1992,Tamil Nadu,"Chennai, The Nilgiris, Coimbatore",13.0836939,80.270186,district,date,1992-10-07,3.6,9.3,17.9,27.9,31.7,26.5333,86.0,0.3438,0,non_flood,generated_negative,ERA5-Land via Open-Meteo Historical API,success,
NEG-00018,2009-11-15,2009,Tamil Nadu,Coimbatore,11.0018115,76.9628425,district,date,2009-11-14,1.1,4.7,9.6,12.0,22.3,22.6792,91.4583,0.4192,0,non_flood,generated_negative,ERA5-Land via Open-Meteo Historical API,success,
NEG-00019,2003-11-01,2003,Kerala,"Thiruvananthapuram, Kollam, Alappuzha, Thrissur, Kannur,Malappuram",8.4882267,76.947551,district,date,2003-10-31,0.0,0.0,0.6,5.0,10.6,25.0292,86.9167,0.2912,0,non_flood,generated_negative,ERA5-Land via Open-Meteo Historical API,success,
NEG-00020,2019-04-01,2019,Tamil Nadu,The Nilgiris,11.4,76.7,district,date,2019-03-31,0.0,0.0,0.0,0.0,0.0,17.5333,51.7917,0.1471,0,non_flood,generated_negative,ERA5-Land via Open-Meteo Historical API,success,
NEG-00021,2015-11-01,2015,Tamil Nadu,"Coimbatore, Erode, Salem,Thanjavur, The Nilgiris",11.0018115,76.9628425,district,date,2015-10-31,1.1,3.7,7.7,13.5,19.8,24.5917,83.6667,0.3515,0,non_flood,generated_negative,ERA5-Land via Open-Meteo Historical API,success,
NEG-00022,1988-11-22,1988,Tamil Nadu,The Nilgiris,11.4,76.7,district,date,1988-11-21,0.0,0.0,0.0,0.0,0.0,14.0833,72.6667,0.3788,0,non_flood,generated_negative,ERA5-Land via Open-Meteo Historical API,success,
NEG-00023,2014-12-22,2014,Tamil Nadu,"Chennai, Ramanathapuram",13.0836939,80.270186,district,date,2014-12-21,0.0,0.0,0.0,0.0,0.0,24.525,69.125,0.2938,0,non_flood,generated_negative,ERA5-Land via Open-Meteo Historical API,success,
NEG-00024,1998-06-10,1998,Kerala,Alappuzha,9.5003416,76.4123364,district,date,1998-06-09,0.8,1.4,2.0,4.0,11.7,26.8542,89.7917,0.3419,0,non_flood,generated_negative,ERA5-Land via Open-Meteo Historical API,success,
NEG-00025,2015-06-14,2015,Kerala,Ernakulam,9.9837257,76.2740001,district,date,2015-06-13,0.0,0.2,1.2,2.0,5.7,26.2417,87.2917,0.4219,0,non_flood,generated_negative,ERA5-Land via Open-Meteo Historical API,success,
NEG-00026,1971-07-02,1971,Kerala,Kannur,11.8763836,75.3737973,district,date,1971-07-01,0.3,0.8,2.3,4.8,13.6,24.8708,87.9583,0.3175,0,non_flood,generated_negative,ERA5-Land via Open-Meteo Historical API,success,
NEG-00027,2006-07-29,2006,Kerala,Kozhikode,11.2450558,75.7754716,district,date,2006-07-28,0.3,0.7,1.4,3.1,8.6,24.775,89.2083,0.2976,0,non_flood,generated_negative,ERA5-Land via Open-Meteo Historical API,success,
NEG-00028,2017-08-01,2017,Kerala,"Kannur,Kozhikode",11.8763836,75.3737973,district,date,2017-07-31,0.0,0.1,0.1,0.2,4.3,26.4625,86.0,0.2693,0,non_flood,generated_negative,ERA5-Land via Open-Meteo Historical API,success,
NEG-00029,2016-08-06,2016,Kerala,Kannur,11.8763836,75.3737973,district,date,2016-08-05,0.0,0.5,1.6,5.3,11.1,25.3833,90.0417,0.3213,0,non_flood,generated_negative,ERA5-Land via Open-Meteo Historical API,success,
NEG-00030,1976-11-15,1976,Kerala,Palakkad,10.7873692,76.4742172,district,date,1976-11-14,0.0,0.0,0.0,1.4,2.0,25.4042,83.9583,0.4464,0,non_flood,generated_negative,ERA5-Land via Open-Meteo Historical API,success,
NEG-00031,1997-11-17,1997,Tamil Nadu,Coimbatore,11.0018115,76.9628425,district,date,1997-11-16,0.0,0.0,0.0,1.2,1.4,23.9083,82.9583,0.3265,0,non_flood,generated_negative,ERA5-Land via Open-Meteo Historical API,success,
NEG-00032,2003-05-12,2003,Tamil Nadu,Chennai,13.0836939,80.270186,district,date,2003-05-11,0.0,0.0,0.0,0.0,0.0,29.15,75.75,0.126,0,non_flood,generated_negative,ERA5-Land via Open-Meteo Historical API,success,
NEG-00033,2004-11-13,2004,Tamil Nadu,Madurai,9.9261153,78.1140983,district,date,2004-11-12,0.0,0.0,0.0,0.5,8.2,23.4667,93.625,0.4205,0,non_flood,generated_negative,ERA5-Land via Open-Meteo Historical API,success,
NEG-00034,2001-11-22,2001,Tamil Nadu,Pudukkottai,10.2903072,78.8173617,district,date,2001-11-21,1.0,3.4,5.3,6.0,14.6,24.55,86.8333,0.4632,0,non_flood,generated_negative,ERA5-Land via Open-Meteo Historical API,success,
NEG-00035,2019-11-19,2019,Tamil Nadu,Ramanathapuram,9.5205576,78.5184635,district,date,2019-11-18,0.0,0.2,0.2,0.2,2.3,26.7667,85.4583,0.3285,0,non_flood,generated_negative,ERA5-Land via Open-Meteo Historical API,success,
NEG-00036,1968-11-13,1968,Tamil Nadu,Cuddalore,11.5202071,79.3396356,district,date,1968-11-12,0.0,0.0,0.0,0.0,0.0,27.2208,68.375,0.2731,0,non_flood,generated_negative,ERA5-Land via Open-Meteo Historical API,success,
NEG-00037,1993-07-23,1993,Tamil Nadu,Thanjavur,10.659037,79.2014278,district,date,1993-07-22,0.0,0.0,0.0,0.0,0.0,30.2417,59.0833,0.2612,0,non_flood,generated_negative,ERA5-Land via Open-Meteo Historical API,success,
NEG-00038,1983-11-13,1983,Tamil Nadu,The Nilgiris,11.4,76.7,district,date,1983-11-12,0.0,0.0,0.0,0.0,0.0,14.6292,73.4167,0.3521,0,non_flood,generated_negative,ERA5-Land via Open-Meteo Historical API,success,
NEG-00039,1997-11-13,1997,Tamil Nadu,Tiruchirappalli,10.8071144,78.6880939,district,date,1997-11-12,0.0,0.0,0.0,0.0,0.0,25.6375,79.7917,0.3469,0,non_flood,generated_negative,ERA5-Land via Open-Meteo Historical API,success,
NEG-00040,2021-11-12,2021,Tamil Nadu,Tirunelveli,8.5495014,77.5805178,district,date,2021-11-11,0.0,0.0,0.0,0.1,2.8,26.7083,80.4167,0.372,0,non_flood,generated_negative,ERA5-Land via Open-Meteo Historical API,success,
NEG-00041,1981-03-09,1981,Uttarakhand,Chamoli,30.4985956,79.6190537,district,date,1981-03-08,0.0,0.0,0.0,0.0,0.0,4.625,41.2917,0.3545,0,non_flood,generated_negative,ERA5-Land via Open-Meteo Historical API,success,
NEG-00042,1993-07-08,1993,Uttarakhand,"Azamgarh, Bahraich, Ballia, Bara Banki, Basti, Chamoli, Dehradun, Deoria, Ayodhy",30.0417376,79.089691,district,date,1993-07-07,0.0,0.0,1.3,2.2,14.2,18.7958,92.875,0.4881,0,non_flood,generated_negative,ERA5-Land via Open-Meteo Historical API,success,
NEG-00043,1971-06-15,1971,Kerala,"Kannur, Malappuram, Kozhikode, Kollam,Thiruvananthapuram",11.8763836,75.3737973,district,date,1971-06-14,0.9,2.8,4.6,5.5,9.1,25.3583,87.7083,0.3023,0,non_flood,generated_negative,ERA5-Land via Open-Meteo Historical API,success,
NEG-00044,2001-06-22,2001,Kerala,Palakkad,10.7873692,76.4742172,district,date,2001-06-21,0.3,0.5,0.5,0.7,5.1,24.9042,88.125,0.484,0,non_flood,generated_negative,ERA5-Land via Open-Meteo Historical API,success,
NEG-00045,1971-07-01,1971,Kerala,"Alappuzha,Kannur, Kottayam, Kozhikode, Malappuram, Palakkad,Thrissur",9.5003416,76.4123364,district,date,1971-06-30,0.4,0.7,0.7,2.1,7.4,24.0917,92.8333,0.3613,0,non_flood,generated_negative,ERA5-Land via Open-Meteo Historical API,success,
NEG-00046,1983-08-22,1983,Kerala,"Alappuzha, Kozhikode, Kollam, Thrissur,Thiruvananthapuram",9.5003416,76.4123364,district,date,1983-08-21,0.2,0.8,1.4,14.0,31.7,25.3542,91.5417,0.3636,0,non_flood,generated_negative,ERA5-Land via Open-Meteo Historical API,success,
NEG-00047,2020-09-22,2020,Kerala,Kottayam,9.6287383,76.6455326,district,date,2020-09-21,0.8,1.9,4.9,9.4,19.8,24.1833,97.8333,0.5111,0,non_flood,generated_negative,ERA5-Land via Open-Meteo Historical API,success,
NEG-00048,1973-10-01,1973,Kerala,Kozhikode,11.2450558,75.7754716,district,date,1973-09-30,0.1,0.3,0.5,1.9,5.1,25.2458,87.875,0.1989,0,non_flood,generated_negative,ERA5-Land via Open-Meteo Historical API,success,
NEG-00049,2004-07-01,2004,Tamil Nadu,Coimbatore,11.0018115,76.9628425,district,date,2004-06-30,0.0,0.0,0.0,0.0,0.1,24.75,76.5833,0.2255,0,non_flood,generated_negative,ERA5-Land via Open-Meteo Historical API,success,
NEG-00050,1978-11-12,1978,Tamil Nadu,Chengalpattu,12.6840886,79.9836371,district,date,1978-11-11,0.0,0.0,0.0,0.0,0.0,25.5458,83.0833,0.3498,0,non_flood,generated_negative,ERA5-Land via Open-Meteo Historical API,success,
NEG-00051,1992-11-15,1992,Tamil Nadu,Chennai,13.0836939,80.270186,district,date,1992-11-14,0.2,1.3,2.3,6.6,22.1,24.3458,92.5833,0.4123,0,non_flood,generated_negative,ERA5-Land via Open-Meteo Historical API,success,
NEG-00052,1969-06-25,1969,Uttarakhand,Uttar Kashi Kashi,30.0417376,79.089691,district,date,1969-06-24,0.0,0.1,0.1,0.9,0.9,20.2708,62.0833,0.4177,0,non_flood,generated_negative,ERA5-Land via Open-Meteo Historical API,success,
NEG-00053,2010-07-08,2010,Uttarakhand,"Chamoli, Tehri Garhwal , Uttar Kashi Kashi, Ballia, Pratapgarh, Dehradun",30.4985956,79.6190537,district,date,2010-07-07,0.0,0.0,0.5,1.1,11.0,20.65,89.9583,0.4101,0,non_flood,generated_negative,ERA5-Land via Open-Meteo Historical API,success,
NEG-00054,1970-07-15,1970,Uttarakhand,"Bahraich, Ballia, Bara Banki, Bareilly,Basti, Bulandshahr, Deoria, Fatehpur, Gon",30.0417376,79.089691,district,date,1970-07-14,0.2,0.6,1.6,6.8,10.9,18.9458,91.0417,0.4902,0,non_flood,generated_negative,ERA5-Land via Open-Meteo Historical API,success,
NEG-00055,2009-08-01,2009,Uttarakhand,"Prayagraj,Azamgarh, Bahraich,Ballia, Bara Banki, Basti, Budaun, Bulandshahr, Deh",30.0417376,79.089691,district,date,2009-07-31,0.0,0.0,0.1,0.9,2.8,19.1958,84.2917,0.46,0,non_flood,generated_negative,ERA5-Land via Open-Meteo Historical API,success,
NEG-00056,1972-06-01,1972,Kerala,"Kozhikode, Malappuram, Ernakulam, Thrissur, Kollam, Kottayam, Alappuzha,Kannur",11.2450558,75.7754716,district,date,1972-05-31,0.0,0.0,0.0,0.0,0.0,27.3875,80.7083,0.2553,0,non_flood,generated_negative,ERA5-Land via Open-Meteo Historical API,success,
NEG-00057,1996-06-08,1996,Kerala,"Malappuram, Kollam, Thrissur,Kozhikode",11.1065685,76.1101742,district,date,1996-06-07,0.2,0.6,0.8,1.0,2.9,26.1208,85.0833,0.4831,0,non_flood,generated_negative,ERA5-Land via Open-Meteo Historical API,success,
NEG-00058,2023-06-14,2023,Kerala,Alappuzha,9.5003416,76.4123364,district,date,2023-06-13,0.2,0.4,1.7,6.8,11.0,26.3167,90.6667,0.3028,0,non_flood,generated_negative,ERA5-Land via Open-Meteo Historical API,success,
NEG-00059,2011-07-27,2011,Kerala,Idukki,9.8154785,76.9991599,district,date,2011-07-26,0.3,0.8,2.3,7.3,16.1,20.6625,97.4167,0.4843,0,non_flood,generated_negative,ERA5-Land via Open-Meteo Historical API,success,
NEG-00060,2005-08-17,2005,Kerala,Kozhikode,11.2450558,75.7754716,district,date,2005-08-16,0.0,0.0,0.4,2.0,5.5,25.1375,87.1667,0.2787,0,non_flood,generated_negative,ERA5-Land via Open-Meteo Historical API,success,
NEG-00061,2009-09-15,2009,Kerala,Alappuzha,9.5003416,76.4123364,district,date,2009-09-14,0.0,0.0,0.0,0.0,6.1,26.025,89.875,0.3308,0,non_flood,generated_negative,ERA5-Land via Open-Meteo Historical API,success,
NEG-00062,1971-09-11,1971,Tamil Nadu,Vellore,12.9021849,79.061104,district,date,1971-09-10,0.0,0.0,2.4,6.4,7.1,28.5667,65.0417,0.1547,0,non_flood,generated_negative,ERA5-Land via Open-Meteo Historical API,success,
NEG-00063,1985-07-01,1985,Uttarakhand,"Mathura, Mainpuri, Aligarh, Pratapgarh, Sultanpur, Agra, Farrukhabad, Ballia, Go",29.2220315,79.5229864,district,date,1985-06-30,0.0,0.0,0.0,0.3,0.8,28.7917,73.75,0.3428,0,non_flood,generated_negative,ERA5-Land via Open-Meteo Historical API,success,
NEG-00064,2010-07-30,2010,Kerala,Kannur,11.8763836,75.3737973,district,date,2010-07-29,1.8,4.7,9.0,20.3,31.3,24.4083,93.0,0.3513,0,non_flood,generated_negative,ERA5-Land via Open-Meteo Historical API,success,
NEG-00065,2019-08-01,2019,Kerala,Kozhikode,11.2450558,75.7754716,district,date,2019-07-31,0.1,0.6,0.7,0.7,1.8,26.1583,90.2083,0.2608,0,non_flood,generated_negative,ERA5-Land via Open-Meteo Historical API,success,
NEG-00066,2010-08-13,2010,Tamil Nadu,"Viluppuram, Cuddalore",12.1166967,79.5989236,district,date,2010-08-12,0.0,0.9,4.7,7.6,7.6,30.7417,65.5,0.2245,0,non_flood,generated_negative,ERA5-Land via Open-Meteo Historical API,success,
NEG-00067,2016-04-15,2016,Uttarakhand,"Dehradun, Almora",30.3255646,78.0436813,district,date,2016-04-14,0.0,0.0,0.0,0.0,0.0,24.7333,35.875,0.1315,0,non_flood,generated_negative,ERA5-Land via Open-Meteo Historical API,success,
NEG-00068,1971-08-08,1971,Uttarakhand,Chamoli,30.4985956,79.6190537,district,date,1971-08-07,4.0,12.9,21.6,24.4,34.4,19.6208,96.2917,0.4266,0,non_flood,generated_negative,ERA5-Land via Open-Meteo Historical API,success,
NEG-00069,1969-08-22,1969,Uttarakhand,"Bahraich, Gonda, Basti, Gorakhpur, Deoria, Ballia, Azamgarh, Ayodhya, Sultanpur,",30.0417376,79.089691,district,date,1969-08-21,0.1,0.4,1.4,3.2,8.5,17.3833,92.5833,0.4981,0,non_flood,generated_negative,ERA5-Land via Open-Meteo Historical API,success,
NEG-00070,2008-07-23,2008,Kerala,Malappuram,11.1065685,76.1101742,district,date,2008-07-22,0.8,1.3,2.1,4.5,9.4,24.7417,89.75,0.492,0,non_flood,generated_negative,ERA5-Land via Open-Meteo Historical API,success,
NEG-00071,2018-08-10,2018,Kerala,Ernakulam,9.9837257,76.2740001,district,date,2018-08-09,1.2,3.7,7.1,9.0,15.8,25.3333,90.0,0.4255,0,non_flood,generated_negative,ERA5-Land via Open-Meteo Historical API,success,
NEG-00072,2014-11-02,2014,Kerala,Palakkad,10.7873692,76.4742172,district,date,2014-11-01,0.4,0.7,1.7,1.9,2.3,25.5333,83.6667,0.4729,0,non_flood,generated_negative,ERA5-Land via Open-Meteo Historical API,success,
NEG-00073,1987-09-07,1987,Tamil Nadu,Vellore,12.9021849,79.061104,district,date,1987-09-06,0.0,0.0,0.0,0.1,0.1,29.675,59.375,0.1807,0,non_flood,generated_negative,ERA5-Land via Open-Meteo Historical API,success,
NEG-00074,1990-12-21,1990,Tamil Nadu,"Pudukkottai, Ramanathapuram,  Viluppuram, Cuddalore, Thanjavur,Tiruchirappalli",10.2903072,78.8173617,district,date,1990-12-20,0.0,0.0,0.0,0.0,0.0,25.4625,74.0,0.3471,0,non_flood,generated_negative,ERA5-Land via Open-Meteo Historical API,success,
NEG-00075,2014-07-22,2014,Uttarakhand,Almora,29.702651,79.4326318,district,date,2014-07-21,0.0,0.0,0.0,1.4,48.1,23.1292,91.125,0.4693,0,non_flood,generated_negative,ERA5-Land via Open-Meteo Historical API,success,
NEG-00076,2021-04-23,2021,Kerala,Malappuram,11.1065685,76.1101742,district,date,2021-04-22,5.6,9.4,16.8,20.1,23.0,27.2208,84.875,0.4884,0,non_flood,generated_negative,ERA5-Land via Open-Meteo Historical API,success,
NEG-00077,1991-06-15,1991,Kerala,"Kottayam, Wayanad",9.6287383,76.6455326,district,date,1991-06-14,0.0,0.0,0.0,3.0,8.4,25.0458,95.8333,0.484,0,non_flood,generated_negative,ERA5-Land via Open-Meteo Historical API,success,
NEG-00078,1981-06-16,1981,Kerala,"Kozhikode, Palakkad",11.2450558,75.7754716,district,date,1981-06-15,1.0,3.4,6.5,11.8,37.5,24.8875,91.625,0.3524,0,non_flood,generated_negative,ERA5-Land via Open-Meteo Historical API,success,
NEG-00079,2017-06-17,2017,Kerala,"Alappuzha,Kannur, Malappuram",9.5003416,76.4123364,district,date,2017-06-16,0.0,1.8,2.9,6.1,16.0,26.2958,91.125,0.3229,0,non_flood,generated_negative,ERA5-Land via Open-Meteo Historical API,success,
NEG-00080,1985-06-17,1985,Kerala,Ernakulam,9.9837257,76.2740001,district,date,1985-06-16,0.7,2.4,3.5,5.5,7.7,25.9583,87.6667,0.4313,0,non_flood,generated_negative,ERA5-Land via Open-Meteo Historical API,success,
NEG-00081,1988-06-18,1988,Kerala,Alappuzha,9.5003416,76.4123364,district,date,1988-06-17,0.0,0.0,0.5,0.7,5.6,26.0708,89.4167,0.3265,0,non_flood,generated_negative,ERA5-Land via Open-Meteo Historical API,success,
NEG-00082,1991-07-01,1991,Kerala,Wayanad,11.7151291,76.1271185,district,date,1991-06-30,0.4,0.8,1.4,3.7,8.7,21.6833,96.5417,0.4853,0,non_flood,generated_negative,ERA5-Land via Open-Meteo Historical API,success,
NEG-00083,2001-10-05,2001,Kerala,Alappuzha,9.5003416,76.4123364,district,date,2001-10-04,0.1,0.1,0.1,0.1,0.8,26.0667,84.375,0.2948,0,non_flood,generated_negative,ERA5-Land via Open-Meteo Historical API,success,
NEG-00084,1997-10-06,1997,Kerala,Kozhikode,11.2450558,75.7754716,district,date,1997-10-05,0.0,0.0,0.0,0.0,1.2,26.4458,85.4583,0.259,0,non_flood,generated_negative,ERA5-Land via Open-Meteo Historical API,success,
NEG-00085,2010-02-16,2010,Tamil Nadu,Chennai,13.0836939,80.270186,district,date,2010-02-15,0.0,0.0,0.0,0.0,0.0,25.1417,77.625,0.1426,0,non_flood,generated_negative,ERA5-Land via Open-Meteo Historical API,success,
NEG-00086,1980-03-04,1980,Tamil Nadu,Tirunelveli,8.5495014,77.5805178,district,date,1980-03-03,0.0,0.0,0.0,0.0,0.0,27.7667,63.4583,0.1198,0,non_flood,generated_negative,ERA5-Land via Open-Meteo Historical API,success,
NEG-00087,2000-03-04,2000,Tamil Nadu,"Madurai,Vellore",9.9261153,78.1140983,district,date,2000-03-03,0.0,0.0,0.0,0.0,0.0,26.8,57.5,0.2082,0,non_flood,generated_negative,ERA5-Land via Open-Meteo Historical API,success,
NEG-00088,1986-03-06,1986,Tamil Nadu,Tiruchirappalli,10.8071144,78.6880939,district,date,1986-03-05,0.0,0.0,0.0,0.0,0.0,27.1417,64.9167,0.1397,0,non_flood,generated_negative,ERA5-Land via Open-Meteo Historical API,success,
NEG-00089,1993-04-30,1993,Tamil Nadu,Madurai,9.9261153,78.1140983,district,date,1993-04-29,0.0,0.0,0.0,0.0,0.1,32.0917,55.0,0.1373,0,non_flood,generated_negative,ERA5-Land via Open-Meteo Historical API,success,
NEG-00090,2018-10-03,2018,Tamil Nadu,Coimbatore,11.0018115,76.9628425,district,date,2018-10-02,0.0,1.0,2.5,3.0,5.9,25.75,80.8333,0.3318,0,non_flood,generated_negative,ERA5-Land via Open-Meteo Historical API,success,
NEG-00091,2006-06-29,2006,Uttarakhand,Nainital,29.294995,79.4162511,district,date,2006-06-28,0.1,0.1,0.5,0.8,8.8,23.7833,89.6667,0.4488,0,non_flood,generated_negative,ERA5-Land via Open-Meteo Historical API,success,
NEG-00092,1986-07-02,1986,Uttarakhand,Almora,29.702651,79.4326318,district,date,1986-07-01,0.0,0.0,0.0,0.1,1.1,23.4083,74.6667,0.4438,0,non_flood,generated_negative,ERA5-Land via Open-Meteo Historical API,success,
NEG-00093,1973-07-30,1973,Uttarakhand,Nainital,29.294995,79.4162511,district,date,1973-07-29,0.3,1.8,3.1,3.3,7.5,24.5167,90.5417,0.4635,0,non_flood,generated_negative,ERA5-Land via Open-Meteo Historical API,success,
NEG-00094,2009-06-15,2009,Kerala,Kozhikode,11.2450558,75.7754716,district,date,2009-06-14,0.7,3.2,7.6,21.0,24.8,25.3167,90.25,0.3405,0,non_flood,generated_negative,ERA5-Land via Open-Meteo Historical API,success,
NEG-00095,1988-06-24,1988,Kerala,Idukki,9.8154785,76.9991599,district,date,1988-06-23,0.4,1.0,1.2,1.6,4.1,21.85,91.25,0.4911,0,non_flood,generated_negative,ERA5-Land via Open-Meteo Historical API,success,
NEG-00096,1970-06-25,1970,Kerala,"Alappuzha,Kannur, Kottayam, Kozhikode, Palakkad,Thrissur",9.5003416,76.4123364,district,date,1970-06-24,0.1,0.7,1.9,7.2,14.6,25.4333,91.0833,0.3634,0,non_flood,generated_negative,ERA5-Land via Open-Meteo Historical API,success,
NEG-00097,2000-07-14,2000,Kerala,Thiruvananthapuram,8.4882267,76.947551,district,date,2000-07-13,0.0,0.1,0.3,0.8,3.3,25.4625,87.8333,0.267,0,non_flood,generated_negative,ERA5-Land via Open-Meteo Historical API,success,
NEG-00098,1969-11-01,1969,Tamil Nadu,"Thiruvallur, Chennai, Krishnagiri, Tiruvannamalai, Dharmapuri, Salem, Erode, The",13.2537619,80.0562572,district,date,1969-10-31,0.0,0.0,0.0,0.0,1.2,25.6083,81.9167,0.382,0,non_flood,generated_negative,ERA5-Land via Open-Meteo Historical API,success,
NEG-00099,1972-07-22,1972,Uttarakhand,Garhwal,30.25,79.333333,district,date,1972-07-21,0.3,0.5,1.0,1.9,2.8,17.8042,82.375,0.4688,0,non_flood,generated_negative,ERA5-Land via Open-Meteo Historical API,success,
NEG-00100,1971-08-08,1971,Uttarakhand,"Ballia, Deoria, Ghazipurr, Moradabad, Nainital",30.0417376,79.089691,district,date,1971-08-07,0.2,0.7,1.3,2.6,12.6,18.3167,93.4167,0.4644,0,non_flood,generated_negative,ERA5-Land via Open-Meteo Historical API,success,
NEG-00101,2023-10-22,2023,Uttarakhand,Garhwal,30.25,79.333333,district,date,2023-10-21,0.0,0.0,0.0,0.0,0.3,10.3667,58.375,0.3487,0,non_flood,generated_negative,ERA5-Land via Open-Meteo Historical API,success,
NEG-00102,2003-05-04,2003,Kerala,"Kozhikode,Thiruvananthapuram",11.2450558,75.7754716,district,date,2003-05-03,0.0,0.0,1.8,3.7,6.2,27.4917,84.0,0.2479,0,non_flood,generated_negative,ERA5-Land via Open-Meteo Historical API,success,
NEG-00103,1988-03-12,1988,Kerala,Thiruvananthapuram,8.4882267,76.947551,district,date,1988-03-11,0.0,0.0,0.0,1.1,3.7,26.9708,80.4167,0.1249,0,non_flood,generated_negative,ERA5-Land via Open-Meteo Historical API,success,
NEG-00104,1987-06-18,1987,Kerala,Thiruvananthapuram,8.4882267,76.947551,district,date,1987-06-17,0.1,0.8,2.1,5.5,9.0,26.1625,89.0417,0.2863,0,non_flood,generated_negative,ERA5-Land via Open-Meteo Historical API,success,
NEG-00105,2017-06-24,2017,Kerala,Kollam,8.8870533,76.5906696,district,date,2017-06-23,0.6,1.7,4.2,5.3,10.8,25.9292,89.0833,0.2988,0,non_flood,generated_negative,ERA5-Land via Open-Meteo Historical API,success,
NEG-00106,1990-08-01,1990,Kerala,"Alappuzha,Kannur, Ernakulam, Idukki, Kottayam,Kollam",9.5003416,76.4123364,district,date,1990-07-31,0.3,0.6,1.4,1.7,3.5,25.5667,88.7917,0.3158,0,non_flood,generated_negative,ERA5-Land via Open-Meteo Historical API,success,
NEG-00107,2009-11-03,2009,Tamil Nadu,Tiruchirappalli,10.8071144,78.6880939,district,date,2009-11-02,0.0,0.2,0.8,0.8,1.4,27.1708,73.5417,0.2459,0,non_flood,generated_negative,ERA5-Land via Open-Meteo Historical API,success,
NEG-00108,2005-11-05,2005,Tamil Nadu,"Chengalpattu, Chennai, Cuddalore, Kallakurichi, Viluppuram, Tiruchirappalli",12.6840886,79.9836371,district,date,2005-11-04,0.2,0.4,0.6,0.9,5.1,25.4917,88.7083,0.4167,0,non_flood,generated_negative,ERA5-Land via Open-Meteo Historical API,success,
NEG-00109,2006-06-18,2006,Kerala,Ernakulam,9.9837257,76.2740001,district,date,2006-06-17,0.0,0.0,0.0,0.6,2.6,26.425,85.9167,0.4225,0,non_flood,generated_negative,ERA5-Land via Open-Meteo Historical API,success,
NEG-00110,2002-10-13,2002,Kerala,Idukki,9.8154785,76.9991599,district,date,2002-10-12,0.2,0.3,0.6,2.7,10.7,21.1208,94.125,0.4774,0,non_flood,generated_negative,ERA5-Land via Open-Meteo Historical API,success,
NEG-00111,2016-11-09,2016,Kerala,Kozhikode,11.2450558,75.7754716,district,date,2016-11-08,0.0,0.0,0.0,0.0,0.0,25.6,79.7083,0.2035,0,non_flood,generated_negative,ERA5-Land via Open-Meteo Historical API,success,
NEG-00112,2017-12-01,2017,Kerala,Thrissur,10.5270099,76.214621,district,date,2017-11-30,1.2,3.9,14.7,15.8,19.1,26.4833,77.0417,0.4097,0,non_flood,generated_negative,ERA5-Land via Open-Meteo Historical API,success,
NEG-00113,1988-12-05,1988,Kerala,Thiruvananthapuram,8.4882267,76.947551,district,date,1988-12-04,0.0,0.0,0.0,3.7,7.0,24.675,86.8333,0.1847,0,non_flood,generated_negative,ERA5-Land via Open-Meteo Historical API,success,
NEG-00114,1971-12-17,1971,Kerala,Kozhikode,11.2450558,75.7754716,district,date,1971-12-16,0.0,0.0,0.3,6.2,14.0,25.4208,83.5,0.2195,0,non_flood,generated_negative,ERA5-Land via Open-Meteo Historical API,success,
NEG-00115,2006-12-06,2006,Tamil Nadu,"Pudukkottai, Thanjavur, Tiruchirappalli",10.2903072,78.8173617,district,date,2006-12-05,0.0,0.0,0.0,0.0,0.0,25.0542,75.0833,0.4104,0,non_flood,generated_negative,ERA5-Land via Open-Meteo Historical API,success,
NEG-00116,2002-04-17,2002,Kerala,Ernakulam,9.9837257,76.2740001,district,date,2002-04-16,0.0,0.0,0.0,0.0,0.0,27.9792,79.7917,0.3228,0,non_flood,generated_negative,ERA5-Land via Open-Meteo Historical API,success,
NEG-00117,1995-06-05,1995,Kerala,Malappuram,11.1065685,76.1101742,district,date,1995-06-04,0.0,0.0,0.0,1.6,10.8,26.2667,88.2083,0.4689,0,non_flood,generated_negative,ERA5-Land via Open-Meteo Historical API,success,
NEG-00118,2011-07-18,2011,Kerala,Idukki,9.8154785,76.9991599,district,date,2011-07-17,0.7,1.1,2.4,14.8,28.3,20.575,97.9583,0.467,0,non_flood,generated_negative,ERA5-Land via Open-Meteo Historical API,success,
NEG-00119,2005-07-21,2005,Kerala,Idukki,9.8154785,76.9991599,district,date,2005-07-20,0.3,0.8,2.1,9.0,18.4,20.6708,97.2083,0.4997,0,non_flood,generated_negative,ERA5-Land via Open-Meteo Historical API,success,
NEG-00120,1968-07-23,1968,Kerala,Kannur,11.8763836,75.3737973,district,date,1968-07-22,0.5,1.5,2.3,3.8,10.5,24.8583,88.125,0.312,0,non_flood,generated_negative,ERA5-Land via Open-Meteo Historical API,success,
NEG-00121,2019-08-25,2019,Kerala,Malappuram,11.1065685,76.1101742,district,date,2019-08-24,0.3,2.0,5.7,10.3,20.5,23.9667,93.9167,0.513,0,non_flood,generated_negative,ERA5-Land via Open-Meteo Historical API,success,
NEG-00122,1983-09-15,1983,Kerala,Idukki,9.8154785,76.9991599,district,date,1983-09-14,0.3,0.6,0.6,1.1,7.7,21.25,94.0,0.4611,0,non_flood,generated_negative,ERA5-Land via Open-Meteo Historical API,success,
NEG-00123,2018-09-22,2018,Kerala,Kollam,8.8870533,76.5906696,district,date,2018-09-21,0.0,0.2,0.3,0.3,0.6,26.5208,82.5833,0.1942,0,non_flood,generated_negative,ERA5-Land via Open-Meteo Historical API,success,
NEG-00124,2019-11-06,2019,Tamil Nadu,Chennai,13.0836939,80.270186,district,date,2019-11-05,0.0,0.0,0.0,0.0,0.0,27.0625,81.9167,0.3414,0,non_flood,generated_negative,ERA5-Land via Open-Meteo Historical API,success,
NEG-00125,1998-06-08,1998,Kerala,"Alappuzha,Thrissur",9.5003416,76.4123364,district,date,1998-06-07,0.1,0.1,0.1,4.8,5.9,27.3708,87.75,0.3435,0,non_flood,generated_negative,ERA5-Land via Open-Meteo Historical API,success,
NEG-00126,2017-06-09,2017,Kerala,Kasaragod,12.4221964,75.1904446,district,date,2017-06-08,0.8,3.6,6.6,11.2,16.7,24.2583,96.5,0.5057,0,non_flood,generated_negative,ERA5-Land via Open-Meteo Historical API,success,
NEG-00127,1978-06-11,1978,Kerala,Kasaragod,12.4221964,75.1904446,district,date,1978-06-10,0.4,0.9,3.4,13.6,26.8,24.2417,93.875,0.4786,0,non_flood,generated_negative,ERA5-Land via Open-Meteo Historical API,success,
NEG-00128,1999-06-11,1999,Kerala,"Idukki,Kottayam",9.8154785,76.9991599,district,date,1999-06-10,1.3,3.7,6.4,13.4,31.0,19.85,99.3333,0.4906,0,non_flood,generated_negative,ERA5-Land via Open-Meteo Historical API,success,
NEG-00129,1971-07-16,1971,Kerala,Idukki,9.8154785,76.9991599,district,date,1971-07-15,0.2,0.3,0.3,2.1,6.3,20.1417,95.75,0.4967,0,non_flood,generated_negative,ERA5-Land via Open-Meteo Historical API,success,
NEG-00130,2021-07-18,2021,Kerala,Pathanamthitta,9.2780841,76.9737443,district,date,2021-07-17,0.2,0.4,0.5,2.1,3.3,23.8792,82.75,0.4908,0,non_flood,generated_negative,ERA5-Land via Open-Meteo Historical API,success,
NEG-00131,2019-07-21,2019,Kerala,Thiruvananthapuram,8.4882267,76.947551,district,date,2019-07-20,1.0,2.6,4.3,9.0,16.3,24.8875,94.1667,0.3357,0,non_flood,generated_negative,ERA5-Land via Open-Meteo Historical API,success,
NEG-00132,1996-07-21,1996,Kerala,"Alappuzha, Ernakulam, Idukki, Kozhikode, Malappuram,Palakkad",9.5003416,76.4123364,district,date,1996-07-20,0.6,1.4,4.1,11.6,35.5,24.6542,92.8333,0.3759,0,non_flood,generated_negative,ERA5-Land via Open-Meteo Historical API,success,
NEG-00133,2007-06-19,2007,Tamil Nadu,Chennai,13.0836939,80.270186,district,date,2007-06-18,0.0,0.0,1.3,7.1,7.1,28.9458,74.5417,0.3211,0,non_flood,generated_negative,ERA5-Land via Open-Meteo Historical API,success,
NEG-00134,1996-07-22,1996,Tamil Nadu,"Coimbatore, The Nilgiris",11.0018115,76.9628425,district,date,1996-07-21,0.6,0.8,1.1,1.4,2.9,22.9292,86.5417,0.3979,0,non_flood,generated_negative,ERA5-Land via Open-Meteo Historical API,success,
NEG-00135,2019-05-26,2019,Kerala,Kozhikode,11.2450558,75.7754716,district,date,2019-05-25,0.0,0.0,1.9,4.5,4.5,27.6417,85.5,0.3028,0,non_flood,generated_negative,ERA5-Land via Open-Meteo Historical API,success,
NEG-00136,1996-07-03,1996,Kerala,"Kannur,Kozhikode",11.8763836,75.3737973,district,date,1996-07-02,0.0,0.0,0.0,0.2,0.5,26.45,83.375,0.2492,0,non_flood,generated_negative,ERA5-Land via Open-Meteo Historical API,success,
NEG-00137,1981-11-03,1981,Kerala,Thiruvananthapuram,8.4882267,76.947551,district,date,1981-11-02,0.2,0.2,0.5,1.1,2.9,24.8583,87.0417,0.272,0,non_flood,generated_negative,ERA5-Land via Open-Meteo Historical API,success,
NEG-00138,2022-07-09,2022,Uttarakhand,Garhwal,30.25,79.333333,district,date,2022-07-08,0.5,6.6,11.0,11.6,14.9,17.9875,88.875,0.4919,0,non_flood,generated_negative,ERA5-Land via Open-Meteo Historical API,success,
NEG-00139,2008-10-18,2008,Tamil Nadu,"Chennai,The Nilgiris",13.0836939,80.270186,district,date,2008-10-17,0.2,2.0,4.4,10.4,11.6,26.525,87.7917,0.3892,0,non_flood,generated_negative,ERA5-Land via Open-Meteo Historical API,success,
NEG-00140,2002-03-09,2002,Kerala,Kollam,8.8870533,76.5906696,district,date,2002-03-08,0.0,0.0,0.1,0.4,0.5,27.9292,74.7917,0.0647,0,non_flood,generated_negative,ERA5-Land via Open-Meteo Historical API,success,
NEG-00141,1979-05-21,1979,Kerala,Kozhikode,11.2450558,75.7754716,district,date,1979-05-20,0.0,0.0,0.0,0.0,0.1,28.4083,73.1667,0.1374,0,non_flood,generated_negative,ERA5-Land via Open-Meteo Historical API,success,
NEG-00142,1997-06-03,1997,Kerala,Ernakulam,9.9837257,76.2740001,district,date,1997-06-02,0.0,0.0,0.0,0.3,0.5,27.8958,81.7917,0.381,0,non_flood,generated_negative,ERA5-Land via Open-Meteo Historical API,success,
NEG-00143,2017-06-06,2017,Kerala,"Alappuzha, Idukki, Kasaragod, Kollam, Kottayam, Kozhikode, Palakkad, Pathanamthi",9.5003416,76.4123364,district,date,2017-06-05,0.8,2.4,2.5,8.3,24.9,26.0708,93.0417,0.3356,0,non_flood,generated_negative,ERA5-Land via Open-Meteo Historical API,success,
NEG-00144,1983-06-09,1983,Kerala,"Alappuzha,Kozhikode",9.5003416,76.4123364,district,date,1983-06-08,0.1,0.1,1.7,6.3,7.7,27.4417,84.75,0.29,0,non_flood,generated_negative,ERA5-Land via Open-Meteo Historical API,success,
NEG-00145,1990-06-19,1990,Kerala,"Ernakulam,Thiruvananthapuram",9.9837257,76.2740001,district,date,1990-06-18,0.6,1.1,1.3,1.8,3.8,26.0583,89.1667,0.4307,0,non_flood,generated_negative,ERA5-Land via Open-Meteo Historical API,success,
NEG-00146,1992-07-07,1992,Kerala,"Kannur, Kollam, Palakkad,Thiruvananthapuram",11.8763836,75.3737973,district,date,1992-07-06,0.1,0.6,1.7,5.8,16.8,26.275,86.7083,0.3215,0,non_flood,generated_negative,ERA5-Land via Open-Meteo Historical API,success,
NEG-00147,1986-10-20,1986,Tamil Nadu,"Thiruvallur, Chennai, Krishnagiri, Tiruvannamalai, Dharmapuri, Salem, Erode, The",13.2537619,80.0562572,district,date,1986-10-19,0.0,0.0,0.0,0.0,0.6,27.1333,73.0,0.2266,0,non_flood,generated_negative,ERA5-Land via Open-Meteo Historical API,success,
NEG-00148,2005-08-15,2005,Uttarakhand,Chamoli,30.4985956,79.6190537,district,date,2005-08-14,0.5,1.5,4.1,6.7,10.3,20.6167,92.0417,0.4065,0,non_flood,generated_negative,ERA5-Land via Open-Meteo Historical API,success,
NEG-00149,1979-08-16,1979,Uttarakhand,Almora,29.702651,79.4326318,district,date,1979-08-15,0.1,0.5,1.4,1.8,5.1,23.25,93.9167,0.5017,0,non_flood,generated_negative,ERA5-Land via Open-Meteo Historical API,success,
NEG-00150,1975-08-18,1975,Uttarakhand,Tehri Garhwal,30.4658181,78.4837349,district,date,1975-08-17,0.0,0.0,0.9,0.9,1.7,20.7458,82.75,0.4535,0,non_flood,generated_negative,ERA5-Land via Open-Meteo Historical API,success,
NEG-00151,2013-05-18,2013,Kerala,"Alappuzha,Ernakulam",9.5003416,76.4123364,district,date,2013-05-17,0.0,0.0,0.0,0.0,0.1,28.4833,77.25,0.2111,0,non_flood,generated_negative,ERA5-Land via Open-Meteo Historical API,success,
NEG-00152,1991-06-08,1991,Kerala,"Kasaragod, Wayanad, Kozhikode, Malappuram, Palakkad, Thrissur, Idukki, Ernakulam",12.4221964,75.1904446,district,date,1991-06-07,1.5,4.1,12.6,38.3,111.9,24.8958,98.6667,0.4868,0,non_flood,generated_negative,ERA5-Land via Open-Meteo Historical API,success,
NEG-00153,1994-07-02,1994,Kerala,"Kasaragod, Wayanad, Kozhikode, Malappuram, Palakkad, Thrissur, Idukki, Ernakulam",12.4221964,75.1904446,district,date,1994-07-01,0.1,0.8,1.6,6.5,20.4,24.1625,94.3333,0.4953,0,non_flood,generated_negative,ERA5-Land via Open-Meteo Historical API,success,
NEG-00154,1972-07-16,1972,Kerala,"Alappuzha,Kollam",9.5003416,76.4123364,district,date,1972-07-15,0.4,2.0,6.2,8.4,26.8,24.8125,92.0833,0.3658,0,non_flood,generated_negative,ERA5-Land via Open-Meteo Historical API,success,
NEG-00155,2010-07-27,2010,Kerala,Ernakulam,9.9837257,76.2740001,district,date,2010-07-26,0.0,0.2,0.2,0.2,12.5,25.3083,90.0,0.4216,0,non_flood,generated_negative,ERA5-Land via Open-Meteo Historical API,success,
NEG-00156,1974-07-28,1974,Kerala,Thiruvananthapuram,8.4882267,76.947551,district,date,1974-07-27,0.1,0.5,1.9,2.2,6.4,24.0333,90.0,0.2961,0,non_flood,generated_negative,ERA5-Land via Open-Meteo Historical API,success,
NEG-00157,1997-07-31,1997,Kerala,Kollam,8.8870533,76.5906696,district,date,1997-07-30,0.1,0.2,1.0,2.9,6.1,25.6333,88.875,0.2779,0,non_flood,generated_negative,ERA5-Land via Open-Meteo Historical API,success,
NEG-00158,2005-08-02,2005,Kerala,Kollam,8.8870533,76.5906696,district,date,2005-08-01,0.1,0.6,1.7,4.0,14.2,25.3583,88.6667,0.3253,0,non_flood,generated_negative,ERA5-Land via Open-Meteo Historical API,success,
NEG-00159,2014-08-08,2014,Kerala,"Kollam,Kozhikode",8.8870533,76.5906696,district,date,2014-08-07,0.9,1.7,1.7,1.8,3.8,25.5,86.4167,0.2727,0,non_flood,generated_negative,ERA5-Land via Open-Meteo Historical API,success,
NEG-00160,2003-10-10,2003,Kerala,"Alappuzha, Kollam, Pathanamthitta,Thiruvananthapuram",9.5003416,76.4123364,district,date,2003-10-09,0.2,0.7,1.5,2.2,2.8,26.4542,87.5833,0.3252,0,non_flood,generated_negative,ERA5-Land via Open-Meteo Historical API,success,
NEG-00161,2022-10-09,2022,Tamil Nadu,Kanniyakumariumari,11.3323723,78.6098639,district,date,2022-10-08,0.0,0.0,0.0,0.8,1.4,23.0625,79.2917,0.2716,0,non_flood,generated_negative,ERA5-Land via Open-Meteo Historical API,success,
NEG-00162,1995-06-01,1995,Kerala,"Alappuzha, Ernakulam, Idukki,  Kollam, Pathanamthitta, Thiruvananthapuram,Thriss",9.5003416,76.4123364,district,date,1995-05-31,0.0,0.0,0.0,5.7,7.1,27.3083,87.7083,0.3251,0,non_flood,generated_negative,ERA5-Land via Open-Meteo Historical API,success,
NEG-00163,1982-06-13,1982,Kerala,Alappuzha,9.5003416,76.4123364,district,date,1982-06-12,0.3,1.2,2.3,3.1,4.1,26.7208,87.375,0.3075,0,non_flood,generated_negative,ERA5-Land via Open-Meteo Historical API,success,
NEG-00164,1969-06-18,1969,Kerala,Thiruvananthapuram,8.4882267,76.947551,district,date,1969-06-17,0.1,0.3,0.5,1.0,4.8,25.7542,85.4583,0.251,0,non_flood,generated_negative,ERA5-Land via Open-Meteo Historical API,success,
NEG-00165,1992-07-03,1992,Kerala,Kottayam,9.6287383,76.6455326,district,date,1992-07-02,0.2,0.4,0.6,1.9,12.0,24.275,93.2083,0.4904,0,non_flood,generated_negative,ERA5-Land via Open-Meteo Historical API,success,
NEG-00166,1998-07-18,1998,Kerala,Kollam,8.8870533,76.5906696,district,date,1998-07-17,0.0,0.0,0.8,1.2,3.3,25.4458,88.5,0.314,0,non_flood,generated_negative,ERA5-Land via Open-Meteo Historical API,success,
NEG-00167,1972-07-22,1972,Kerala,Kollam,8.8870533,76.5906696,district,date,1972-07-21,0.0,0.0,0.0,0.3,2.4,25.6208,88.3333,0.2764,0,non_flood,generated_negative,ERA5-Land via Open-Meteo Historical API,success,
NEG-00168,2011-07-26,2011,Kerala,"Kannur,Thiruvananthapuram",11.8763836,75.3737973,district,date,2011-07-25,1.8,4.7,5.5,7.0,21.7,24.4833,92.3333,0.3281,0,non_flood,generated_negative,ERA5-Land via Open-Meteo Historical API,success,
NEG-00169,2021-07-27,2021,Kerala,Malappuram,11.1065685,76.1101742,district,date,2021-07-26,0.9,2.1,2.5,3.7,13.6,24.5208,92.2083,0.4991,0,non_flood,generated_negative,ERA5-Land via Open-Meteo Historical API,success,
NEG-00170,2014-07-28,2014,Kerala,Thiruvananthapuram,8.4882267,76.947551,district,date,2014-07-27,0.3,0.9,1.3,1.9,5.1,24.8458,88.7083,0.2397,0,non_flood,generated_negative,ERA5-Land via Open-Meteo Historical API,success,
NEG-00171,1999-10-06,1999,Kerala,Kottayam,9.6287383,76.6455326,district,date,1999-10-05,2.5,6.1,9.8,17.0,40.5,23.6125,97.25,0.4757,0,non_flood,generated_negative,ERA5-Land via Open-Meteo Historical API,success,
NEG-00172,1988-10-08,1988,Kerala,Malappuram,11.1065685,76.1101742,district,date,1988-10-07,0.0,0.0,0.0,0.0,1.2,25.5542,85.625,0.4502,0,non_flood,generated_negative,ERA5-Land via Open-Meteo Historical API,success,
NEG-00173,1997-10-09,1997,Kerala,Palakkad,10.7873692,76.4742172,district,date,1997-10-08,0.0,0.5,2.1,6.4,9.4,26.1208,84.7083,0.479,0,non_flood,generated_negative,ERA5-Land via Open-Meteo Historical API,success,
NEG-00174,2017-10-11,2017,Kerala,Alappuzha,9.5003416,76.4123364,district,date,2017-10-10,0.0,0.0,0.2,0.7,1.9,26.9917,87.375,0.2618,0,non_flood,generated_negative,ERA5-Land via Open-Meteo Historical API,success,
NEG-00175,1976-11-10,1976,Kerala,"Idukki, Kollam,Thiruvananthapuram",9.8154785,76.9991599,district,date,1976-11-09,0.0,0.0,0.2,2.2,16.5,21.0417,93.75,0.4869,0,non_flood,generated_negative,ERA5-Land via Open-Meteo Historical API,success,
NEG-00176,1987-08-06,1987,Tamil Nadu,Dindigul,10.4257161,77.8154728,district,date,1987-08-05,0.0,0.0,0.0,0.0,3.7,28.0958,68.375,0.2602,0,non_flood,generated_negative,ERA5-Land via Open-Meteo Historical API,success,
NEG-00177,2001-11-07,2001,Tamil Nadu,"Coimbatore, The Nilgiris, Ramanathapuram,Thanjavur",11.0018115,76.9628425,district,date,2001-11-06,0.2,0.4,1.0,4.4,10.4,23.1208,90.7083,0.3708,0,non_flood,generated_negative,ERA5-Land via Open-Meteo Historical API,success,
NEG-00178,1980-05-28,1980,Kerala,Palakkad,10.7873692,76.4742172,district,date,1980-05-27,0.0,0.0,0.2,0.2,0.4,28.1667,75.2917,0.3524,0,non_flood,generated_negative,ERA5-Land via Open-Meteo Historical API,success,
NEG-00179,2022-06-01,2022,Kerala,"Alappuzha, Ernakulam, Idukki, Kasaragod, Kollam, Kottayam, Kozhikode, Malappuram",9.5003416,76.4123364,district,date,2022-05-31,0.1,0.4,1.2,4.4,6.3,26.5917,85.7917,0.2539,0,non_flood,generated_negative,ERA5-Land via Open-Meteo Historical API,success,
NEG-00180,1975-07-11,1975,Kerala,Kasaragod,12.4221964,75.1904446,district,date,1975-07-10,1.3,3.5,11.3,23.2,49.5,23.6917,95.0,0.4674,0,non_flood,generated_negative,ERA5-Land via Open-Meteo Historical API,success,
NEG-00181,2015-07-14,2015,Kerala,"Idukki,Malappuram",9.8154785,76.9991599,district,date,2015-07-13,0.1,0.1,0.1,0.3,2.9,22.0792,88.2917,0.4861,0,non_flood,generated_negative,ERA5-Land via Open-Meteo Historical API,success,
NEG-00182,2021-07-14,2021,Kerala,"Alappuzha, Ernakulam, Idukki, Kozhikode, Malappuram, Palakkad,Thrissur",9.5003416,76.4123364,district,date,2021-07-13,0.8,2.0,3.1,3.6,11.2,25.9708,90.875,0.3202,0,non_flood,generated_negative,ERA5-Land via Open-Meteo Historical API,success,
NEG-00183,1974-07-15,1974,Kerala,"Kannur, Kozhikode, Malappuram, Thiruvananthapuram,Thrissur",11.8763836,75.3737973,district,date,1974-07-14,0.3,1.1,2.7,9.6,20.6,24.7958,90.5417,0.3488,0,non_flood,generated_negative,ERA5-Land via Open-Meteo Historical API,success,
NEG-00184,1987-07-23,1987,Kerala,Thrissur,10.5270099,76.214621,district,date,1987-07-22,0.0,0.0,0.0,0.0,0.3,26.8833,81.5417,0.43,0,non_flood,generated_negative,ERA5-Land via Open-Meteo Historical API,success,
NEG-00185,1989-07-31,1989,Kerala,"Kasaragod, Kollam, Kozhikode, Palakkad, Pathanamthitta,Thiruvananthapuram",12.4221964,75.1904446,district,date,1989-07-30,0.2,0.2,0.2,0.2,0.5,25.3792,84.7083,0.4778,0,non_flood,generated_negative,ERA5-Land via Open-Meteo Historical API,success,
NEG-00186,1969-08-01,1969,Kerala,"Alappuzha, Thiruvananthapuram,Thrissur",9.5003416,76.4123364,district,date,1969-07-31,0.4,1.1,2.6,4.1,7.7,24.8875,91.375,0.3502,0,non_flood,generated_negative,ERA5-Land via Open-Meteo Historical API,success,
NEG-00187,1981-08-02,1981,Kerala,"Ernakulam, Idukki, Kollam, Kottayam,Thiruvananthapuram",9.9837257,76.2740001,district,date,1981-08-01,0.8,1.7,2.4,2.6,3.7,25.325,85.0,0.4051,0,non_flood,generated_negative,ERA5-Land via Open-Meteo Historical API,success,
NEG-00188,2011-08-03,2011,Kerala,"Alappuzha, Ernakulam, Idukki, Kannur, Kasaragod, Kollam, Kottayam, Pathanamthitt",9.5003416,76.4123364,district,date,2011-08-02,0.2,0.5,2.4,7.9,15.3,25.5333,90.6667,0.3399,0,non_flood,generated_negative,ERA5-Land via Open-Meteo Historical API,success,
NEG-00189,1970-09-22,1970,Kerala,Kannur,11.8763836,75.3737973,district,date,1970-09-21,0.5,2.1,3.6,5.5,10.4,24.0167,90.9167,0.3272,0,non_flood,generated_negative,ERA5-Land via Open-Meteo Historical API,success,
NEG-00190,1980-10-03,1980,Kerala,"Kollam,Thiruvananthapuram",8.8870533,76.5906696,district,date,1980-10-02,0.0,0.2,0.7,2.4,6.5,25.3917,89.1667,0.3038,0,non_flood,generated_negative,ERA5-Land via Open-Meteo Historical API,success,
NEG-00191,2019-10-11,2019,Kerala,Idukki,9.8154785,76.9991599,district,date,2019-10-10,0.0,0.0,0.0,1.8,17.1,22.65,90.7917,0.4989,0,non_flood,generated_negative,ERA5-Land via Open-Meteo Historical API,success,
NEG-00192,1987-10-16,1987,Kerala,Kozhikode,11.2450558,75.7754716,district,date,1987-10-15,0.0,0.0,0.0,0.3,1.5,26.4833,85.8333,0.276,0,non_flood,generated_negative,ERA5-Land via Open-Meteo Historical API,success,
NEG-00193,1979-10-24,1979,Kerala,Kollam,8.8870533,76.5906696,district,date,1979-10-23,0.0,0.0,0.5,1.8,4.9,26.3417,82.2083,0.2711,0,non_flood,generated_negative,ERA5-Land via Open-Meteo Historical API,success,
NEG-00194,1995-07-13,1995,Tamil Nadu,Coimbatore,11.0018115,76.9628425,district,date,1995-07-12,0.0,0.0,0.0,0.3,1.2,23.4458,84.9167,0.3188,0,non_flood,generated_negative,ERA5-Land via Open-Meteo Historical API,success,
NEG-00195,2009-11-03,2009,Tamil Nadu,"Chennai,Madurai",13.0836939,80.270186,district,date,2009-11-02,0.6,2.4,3.1,5.1,5.7,27.2208,78.0,0.2611,0,non_flood,generated_negative,ERA5-Land via Open-Meteo Historical API,success,
NEG-00196,1984-11-07,1984,Tamil Nadu,"Dindigul, Tiruchirappalli",10.4257161,77.8154728,district,date,1984-11-06,0.0,0.0,0.3,0.3,3.3,24.4917,84.0,0.3633,0,non_flood,generated_negative,ERA5-Land via Open-Meteo Historical API,success,
NEG-00197,1991-12-20,1991,Tamil Nadu,Chennai,13.0836939,80.270186,district,date,1991-12-19,0.0,0.0,0.0,0.0,0.0,24.225,73.0417,0.247,0,non_flood,generated_negative,ERA5-Land via Open-Meteo Historical API,success,
NEG-00198,2023-03-28,2023,Kerala,Pathanamthitta,9.2780841,76.9737443,district,date,2023-03-27,0.0,0.0,0.0,0.1,0.9,25.7667,72.5,0.4175,0,non_flood,generated_negative,ERA5-Land via Open-Meteo Historical API,success,
NEG-00199,2003-05-07,2003,Kerala,Kollam,8.8870533,76.5906696,district,date,2003-05-06,0.0,0.0,0.0,0.1,5.0,27.1625,85.5,0.3009,0,non_flood,generated_negative,ERA5-Land via Open-Meteo Historical API,success,
NEG-00200,2002-05-07,2002,Kerala,"Ernakulam, Idukki, Thiruvananthapuram",9.9837257,76.2740001,district,date,2002-05-06,1.6,6.4,6.4,7.2,12.3,27.75,83.9583,0.4232,0,non_flood,generated_negative,ERA5-Land via Open-Meteo Historical API,success,
NEG-00201,1986-05-07,1986,Kerala,"Alappuzha,Kottayam",9.5003416,76.4123364,district,date,1986-05-06,0.0,2.3,3.0,6.5,11.7,27.4042,88.5417,0.3069,0,non_flood,generated_negative,ERA5-Land via Open-Meteo Historical API,success,
NEG-00202,2014-05-07,2014,Kerala,"Kozhikode, Pathanamthitta",11.2450558,75.7754716,district,date,2014-05-06,1.6,4.9,8.1,19.5,29.0,26.8542,88.1667,0.3038,0,non_flood,generated_negative,ERA5-Land via Open-Meteo Historical API,success,
NEG-00203,2001-06-13,2001,Kerala,"Ernakulam, Idukki, Kasaragod, Kollam, Kottayam, Kozhikode, Malappuram,Thiruvanan",9.9837257,76.2740001,district,date,2001-06-12,0.6,2.9,5.8,9.3,29.2,25.1167,91.125,0.4318,0,non_flood,generated_negative,ERA5-Land via Open-Meteo Historical API,success,
NEG-00204,2005-06-29,2005,Kerala,Kasaragod,12.4221964,75.1904446,district,date,2005-06-28,1.1,2.6,5.4,13.3,23.5,24.3542,95.2083,0.482,0,non_flood,generated_negative,ERA5-Land via Open-Meteo Historical API,success,
NEG-00205,2015-07-05,2015,Kerala,"Idukki, Kasaragod,Kozhikode",9.8154785,76.9991599,district,date,2015-07-04,0.0,0.0,0.0,0.2,3.2,22.3708,89.625,0.483,0,non_flood,generated_negative,ERA5-Land via Open-Meteo Historical API,success,
NEG-00206,2007-07-14,2007,Kerala,"Idukki, Kottayam,Malappuram",9.8154785,76.9991599,district,date,2007-07-13,0.6,2.0,3.8,6.0,14.3,21.3042,95.1667,0.5121,0,non_flood,generated_negative,ERA5-Land via Open-Meteo Historical API,success,
NEG-00207,1987-07-21,1987,Kerala,"Kannur, Kasaragod,Kottayam",11.8763836,75.3737973,district,date,1987-07-20,0.1,0.1,0.1,0.1,1.0,26.1625,86.25,0.2736,0,non_flood,generated_negative,ERA5-Land via Open-Meteo Historical API,success,
NEG-00208,2006-08-04,2006,Kerala,Kannur,11.8763836,75.3737973,district,date,2006-08-03,0.4,0.8,0.9,2.1,7.6,24.8708,90.2917,0.2948,0,non_flood,generated_negative,ERA5-Land via Open-Meteo Historical API,success,
NEG-00209,1977-09-02,1977,Kerala,"Alappuzha, Idukki,Wayanad",9.5003416,76.4123364,district,date,1977-09-01,0.6,1.4,3.4,8.6,24.3,24.7083,92.25,0.3509,0,non_flood,generated_negative,ERA5-Land via Open-Meteo Historical API,success,
NEG-00210,1974-10-07,1974,Kerala,"Kozhikode,Thiruvananthapuram",11.2450558,75.7754716,district,date,1974-10-06,0.0,0.0,0.0,3.7,14.1,24.4875,87.9167,0.3099,0,non_flood,generated_negative,ERA5-Land via Open-Meteo Historical API,success,
NEG-00211,2002-10-15,2002,Kerala,"Alappuzha, Kollam, Malappuram, Thiruvananthapuram,Wayanad",9.5003416,76.4123364,district,date,2002-10-14,1.4,4.3,6.8,11.3,31.3,25.1083,93.5417,0.3798,0,non_flood,generated_negative,ERA5-Land via Open-Meteo Historical API,success,
NEG-00212,2006-10-18,2006,Kerala,"Idukki,Thiruvananthapuram",9.8154785,76.9991599,district,date,2006-10-17,0.0,0.0,0.0,0.0,12.7,21.2417,94.0833,0.4837,0,non_flood,generated_negative,ERA5-Land via Open-Meteo Historical API,success,
NEG-00213,1989-05-06,1989,Tamil Nadu,Kanniyakumariumari,11.3323723,78.6098639,district,date,1989-05-05,0.0,0.0,0.0,0.0,0.0,28.6875,56.5,0.1293,0,non_flood,generated_negative,ERA5-Land via Open-Meteo Historical API,success,
NEG-00214,1994-09-07,1994,Tamil Nadu,Kancheepuram,12.8796052,79.7042762,district,date,1994-09-06,0.0,0.0,0.0,0.0,0.0,31.3458,50.7083,0.152,0,non_flood,generated_negative,ERA5-Land via Open-Meteo Historical API,success,
NEG-00215,2006-11-02,2006,Tamil Nadu,"Nagapattinam,Thanjavur",10.6026203,79.7619348,district,date,2006-11-01,1.3,2.7,6.9,9.0,14.5,25.9333,86.1667,0.3152,0,non_flood,generated_negative,ERA5-Land via Open-Meteo Historical API,success,
NEG-00216,1995-06-03,1995,Kerala,Kottayam,9.6287383,76.6455326,district,date,1995-06-02,0.0,0.0,1.3,4.0,7.3,25.7167,92.5417,0.4725,0,non_flood,generated_negative,ERA5-Land via Open-Meteo Historical API,success,
NEG-00217,2007-06-13,2007,Kerala,Thiruvananthapuram,8.4882267,76.947551,district,date,2007-06-12,0.0,0.5,2.2,2.8,7.8,26.0542,85.375,0.3023,0,non_flood,generated_negative,ERA5-Land via Open-Meteo Historical API,success,
NEG-00218,1972-06-14,1972,Kerala,"Alappuzha, Ernakulam, Idukki, Kannur, Kasaragod, Kottayam, Kozhikode, Malappuram",9.5003416,76.4123364,district,date,1972-06-13,0.6,1.5,1.5,1.5,1.9,27.5792,83.0,0.282,0,non_flood,generated_negative,ERA5-Land via Open-Meteo Historical API,success,
NEG-00219,1983-06-16,1983,Kerala,"Kasaragod, Wayanad, Kozhikode, Malappuram, Palakkad, Thrissur, Idukki, Ernakulam",12.4221964,75.1904446,district,date,1983-06-15,2.2,6.1,7.7,16.0,24.5,25.3667,91.625,0.4843,0,non_flood,generated_negative,ERA5-Land via Open-Meteo Historical API,success,
NEG-00220,2003-06-17,2003,Kerala,Thiruvananthapuram,8.4882267,76.947551,district,date,2003-06-16,1.3,5.4,8.5,14.4,26.4,24.925,90.7083,0.3286,0,non_flood,generated_negative,ERA5-Land via Open-Meteo Historical API,success,
NEG-00221,2020-06-20,2020,Kerala,"Kozhikode, Thiruvananthapuram",11.2450558,75.7754716,district,date,2020-06-19,2.3,3.4,4.2,4.8,10.1,26.1958,91.7083,0.2988,0,non_flood,generated_negative,ERA5-Land via Open-Meteo Historical API,success,
NEG-00222,2013-07-20,2013,Kerala,"Idukki, Pathanamthitta",9.8154785,76.9991599,district,date,2013-07-19,0.1,0.3,1.2,8.3,34.6,20.0667,98.5417,0.4752,0,non_flood,generated_negative,ERA5-Land via Open-Meteo Historical API,success,
NEG-00223,2020-07-24,2020,Kerala,"Idukki, Kozhikode",9.8154785,76.9991599,district,date,2020-07-23,0.2,0.6,0.8,5.1,13.7,22.3833,94.0833,0.5051,0,non_flood,generated_negative,ERA5-Land via Open-Meteo Historical API,success,
NEG-00224,2005-08-08,2005,Kerala,Thiruvananthapuram,8.4882267,76.947551,district,date,2005-08-07,0.0,0.0,0.0,0.0,0.0,25.6792,84.4583,0.223,0,non_flood,generated_negative,ERA5-Land via Open-Meteo Historical API,success,
NEG-00225,2014-08-12,2014,Kerala,Idukki,9.8154785,76.9991599,district,date,2014-08-11,2.4,5.5,8.7,14.1,22.9,20.6208,98.25,0.4795,0,non_flood,generated_negative,ERA5-Land via Open-Meteo Historical API,success,
NEG-00226,1979-08-23,1979,Kerala,Kottayam,9.6287383,76.6455326,district,date,1979-08-22,0.0,0.0,0.0,0.0,0.0,25.5625,83.375,0.4523,0,non_flood,generated_negative,ERA5-Land via Open-Meteo Historical API,success,
NEG-00227,1992-09-11,1992,Kerala,Idukki,9.8154785,76.9991599,district,date,1992-09-10,0.0,0.0,0.0,0.4,2.4,20.9,93.0833,0.4792,0,non_flood,generated_negative,ERA5-Land via Open-Meteo Historical API,success,
NEG-00228,2019-06-14,2019,Tamil Nadu,"Chennai, Cuddalore, Coimbatore, Thanjavur",13.0836939,80.270186,district,date,2019-06-13,0.0,0.0,0.0,0.0,0.3,32.975,55.2083,0.138,0,non_flood,generated_negative,ERA5-Land via Open-Meteo Historical API,success,
NEG-00229,2022-10-17,2022,Tamil Nadu,"Chengalpattu,Chennai, Dharmapuri, Dindigul, Kanniyakumariumari, Madurai, Nagapat",12.6840886,79.9836371,district,date,2022-10-16,0.0,0.9,2.9,3.2,3.9,26.75,84.4167,0.375,0,non_flood,generated_negative,ERA5-Land via Open-Meteo Historical API,success,
NEG-00230,2021-11-17,2021,Tamil Nadu,"Chennai, Nagapattinam,Thanjavur",13.0836939,80.270186,district,date,2021-11-16,0.0,0.0,0.1,9.9,10.3,26.4958,85.1667,0.401,0,non_flood,generated_negative,ERA5-Land via Open-Meteo Historical API,success,
NEG-00231,2007-12-12,2007,Tamil Nadu,"Thiruvallur, Chennai, Krishnagiri, Tiruvannamalai, Dharmapuri, Salem, Erode, The",13.2537619,80.0562572,district,date,2007-12-11,0.0,0.0,0.1,0.1,0.5,24.4,83.2083,0.325,0,non_flood,generated_negative,ERA5-Land via Open-Meteo Historical API,success,
NEG-00232,2003-05-07,2003,Kerala,Kottayam,9.6287383,76.6455326,district,date,2003-05-06,0.0,0.0,0.0,0.4,5.6,26.0958,92.3333,0.4505,0,non_flood,generated_negative,ERA5-Land via Open-Meteo Historical API,success,
NEG-00233,1979-06-30,1979,Kerala,Ernakulam,9.9837257,76.2740001,district,date,1979-06-29,0.0,0.4,1.5,2.8,7.1,26.1458,88.0833,0.4236,0,non_flood,generated_negative,ERA5-Land via Open-Meteo Historical API,success,
NEG-00234,2001-07-01,2001,Kerala,"Kannur, Kasaragod, Kottayam, Kozhikode, Malappuram, Thiruvananthapuram",11.8763836,75.3737973,district,date,2001-06-30,0.5,1.7,4.2,9.7,16.6,24.6333,91.5833,0.3348,0,non_flood,generated_negative,ERA5-Land via Open-Meteo Historical API,success,
NEG-00235,1974-07-20,1974,Kerala,"Idukki, Kottayam",9.8154785,76.9991599,district,date,1974-07-19,0.0,0.0,0.0,0.4,6.5,21.3583,91.0417,0.4819,0,non_flood,generated_negative,ERA5-Land via Open-Meteo Historical API,success,
NEG-00236,2023-07-24,2023,Kerala,"Alappuzha, Malappuram",9.5003416,76.4123364,district,date,2023-07-23,0.4,0.7,2.2,7.9,13.2,24.8292,93.625,0.3159,0,non_flood,generated_negative,ERA5-Land via Open-Meteo Historical API,success,
NEG-00237,2007-08-08,2007,Kerala,"Malappuram, Thiruvananthapuram,Thrissur",11.1065685,76.1101742,district,date,2007-08-07,0.4,1.2,2.6,4.7,18.6,23.6,93.0833,0.4539,0,non_flood,generated_negative,ERA5-Land via Open-Meteo Historical API,success,
NEG-00238,2016-09-12,2016,Kerala,Kottayam,9.6287383,76.6455326,district,date,2016-09-11,0.0,0.1,0.2,0.2,1.6,24.9417,88.2917,0.4754,0,non_flood,generated_negative,ERA5-Land via Open-Meteo Historical API,success,
NEG-00239,2012-09-22,2012,Kerala,Thiruvananthapuram,8.4882267,76.947551,district,date,2012-09-21,0.0,0.0,0.0,0.3,0.3,26.1083,81.7083,0.1763,0,non_flood,generated_negative,ERA5-Land via Open-Meteo Historical API,success,
NEG-00240,1978-11-03,1978,Kerala,"Alappuzha, Idukki, Kottayam, Malappuram,Pathanamthitta",9.5003416,76.4123364,district,date,1978-11-02,5.7,18.9,35.8,43.0,60.8,25.4583,91.7083,0.3696,0,non_flood,generated_negative,ERA5-Land via Open-Meteo Historical API,success,
NEG-00241,2022-11-28,2022,Kerala,Idukki,9.8154785,76.9991599,district,date,2022-11-27,0.0,0.0,0.0,2.0,5.0,21.85,88.875,0.4399,0,non_flood,generated_negative,ERA5-Land via Open-Meteo Historical API,success,
NEG-00242,1983-12-16,1983,Kerala,Ernakulam,9.9837257,76.2740001,district,date,1983-12-15,0.0,0.0,0.0,0.0,0.2,26.425,81.5417,0.3414,0,non_flood,generated_negative,ERA5-Land via Open-Meteo Historical API,success,
NEG-00243,2010-10-28,2010,Tamil Nadu,"Chennai, Chengalpattu,Dindigul",13.0836939,80.270186,district,date,2010-10-27,1.5,2.1,5.2,7.0,11.3,26.5167,85.7083,0.3694,0,non_flood,generated_negative,ERA5-Land via Open-Meteo Historical API,success,
NEG-00244,2003-11-01,2003,Tamil Nadu,"Chengalpattu, Chennai, Nagapattinam, Thanjavur,Tiruchirappalli",12.6840886,79.9836371,district,date,2003-10-31,0.5,0.7,0.7,0.7,1.7,26.575,84.4583,0.3002,0,non_flood,generated_negative,ERA5-Land via Open-Meteo Historical API,success,
NEG-00245,1969-12-05,1969,Tamil Nadu,"Thiruvallur, Chennai, Krishnagiri, Tiruvannamalai, Dharmapuri, Salem, Erode, The",13.2537619,80.0562572,district,date,1969-12-04,0.4,1.6,3.0,5.1,12.9,23.7667,91.0417,0.4255,0,non_flood,generated_negative,ERA5-Land via Open-Meteo Historical API,success,
NEG-00246,2011-05-15,2011,Kerala,Thiruvananthapuram,8.4882267,76.947551,district,date,2011-05-14,0.0,0.0,0.0,0.1,0.7,27.3625,78.3333,0.1108,0,non_flood,generated_negative,ERA5-Land via Open-Meteo Historical API,success,
NEG-00247,2001-06-28,2001,Kerala,Idukki,9.8154785,76.9991599,district,date,2001-06-27,0.6,0.9,1.5,3.9,7.3,21.0875,92.0833,0.5023,0,non_flood,generated_negative,ERA5-Land via Open-Meteo Historical API,success,
NEG-00248,2016-07-02,2016,Kerala,"Idukki, Kasaragod, Kottayam, Malappuram, Palakkad, Thiruvananthapuram,Wayanad",9.8154785,76.9991599,district,date,2016-07-01,0.0,0.3,1.2,3.0,12.4,21.7125,93.9167,0.4774,0,non_flood,generated_negative,ERA5-Land via Open-Meteo Historical API,success,
NEG-00249,1996-07-12,1996,Kerala,"Ernakulam, Idukki, Malappuram, Pathanamthitta,Thrissur",9.9837257,76.2740001,district,date,1996-07-11,0.2,0.6,1.8,5.8,22.6,24.7917,91.0417,0.4362,0,non_flood,generated_negative,ERA5-Land via Open-Meteo Historical API,success,
NEG-00250,2013-10-10,2013,Kerala,"Kollam, Kottayam, Kozhikode, Malappuram, Pathanamthitta, Thiruvananthapuram,Waya",8.8870533,76.5906696,district,date,2013-10-09,0.0,0.2,0.7,1.5,6.2,25.6667,87.2917,0.2775,0,non_flood,generated_negative,ERA5-Land via Open-Meteo Historical API,success,
NEG-00251,2019-11-01,2019,Kerala,"Idukki,Thiruvananthapuram",9.8154785,76.9991599,district,date,2019-10-31,0.0,0.2,1.6,4.6,127.6,20.4375,97.8333,0.5101,0,non_flood,generated_negative,ERA5-Land via Open-Meteo Historical API,success,
NEG-00252,2018-11-11,2018,Kerala,"Palakkad,Pathanamthitta",10.7873692,76.4742172,district,date,2018-11-10,0.0,0.0,0.0,0.0,0.0,27.3792,71.25,0.3043,0,non_flood,generated_negative,ERA5-Land via Open-Meteo Historical API,success,
NEG-00253,1971-10-11,1971,Tamil Nadu,Kanniyakumariumari,11.3323723,78.6098639,district,date,1971-10-10,0.3,0.5,0.5,9.5,9.9,23.4583,80.0,0.314,0,non_flood,generated_negative,ERA5-Land via Open-Meteo Historical API,success,
NEG-00254,2000-11-01,2000,Tamil Nadu,"Thiruvallur, Chennai, Krishnagiri, Tiruvannamalai, Dharmapuri, Salem, Erode, The",13.2537619,80.0562572,district,date,2000-10-31,0.0,0.0,0.0,0.0,0.0,26.4333,73.875,0.2133,0,non_flood,generated_negative,ERA5-Land via Open-Meteo Historical API,success,
NEG-00255,2003-12-04,2003,Tamil Nadu,"Cuddalore, Madurai, Nagapattinam,Perambalur, Thanjavur, Tiruchirappalli, Tirunel",11.5202071,79.3396356,district,date,2003-12-03,0.0,0.0,0.0,0.0,0.0,23.4458,77.2917,0.3599,0,non_flood,generated_negative,ERA5-Land via Open-Meteo Historical API,success,
NEG-00256,2008-02-05,2008,Kerala,Kollam,8.8870533,76.5906696,district,date,2008-02-04,0.2,2.3,4.9,5.3,5.5,26.6125,77.0417,0.1014,0,non_flood,generated_negative,ERA5-Land via Open-Meteo Historical API,success,
NEG-00257,2009-05-25,2009,Kerala,"Idukki,Kottayam",9.8154785,76.9991599,district,date,2009-05-24,3.0,5.8,9.8,15.1,22.6,21.7083,96.2083,0.4824,0,non_flood,generated_negative,ERA5-Land via Open-Meteo Historical API,success,
NEG-00258,1981-06-07,1981,Kerala,"Kasaragod, Wayanad, Kozhikode, Malappuram, Palakkad, Thrissur, Idukki, Ernakulam",12.4221964,75.1904446,district,date,1981-06-06,2.3,7.4,15.0,19.4,29.6,24.5875,91.9583,0.4804,0,non_flood,generated_negative,ERA5-Land via Open-Meteo Historical API,success,
NEG-00259,1978-06-16,1978,Kerala,"Ernakulam, Idukki, Kasaragod, Kozhikode, Malappuram, Palakkad,Pathanamthitta",9.9837257,76.2740001,district,date,1978-06-15,1.6,6.3,14.8,23.4,44.5,24.3625,93.25,0.435,0,non_flood,generated_negative,ERA5-Land via Open-Meteo Historical API,success,
NEG-00260,2010-07-17,2010,Kerala,"Idukki, Kannur, Kasaragod, Kollam, Palakkad, Pathanamthitta, Thiruvananthapuram,",9.8154785,76.9991599,district,date,2010-07-16,1.0,2.5,5.0,10.6,42.2,20.2167,99.5,0.477,0,non_flood,generated_negative,ERA5-Land via Open-Meteo Historical API,success,
NEG-00261,1986-08-02,1986,Kerala,"Kasaragod, Kozhikode,Malappuram",12.4221964,75.1904446,district,date,1986-08-01,0.4,1.7,2.6,6.8,14.6,24.1792,92.2917,0.4823,0,non_flood,generated_negative,ERA5-Land via Open-Meteo Historical API,success,
NEG-00262,2017-10-09,2017,Kerala,Kannur,11.8763836,75.3737973,district,date,2017-10-08,0.0,0.0,0.2,6.1,8.9,26.075,90.1667,0.3054,0,non_flood,generated_negative,ERA5-Land via Open-Meteo Historical API,success,
NEG-00263,1969-10-18,1969,Kerala,"Kasaragod, Wayanad, Kozhikode, Malappuram, Palakkad, Thrissur, Idukki, Ernakulam",12.4221964,75.1904446,district,date,1969-10-17,0.0,0.3,0.6,0.8,5.6,24.6167,89.6667,0.4928,0,non_flood,generated_negative,ERA5-Land via Open-Meteo Historical API,success,
NEG-00264,1990-05-05,1990,Tamil Nadu,Dindigul,10.4257161,77.8154728,district,date,1990-05-04,0.0,0.0,0.0,0.3,2.2,29.025,70.0,0.2316,0,non_flood,generated_negative,ERA5-Land via Open-Meteo Historical API,success,
NEG-00265,2008-11-21,2008,Tamil Nadu,"Karur, Nagapattinam, Perambalur, Pudukkottai, Thanjavur,Tiruchirappalli",10.8217671,78.3828654,district,date,2008-11-20,0.0,0.0,0.0,0.3,4.3,25.8,81.75,0.1702,0,non_flood,generated_negative,ERA5-Land via Open-Meteo Historical API,success,
NEG-00266,1991-04-08,1991,Kerala,Thiruvananthapuram,8.4882267,76.947551,district,date,1991-04-07,0.0,0.0,0.0,7.1,9.2,26.8417,82.4167,0.2177,0,non_flood,generated_negative,ERA5-Land via Open-Meteo Historical API,success,
NEG-00267,1987-06-08,1987,Kerala,"Alappuzha, Idukki,Kannur",9.5003416,76.4123364,district,date,1987-06-07,0.0,0.0,1.3,6.5,7.7,27.8167,85.375,0.3155,0,non_flood,generated_negative,ERA5-Land via Open-Meteo Historical API,success,
NEG-00268,1976-06-17,1976,Kerala,Alappuzha,9.5003416,76.4123364,district,date,1976-06-16,0.2,0.2,0.8,1.4,2.0,26.8208,86.4167,0.2982,0,non_flood,generated_negative,ERA5-Land via Open-Meteo Historical API,success,
NEG-00269,2014-07-01,2014,Kerala,Kasaragod,12.4221964,75.1904446,district,date,2014-06-30,0.2,0.4,0.8,4.1,5.5,25.7417,89.25,0.4857,0,non_flood,generated_negative,ERA5-Land via Open-Meteo Historical API,success,
NEG-00270,2010-07-07,2010,Kerala,"Idukki, Kollam, Pathanamthitta,Thiruvananthapuram",9.8154785,76.9991599,district,date,2010-07-06,0.0,0.0,0.0,0.1,2.4,21.2708,89.25,0.4732,0,non_flood,generated_negative,ERA5-Land via Open-Meteo Historical API,success,
NEG-00271,2018-08-08,2018,Kerala,Kottayam,9.6287383,76.6455326,district,date,2018-08-07,0.8,2.9,6.6,9.5,20.1,23.6667,96.5833,0.5128,0,non_flood,generated_negative,ERA5-Land via Open-Meteo Historical API,success,
NEG-00272,1978-08-22,1978,Kerala,"Alappuzha, Idukki, Kannur, Kasaragod, Kollam, Kottayam, Kozhikode, Malappuram, P",9.5003416,76.4123364,district,date,1978-08-21,0.7,2.8,4.6,7.4,18.1,24.2333,92.8333,0.3685,0,non_flood,generated_negative,ERA5-Land via Open-Meteo Historical API,success,
NEG-00273,1976-02-24,1976,Tamil Nadu,"Chennai,Perambalur",13.0836939,80.270186,district,date,1976-02-23,0.0,0.0,0.0,0.0,0.0,24.5917,69.1667,0.1282,0,non_flood,generated_negative,ERA5-Land via Open-Meteo Historical API,success,
NEG-00274,2018-06-08,2018,Tamil Nadu,Kanniyakumariumari,11.3323723,78.6098639,district,date,2018-06-07,0.0,0.0,0.0,0.0,0.4,25.1542,71.1667,0.3522,0,non_flood,generated_negative,ERA5-Land via Open-Meteo Historical API,success,
NEG-00275,1989-04-07,1989,Kerala,"Kottayam,Kozhikode",9.6287383,76.6455326,district,date,1989-04-06,0.0,0.0,0.0,0.0,0.2,28.7625,73.6667,0.3566,0,non_flood,generated_negative,ERA5-Land via Open-Meteo Historical API,success,
NEG-00276,1975-05-26,1975,Kerala,"Alappuzha, Kollam,Kozhikode",9.5003416,76.4123364,district,date,1975-05-25,0.0,0.0,0.0,0.4,1.1,27.0292,87.125,0.3145,0,non_flood,generated_negative,ERA5-Land via Open-Meteo Historical API,success,
NEG-00277,1996-06-08,1996,Kerala,Kasaragod,12.4221964,75.1904446,district,date,1996-06-07,0.1,0.4,0.5,0.9,5.3,25.9583,88.25,0.4908,0,non_flood,generated_negative,ERA5-Land via Open-Meteo Historical API,success,
NEG-00278,2023-06-15,2023,Kerala,"Alappuzha, Kollam, Kozhikode, Malappuram,Wayanad",9.5003416,76.4123364,district,date,2023-06-14,0.1,0.1,0.1,0.1,2.3,26.6667,88.7083,0.2882,0,non_flood,generated_negative,ERA5-Land via Open-Meteo Historical API,success,
NEG-00279,1977-07-08,1977,Kerala,"Alappuzha, Idukki, Kollam, Kottayam, Thiruvananthapuram,Thrissur",9.5003416,76.4123364,district,date,1977-07-07,0.4,0.8,2.9,6.5,11.1,25.6833,89.5417,0.3377,0,non_flood,generated_negative,ERA5-Land via Open-Meteo Historical API,success,
NEG-00280,2009-09-22,2009,Kerala,Thiruvananthapuram,8.4882267,76.947551,district,date,2009-09-21,0.3,0.8,1.2,1.8,6.4,25.3667,88.7917,0.274,0,non_flood,generated_negative,ERA5-Land via Open-Meteo Historical API,success,
NEG-00281,1976-11-10,1976,Kerala,Thiruvananthapuram,8.4882267,76.947551,district,date,1976-11-09,0.1,0.8,1.5,2.1,18.7,25.3125,86.875,0.3062,0,non_flood,generated_negative,ERA5-Land via Open-Meteo Historical API,success,
NEG-00282,1996-07-06,1996,Uttarakhand,"Uttar Kashi Kashi, Chamoli, Dehradun, Tehri Garhwal, Rudra Prayag, Pithoragarh, ",30.0417376,79.089691,district,date,1996-07-05,0.0,0.0,0.2,0.8,2.4,18.5417,83.0833,0.4577,0,non_flood,generated_negative,ERA5-Land via Open-Meteo Historical API,success,
NEG-00283,2010-07-16,2010,Uttarakhand,"Uttar Kashi Kashi, Chamoli, Dehradun, Tehri Garhwal, Rudra Prayag, Pithoragarh, ",30.0417376,79.089691,district,date,2010-07-15,0.2,0.5,1.3,2.7,12.8,19.3458,90.875,0.4728,0,non_flood,generated_negative,ERA5-Land via Open-Meteo Historical API,success,
NEG-00284,2006-07-18,2006,Uttarakhand,Rudra Prayag,30.0417376,79.089691,district,date,2006-07-17,0.0,0.2,1.6,3.0,8.8,18.975,89.4583,0.4897,0,non_flood,generated_negative,ERA5-Land via Open-Meteo Historical API,success,
NEG-00285,2023-08-04,2023,Uttarakhand,"Azamgarh,Bahraich",30.0417376,79.089691,district,date,2023-08-03,0.0,0.0,0.2,1.7,11.9,19.1,90.0,0.4972,0,non_flood,generated_negative,ERA5-Land via Open-Meteo Historical API,success,
NEG-00286,2006-09-01,2006,Uttarakhand,East Uttar Kashi Pradesh,30.0417376,79.089691,district,date,2006-08-31,0.0,0.0,0.0,0.2,7.2,17.7375,85.375,0.481,0,non_flood,generated_negative,ERA5-Land via Open-Meteo Historical API,success,
NEG-00287,1976-06-11,1976,Kerala,"Kollam, Kozhikode,Thrissur",8.8870533,76.5906696,district,date,1976-06-10,0.0,0.0,0.2,0.9,2.2,25.7708,86.5833,0.2676,0,non_flood,generated_negative,ERA5-Land via Open-Meteo Historical API,success,
NEG-00288,2011-07-12,2011,Kerala,Kannur,11.8763836,75.3737973,district,date,2011-07-11,0.7,2.1,2.6,12.0,24.5,25.0625,90.25,0.3367,0,non_flood,generated_negative,ERA5-Land via Open-Meteo Historical API,success,
NEG-00289,2016-08-16,2016,Kerala,"Kottayam, Kozhikode,Palakkad",9.6287383,76.6455326,district,date,2016-08-15,0.2,0.6,1.1,1.5,7.7,24.8125,90.3333,0.5032,0,non_flood,generated_negative,ERA5-Land via Open-Meteo Historical API,success,
NEG-00290,1994-10-12,1994,Kerala,Kasaragod,12.4221964,75.1904446,district,date,1994-10-11,0.0,0.2,1.3,2.4,16.7,24.925,91.1667,0.4899,0,non_flood,generated_negative,ERA5-Land via Open-Meteo Historical API,success,
NEG-00291,2005-10-13,2005,Kerala,"Kannur, Kasaragod, Kozhikode,Thiruvananthapuram",11.8763836,75.3737973,district,date,2005-10-12,2.1,7.4,13.4,16.1,22.9,25.2708,88.875,0.3348,0,non_flood,generated_negative,ERA5-Land via Open-Meteo Historical API,success,
NEG-00292,1989-01-31,1989,Tamil Nadu,"Cuddalore, Nagapattinam, Pudukkottai, Ramanathapuram, Thanjavur, Thiruvarur,Tiru",11.5202071,79.3396356,district,date,1989-01-30,0.0,0.0,0.0,0.0,0.0,23.85,66.6667,0.1273,0,non_flood,generated_negative,ERA5-Land via Open-Meteo Historical API,success,
NEG-00293,1990-10-27,1990,Tamil Nadu,Many parts,11.3323723,78.6098639,district,date,1990-10-26,0.2,0.3,1.1,3.5,4.8,21.6583,88.0,0.3641,0,non_flood,generated_negative,ERA5-Land via Open-Meteo Historical API,success,
NEG-00294,1970-11-01,1970,Tamil Nadu,"Chennai, Coimbatore, Namakkal, Perambalur, Pudukkottai, Thanjavur, Theni, Thiruv",13.0836939,80.270186,district,date,1970-10-31,0.0,0.0,0.0,0.0,0.8,27.2292,77.5417,0.1843,0,non_flood,generated_negative,ERA5-Land via Open-Meteo Historical API,success,
NEG-00295,1989-08-11,1989,Uttarakhand,"Tehri Garhwal,Uttar Kashi Kashi",30.4658181,78.4837349,district,date,1989-08-10,0.9,1.7,3.2,3.9,8.6,19.2708,90.5833,0.4956,0,non_flood,generated_negative,ERA5-Land via Open-Meteo Historical API,success,
NEG-00296,2011-09-12,2011,Uttarakhand,"Haridwar,Nainital",29.9384473,78.1452985,district,date,2011-09-11,0.2,0.2,1.3,1.3,8.9,27.1875,83.625,0.3873,0,non_flood,generated_negative,ERA5-Land via Open-Meteo Historical API,success,
NEG-00297,2017-06-18,2017,Kerala,"Kannur, Kasaragod, Kozhikode,Thiruvananthapuram",11.8763836,75.3737973,district,date,2017-06-17,0.0,0.0,0.0,0.9,6.1,26.2167,90.1667,0.3068,0,non_flood,generated_negative,ERA5-Land via Open-Meteo Historical API,success,
NEG-00298,1986-07-04,1986,Kerala,Kottayam,9.6287383,76.6455326,district,date,1986-07-03,0.0,0.0,0.0,1.5,3.4,25.3958,88.125,0.4892,0,non_flood,generated_negative,ERA5-Land via Open-Meteo Historical API,success,
NEG-00299,1997-07-06,1997,Kerala,"Kasaragod, Kottayam,Palakkad",12.4221964,75.1904446,district,date,1997-07-05,0.1,0.8,2.6,8.4,18.2,24.1833,95.2083,0.4824,0,non_flood,generated_negative,ERA5-Land via Open-Meteo Historical API,success,
NEG-00300,2009-07-15,2009,Kerala,Kasaragod,12.4221964,75.1904446,district,date,2009-07-14,2.6,9.1,13.5,22.0,39.6,24.1542,94.6667,0.4693,0,non_flood,generated_negative,ERA5-Land via Open-Meteo Historical API,success,
NEG-00301,1986-10-02,1986,Kerala,Thrissur,10.5270099,76.214621,district,date,1986-10-01,0.0,0.0,0.0,3.8,9.9,25.2833,88.4583,0.4555,0,non_flood,generated_negative,ERA5-Land via Open-Meteo Historical API,success,
NEG-00302,1981-10-05,1981,Kerala,"Idukki, Kollam,Thiruvananthapuram",9.8154785,76.9991599,district,date,1981-10-04,0.0,0.0,0.0,0.4,4.2,21.4708,90.9167,0.4564,0,non_flood,generated_negative,ERA5-Land via Open-Meteo Historical API,success,
NEG-00303,1992-10-23,1992,Kerala,Palakkad,10.7873692,76.4742172,district,date,1992-10-22,0.0,0.0,0.0,0.6,2.0,24.9792,91.6667,0.4748,0,non_flood,generated_negative,ERA5-Land via Open-Meteo Historical API,success,
NEG-00304,1989-06-25,1989,Tamil Nadu,South Tripura,11.3323723,78.6098639,district,date,1989-06-24,0.0,0.0,0.0,1.1,1.6,24.95,67.2917,0.2025,0,non_flood,generated_negative,ERA5-Land via Open-Meteo Historical API,success,
NEG-00305,1995-07-04,1995,Uttarakhand,"Dehradun,Tehri Garhwal",30.3255646,78.0436813,district,date,1995-07-03,3.5,10.5,21.0,25.5,43.8,24.9958,87.2917,0.4256,0,non_flood,generated_negative,ERA5-Land via Open-Meteo Historical API,success,
NEG-00306,1972-09-21,1972,Uttarakhand,Pithoragarh,29.585871,80.215167,district,date,1972-09-20,0.0,0.0,0.0,0.1,0.1,19.2417,69.5833,0.4057,0,non_flood,generated_negative,ERA5-Land via Open-Meteo Historical API,success,
NEG-00307,1971-06-04,1971,Kerala,"Idukki, Kannur, Kollam, Kottayam, Kozhikode, Malappuram, Palakkad , Thrissur,Thi",9.8154785,76.9991599,district,date,1971-06-03,0.0,0.2,0.5,1.1,2.9,21.4,87.0,0.4888,0,non_flood,generated_negative,ERA5-Land via Open-Meteo Historical API,success,
NEG-00308,1995-07-04,1995,Kerala,Kannur,11.8763836,75.3737973,district,date,1995-07-03,0.1,0.2,0.2,1.3,3.7,26.325,87.375,0.296,0,non_flood,generated_negative,ERA5-Land via Open-Meteo Historical API,success,
NEG-00309,2002-07-07,2002,Kerala,"Thiruvananthapuram,Wayanad",8.4882267,76.947551,district,date,2002-07-06,0.0,0.0,0.0,0.0,1.6,25.8417,84.25,0.2086,0,non_flood,generated_negative,ERA5-Land via Open-Meteo Historical API,success,
NEG-00310,1999-07-19,1999,Kerala,Thiruvananthapuram,8.4882267,76.947551,district,date,1999-07-18,0.8,2.6,7.4,17.3,46.2,23.9042,92.375,0.3433,0,non_flood,generated_negative,ERA5-Land via Open-Meteo Historical API,success,
NEG-00311,1984-08-03,1984,Kerala,"Idukki, Kannur, Kasaragod, Kollam, Kozhikode, Malappuram, Palakkad,Wayanad",9.8154785,76.9991599,district,date,1984-08-02,0.2,0.6,0.8,2.3,13.1,20.3833,92.5417,0.5038,0,non_flood,generated_negative,ERA5-Land via Open-Meteo Historical API,success,
NEG-00312,1972-10-04,1972,Kerala,"Alappuzha, Ernakulam,Thrissur",9.5003416,76.4123364,district,date,1972-10-03,0.8,1.7,3.9,8.3,21.2,25.2333,91.3333,0.3605,0,non_flood,generated_negative,ERA5-Land via Open-Meteo Historical API,success,
NEG-00313,2016-09-20,2016,Tamil Nadu,Chennai,13.0836939,80.270186,district,date,2016-09-19,0.0,0.0,0.0,0.0,0.0,29.7292,69.9583,0.218,0,non_flood,generated_negative,ERA5-Land via Open-Meteo Historical API,success,
NEG-00314,1994-10-30,1994,Tamil Nadu,"Thanjavur, Thiruvarur,Viluppuram",10.659037,79.2014278,district,date,1994-10-29,0.0,0.0,0.0,0.4,2.4,25.1792,88.5833,0.405,0,non_flood,generated_negative,ERA5-Land via Open-Meteo Historical API,success,
NEG-00315,1984-11-05,1984,Tamil Nadu,Thiruvarur,10.6878621,79.4979437,district,date,1984-11-04,0.2,0.5,0.9,2.2,3.4,25.8458,82.0,0.2228,0,non_flood,generated_negative,ERA5-Land via Open-Meteo Historical API,success,
NEG-00316,2011-11-09,2011,Tamil Nadu,Chennai,13.0836939,80.270186,district,date,2011-11-08,0.0,0.0,0.0,0.0,0.0,24.6125,73.875,0.3353,0,non_flood,generated_negative,ERA5-Land via Open-Meteo Historical API,success,
NEG-00317,1986-11-23,1986,Tamil Nadu,Nagapattinam,10.6026203,79.7619348,district,date,1986-11-22,0.1,0.3,0.6,0.7,1.0,25.6875,80.2917,0.1565,0,non_flood,generated_negative,ERA5-Land via Open-Meteo Historical API,success,
NEG-00318,1987-05-29,1987,Uttarakhand,Bageshwar,30.0087902,79.9280183,district,date,1987-05-28,0.0,0.0,0.0,0.5,2.3,19.925,49.8333,0.3152,0,non_flood,generated_negative,ERA5-Land via Open-Meteo Historical API,success,
NEG-00319,2006-06-01,2006,Uttarakhand,Almora,29.702651,79.4326318,district,date,2006-05-31,0.0,0.0,0.0,0.6,11.5,23.5042,79.875,0.475,0,non_flood,generated_negative,ERA5-Land via Open-Meteo Historical API,success,
NEG-00320,2017-07-06,2017,Uttarakhand,Chamoli,30.4985956,79.6190537,district,date,2017-07-05,0.5,1.5,1.6,2.0,5.9,20.4375,87.0833,0.4096,0,non_flood,generated_negative,ERA5-Land via Open-Meteo Historical API,success,
NEG-00321,2007-07-28,2007,Uttarakhand,"Tehri Garhwal,Uttar Kashi Kashi",30.4658181,78.4837349,district,date,2007-07-27,0.0,0.0,0.8,4.1,8.5,19.3083,94.125,0.4936,0,non_flood,generated_negative,ERA5-Land via Open-Meteo Historical API,success,
NEG-00322,2020-08-26,2020,Uttarakhand,Udam Singh Nagar,30.0417376,79.089691,district,date,2020-08-25,0.0,0.0,0.0,0.7,7.5,18.9708,92.5833,0.5015,0,non_flood,generated_negative,ERA5-Land via Open-Meteo Historical API,success,
NEG-00323,2003-02-01,2003,Kerala,Thiruvananthapuram,8.4882267,76.947551,district,date,2003-01-31,0.0,0.0,0.0,0.0,0.0,25.6208,69.0833,0.053,0,non_flood,generated_negative,ERA5-Land via Open-Meteo Historical API,success,
NEG-00324,1994-03-15,1994,Kerala,Thiruvananthapuram,8.4882267,76.947551,district,date,1994-03-14,0.0,0.0,0.0,2.1,4.6,26.3958,81.2083,0.0744,0,non_flood,generated_negative,ERA5-Land via Open-Meteo Historical API,success,
NEG-00325,1985-04-04,1985,Kerala,Southern parts,10.3528744,76.5120396,district,date,1985-04-03,0.0,0.0,0.0,3.4,5.5,27.8,77.25,0.442,0,non_flood,generated_negative,ERA5-Land via Open-Meteo Historical API,success,
NEG-00326,2010-04-06,2010,Kerala,"Thiruvananthapuram,Wayanad",8.4882267,76.947551,district,date,2010-04-05,0.0,0.0,0.0,4.1,37.2,26.7,86.75,0.2694,0,non_flood,generated_negative,ERA5-Land via Open-Meteo Historical API,success,
NEG-00327,1976-04-12,1976,Kerala,Thiruvananthapuram,8.4882267,76.947551,district,date,1976-04-11,0.0,0.1,0.2,0.6,3.0,27.1667,79.2917,0.1303,0,non_flood,generated_negative,ERA5-Land via Open-Meteo Historical API,success,
NEG-00328,1979-04-15,1979,Kerala,"Thiruvananthapuram,Wayanad",8.4882267,76.947551,district,date,1979-04-14,0.0,0.0,1.0,4.2,6.8,27.0792,82.8333,0.1474,0,non_flood,generated_negative,ERA5-Land via Open-Meteo Historical API,success,
NEG-00329,2004-05-02,2004,Kerala,Wayanad,11.7151291,76.1271185,district,date,2004-05-01,0.0,0.0,0.0,0.0,0.0,24.5875,84.9167,0.4785,0,non_flood,generated_negative,ERA5-Land via Open-Meteo Historical API,success,
NEG-00330,2017-05-17,2017,Kerala,Thiruvananthapuram,8.4882267,76.947551,district,date,2017-05-16,0.1,0.8,0.9,1.3,2.2,27.9125,84.75,0.1859,0,non_flood,generated_negative,ERA5-Land via Open-Meteo Historical API,success,
NEG-00331,1999-05-29,1999,Kerala,Wayanad,11.7151291,76.1271185,district,date,1999-05-28,0.0,0.0,0.0,0.2,2.4,22.175,90.7917,0.4813,0,non_flood,generated_negative,ERA5-Land via Open-Meteo Historical API,success,
NEG-00332,1979-06-01,1979,Kerala,"Kollam, Thiruvananthapuram,Wayanad",8.8870533,76.5906696,district,date,1979-05-31,0.0,0.1,0.3,0.8,1.2,27.7125,81.0417,0.2255,0,non_flood,generated_negative,ERA5-Land via Open-Meteo Historical API,success,
NEG-00333,1994-06-15,1994,Kerala,"Alappuzha, Ernakulam, Kannur, Kasaragod, Kollam, Kottayam, Palakkad,Thiruvananth",9.5003416,76.4123364,district,date,1994-06-14,0.8,1.5,3.0,6.0,15.1,25.7125,90.6667,0.3536,0,non_flood,generated_negative,ERA5-Land via Open-Meteo Historical API,success,
NEG-00334,2015-07-01,2015,Kerala,Kozhikode,11.2450558,75.7754716,district,date,2015-06-30,0.4,1.1,1.5,2.3,2.3,26.1208,87.5,0.2827,0,non_flood,generated_negative,ERA5-Land via Open-Meteo Historical API,success,
NEG-00335,1983-07-01,1983,Kerala,Kollam,8.8870533,76.5906696,district,date,1983-06-30,0.0,0.0,0.0,0.0,1.4,26.4458,87.0833,0.2934,0,non_flood,generated_negative,ERA5-Land via Open-Meteo Historical API,success,
NEG-00337,1987-07-07,1987,Kerala,"Kozhikode, Malappuram,Wayanad",11.2450558,75.7754716,district,date,1987-07-06,2.0,3.9,6.1,8.5,25.5,25.3417,89.5,0.3274,0,non_flood,generated_negative,ERA5-Land via Open-Meteo Historical API,success,
NEG-00338,2011-07-20,2011,Kerala,Kozhikode,11.2450558,75.7754716,district,date,2011-07-19,0.5,1.9,3.5,15.1,30.8,24.7792,92.5833,0.3473,0,non_flood,generated_negative,ERA5-Land via Open-Meteo Historical API,success,
NEG-00339,1977-07-22,1977,Kerala,"Alappuzha, Ernakulam, Idukki, Kollam, Kottayam, Thiruvananthapuram, Thrissur,Way",9.5003416,76.4123364,district,date,1977-07-21,0.2,1.3,3.3,7.1,16.8,24.6583,93.5833,0.3712,0,non_flood,generated_negative,ERA5-Land via Open-Meteo Historical API,success,
NEG-00340,1993-09-07,1993,Kerala,Thiruvananthapuram,8.4882267,76.947551,district,date,1993-09-06,0.0,0.0,0.0,0.0,0.8,24.4958,87.0417,0.2282,0,non_flood,generated_negative,ERA5-Land via Open-Meteo Historical API,success,
NEG-00341,2011-10-02,2011,Kerala,Wayanad,11.7151291,76.1271185,district,date,2011-10-01,0.0,0.0,0.0,0.0,1.8,22.6083,88.5,0.4152,0,non_flood,generated_negative,ERA5-Land via Open-Meteo Historical API,success,
NEG-00342,2007-10-07,2007,Kerala,Wayanad,11.7151291,76.1271185,district,date,2007-10-06,0.0,0.0,0.0,0.0,2.5,21.0292,89.5833,0.4603,0,non_flood,generated_negative,ERA5-Land via Open-Meteo Historical API,success,
NEG-00343,1990-10-08,1990,Kerala,"Kollam, Thiruvananthapuram,Wayanad",8.8870533,76.5906696,district,date,1990-10-07,0.0,0.2,0.7,1.6,3.5,26.1917,84.9583,0.2343,0,non_flood,generated_negative,ERA5-Land via Open-Meteo Historical API,success,
NEG-00344,2015-10-22,2015,Kerala,"Kannur,Wayanad",11.8763836,75.3737973,district,date,2015-10-21,0.1,0.3,2.8,3.1,3.6,26.9542,87.6667,0.2466,0,non_flood,generated_negative,ERA5-Land via Open-Meteo Historical API,success,
NEG-00345,1978-11-08,1978,Kerala,Ernakulam ant Thiruvananthapuram,10.3528744,76.5120396,district,date,1978-11-07,0.0,0.0,0.0,0.4,4.3,24.7875,89.4167,0.4875,0,non_flood,generated_negative,ERA5-Land via Open-Meteo Historical API,success,
NEG-00346,2013-12-08,2013,Kerala,Thiruvananthapuram,8.4882267,76.947551,district,date,2013-12-07,0.0,0.0,0.0,0.0,0.4,25.8042,81.3333,0.2279,0,non_flood,generated_negative,ERA5-Land via Open-Meteo Historical API,success,
NEG-00347,1970-04-07,1970,Tamil Nadu,"Kanniyakumariumari, Namakkal, The Nilgiris,Tiruchirappalli",11.3323723,78.6098639,district,date,1970-04-06,0.0,0.1,0.1,1.4,1.4,24.1708,75.4167,0.2904,0,non_flood,generated_negative,ERA5-Land via Open-Meteo Historical API,success,
NEG-00348,1999-10-13,1999,Tamil Nadu,Chennai,13.0836939,80.270186,district,date,1999-10-12,0.0,0.0,0.0,0.0,0.0,27.5375,80.0417,0.3145,0,non_flood,generated_negative,ERA5-Land via Open-Meteo Historical API,success,
NEG-00349,1993-10-15,1993,Tamil Nadu,"Thiruvallur, Chennai, Krishnagiri, Tiruvannamalai, Dharmapuri, Salem, Erode, The",13.2537619,80.0562572,district,date,1993-10-14,1.2,1.6,2.3,2.7,6.5,25.9875,87.125,0.3998,0,non_flood,generated_negative,ERA5-Land via Open-Meteo Historical API,success,
NEG-00350,1997-11-09,1997,Tamil Nadu,"Chennai, Cuddalore, Kancheepuram, Nagapattinam, Pudukkottai, Tiruchirappalli, Th",13.0836939,80.270186,district,date,1997-11-08,0.2,0.5,0.8,3.5,15.3,25.0292,91.6667,0.4081,0,non_flood,generated_negative,ERA5-Land via Open-Meteo Historical API,success,
NEG-00351,2003-11-22,2003,Tamil Nadu,Nagapattinam,10.6026203,79.7619348,district,date,2003-11-21,3.5,9.7,17.1,69.5,123.6,24.8292,88.9583,0.3657,0,non_flood,generated_negative,ERA5-Land via Open-Meteo Historical API,success,
NEG-00352,1993-11-24,1993,Tamil Nadu,"Thiruvallur, Chennai, Krishnagiri, Tiruvannamalai, Dharmapuri, Salem, Erode, The",13.2537619,80.0562572,district,date,1993-11-23,0.0,0.0,0.5,1.6,2.5,25.9333,76.6667,0.318,0,non_flood,generated_negative,ERA5-Land via Open-Meteo Historical API,success,
NEG-00353,1987-12-03,1987,Tamil Nadu,"Chennai, Kancheepuram,Thiruvallur",13.0836939,80.270186,district,date,1987-12-02,1.0,2.8,3.2,3.2,3.2,25.7833,72.8333,0.2543,0,non_flood,generated_negative,ERA5-Land via Open-Meteo Historical API,success,
NEG-00354,1968-12-06,1968,Tamil Nadu,Thiruvallur,13.2537619,80.0562572,district,date,1968-12-05,0.2,0.2,0.6,2.7,4.3,24.4375,88.9167,0.3423,0,non_flood,generated_negative,ERA5-Land via Open-Meteo Historical API,success,
NEG-00355,2004-12-08,2004,Tamil Nadu,"Cuddalore, Nagapattinam, Tiruchirappalli,Thiruvarur",11.5202071,79.3396356,district,date,2004-12-07,0.0,0.0,0.0,0.0,0.0,24.0917,70.7083,0.267,0,non_flood,generated_negative,ERA5-Land via Open-Meteo Historical API,success,
NEG-00356,2007-12-11,2007,Tamil Nadu,"Ramanathapuram, Thanjavur,Thiruvarur",9.5205576,78.5184635,district,date,2007-12-10,0.0,0.0,0.0,0.0,0.0,25.8208,74.5833,0.2332,0,non_flood,generated_negative,ERA5-Land via Open-Meteo Historical API,success,
NEG-00357,1974-06-30,1974,Uttarakhand,Chamoli,30.4985956,79.6190537,district,date,1974-06-29,0.1,1.9,3.6,4.3,5.6,18.7292,85.6667,0.3788,0,non_flood,generated_negative,ERA5-Land via Open-Meteo Historical API,success,
NEG-00358,2017-07-06,2017,Uttarakhand,Banda,30.4746788,78.3126068,district,date,2017-07-05,0.0,2.6,3.0,4.2,5.5,22.0,82.2083,0.4932,0,non_flood,generated_negative,ERA5-Land via Open-Meteo Historical API,success,
NEG-00359,2010-07-14,2010,Uttarakhand,"Uttar Kashi Kashi, Chamoli, Dehradun, Tehri Garhwal, Rudra Prayag, Pithoragarh, ",30.0417376,79.089691,district,date,2010-07-13,0.0,0.0,0.4,0.5,8.1,19.2,84.6667,0.4587,0,non_flood,generated_negative,ERA5-Land via Open-Meteo Historical API,success,
NEG-00360,1992-07-21,1992,Uttarakhand,"Uttar Kashi Kashi, Chamoli, Dehradun, Tehri Garhwal, Rudra Prayag, Pithoragarh, ",30.0417376,79.089691,district,date,1992-07-20,0.0,0.0,2.9,6.1,14.5,18.6125,88.125,0.4843,0,non_flood,generated_negative,ERA5-Land via Open-Meteo Historical API,success,
NEG-00361,2016-07-22,2016,Uttarakhand,Tehri Garhwal,30.4658181,78.4837349,district,date,2016-07-21,1.0,4.6,7.0,7.6,12.0,20.2917,93.9167,0.4895,0,non_flood,generated_negative,ERA5-Land via Open-Meteo Historical API,success,
NEG-00362,2016-08-03,2016,Uttarakhand,Tehri Garhwal,30.4658181,78.4837349,district,date,2016-08-02,0.2,0.3,0.5,0.5,2.0,19.7333,82.8333,0.4928,0,non_flood,generated_negative,ERA5-Land via Open-Meteo Historical API,success,
NEG-00363,1975-08-05,1975,Uttarakhand,Pithoragarh,29.585871,80.215167,district,date,1975-08-04,2.0,4.7,7.4,7.7,13.7,19.2458,86.5417,0.4952,0,non_flood,generated_negative,ERA5-Land via Open-Meteo Historical API,success,
NEG-00364,2006-09-05,2006,Uttarakhand,Bageshwar,30.0087902,79.9280183,district,date,2006-09-04,0.0,0.0,0.0,0.0,0.0,19.6333,73.3333,0.4592,0,non_flood,generated_negative,ERA5-Land via Open-Meteo Historical API,success,
NEG-00365,1997-09-25,1997,Uttarakhand,"Dehradun, Haridwar, Moradabad,Muzaffarnagar,Dehradun, Haridwar,Nainital",30.3255646,78.0436813,district,date,1997-09-24,0.0,0.0,0.0,0.0,0.0,22.7708,79.75,0.3391,0,non_flood,generated_negative,ERA5-Land via Open-Meteo Historical API,success,
NEG-00366,1998-03-05,1998,Kerala,Wayanad,11.7151291,76.1271185,district,date,1998-03-04,0.0,0.0,0.0,0.0,0.0,25.6,62.5417,0.2942,0,non_flood,generated_negative,ERA5-Land via Open-Meteo Historical API,success,
NEG-00367,2008-05-23,2008,Kerala,Kozhikode,11.2450558,75.7754716,district,date,2008-05-22,0.2,0.5,2.1,5.2,10.9,25.775,88.9583,0.3123,0,non_flood,generated_negative,ERA5-Land via Open-Meteo Historical API,success,
NEG-00368,1987-05-27,1987,Kerala,"Alappuzha, Kannur, Kasaragod, Kollam, Kottayam, Kozhikode, Malappuram, Thiruvana",9.5003416,76.4123364,district,date,1987-05-26,0.0,1.7,1.7,2.3,8.5,28.05,84.75,0.2847,0,non_flood,generated_negative,ERA5-Land via Open-Meteo Historical API,success,
NEG-00369,1979-06-01,1979,Kerala,"Alappuzha, Ernakulam, Kannur, Kollam, Kozhikode, Palakkad, Thrissur,Wayanad",9.5003416,76.4123364,district,date,1979-05-31,0.0,0.4,0.4,0.4,1.2,27.4375,84.1667,0.2592,0,non_flood,generated_negative,ERA5-Land via Open-Meteo Historical API,success,
NEG-00370,1997-06-23,1997,Kerala,"Alappuzha, Kozhikode, Malappuram,Thiruvananthapuram",9.5003416,76.4123364,district,date,1997-06-22,0.1,0.1,0.3,6.9,8.1,26.8875,87.625,0.3178,0,non_flood,generated_negative,ERA5-Land via Open-Meteo Historical API,success,
NEG-00371,2014-06-29,2014,Kerala,Malappuram,11.1065685,76.1101742,district,date,2014-06-28,0.4,0.7,2.2,4.2,6.6,26.2042,88.125,0.4647,0,non_flood,generated_negative,ERA5-Land via Open-Meteo Historical API,success,
NEG-00372,2021-07-01,2021,Kerala,"Kannur,Wayanad",11.8763836,75.3737973,district,date,2021-06-30,0.7,0.7,0.7,0.7,1.3,27.4333,86.25,0.2365,0,non_flood,generated_negative,ERA5-Land via Open-Meteo Historical API,success,
NEG-00373,1971-07-04,1971,Kerala,"Malikkeri,Wayanad",10.3528744,76.5120396,district,date,1971-07-03,0.1,0.2,0.5,3.7,17.7,23.2542,95.75,0.4799,0,non_flood,generated_negative,ERA5-Land via Open-Meteo Historical API,success,
NEG-00374,1985-07-05,1985,Kerala,Wayanad,11.7151291,76.1271185,district,date,1985-07-04,0.0,0.0,0.1,0.2,2.6,20.8792,93.3333,0.4975,0,non_flood,generated_negative,ERA5-Land via Open-Meteo Historical API,success,
NEG-00375,1975-08-13,1975,Kerala,Wayanad,11.7151291,76.1271185,district,date,1975-08-12,0.6,1.6,2.7,6.5,18.4,20.5208,98.0833,0.4808,0,non_flood,generated_negative,ERA5-Land via Open-Meteo Historical API,success,
NEG-00376,1991-09-22,1991,Kerala,Thiruvananthapuram,8.4882267,76.947551,district,date,1991-09-21,0.0,0.2,0.4,0.4,0.7,25.8,82.3333,0.1097,0,non_flood,generated_negative,ERA5-Land via Open-Meteo Historical API,success,
NEG-00377,1993-09-25,1993,Kerala,"Kollam, Kottayam, Palakkad, Pathanamthitta,Thiruvananthapuram",8.8870533,76.5906696,district,date,1993-09-24,0.0,0.0,0.0,0.0,1.5,25.925,85.7083,0.2481,0,non_flood,generated_negative,ERA5-Land via Open-Meteo Historical API,success,
NEG-00378,1986-10-18,1986,Kerala,Thiruvananthapuram,8.4882267,76.947551,district,date,1986-10-17,0.3,0.4,0.4,1.2,3.6,25.5292,87.3333,0.2558,0,non_flood,generated_negative,ERA5-Land via Open-Meteo Historical API,success,
NEG-00379,2005-10-28,2005,Kerala,Thiruvananthapuram,8.4882267,76.947551,district,date,2005-10-27,0.1,0.5,0.5,0.5,0.7,25.8875,80.4583,0.2505,0,non_flood,generated_negative,ERA5-Land via Open-Meteo Historical API,success,
NEG-00380,1978-11-04,1978,Kerala,Wayanad,11.7151291,76.1271185,district,date,1978-11-03,0.0,0.0,0.0,0.0,0.6,22.025,87.25,0.4817,0,non_flood,generated_negative,ERA5-Land via Open-Meteo Historical API,success,
NEG-00381,1976-11-08,1976,Kerala,Thiruvananthapuram,8.4882267,76.947551,district,date,1976-11-07,1.6,6.5,10.4,17.2,41.8,24.4917,88.875,0.3234,0,non_flood,generated_negative,ERA5-Land via Open-Meteo Historical API,success,
NEG-00382,1987-11-21,1987,Kerala,Thiruvananthapuram,8.4882267,76.947551,district,date,1987-11-20,0.0,0.0,0.0,0.0,53.8,24.575,88.125,0.3388,0,non_flood,generated_negative,ERA5-Land via Open-Meteo Historical API,success,
NEG-00383,1976-11-25,1976,Kerala,Kottayam,9.6287383,76.6455326,district,date,1976-11-24,0.1,0.6,0.9,1.4,2.7,24.4583,90.7083,0.463,0,non_flood,generated_negative,ERA5-Land via Open-Meteo Historical API,success,
NEG-00384,1979-05-13,1979,Tamil Nadu,Salem,11.6469616,78.2106958,district,date,1979-05-12,0.0,0.0,0.0,0.0,0.0,28.7583,66.3333,0.1253,0,non_flood,generated_negative,ERA5-Land via Open-Meteo Historical API,success,
NEG-00385,1995-10-22,1995,Tamil Nadu,"Chennai, Madurai, Nagapattinam,Tirunelveli, Tiruvannamalai, Thoothukkudi,Viluppu",13.0836939,80.270186,district,date,1995-10-21,0.0,0.2,0.9,0.9,2.2,26.9792,84.4167,0.3878,0,non_flood,generated_negative,ERA5-Land via Open-Meteo Historical API,success,
NEG-00386,2000-11-09,2000,Tamil Nadu,The Nilgiris,11.4,76.7,district,date,2000-11-08,0.0,0.0,0.0,0.0,0.0,15.0667,74.0,0.3317,0,non_flood,generated_negative,ERA5-Land via Open-Meteo Historical API,success,
NEG-00387,1983-11-18,1983,Tamil Nadu,Nagapattinam,10.6026203,79.7619348,district,date,1983-11-17,1.0,2.8,5.4,6.4,6.6,26.475,79.3333,0.1597,0,non_flood,generated_negative,ERA5-Land via Open-Meteo Historical API,success,
NEG-00388,1976-06-07,1976,Uttarakhand,Lucknow,30.0417376,79.089691,district,date,1976-06-06,0.0,2.8,3.4,5.8,24.1,17.5375,86.8333,0.4747,0,non_flood,generated_negative,ERA5-Land via Open-Meteo Historical API,success,
NEG-00389,1997-02-26,1997,Kerala,Kollam,8.8870533,76.5906696,district,date,1997-02-25,0.0,0.0,0.0,0.0,0.0,27.7333,63.1667,0.0726,0,non_flood,generated_negative,ERA5-Land via Open-Meteo Historical API,success,
NEG-00390,1974-04-21,1974,Kerala,Wayanad,11.7151291,76.1271185,district,date,1974-04-20,0.0,0.0,0.0,0.0,1.3,25.0375,82.125,0.3957,0,non_flood,generated_negative,ERA5-Land via Open-Meteo Historical API,success,
NEG-00391,1985-06-07,1985,Kerala,Wayanad,11.7151291,76.1271185,district,date,1985-06-06,0.4,0.7,1.6,2.9,3.2,21.325,94.625,0.4971,0,non_flood,generated_negative,ERA5-Land via Open-Meteo Historical API,success,
NEG-00392,1975-06-10,1975,Kerala,Wayanad,11.7151291,76.1271185,district,date,1975-06-09,0.0,0.0,0.0,0.0,1.0,23.0,86.1667,0.4792,0,non_flood,generated_negative,ERA5-Land via Open-Meteo Historical API,success,
NEG-00393,1977-06-14,1977,Kerala,Kasaragod,12.4221964,75.1904446,district,date,1977-06-13,0.3,1.2,1.2,3.3,7.4,25.4125,88.5833,0.4868,0,non_flood,generated_negative,ERA5-Land via Open-Meteo Historical API,success,
NEG-00394,2020-06-22,2020,Kerala,"Alappuzha, Ernakulam,  Idukki, Kannur, Kasaragod, Kottayam, Kozhikode, Malappura",9.5003416,76.4123364,district,date,2020-06-21,0.9,4.2,5.2,12.8,39.5,25.6625,94.25,0.348,0,non_flood,generated_negative,ERA5-Land via Open-Meteo Historical API,success,
NEG-00395,2011-06-28,2011,Kerala,Wayanad,11.7151291,76.1271185,district,date,2011-06-27,1.2,3.8,8.7,12.5,18.6,21.0958,96.25,0.4871,0,non_flood,generated_negative,ERA5-Land via Open-Meteo Historical API,success,
NEG-00396,1996-07-01,1996,Kerala,Idukki,9.8154785,76.9991599,district,date,1996-06-30,0.0,0.0,0.0,0.3,0.5,22.2,85.5833,0.4598,0,non_flood,generated_negative,ERA5-Land via Open-Meteo Historical API,success,
NEG-00397,2002-07-02,2002,Kerala,"Ernakulam, Idukki, Kollam, Wayanad",9.9837257,76.2740001,district,date,2002-07-01,0.0,0.6,1.3,3.9,13.7,25.5667,90.25,0.4241,0,non_flood,generated_negative,ERA5-Land via Open-Meteo Historical API,success,
NEG-00398,2010-07-04,2010,Kerala,Wayanad,11.7151291,76.1271185,district,date,2010-07-03,0.8,3.0,5.7,10.7,30.0,20.8875,99.2917,0.4696,0,non_flood,generated_negative,ERA5-Land via Open-Meteo Historical API,success,
NEG-00399,1979-07-14,1979,Kerala,"Alappuzha, Idukki, Kannur, Kottayam, Kozhikode, Malappuram, Pathanamthitta, Thir",9.5003416,76.4123364,district,date,1979-07-13,0.4,0.7,1.7,5.1,21.3,24.875,93.2083,0.3713,0,non_flood,generated_negative,ERA5-Land via Open-Meteo Historical API,success,
NEG-00400,2015-07-26,2015,Kerala,Wayanad,11.7151291,76.1271185,district,date,2015-07-25,0.4,1.3,1.5,3.9,10.5,20.8833,97.3333,0.4812,0,non_flood,generated_negative,ERA5-Land via Open-Meteo Historical API,success,
NEG-00401,2023-09-09,2023,Kerala,Thiruvananthapuram,8.4882267,76.947551,district,date,2023-09-08,1.5,8.4,10.4,12.1,19.0,25.2375,90.5417,0.3142,0,non_flood,generated_negative,ERA5-Land via Open-Meteo Historical API,success,
NEG-00402,2023-10-21,2023,Kerala,Thiruvananthapuram,8.4882267,76.947551,district,date,2023-10-20,0.0,0.0,0.3,0.4,0.5,25.875,84.75,0.2687,0,non_flood,generated_negative,ERA5-Land via Open-Meteo Historical API,success,
NEG-00403,2023-11-03,2023,Kerala,"Alappuzha, Malappuram, Pathanamthitta, Thiruvananthapuram,Wayanad",9.5003416,76.4123364,district,date,2023-11-02,0.0,0.1,0.1,4.0,7.2,26.0,92.625,0.2787,0,non_flood,generated_negative,ERA5-Land via Open-Meteo Historical API,success,
NEG-00404,1979-10-24,1979,Tamil Nadu,"Cuddalore,Nagapattinam",11.5202071,79.3396356,district,date,1979-10-23,0.0,0.0,0.0,0.1,1.5,25.5208,82.5,0.2621,0,non_flood,generated_negative,ERA5-Land via Open-Meteo Historical API,success,
NEG-00405,2015-10-29,2015,Tamil Nadu,"Chennai, Kancheepuram, Tiruvannamalai,Viluppuram",13.0836939,80.270186,district,date,2015-10-28,0.2,0.4,1.0,1.2,5.0,26.5458,84.4167,0.3173,0,non_flood,generated_negative,ERA5-Land via Open-Meteo Historical API,success,
NEG-00406,2022-11-06,2022,Tamil Nadu,Kanniyakumariumari,11.3323723,78.6098639,district,date,2022-11-05,0.0,0.0,0.0,0.7,6.8,21.0333,89.75,0.3984,0,non_flood,generated_negative,ERA5-Land via Open-Meteo Historical API,success,
NEG-00407,1985-12-19,1985,Tamil Nadu,Chennai,13.0836939,80.270186,district,date,1985-12-18,0.0,0.0,0.0,0.0,0.6,24.6167,83.25,0.3596,0,non_flood,generated_negative,ERA5-Land via Open-Meteo Historical API,success,
NEG-00408,2002-03-13,2002,Kerala,"Alappuzha, Ernakulam Kannur, Kasaragod,Kollam, Kottayam, Kozhikode, Malappuram, ",9.5003416,76.4123364,district,date,2002-03-12,0.0,0.0,0.0,0.0,0.0,29.0583,71.8333,0.0771,0,non_flood,generated_negative,ERA5-Land via Open-Meteo Historical API,success,
NEG-00409,1989-04-08,1989,Kerala,Thiruvananthapuram,8.4882267,76.947551,district,date,1989-04-07,0.0,0.0,0.0,2.0,9.3,26.9083,84.8333,0.2066,0,non_flood,generated_negative,ERA5-Land via Open-Meteo Historical API,success,
NEG-00410,2009-04-23,2009,Kerala,Wayanad,11.7151291,76.1271185,district,date,2009-04-22,0.0,0.0,0.0,0.8,5.6,23.0,93.5417,0.4709,0,non_flood,generated_negative,ERA5-Land via Open-Meteo Historical API,success,
NEG-00411,1991-07-11,1991,Kerala,Thiruvananthapuram,8.4882267,76.947551,district,date,1991-07-10,0.6,1.9,3.4,6.2,10.0,24.7125,90.5833,0.3182,0,non_flood,generated_negative,ERA5-Land via Open-Meteo Historical API,success,
NEG-00412,1998-07-28,1998,Kerala,"Alappuzha, Idukki, Kollam, Kottayam, Palakkad, Pathanamthitta, Thiruvananthapura",9.5003416,76.4123364,district,date,1998-07-27,0.8,3.0,4.1,7.0,12.3,24.9375,92.0,0.3531,0,non_flood,generated_negative,ERA5-Land via Open-Meteo Historical API,success,
NEG-00413,1986-08-10,1986,Kerala,"Palakkad,Wayanad",10.7873692,76.4742172,district,date,1986-08-09,1.7,5.8,10.0,17.6,37.5,22.8583,96.875,0.4789,0,non_flood,generated_negative,ERA5-Land via Open-Meteo Historical API,success,
NEG-00414,2011-08-31,2011,Kerala,Thiruvananthapuram,8.4882267,76.947551,district,date,2011-08-30,0.3,0.6,1.2,2.1,7.6,24.6542,90.25,0.2853,0,non_flood,generated_negative,ERA5-Land via Open-Meteo Historical API,success,
NEG-00415,1982-09-01,1982,Kerala,"Malappuram, Pathanamthitta, Thiruvananthapuram",11.1065685,76.1101742,district,date,1982-08-31,0.0,0.0,0.0,0.2,0.5,24.9375,85.25,0.4361,0,non_flood,generated_negative,ERA5-Land via Open-Meteo Historical API,success,
NEG-00416,1975-09-07,1975,Kerala,"Idukki, Kasaragod,Kottayam",9.8154785,76.9991599,district,date,1975-09-06,0.0,0.0,0.0,0.0,0.2,21.2833,87.0,0.4734,0,non_flood,generated_negative,ERA5-Land via Open-Meteo Historical API,success,
NEG-00417,1975-10-19,1975,Kerala,"Alappuzha, Kottayam, Kozhikode, Malappuram, Palakkad, Thiruvananthapuram, Thriss",9.5003416,76.4123364,district,date,1975-10-18,0.3,1.1,1.8,2.3,7.8,24.8417,90.7917,0.3347,0,non_flood,generated_negative,ERA5-Land via Open-Meteo Historical API,success,
NEG-00418,2022-03-13,2022,Tamil Nadu,Cuddalore,11.5202071,79.3396356,district,date,2022-03-12,0.0,0.0,0.0,0.0,0.0,26.2458,72.4167,0.1967,0,non_flood,generated_negative,ERA5-Land via Open-Meteo Historical API,success,
NEG-00419,2015-05-25,2015,Tamil Nadu,Coimbatore,11.0018115,76.9628425,district,date,2015-05-24,0.0,0.0,0.0,0.0,0.0,26.8417,79.1667,0.2875,0,non_flood,generated_negative,ERA5-Land via Open-Meteo Historical API,success,
NEG-00420,1991-11-26,1991,Tamil Nadu,"Ariyalur, Chennai, Cuddalore, Dindigul, Nagapattinam,Thanjavur, Thiruvarur, Thoo",11.1530559,79.2585797,district,date,1991-11-25,0.1,0.2,0.2,0.2,1.8,24.1958,84.7917,0.4804,0,non_flood,generated_negative,ERA5-Land via Open-Meteo Historical API,success,
NEG-00421,2009-07-17,2009,Uttarakhand,Champawat,29.235032,80.1023068,district,date,2009-07-16,1.0,1.7,4.6,17.4,26.6,24.1375,87.0,0.4787,0,non_flood,generated_negative,ERA5-Land via Open-Meteo Historical API,success,
NEG-00422,1972-05-26,1972,Kerala,"Alappuzha, Kollam, Kottayam,Thiruvananthapuram",9.5003416,76.4123364,district,date,1972-05-25,0.0,0.0,0.1,8.9,14.7,26.3125,90.4583,0.3501,0,non_flood,generated_negative,ERA5-Land via Open-Meteo Historical API,success,
NEG-00423,2004-07-05,2004,Kerala,"Kozhikode, Thrissur,Wayanad",11.2450558,75.7754716,district,date,2004-07-04,0.2,0.8,1.9,2.9,7.9,25.0042,89.0,0.3002,0,non_flood,generated_negative,ERA5-Land via Open-Meteo Historical API,success,
NEG-00424,1986-07-11,1986,Kerala,Wayanad,11.7151291,76.1271185,district,date,1986-07-10,0.0,0.0,0.0,0.0,0.9,22.1292,86.625,0.4847,0,non_flood,generated_negative,ERA5-Land via Open-Meteo Historical API,success,
NEG-00425,1974-07-15,1974,Kerala,"Alappuzha, Ernakulam, Idukki, Kannur, Kasaragod, Kollam, Kozhikode, Pathanamthit",9.5003416,76.4123364,district,date,1974-07-14,0.9,1.8,2.6,8.5,14.7,24.9625,91.75,0.3712,0,non_flood,generated_negative,ERA5-Land via Open-Meteo Historical API,success,
NEG-00426,2015-07-20,2015,Kerala,Wayanad,11.7151291,76.1271185,district,date,2015-07-19,0.4,1.1,1.1,8.0,34.7,20.4208,99.375,0.4837,0,non_flood,generated_negative,ERA5-Land via Open-Meteo Historical API,success,
NEG-00427,1979-09-18,1979,Kerala,Kottayam,9.6287383,76.6455326,district,date,1979-09-17,0.0,0.4,1.1,4.8,13.6,24.125,95.9583,0.4728,0,non_flood,generated_negative,ERA5-Land via Open-Meteo Historical API,success,
NEG-00428,1987-10-03,1987,Kerala,"Alappuzha, Ernakulam, Kollam, Kozhikode, Malappuram, Pathanamthitta, Thrissur,Th",9.5003416,76.4123364,district,date,1987-10-02,0.0,0.0,0.3,0.4,15.4,25.7958,89.7083,0.3431,0,non_flood,generated_negative,ERA5-Land via Open-Meteo Historical API,success,
NEG-00429,2019-11-07,2019,Kerala,"Idukki, Palakkad,Thiruvananthapuram",9.8154785,76.9991599,district,date,2019-11-06,0.0,0.0,0.0,0.8,6.3,22.5583,90.2917,0.478,0,non_flood,generated_negative,ERA5-Land via Open-Meteo Historical API,success,
NEG-00430,1991-12-27,1991,Kerala,Wayanad,11.7151291,76.1271185,district,date,1991-12-26,0.0,0.0,0.0,0.0,0.0,20.7167,71.5833,0.3196,0,non_flood,generated_negative,ERA5-Land via Open-Meteo Historical API,success,
NEG-00431,1976-09-16,1976,Tamil Nadu,Vellore,12.9021849,79.061104,district,date,1976-09-15,0.0,0.0,0.0,0.0,0.0,29.0208,56.875,0.2157,0,non_flood,generated_negative,ERA5-Land via Open-Meteo Historical API,success,
NEG-00432,2007-09-25,2007,Tamil Nadu,Tiruvannamalai,12.4289282,78.99915,district,date,2007-09-24,0.0,0.0,0.0,0.0,0.0,27.0917,68.7083,0.2598,0,non_flood,generated_negative,ERA5-Land via Open-Meteo Historical API,success,
NEG-00433,2019-11-06,2019,Tamil Nadu,"The Nilgiris,Kanniyakumariumari,Thiruvallur, Thiruvarur,Tirunelveli",11.4,76.7,district,date,2019-11-05,0.0,0.0,0.0,0.3,0.3,14.9625,80.25,0.3914,0,non_flood,generated_negative,ERA5-Land via Open-Meteo Historical API,success,
NEG-00434,1984-11-16,1984,Tamil Nadu,"Dharmapuri, Kanniyakumariumari, The Nilgiris,Thiruvallur",12.1456131,78.1132217,district,date,1984-11-15,0.1,0.4,0.4,0.4,1.1,23.1958,79.9583,0.3234,0,non_flood,generated_negative,ERA5-Land via Open-Meteo Historical API,success,
NEG-00435,2007-07-28,2007,Uttarakhand,Garhwal,30.25,79.333333,district,date,2007-07-27,0.4,1.2,3.9,5.6,10.3,16.2708,91.5833,0.4996,0,non_flood,generated_negative,ERA5-Land via Open-Meteo Historical API,success,
NEG-00436,1995-08-08,1995,Uttarakhand,Pithoragarh,29.585871,80.215167,district,date,1995-08-07,1.3,4.2,7.8,11.6,20.4,20.3625,94.625,0.4851,0,non_flood,generated_negative,ERA5-Land via Open-Meteo Historical API,success,
NEG-00437,1975-05-03,1975,Kerala,Wayanad,11.7151291,76.1271185,district,date,1975-05-02,0.0,0.0,0.0,0.3,1.2,22.475,87.5833,0.3963,0,non_flood,generated_negative,ERA5-Land via Open-Meteo Historical API,success,
NEG-00438,1977-05-29,1977,Kerala,Kozhikode,11.2450558,75.7754716,district,date,1977-05-28,0.0,0.1,0.2,2.0,4.6,26.6708,85.5833,0.2342,0,non_flood,generated_negative,ERA5-Land via Open-Meteo Historical API,success,
NEG-00439,2013-06-08,2013,Kerala,Idukki,9.8154785,76.9991599,district,date,2013-06-07,0.9,4.6,13.6,22.8,47.0,20.5333,99.6667,0.4792,0,non_flood,generated_negative,ERA5-Land via Open-Meteo Historical API,success,
NEG-00440,2009-06-11,2009,Kerala,"Alappuzha, Ernakulam, Idukki, Kasaragod, Kochi,Kottayam, Kozhikode, Malappuram, ",9.5003416,76.4123364,district,date,2009-06-10,0.3,1.1,1.9,3.4,5.1,26.9625,88.3333,0.3167,0,non_flood,generated_negative,ERA5-Land via Open-Meteo Historical API,success,
NEG-00441,1998-07-19,1998,Kerala,Thiruvananthapuram,8.4882267,76.947551,district,date,1998-07-18,0.7,1.7,3.7,7.2,12.8,24.8792,90.0,0.2748,0,non_flood,generated_negative,ERA5-Land via Open-Meteo Historical API,success,
NEG-00442,2016-09-17,2016,Kerala,"Alappuzha, Ernakulam,Kozhikode",9.5003416,76.4123364,district,date,2016-09-16,0.0,0.0,0.0,0.7,1.7,25.7292,89.2083,0.314,0,non_flood,generated_negative,ERA5-Land via Open-Meteo Historical API,success,
NEG-00443,1985-09-24,1985,Kerala,Kottayam,9.6287383,76.6455326,district,date,1985-09-23,0.0,0.0,0.0,0.0,0.0,25.4083,83.75,0.4247,0,non_flood,generated_negative,ERA5-Land via Open-Meteo Historical API,success,
NEG-00444,1989-10-03,1989,Kerala,"Alappuzha, Kollam Kozhikode, Malappuram,Thrissur, Thiruvananthapuram,Wayanad",9.5003416,76.4123364,district,date,1989-10-02,0.0,0.0,0.0,0.0,0.2,26.1625,86.25,0.2681,0,non_flood,generated_negative,ERA5-Land via Open-Meteo Historical API,success,
NEG-00445,2007-10-18,2007,Kerala,"Alappuzha, Kottayam, Pathanamthitta,Thiruvananthapuram,Thrissur",9.5003416,76.4123364,district,date,2007-10-17,1.0,3.4,4.0,6.6,16.8,25.6,91.4583,0.3445,0,non_flood,generated_negative,ERA5-Land via Open-Meteo Historical API,success,
NEG-00446,2000-10-22,2000,Kerala,"Kannur, Kasaragod, Kozhikode, Malappuram,Wayanad",11.8763836,75.3737973,district,date,2000-10-21,0.0,0.0,0.0,0.5,1.7,25.7458,86.0,0.2601,0,non_flood,generated_negative,ERA5-Land via Open-Meteo Historical API,success,
NEG-00447,2002-10-27,2002,Kerala,"Idukki,Thiruvananthapuram",9.8154785,76.9991599,district,date,2002-10-26,0.0,0.0,0.0,0.2,12.7,21.3625,93.3333,0.4674,0,non_flood,generated_negative,ERA5-Land via Open-Meteo Historical API,success,
NEG-00448,1971-11-08,1971,Kerala,Thiruvananthapuram,8.4882267,76.947551,district,date,1971-11-07,0.0,0.0,0.0,0.0,2.1,24.7417,84.1667,0.2571,0,non_flood,generated_negative,ERA5-Land via Open-Meteo Historical API,success,
NEG-00449,2002-11-16,2002,Kerala,Thiruvananthapuram,8.4882267,76.947551,district,date,2002-11-15,0.0,0.0,0.0,0.0,0.4,26.0875,84.8333,0.2643,0,non_flood,generated_negative,ERA5-Land via Open-Meteo Historical API,success,
NEG-00450,1994-11-20,1994,Kerala,"Kozhikode, Palakkad, Pathanamthitta, Thiruvananthapuram,Wayanad",11.2450558,75.7754716,district,date,1994-11-19,0.0,0.2,0.2,0.2,0.3,26.2958,80.3333,0.2042,0,non_flood,generated_negative,ERA5-Land via Open-Meteo Historical API,success,
NEG-00451,1993-11-27,1993,Kerala,"Pathanamthitta,Thiruvananthapuram",9.2780841,76.9737443,district,date,1993-11-26,0.0,0.0,0.0,0.5,4.5,22.8542,86.3333,0.4872,0,non_flood,generated_negative,ERA5-Land via Open-Meteo Historical API,success,
NEG-00452,2001-12-08,2001,Kerala,Thiruvananthapuram,8.4882267,76.947551,district,date,2001-12-07,0.0,0.0,0.0,0.0,0.0,25.3417,75.7917,0.1823,0,non_flood,generated_negative,ERA5-Land via Open-Meteo Historical API,success,
NEG-00453,2023-05-01,2023,Tamil Nadu,"Kanniyakumariumari, Salem,  Tiruchirappalli,Thoothukkudi",11.3323723,78.6098639,district,date,2023-04-30,0.1,0.2,0.2,0.2,3.7,23.7708,82.8333,0.3227,0,non_flood,generated_negative,ERA5-Land via Open-Meteo Historical API,success,
NEG-00454,2023-05-18,2023,Tamil Nadu,"Karur, Tiruchirappalli",10.8217671,78.3828654,district,date,2023-05-17,0.0,0.0,0.0,0.0,0.0,32.5833,52.1667,0.1618,0,non_flood,generated_negative,ERA5-Land via Open-Meteo Historical API,success,
NEG-00455,1984-07-09,1984,Tamil Nadu,Kancheepuram,12.8796052,79.7042762,district,date,1984-07-08,0.0,0.0,0.0,1.2,1.2,30.7583,56.7917,0.1613,0,non_flood,generated_negative,ERA5-Land via Open-Meteo Historical API,success,
NEG-00456,2011-08-08,2011,Tamil Nadu,"Cuddalore,Kancheepuram",11.5202071,79.3396356,district,date,2011-08-07,0.0,0.0,0.0,0.0,0.1,30.1625,58.25,0.201,0,non_flood,generated_negative,ERA5-Land via Open-Meteo Historical API,success,
NEG-00457,2016-08-23,2016,Tamil Nadu,"Cuddalore,Erode",11.5202071,79.3396356,district,date,2016-08-22,0.0,0.0,0.0,1.8,1.8,31.7583,56.7917,0.1383,0,non_flood,generated_negative,ERA5-Land via Open-Meteo Historical API,success,
NEG-00458,2002-09-23,2002,Tamil Nadu,Coimbatore,11.0018115,76.9628425,district,date,2002-09-22,0.0,0.0,0.0,0.0,0.0,26.0125,65.9583,0.1684,0,non_flood,generated_negative,ERA5-Land via Open-Meteo Historical API,success,
NEG-00459,1982-11-07,1982,Tamil Nadu,"Chennai, Cuddalore, Tiruchirappalli,Tiruvannamalai, Vellore,Viluppuram",13.0836939,80.270186,district,date,1982-11-06,0.4,0.5,0.8,1.1,4.3,25.7042,87.8333,0.377,0,non_flood,generated_negative,ERA5-Land via Open-Meteo Historical API,success,
NEG-00460,2001-11-22,2001,Tamil Nadu,Many districts of Tamil Nadu.,11.3323723,78.6098639,district,date,2001-11-21,0.0,0.0,0.3,0.4,6.0,21.0792,86.75,0.3804,0,non_flood,generated_negative,ERA5-Land via Open-Meteo Historical API,success,
NEG-00461,2007-11-25,2007,Tamil Nadu,"Ariyalur, Madurai, Nagapattinam, Ramanathapuram, Thanjavur, Thoothukkudi,Viluppu",11.1530559,79.2585797,district,date,2007-11-24,0.0,0.0,0.0,0.0,0.0,23.1917,69.375,0.3926,0,non_flood,generated_negative,ERA5-Land via Open-Meteo Historical API,success,
NEG-00462,1971-11-30,1971,Tamil Nadu,Many districts of Tamil Nadu.,11.3323723,78.6098639,district,date,1971-11-29,0.0,0.0,0.0,0.0,0.0,20.9917,65.6667,0.1768,0,non_flood,generated_negative,ERA5-Land via Open-Meteo Historical API,success,
NEG-00463,1996-12-01,1996,Tamil Nadu,"Ariyalur, Ramanathapuram, Thanjavur,Thoothukkudi",11.1530559,79.2585797,district,date,1996-11-30,0.0,0.0,0.0,0.0,0.0,23.7042,74.2083,0.4397,0,non_flood,generated_negative,ERA5-Land via Open-Meteo Historical API,success,
NEG-00464,1989-12-09,1989,Tamil Nadu,"Kanniyakumariumari,Tirunelveli",11.3323723,78.6098639,district,date,1989-12-08,0.0,0.0,0.0,0.0,0.0,19.8,72.7083,0.2755,0,non_flood,generated_negative,ERA5-Land via Open-Meteo Historical API,success,
NEG-00465,1984-12-16,1984,Tamil Nadu,Tiruppur,10.7915267,77.5325466,district,date,1984-12-15,0.0,0.0,0.0,0.0,0.0,22.9583,61.9583,0.2254,0,non_flood,generated_negative,ERA5-Land via Open-Meteo Historical API,success,
NEG-00466,1986-07-05,1986,Uttarakhand,Mathura,29.2220315,79.5229864,district,date,1986-07-04,0.0,0.0,0.0,0.0,0.0,29.275,72.7083,0.325,0,non_flood,generated_negative,ERA5-Land via Open-Meteo Historical API,success,
NEG-00467,2001-08-18,2001,Uttarakhand,Bageshwar,30.0087902,79.9280183,district,date,2001-08-17,3.6,10.0,18.2,26.6,31.7,20.2292,91.875,0.4551,0,non_flood,generated_negative,ERA5-Land via Open-Meteo Historical API,success,
NEG-00468,1980-09-18,1980,Uttarakhand,"Almora, Dehradun,Nainital",29.702651,79.4326318,district,date,1980-09-17,0.0,0.0,0.1,0.1,4.1,21.3,86.375,0.4244,0,non_flood,generated_negative,ERA5-Land via Open-Meteo Historical API,success,
NEG-00469,1990-04-14,1990,Kerala,Wayanad,11.7151291,76.1271185,district,date,1990-04-13,0.0,0.0,0.0,0.0,0.1,26.1292,73.625,0.3552,0,non_flood,generated_negative,ERA5-Land via Open-Meteo Historical API,success,
NEG-00470,1991-04-21,1991,Kerala,Wayanad,11.7151291,76.1271185,district,date,1991-04-20,0.0,0.0,0.1,0.7,4.3,23.5958,87.4583,0.4524,0,non_flood,generated_negative,ERA5-Land via Open-Meteo Historical API,success,
NEG-00471,2006-04-25,2006,Kerala,Alappuzha,9.5003416,76.4123364,district,date,2006-04-24,0.1,0.3,0.8,1.4,2.6,28.7125,79.125,0.2186,0,non_flood,generated_negative,ERA5-Land via Open-Meteo Historical API,success,
NEG-00472,1979-04-28,1979,Kerala,Thiruvananthapuram,8.4882267,76.947551,district,date,1979-04-27,0.0,0.0,0.0,0.1,1.8,27.4042,81.2083,0.161,0,non_flood,generated_negative,ERA5-Land via Open-Meteo Historical API,success,
NEG-00473,2017-06-01,2017,Kerala,"Alappuzha, Idukki, Kollam, Kottayam, Kozhikode, Malappuram, Pathanamthitta, Thri",9.5003416,76.4123364,district,date,2017-05-31,1.3,1.7,3.3,5.7,12.7,24.9292,96.25,0.3341,0,non_flood,generated_negative,ERA5-Land via Open-Meteo Historical API,success,
NEG-00474,1981-06-05,1981,Kerala,"Alappuzha, Ernakulam, Idukki, Kottayam, Malappuram, Pathanamthitta, Thiruvananth",9.5003416,76.4123364,district,date,1981-06-04,0.3,1.7,6.9,14.0,39.9,25.5042,93.0833,0.3811,0,non_flood,generated_negative,ERA5-Land via Open-Meteo Historical API,success,
NEG-00475,1970-06-17,1970,Kerala,Wayanad,11.7151291,76.1271185,district,date,1970-06-16,0.1,0.2,1.2,2.2,6.8,21.9542,96.5417,0.4728,0,non_flood,generated_negative,ERA5-Land via Open-Meteo Historical API,success,
NEG-00476,1976-06-29,1976,Kerala,Kozhikode,11.2450558,75.7754716,district,date,1976-06-28,0.4,1.3,1.8,8.6,27.5,24.8208,90.5417,0.3561,0,non_flood,generated_negative,ERA5-Land via Open-Meteo Historical API,success,
NEG-00477,1991-07-16,1991,Kerala,"Malappuram, Kasaragod, Kozhikode,Wayanad",11.1065685,76.1101742,district,date,1991-07-15,0.4,1.0,2.5,10.4,14.8,24.4,88.5417,0.4892,0,non_flood,generated_negative,ERA5-Land via Open-Meteo Historical API,success,
NEG-00478,1981-08-06,1981,Kerala,"Idukki, Kannur, Kottayam, Pathanamthitta,Thiruvananthapuram",9.8154785,76.9991599,district,date,1981-08-05,0.2,0.5,0.9,3.0,8.6,20.4417,92.5417,0.5067,0,non_flood,generated_negative,ERA5-Land via Open-Meteo Historical API,success,
NEG-00479,1987-08-28,1987,Kerala,"Kozhikode, Malappuram, Palakkad, Thiruvananthapuram, Thrissur,Wayanad",11.2450558,75.7754716,district,date,1987-08-27,0.6,0.9,2.0,3.7,11.2,25.0917,90.0417,0.3224,0,non_flood,generated_negative,ERA5-Land via Open-Meteo Historical API,success,
NEG-00480,1996-10-10,1996,Kerala,Wayanad,11.7151291,76.1271185,district,date,1996-10-09,0.0,0.0,0.7,2.2,4.1,22.4458,88.375,0.4784,0,non_flood,generated_negative,ERA5-Land via Open-Meteo Historical API,success,
NEG-00481,1972-10-14,1972,Kerala,"Idukki,Wayanad",9.8154785,76.9991599,district,date,1972-10-13,0.0,0.2,0.3,1.0,9.6,22.2125,88.9583,0.4755,0,non_flood,generated_negative,ERA5-Land via Open-Meteo Historical API,success,
NEG-00482,1990-10-21,1990,Kerala,"Malappuram,Thrissur",11.1065685,76.1101742,district,date,1990-10-20,1.1,1.4,1.4,4.4,14.3,24.9833,90.125,0.5033,0,non_flood,generated_negative,ERA5-Land via Open-Meteo Historical API,success,
NEG-00483,1986-10-31,1986,Kerala,"Kannur, Thiruvananthapuram,Wayanad",11.8763836,75.3737973,district,date,1986-10-30,0.1,0.2,0.2,0.2,0.2,26.1083,82.625,0.2708,0,non_flood,generated_negative,ERA5-Land via Open-Meteo Historical API,success,
NEG-00484,1989-11-26,1989,Kerala,Thiruvananthapuram,8.4882267,76.947551,district,date,1989-11-25,0.0,0.0,0.0,0.0,0.0,24.6042,73.4167,0.1957,0,non_flood,generated_negative,ERA5-Land via Open-Meteo Historical API,success,
NEG-00485,2013-12-31,2013,Kerala,"Alappuzha, Kollam,Thiruvananthapuram",9.5003416,76.4123364,district,date,2013-12-30,0.0,0.0,0.0,0.0,0.0,25.9208,74.4167,0.0934,0,non_flood,generated_negative,ERA5-Land via Open-Meteo Historical API,success,
NEG-00486,2003-04-21,2003,Tamil Nadu,The Nilgiris,11.4,76.7,district,date,2003-04-20,0.0,0.0,0.0,0.0,0.0,18.875,65.0833,0.2952,0,non_flood,generated_negative,ERA5-Land via Open-Meteo Historical API,success,
NEG-00487,2020-09-16,2020,Tamil Nadu,Kancheepuram,12.8796052,79.7042762,district,date,2020-09-15,0.0,0.0,3.8,5.4,5.8,27.5625,79.5833,0.3742,0,non_flood,generated_negative,ERA5-Land via Open-Meteo Historical API,success,
NEG-00488,1996-10-16,1996,Tamil Nadu,Coimbatore,11.0018115,76.9628425,district,date,1996-10-15,0.7,1.2,1.8,3.2,6.7,24.225,84.2083,0.4057,0,non_flood,generated_negative,ERA5-Land via Open-Meteo Historical API,success,
NEG-00489,2003-10-20,2003,Tamil Nadu,Cuddalore,11.5202071,79.3396356,district,date,2003-10-19,1.5,3.6,4.7,5.2,9.8,26.9292,81.9583,0.404,0,non_flood,generated_negative,ERA5-Land via Open-Meteo Historical API,success,
NEG-00490,2006-10-30,2006,Tamil Nadu,Cuddalore,11.5202071,79.3396356,district,date,2006-10-29,0.0,0.7,1.0,3.8,5.8,25.2167,88.2083,0.412,0,non_flood,generated_negative,ERA5-Land via Open-Meteo Historical API,success,
NEG-00491,1984-11-01,1984,Tamil Nadu,"Districts of Cauvery delta zone, Chennai,Dindigul",11.3323723,78.6098639,district,date,1984-10-31,0.0,0.0,0.0,0.0,0.0,21.8208,69.0,0.276,0,non_flood,generated_negative,ERA5-Land via Open-Meteo Historical API,success,
NEG-00492,1980-11-24,1980,Tamil Nadu,Districts of Cauvery delta,11.3323723,78.6098639,district,date,1980-11-23,0.0,0.0,0.0,0.0,0.0,21.725,75.5,0.3062,0,non_flood,generated_negative,ERA5-Land via Open-Meteo Historical API,success,
NEG-00493,1978-07-21,1978,Uttarakhand,Almora,29.702651,79.4326318,district,date,1978-07-20,0.0,0.2,0.8,4.6,8.6,23.1333,89.75,0.4794,0,non_flood,generated_negative,ERA5-Land via Open-Meteo Historical API,success,
NEG-00494,2016-08-23,2016,Uttarakhand,Parts of Uttar Kashiakhand,30.0417376,79.089691,district,date,2016-08-22,0.1,0.1,1.2,7.5,16.4,18.9,90.2083,0.4813,0,non_flood,generated_negative,ERA5-Land via Open-Meteo Historical API,success,
NEG-00495,1983-04-07,1983,Kerala,Kollam,8.8870533,76.5906696,district,date,1983-04-06,0.0,0.0,0.0,0.0,0.0,28.9292,70.75,0.0662,0,non_flood,generated_negative,ERA5-Land via Open-Meteo Historical API,success,
NEG-00496,2020-04-09,2020,Kerala,Wayanad,11.7151291,76.1271185,district,date,2020-04-08,0.0,0.0,0.0,5.6,6.7,23.8,88.0417,0.3907,0,non_flood,generated_negative,ERA5-Land via Open-Meteo Historical API,success,
NEG-00497,1969-04-23,1969,Kerala,Pathanamthitta,9.2780841,76.9737443,district,date,1969-04-22,0.0,0.0,0.0,0.3,28.4,23.2792,93.2083,0.4909,0,non_flood,generated_negative,ERA5-Land via Open-Meteo Historical API,success,
NEG-00498,2022-04-24,2022,Kerala,Thrissur,10.5270099,76.214621,district,date,2022-04-23,0.0,0.2,4.0,11.6,26.8,26.4833,86.5417,0.4786,0,non_flood,generated_negative,ERA5-Land via Open-Meteo Historical API,success,
NEG-00499,2000-06-06,2000,Kerala,Wayanad,11.7151291,76.1271185,district,date,2000-06-05,1.7,3.9,7.4,17.6,27.9,20.7,98.9167,0.4828,0,non_flood,generated_negative,ERA5-Land via Open-Meteo Historical API,success,
NEG-00500,1970-06-12,1970,Kerala,Kottayam,9.6287383,76.6455326,district,date,1970-06-11,0.2,1.1,3.0,8.2,17.1,24.3333,96.625,0.4856,0,non_flood,generated_negative,ERA5-Land via Open-Meteo Historical API,success,
NEG-00501,2023-07-02,2023,Kerala,Thiruvananthapuram,8.4882267,76.947551,district,date,2023-07-01,0.0,0.1,0.1,0.3,1.4,26.6458,86.2917,0.2016,0,non_flood,generated_negative,ERA5-Land via Open-Meteo Historical API,success,
NEG-00502,1989-07-28,1989,Kerala,Wayanad,11.7151291,76.1271185,district,date,1989-07-27,0.3,2.2,3.6,5.8,25.3,20.3875,97.9167,0.4763,0,non_flood,generated_negative,ERA5-Land via Open-Meteo Historical API,success,
NEG-00503,1981-08-04,1981,Kerala,"Kannur, Kozhikode,Wayanad",11.8763836,75.3737973,district,date,1981-08-03,0.1,0.5,1.2,3.6,6.3,24.3792,90.3333,0.3158,0,non_flood,generated_negative,ERA5-Land via Open-Meteo Historical API,success,
NEG-00504,1982-11-17,1982,Kerala,"Ernakulam, Idukki, Kottayam, Pathanamthitta,Thiruvananthapuram",9.9837257,76.2740001,district,date,1982-11-16,0.0,0.0,0.0,0.0,0.0,26.45,84.9583,0.4027,0,non_flood,generated_negative,ERA5-Land via Open-Meteo Historical API,success,
NEG-00505,2018-09-04,2018,Kerala,Kollam,8.8870533,76.5906696,district,date,2018-09-03,0.0,0.0,0.0,0.0,0.6,25.7292,87.7083,0.1953,0,non_flood,generated_negative,ERA5-Land via Open-Meteo Historical API,success,
NEG-00506,2008-11-01,2008,Kerala,"Ernakulam, Kollam,Thiruvananthapuram",9.9837257,76.2740001,district,date,2008-10-31,0.0,0.0,0.0,0.0,0.0,26.3333,81.4167,0.3733,0,non_flood,generated_negative,ERA5-Land via Open-Meteo Historical API,success,
NEG-00507,2003-11-11,2003,Kerala,Thiruvananthapuram,8.4882267,76.947551,district,date,2003-11-10,0.0,0.0,0.0,0.0,0.4,26.1833,81.5417,0.258,0,non_flood,generated_negative,ERA5-Land via Open-Meteo Historical API,success,
NEG-00508,1983-10-20,1983,Tamil Nadu,Many parts of Tamil Nadu.,11.3323723,78.6098639,district,date,1983-10-19,0.3,1.3,1.4,1.4,1.4,23.8417,72.0417,0.3115,0,non_flood,generated_negative,ERA5-Land via Open-Meteo Historical API,success,
NEG-00509,1998-11-01,1998,Tamil Nadu,"Chennai, Thiruvarur,Vellore",13.0836939,80.270186,district,date,1998-10-31,0.0,0.0,0.0,0.0,0.0,26.9667,77.2083,0.2955,0,non_flood,generated_negative,ERA5-Land via Open-Meteo Historical API,success,
NEG-00510,2001-08-04,2001,Uttarakhand,Chamoli,30.4985956,79.6190537,district,date,2001-08-03,0.4,1.5,3.1,3.5,30.3,19.325,96.9167,0.4264,0,non_flood,generated_negative,ERA5-Land via Open-Meteo Historical API,success,
NEG-00511,2017-09-13,2017,Uttarakhand,Rudra Prayag,30.0417376,79.089691,district,date,2017-09-12,0.0,0.0,0.0,0.0,1.0,18.025,76.6667,0.4383,0,non_flood,generated_negative,ERA5-Land via Open-Meteo Historical API,success,
NEG-00512,2023-03-09,2023,Kerala,Wayanad,11.7151291,76.1271185,district,date,2023-03-08,0.0,0.0,0.0,0.0,0.0,24.8958,38.75,0.2941,0,non_flood,generated_negative,ERA5-Land via Open-Meteo Historical API,success,
NEG-00513,1989-03-12,1989,Kerala,Kannur,11.8763836,75.3737973,district,date,1989-03-11,0.0,0.1,0.1,0.2,0.2,27.7875,74.4583,0.099,0,non_flood,generated_negative,ERA5-Land via Open-Meteo Historical API,success,
NEG-00514,2014-03-26,2014,Kerala,Thiruvananthapuram,8.4882267,76.947551,district,date,2014-03-25,0.0,0.0,0.0,0.0,0.0,27.3042,77.625,0.1733,0,non_flood,generated_negative,ERA5-Land via Open-Meteo Historical API,success,
NEG-00515,1982-03-29,1982,Kerala,Wayanad,11.7151291,76.1271185,district,date,1982-03-28,0.0,0.0,0.0,0.2,0.2,25.5708,70.7917,0.2965,0,non_flood,generated_negative,ERA5-Land via Open-Meteo Historical API,success,
NEG-00516,1975-04-26,1975,Kerala,Wayanad,11.7151291,76.1271185,district,date,1975-04-25,0.0,0.0,0.0,0.1,1.2,25.4792,80.375,0.3708,0,non_flood,generated_negative,ERA5-Land via Open-Meteo Historical API,success,
NEG-00517,1991-05-03,1991,Kerala,Wayanad,11.7151291,76.1271185,district,date,1991-05-02,0.0,0.0,0.0,0.0,0.5,25.0167,84.3333,0.405,0,non_flood,generated_negative,ERA5-Land via Open-Meteo Historical API,success,
NEG-00518,1970-05-05,1970,Kerala,Thiruvananthapuram,8.4882267,76.947551,district,date,1970-05-04,0.3,1.4,2.6,4.5,16.4,25.9292,88.0417,0.3059,0,non_flood,generated_negative,ERA5-Land via Open-Meteo Historical API,success,
NEG-00519,2001-06-02,2001,Kerala,Thiruvananthapuram,8.4882267,76.947551,district,date,2001-06-01,0.0,0.0,0.0,0.0,0.3,26.9625,84.2917,0.2473,0,non_flood,generated_negative,ERA5-Land via Open-Meteo Historical API,success,
NEG-00520,1978-06-08,1978,Kerala,"Thiruvananthapuram,Thrissur",8.4882267,76.947551,district,date,1978-06-07,0.1,0.7,1.6,6.0,8.5,25.3,87.0417,0.2775,0,non_flood,generated_negative,ERA5-Land via Open-Meteo Historical API,success,
NEG-00521,2023-06-08,2023,Kerala,Wayanad,11.7151291,76.1271185,district,date,2023-06-07,0.0,0.0,0.0,0.2,1.2,24.2792,82.9167,0.4058,0,non_flood,generated_negative,ERA5-Land via Open-Meteo Historical API,success,
NEG-00522,1997-06-11,1997,Kerala,Thiruvananthapuram,8.4882267,76.947551,district,date,1997-06-10,0.0,0.0,0.0,0.0,1.2,26.6875,81.9167,0.1635,0,non_flood,generated_negative,ERA5-Land via Open-Meteo Historical API,success,
NEG-00523,2001-06-17,2001,Kerala,Kasaragod,12.4221964,75.1904446,district,date,2001-06-16,0.6,1.7,3.5,6.8,11.8,24.6417,92.9583,0.4587,0,non_flood,generated_negative,ERA5-Land via Open-Meteo Historical API,success,
NEG-00524,2004-06-24,2004,Kerala,Kasaragod,12.4221964,75.1904446,district,date,2004-06-23,0.4,1.0,1.5,2.2,4.8,25.5208,86.0,0.4874,0,non_flood,generated_negative,ERA5-Land via Open-Meteo Historical API,success,
NEG-00525,1980-06-25,1980,Kerala,"Idukki, Ernakulam, Kollam, Kozhikode, Palakkad,Pathanamthitta",9.8154785,76.9991599,district,date,1980-06-24,0.3,1.0,1.4,2.3,6.2,21.4458,91.6667,0.5007,0,non_flood,generated_negative,ERA5-Land via Open-Meteo Historical API,success,
NEG-00526,1984-06-27,1984,Kerala,Alappuzha,9.5003416,76.4123364,district,date,1984-06-26,0.2,1.0,2.0,11.1,26.1,24.7167,91.4583,0.3709,0,non_flood,generated_negative,ERA5-Land via Open-Meteo Historical API,success,
NEG-00527,1995-07-01,1995,Kerala,Wayanad,11.7151291,76.1271185,district,date,1995-06-30,0.0,0.0,0.1,2.2,8.2,21.8542,95.375,0.4872,0,non_flood,generated_negative,ERA5-Land via Open-Meteo Historical API,success,
NEG-00528,2010-07-05,2010,Kerala,"Idukki,Thiruvananthapuram",9.8154785,76.9991599,district,date,2010-07-04,0.6,1.6,4.0,8.0,26.0,21.2,97.3333,0.4654,0,non_flood,generated_negative,ERA5-Land via Open-Meteo Historical API,success,
NEG-00529,2012-07-11,2012,Kerala,Wayanad,11.7151291,76.1271185,district,date,2012-07-10,0.5,1.5,2.1,3.1,7.0,21.0625,97.7917,0.4893,0,non_flood,generated_negative,ERA5-Land via Open-Meteo Historical API,success,
NEG-00530,1986-07-11,1986,Kerala,"Alappuzha, Ernakulam, Kollam,Kottayam",9.5003416,76.4123364,district,date,1986-07-10,0.1,1.0,2.2,3.4,6.0,25.8375,87.4167,0.3085,0,non_flood,generated_negative,ERA5-Land via Open-Meteo Historical API,success,
NEG-00531,2000-07-19,2000,Kerala,Thiruvananthapuram,8.4882267,76.947551,district,date,2000-07-18,0.0,0.0,0.0,0.2,1.8,25.125,87.9583,0.21,0,non_flood,generated_negative,ERA5-Land via Open-Meteo Historical API,success,
NEG-00532,1981-07-23,1981,Kerala,Ernakulam,9.9837257,76.2740001,district,date,1981-07-22,0.1,0.7,1.2,6.4,9.1,25.0167,90.2917,0.4327,0,non_flood,generated_negative,ERA5-Land via Open-Meteo Historical API,success,
NEG-00533,1974-07-29,1974,Kerala,Pathanamthitta,9.2780841,76.9737443,district,date,1974-07-28,0.0,0.0,0.5,3.0,16.7,21.2458,95.125,0.47,0,non_flood,generated_negative,ERA5-Land via Open-Meteo Historical API,success,
NEG-00534,2005-08-01,2005,Kerala,Wayanad,11.7151291,76.1271185,district,date,2005-07-31,0.5,1.9,2.7,6.4,16.8,20.9708,96.6667,0.4764,0,non_flood,generated_negative,ERA5-Land via Open-Meteo Historical API,success,
NEG-00535,1994-08-02,1994,Kerala,Thiruvananthapuram,8.4882267,76.947551,district,date,1994-08-01,1.5,6.4,13.7,18.8,33.7,24.0542,90.9167,0.337,0,non_flood,generated_negative,ERA5-Land via Open-Meteo Historical API,success,
NEG-00536,2010-08-04,2010,Kerala,"Alappuzha, Ernakulam,Idukki,",9.5003416,76.4123364,district,date,2010-08-03,0.3,1.4,2.8,6.8,24.3,25.1667,92.125,0.354,0,non_flood,generated_negative,ERA5-Land via Open-Meteo Historical API,success,
NEG-00537,1987-08-10,1987,Kerala,Wayanad,11.7151291,76.1271185,district,date,1987-08-09,0.0,0.0,0.0,0.0,1.6,21.725,90.625,0.4839,0,non_flood,generated_negative,ERA5-Land via Open-Meteo Historical API,success,
NEG-00538,1998-09-01,1998,Kerala,Idukki,9.8154785,76.9991599,district,date,1998-08-31,0.2,0.2,0.2,1.6,5.6,21.8667,91.2917,0.4735,0,non_flood,generated_negative,ERA5-Land via Open-Meteo Historical API,success,
NEG-00539,2005-09-12,2005,Kerala,Wayanad,11.7151291,76.1271185,district,date,2005-09-11,0.2,0.8,1.3,1.9,6.6,20.8917,95.6667,0.495,0,non_flood,generated_negative,ERA5-Land via Open-Meteo Historical API,success,
NEG-00540,1982-09-17,1982,Kerala,Thiruvananthapuram,8.4882267,76.947551,district,date,1982-09-16,0.0,0.0,0.0,0.1,1.2,25.6875,85.4583,0.1364,0,non_flood,generated_negative,ERA5-Land via Open-Meteo Historical API,success,
NEG-00541,2007-09-11,2007,Tamil Nadu,"Chennai,Tiruvannamalai",13.0836939,80.270186,district,date,2007-09-10,0.1,0.1,0.1,0.1,0.1,27.6,83.25,0.3528,0,non_flood,generated_negative,ERA5-Land via Open-Meteo Historical API,success,
NEG-00542,1982-10-15,1982,Tamil Nadu,"Coimbatore,Cuddalore",11.0018115,76.9628425,district,date,1982-10-14,0.0,0.0,0.0,0.0,0.0,26.75,61.9583,0.1558,0,non_flood,generated_negative,ERA5-Land via Open-Meteo Historical API,success,
NEG-00543,1985-10-20,1985,Tamil Nadu,"Coimbatore,Tiruvannamalai",11.0018115,76.9628425,district,date,1985-10-19,0.0,0.0,0.0,0.0,0.1,25.4083,66.375,0.1385,0,non_flood,generated_negative,ERA5-Land via Open-Meteo Historical API,success,
NEG-00544,2011-11-16,2011,Tamil Nadu,"Cuddalore, Dharmapuri,Kanniyakumariumari, Nagapattinam, Thanjavur, Thiruvarur,Vi",11.5202071,79.3396356,district,date,2011-11-15,0.0,0.0,0.0,0.0,0.0,25.4708,73.1667,0.2736,0,non_flood,generated_negative,ERA5-Land via Open-Meteo Historical API,success,
NEG-00545,1988-11-25,1988,Tamil Nadu,Pudukkottai,10.2903072,78.8173617,district,date,1988-11-24,0.0,0.0,0.0,0.0,0.0,25.575,69.2917,0.3441,0,non_flood,generated_negative,ERA5-Land via Open-Meteo Historical API,success,
NEG-00546,1983-12-13,1983,Tamil Nadu,Nagapattinam,10.6026203,79.7619348,district,date,1983-12-12,0.3,1.2,2.7,11.9,22.7,24.5167,89.875,0.345,0,non_flood,generated_negative,ERA5-Land via Open-Meteo Historical API,success,
NEG-00547,2010-06-14,2010,Uttarakhand,"Chamoli, Pithoragarh, Rudra Prayag,Uttar Kashi Kashi",30.4985956,79.6190537,district,date,2010-06-13,0.0,0.0,0.0,0.0,0.6,17.4917,67.7083,0.3328,0,non_flood,generated_negative,ERA5-Land via Open-Meteo Historical API,success,
NEG-00548,1984-03-07,1984,Kerala,Wayanad,11.7151291,76.1271185,district,date,1984-03-06,0.0,0.0,0.0,0.4,7.9,21.1208,94.5833,0.4731,0,non_flood,generated_negative,ERA5-Land via Open-Meteo Historical API,success,
NEG-00549,1975-03-25,1975,Kerala,Wayanad,11.7151291,76.1271185,district,date,1975-03-24,0.0,0.0,0.0,0.0,7.2,24.3042,77.7083,0.3291,0,non_flood,generated_negative,ERA5-Land via Open-Meteo Historical API,success,
NEG-00550,1978-04-10,1978,Kerala,"Alappuzha, Kasaragod, Kozhikode, Thiruvananthapuram, Thrissur,Wayanad",9.5003416,76.4123364,district,date,1978-04-09,0.1,0.3,0.4,0.8,6.3,26.5792,85.5417,0.2759,0,non_flood,generated_negative,ERA5-Land via Open-Meteo Historical API,success,
NEG-00551,1974-04-19,1974,Kerala,"Thiruvananthapuram,Wayanad",8.4882267,76.947551,district,date,1974-04-18,0.0,0.0,0.0,0.0,0.9,26.6875,83.5,0.1915,0,non_flood,generated_negative,ERA5-Land via Open-Meteo Historical API,success,
NEG-00552,2009-05-03,2009,Kerala,"Alappuzha, Ernakulam, Kozhikode, Malappuram, Thrissur, Thiruvananthapuram,Wayana",9.5003416,76.4123364,district,date,2009-05-02,0.2,0.8,1.2,1.3,6.2,28.4167,84.0417,0.2653,0,non_flood,generated_negative,ERA5-Land via Open-Meteo Historical API,success,
NEG-00553,1980-06-06,1980,Kerala,Wayanad,11.7151291,76.1271185,district,date,1980-06-05,0.2,0.7,2.6,6.4,16.7,21.7583,97.5,0.4775,0,non_flood,generated_negative,ERA5-Land via Open-Meteo Historical API,success,
NEG-00554,1991-06-12,1991,Kerala,Thiruvananthapuram,8.4882267,76.947551,district,date,1991-06-11,0.8,1.8,3.2,7.0,13.6,26.0833,89.5,0.3022,0,non_flood,generated_negative,ERA5-Land via Open-Meteo Historical API,success,
NEG-00555,2015-06-21,2015,Kerala,Idukki,9.8154785,76.9991599,district,date,2015-06-20,1.1,3.2,5.7,9.3,22.4,21.3167,97.5,0.4934,0,non_flood,generated_negative,ERA5-Land via Open-Meteo Historical API,success,
NEG-00556,1972-07-12,1972,Kerala,"Kannur, Kasaragod, Kozhikode, Malappuram,Wayanad",11.8763836,75.3737973,district,date,1972-07-11,1.1,3.8,7.6,15.2,36.4,24.5625,92.5,0.358,0,non_flood,generated_negative,ERA5-Land via Open-Meteo Historical API,success,
NEG-00557,1993-08-01,1993,Kerala,"Alappuzha, Kannur, Kasaragod, Kozhikode, Kottayam, Malappuram, Palakkad, Pathana",9.5003416,76.4123364,district,date,1993-07-31,0.4,1.0,2.0,5.6,16.9,24.6,91.75,0.3626,0,non_flood,generated_negative,ERA5-Land via Open-Meteo Historical API,success,
NEG-00558,1973-08-22,1973,Kerala,"Kottayam, Pathanamthitta, Thiruvananthapuram,Wayanad",9.6287383,76.6455326,district,date,1973-08-21,0.1,0.3,0.4,1.1,3.3,24.2708,89.9583,0.496,0,non_flood,generated_negative,ERA5-Land via Open-Meteo Historical API,success,
NEG-00559,2020-09-01,2020,Kerala,Thiruvananthapuram,8.4882267,76.947551,district,date,2020-08-31,0.0,0.0,0.0,0.0,0.6,26.75,83.3333,0.0871,0,non_flood,generated_negative,ERA5-Land via Open-Meteo Historical API,success,
NEG-00560,1976-09-26,1976,Kerala,Thiruvananthapuram,8.4882267,76.947551,district,date,1976-09-25,0.0,0.0,0.0,0.5,0.9,25.6333,83.5417,0.1353,0,non_flood,generated_negative,ERA5-Land via Open-Meteo Historical API,success,
NEG-00561,1986-03-08,1986,Tamil Nadu,Coimbatore,11.0018115,76.9628425,district,date,1986-03-07,0.0,0.0,0.0,0.0,0.0,27.2042,49.2083,0.1261,0,non_flood,generated_negative,ERA5-Land via Open-Meteo Historical API,success,
NEG-00562,2011-05-06,2011,Tamil Nadu,"Kanniyakumariumari, Madurai, The Nilgiris,Theni",11.3323723,78.6098639,district,date,2011-05-05,0.0,0.0,0.0,1.0,1.0,26.9958,67.3333,0.3138,0,non_flood,generated_negative,ERA5-Land via Open-Meteo Historical API,success,
NEG-00563,1989-05-21,1989,Tamil Nadu,"Coimbatore,Krishnagiri",11.0018115,76.9628425,district,date,1989-05-20,0.0,0.0,0.0,0.0,0.0,27.475,68.875,0.144,0,non_flood,generated_negative,ERA5-Land via Open-Meteo Historical API,success,
NEG-00564,1977-08-22,1977,Tamil Nadu,Erode,11.4905282,77.3505274,district,date,1977-08-21,0.0,0.0,0.0,0.0,0.3,26.9333,67.7083,0.1478,0,non_flood,generated_negative,ERA5-Land via Open-Meteo Historical API,success,
NEG-00565,2004-09-23,2004,Tamil Nadu,"Dindigul, Erode,Virudhunagar",10.4257161,77.8154728,district,date,2004-09-22,0.0,0.0,0.0,0.3,0.3,28.1542,65.0,0.274,0,non_flood,generated_negative,ERA5-Land via Open-Meteo Historical API,success,
NEG-00566,2000-07-27,2000,Uttarakhand,Pithoragarh,29.585871,80.215167,district,date,2000-07-26,0.0,0.2,0.6,2.1,14.1,20.2083,90.875,0.4781,0,non_flood,generated_negative,ERA5-Land via Open-Meteo Historical API,success,
NEG-00567,2011-07-31,2011,Uttarakhand,Tehri Garhwal,30.4658181,78.4837349,district,date,2011-07-30,0.2,0.6,1.2,1.5,3.4,20.1,92.4167,0.4829,0,non_flood,generated_negative,ERA5-Land via Open-Meteo Historical API,success,
NEG-00568,1968-08-11,1968,Uttarakhand,Parts of Uttar Kashiakhand,30.0417376,79.089691,district,date,1968-08-10,0.1,0.8,1.2,2.4,9.7,18.1625,94.4583,0.4784,0,non_flood,generated_negative,ERA5-Land via Open-Meteo Historical API,success,
NEG-00569,2023-03-03,2023,Kerala,"Alappuzha, Ernakulam, Kottayam, Malappuram, Thrissur, Pathanamthitta",9.5003416,76.4123364,district,date,2023-03-02,0.0,0.0,0.0,0.0,0.0,27.1458,70.5417,0.0775,0,non_flood,generated_negative,ERA5-Land via Open-Meteo Historical API,success,
NEG-00570,2019-03-13,2019,Kerala,"Alappuzha, Kottayam, Thrissur, Thiruvananthapuram",9.5003416,76.4123364,district,date,2019-03-12,0.0,0.0,0.0,0.0,0.5,27.5667,85.4583,0.201,0,non_flood,generated_negative,ERA5-Land via Open-Meteo Historical API,success,
NEG-00571,2010-03-27,2010,Kerala,"Alappuzha, Pathanamthitta",9.5003416,76.4123364,district,date,2010-03-26,0.0,1.4,2.7,3.8,5.8,28.7667,77.625,0.118,0,non_flood,generated_negative,ERA5-Land via Open-Meteo Historical API,success,
NEG-00572,2003-04-06,2003,Kerala,"Alappuzha, Ernakulam, Palakkad, Idukki, Kollam",9.5003416,76.4123364,district,date,2003-04-05,0.0,0.0,0.0,0.0,1.6,28.15,79.2917,0.2473,0,non_flood,generated_negative,ERA5-Land via Open-Meteo Historical API,success,
NEG-00573,2008-04-11,2008,Kerala,"Ernakulam, Idukki, Kollam, Kozhikode, Malappuram, Pathanamthitta, Thiruvananthap",9.9837257,76.2740001,district,date,2008-04-10,0.0,0.0,0.0,0.1,0.1,27.25,81.3333,0.334,0,non_flood,generated_negative,ERA5-Land via Open-Meteo Historical API,success,
NEG-00574,2001-04-19,2001,Kerala,"Alappuzha, Idukki, Kasaragod, Kannur, Malappuram, Palakkad, Pathanamthitta, Thir",9.5003416,76.4123364,district,date,2001-04-18,0.0,0.0,1.0,6.9,9.5,26.8583,86.5833,0.3165,0,non_flood,generated_negative,ERA5-Land via Open-Meteo Historical API,success,
NEG-00575,1992-04-26,1992,Kerala,"Alappuzha, Ernakulam, Kannur, Kottayam, Malappuram, Pathanamthitta, Thiruvananth",9.5003416,76.4123364,district,date,1992-04-25,0.0,0.0,0.0,0.0,2.4,27.6125,82.5417,0.203,0,non_flood,generated_negative,ERA5-Land via Open-Meteo Historical API,success,
NEG-00576,1997-05-03,1997,Kerala,"Ernakulam, Idukki, Kannur, Palakkad, Thrissur, Thiruvananthapuram",9.9837257,76.2740001,district,date,1997-05-02,0.0,0.0,0.0,0.9,1.9,28.025,81.7917,0.3549,0,non_flood,generated_negative,ERA5-Land via Open-Meteo Historical API,success,
NEG-00577,2020-05-07,2020,Kerala,"Kottayam, Palakkad, Thrissur",9.6287383,76.6455326,district,date,2020-05-06,0.0,0.0,0.0,1.7,6.9,27.0417,90.9583,0.4672,0,non_flood,generated_negative,ERA5-Land via Open-Meteo Historical API,success,
NEG-00578,2009-05-10,2009,Kerala,"Ernakulam, Idukki, Kannur, Kasaragod, Kollam, Kozhikode, Malappuram, Palakkad, T",9.9837257,76.2740001,district,date,2009-05-09,0.0,0.0,0.0,0.2,1.9,27.9458,83.5,0.3903,0,non_flood,generated_negative,ERA5-Land via Open-Meteo Historical API,success,
NEG-00579,2006-05-15,2006,Kerala,"Kasaragod, Kollam, Thiruvananthapuram",12.4221964,75.1904446,district,date,2006-05-14,0.0,0.0,0.0,0.0,0.0,28.4583,74.2917,0.3334,0,non_flood,generated_negative,ERA5-Land via Open-Meteo Historical API,success,
NEG-00580,2016-06-08,2016,Kerala,"Alappuzha, Kannur, Kollam, Thrissur, Thiruvananthapuram",9.5003416,76.4123364,district,date,2016-06-07,0.6,1.0,1.7,6.6,18.9,26.1917,92.375,0.3675,0,non_flood,generated_negative,ERA5-Land via Open-Meteo Historical API,success,
NEG-00581,2017-06-19,2017,Kerala,"Alappuzha, Ernakulam, Idukki, Kasaragod, Kottayam, Palakkad, Pathanamthitta, Thr",9.5003416,76.4123364,district,date,2017-06-18,0.0,0.2,1.3,1.8,13.7,26.6,90.5,0.3054,0,non_flood,generated_negative,ERA5-Land via Open-Meteo Historical API,success,
NEG-00582,2003-07-18,2003,Kerala,Kannur,11.8763836,75.3737973,district,date,2003-07-17,0.0,1.0,1.8,5.7,9.2,25.4292,89.625,0.3276,0,non_flood,generated_negative,ERA5-Land via Open-Meteo Historical API,success,
NEG-00583,2008-08-12,2008,Kerala,Kannur,11.8763836,75.3737973,district,date,2008-08-11,0.7,1.0,5.5,15.7,33.8,24.2833,94.5417,0.3637,0,non_flood,generated_negative,ERA5-Land via Open-Meteo Historical API,success,
NEG-00584,1969-09-05,1969,Kerala,"Pathanamthitta, Thiruvananthapuram",9.2780841,76.9737443,district,date,1969-09-04,0.0,0.3,0.6,0.6,2.7,21.4625,90.5,0.493,0,non_flood,generated_negative,ERA5-Land via Open-Meteo Historical API,success,
NEG-00585,1985-09-27,1985,Kerala,"Kannur, Wayanad",11.8763836,75.3737973,district,date,1985-09-26,0.0,0.0,0.0,0.2,4.3,25.6333,87.4167,0.2191,0,non_flood,generated_negative,ERA5-Land via Open-Meteo Historical API,success,
NEG-00586,1998-10-08,1998,Kerala,Thiruvananthapuram,8.4882267,76.947551,district,date,1998-10-07,0.2,1.5,2.9,6.0,7.9,25.175,88.4583,0.2624,0,non_flood,generated_negative,ERA5-Land via Open-Meteo Historical API,success,
NEG-00587,1987-10-30,1987,Kerala,Thiruvananthapuram,8.4882267,76.947551,district,date,1987-10-29,4.3,13.7,17.8,19.7,22.1,25.0792,90.1667,0.2925,0,non_flood,generated_negative,ERA5-Land via Open-Meteo Historical API,success,
NEG-00588,1978-11-01,1978,Kerala,"Ernakulam, Malappuram, Pathanamthitta, Thiruvananthapuram",9.9837257,76.2740001,district,date,1978-10-31,0.1,0.1,0.4,5.2,7.9,25.875,88.2917,0.4276,0,non_flood,generated_negative,ERA5-Land via Open-Meteo Historical API,success,
NEG-00589,2017-12-08,2017,Kerala,"Alappuzha, Thiruvananthapuram",9.5003416,76.4123364,district,date,2017-12-07,0.0,0.0,0.0,0.2,3.3,26.0583,86.9167,0.2097,0,non_flood,generated_negative,ERA5-Land via Open-Meteo Historical API,success,
NEG-00590,1977-04-12,1977,Tamil Nadu,Virudhunagar,9.4926289,77.8631831,district,date,1977-04-11,0.0,0.0,0.0,0.0,0.2,31.7917,54.5833,0.2626,0,non_flood,generated_negative,ERA5-Land via Open-Meteo Historical API,success,
NEG-00591,1980-04-21,1980,Tamil Nadu,Thiruvarur,10.6878621,79.4979437,district,date,1980-04-20,0.0,0.0,0.0,0.0,0.2,30.0958,71.3333,0.2282,0,non_flood,generated_negative,ERA5-Land via Open-Meteo Historical API,success,
NEG-00592,1972-04-25,1972,Tamil Nadu,Vellore,12.9021849,79.061104,district,date,1972-04-24,0.0,0.0,0.0,0.0,0.0,30.5292,52.6667,0.1243,0,non_flood,generated_negative,ERA5-Land via Open-Meteo Historical API,success,
NEG-00593,1973-05-14,1973,Tamil Nadu,"Coimbatore,Pudukkottai",11.0018115,76.9628425,district,date,1973-05-13,0.0,0.0,0.0,0.0,0.7,28.4125,63.125,0.1368,0,non_flood,generated_negative,ERA5-Land via Open-Meteo Historical API,success,
NEG-00594,2002-05-17,2002,Tamil Nadu,"Thiruvallur, Virudhunagar",13.2537619,80.0562572,district,date,2002-05-16,0.0,0.0,0.0,7.1,8.6,32.0833,62.375,0.1979,0,non_flood,generated_negative,ERA5-Land via Open-Meteo Historical API,success,
NEG-00595,1970-06-17,1970,Tamil Nadu,Chennai,13.0836939,80.270186,district,date,1970-06-16,0.0,0.0,0.0,0.0,0.0,31.5375,60.375,0.1469,0,non_flood,generated_negative,ERA5-Land via Open-Meteo Historical API,success,
NEG-00596,2009-06-21,2009,Tamil Nadu,The Nilgiris,11.4,76.7,district,date,2009-06-20,0.0,0.0,0.0,0.2,1.6,16.9333,85.5,0.4087,0,non_flood,generated_negative,ERA5-Land via Open-Meteo Historical API,success,
NEG-00597,1995-07-17,1995,Tamil Nadu,Chennai,13.0836939,80.270186,district,date,1995-07-16,0.0,0.0,0.0,0.0,1.2,29.5208,65.1667,0.2176,0,non_flood,generated_negative,ERA5-Land via Open-Meteo Historical API,success,
NEG-00598,1998-11-09,1998,Tamil Nadu,"Thiruvallur, Chennai, Krishnagiri, Tiruvannamalai, Dharmapuri, Salem, Erode, The",13.2537619,80.0562572,district,date,1998-11-08,0.0,0.0,0.7,3.7,16.2,25.2,91.0833,0.4218,0,non_flood,generated_negative,ERA5-Land via Open-Meteo Historical API,success,
NEG-00599,1984-11-11,1984,Tamil Nadu,"Chennai, Cuddalore, Dharmapuri, Erode, The Nilgiris, Thiruvallur, Thoothukkudi, ",13.0836939,80.270186,district,date,1984-11-10,0.5,2.0,3.0,4.0,4.2,26.4708,76.125,0.2743,0,non_flood,generated_negative,ERA5-Land via Open-Meteo Historical API,success,
NEG-00600,2014-11-18,2014,Tamil Nadu,"Chennai, Cuddalore, Kancheepuram, Kanniyakumariumari, Krishnagiri, Nagapattinam,",13.0836939,80.270186,district,date,2014-11-17,0.0,0.0,0.0,0.0,0.0,25.9083,77.7917,0.3504,0,non_flood,generated_negative,ERA5-Land via Open-Meteo Historical API,success,
NEG-00601,1984-11-23,1984,Tamil Nadu,"Thiruvallur, Chennai, Krishnagiri, Tiruvannamalai, Dharmapuri, Salem, Erode, The",13.2537619,80.0562572,district,date,1984-11-22,0.0,0.0,0.0,0.0,0.0,24.1333,74.0,0.3352,0,non_flood,generated_negative,ERA5-Land via Open-Meteo Historical API,success,
NEG-00602,2000-11-28,2000,Tamil Nadu,"Chennai, Viluppuram",13.0836939,80.270186,district,date,2000-11-27,0.0,0.0,0.0,0.0,0.0,25.9375,71.8333,0.2226,0,non_flood,generated_negative,ERA5-Land via Open-Meteo Historical API,success,
NEG-00603,2009-12-01,2009,Tamil Nadu,"Thiruvallur, Chennai, Krishnagiri, Tiruvannamalai, Dharmapuri, Salem, Erode, The",13.2537619,80.0562572,district,date,2009-11-30,0.0,0.0,0.0,0.0,0.0,25.55,71.125,0.3155,0,non_flood,generated_negative,ERA5-Land via Open-Meteo Historical API,success,
NEG-00604,1970-12-08,1970,Tamil Nadu,"Thiruvallur, Chennai, Krishnagiri, Tiruvannamalai, Dharmapuri, Salem, Erode, The",13.2537619,80.0562572,district,date,1970-12-07,0.0,0.0,0.0,0.0,0.0,23.6125,68.7083,0.24,0,non_flood,generated_negative,ERA5-Land via Open-Meteo Historical API,success,
NEG-00605,1969-07-26,1969,Uttarakhand,Parts of Uttar Kashiakhand,30.0417376,79.089691,district,date,1969-07-25,1.0,2.7,7.0,12.2,22.3,17.7042,94.625,0.4665,0,non_flood,generated_negative,ERA5-Land via Open-Meteo Historical API,success,
NEG-00606,2004-04-14,2004,Kerala,Kannur,11.8763836,75.3737973,district,date,2004-04-13,0.0,0.0,0.0,3.6,4.8,28.0792,82.0417,0.181,0,non_flood,generated_negative,ERA5-Land via Open-Meteo Historical API,success,
NEG-00607,1996-05-31,1996,Kerala,Kozhikode,11.2450558,75.7754716,district,date,1996-05-30,0.0,0.0,4.9,5.7,8.5,27.8083,81.625,0.2199,0,non_flood,generated_negative,ERA5-Land via Open-Meteo Historical API,success,
NEG-00608,1977-06-07,1977,Kerala,"Idukki, Kottayam, Thiruvananthapuram, Wayanad",9.8154785,76.9991599,district,date,1977-06-06,0.0,0.0,0.3,1.1,1.9,23.425,87.375,0.4785,0,non_flood,generated_negative,ERA5-Land via Open-Meteo Historical API,success,
NEG-00609,1979-06-10,1979,Kerala,"Idukki, Kannur, Kollam, Pathanamthitta, Thiruvananthapuram, Wayanad",9.8154785,76.9991599,district,date,1979-06-09,0.0,0.0,0.0,0.0,0.6,23.5083,86.125,0.4806,0,non_flood,generated_negative,ERA5-Land via Open-Meteo Historical API,success,
NEG-00610,1975-06-16,1975,Kerala,"Alappuzha, Ernakulam, Idukki, Kollam, Kottayam, Malappuram, Thrissur, Thiruvanan",9.5003416,76.4123364,district,date,1975-06-15,1.0,1.6,5.1,7.3,24.8,25.0042,92.5833,0.3715,0,non_flood,generated_negative,ERA5-Land via Open-Meteo Historical API,success,
NEG-00611,1993-06-26,1993,Kerala,"Kasaragod, Malappuram, Wayanad",12.4221964,75.1904446,district,date,1993-06-25,0.0,0.0,1.0,5.8,8.0,25.7917,90.375,0.4991,0,non_flood,generated_negative,ERA5-Land via Open-Meteo Historical API,success,
NEG-00612,1994-07-02,1994,Kerala,Wayanad,11.7151291,76.1271185,district,date,1994-07-01,0.0,0.0,0.0,0.1,2.7,21.5333,90.7083,0.4888,0,non_flood,generated_negative,ERA5-Land via Open-Meteo Historical API,success,
NEG-00613,2001-07-10,2001,Kerala,"Idukki, Kasaragod, Wayanad",9.8154785,76.9991599,district,date,2001-07-09,0.6,2.5,7.1,14.9,37.4,20.1292,98.375,0.4693,0,non_flood,generated_negative,ERA5-Land via Open-Meteo Historical API,success,
NEG-00614,2020-09-18,2020,Kerala,Kozhikode,11.2450558,75.7754716,district,date,2020-09-17,0.6,2.4,4.1,6.6,9.5,25.5375,91.625,0.2967,0,non_flood,generated_negative,ERA5-Land via Open-Meteo Historical API,success,
NEG-00615,1976-06-11,1976,Tamil Nadu,Kanniyakumariumari,11.3323723,78.6098639,district,date,1976-06-10,0.0,0.0,0.0,0.0,0.3,27.1083,54.75,0.1309,0,non_flood,generated_negative,ERA5-Land via Open-Meteo Historical API,success,
NEG-00616,1990-07-26,1990,Tamil Nadu,Krishnagiri,12.5152075,78.0093769,district,date,1990-07-25,0.0,0.0,0.0,0.0,0.0,25.0375,64.375,0.2455,0,non_flood,generated_negative,ERA5-Land via Open-Meteo Historical API,success,
NEG-00617,1996-05-08,1996,Uttarakhand,Chamoli,30.4985956,79.6190537,district,date,1996-05-07,0.0,0.0,0.0,0.0,0.0,12.3208,59.2083,0.3964,0,non_flood,generated_negative,ERA5-Land via Open-Meteo Historical API,success,
NEG-00618,1970-05-22,1970,Uttarakhand,Dehradun,30.3255646,78.0436813,district,date,1970-05-21,0.0,0.0,0.0,0.9,5.3,25.0958,71.3333,0.2088,0,non_flood,generated_negative,ERA5-Land via Open-Meteo Historical API,success,
NEG-00619,1995-05-28,1995,Uttarakhand,"Tehri Garhwal,Uttar Kashi Kashi",30.4658181,78.4837349,district,date,1995-05-27,0.0,0.0,0.0,0.0,0.0,23.0167,31.5417,0.1536,0,non_flood,generated_negative,ERA5-Land via Open-Meteo Historical API,success,
NEG-00620,1973-07-03,1973,Uttarakhand,"Chamoli, Pithoragarh",30.4985956,79.6190537,district,date,1973-07-02,0.1,0.2,1.6,2.4,7.6,19.5167,93.375,0.4147,0,non_flood,generated_negative,ERA5-Land via Open-Meteo Historical API,success,
NEG-00621,2014-07-16,2014,Uttarakhand,"Dehradun, Nainital, Tehri Garhwal, Uttar Kashi Kashi",30.3255646,78.0436813,district,date,2014-07-15,0.7,1.6,2.7,3.4,3.9,26.1375,84.5417,0.3882,0,non_flood,generated_negative,ERA5-Land via Open-Meteo Historical API,success,
NEG-00622,2018-07-21,2018,Uttarakhand,Dehradun,30.3255646,78.0436813,district,date,2018-07-20,0.0,0.0,0.0,0.0,3.3,27.0833,82.7083,0.3897,0,non_flood,generated_negative,ERA5-Land via Open-Meteo Historical API,success,
NEG-00623,1980-03-15,1980,Kerala,Alappuzha,9.5003416,76.4123364,district,date,1980-03-14,0.1,0.4,0.4,0.4,0.4,29.0375,66.5,0.0783,0,non_flood,generated_negative,ERA5-Land via Open-Meteo Historical API,success,
NEG-00624,1995-03-06,1995,Kerala,Thiruvananthapuram,8.4882267,76.947551,district,date,1995-03-05,0.0,0.0,0.0,0.2,2.8,26.1833,79.7083,0.0768,0,non_flood,generated_negative,ERA5-Land via Open-Meteo Historical API,success,
NEG-00625,1978-05-06,1978,Kerala,Thiruvananthapuram,8.4882267,76.947551,district,date,1978-05-05,0.0,0.0,0.0,0.0,10.8,27.2167,82.75,0.2335,0,non_flood,generated_negative,ERA5-Land via Open-Meteo Historical API,success,
NEG-00626,2020-04-08,2020,Kerala,Pathanamthitta,9.2780841,76.9737443,district,date,2020-04-07,0.0,0.0,0.0,7.4,15.5,24.4833,89.2083,0.4743,0,non_flood,generated_negative,ERA5-Land via Open-Meteo Historical API,success,
NEG-00627,1983-06-08,1983,Kerala,Idukki,9.8154785,76.9991599,district,date,1983-06-07,0.0,0.0,0.0,0.5,5.7,21.6583,94.0,0.4883,0,non_flood,generated_negative,ERA5-Land via Open-Meteo Historical API,success,
NEG-00628,1987-08-28,1987,Kerala,Wayanad,11.7151291,76.1271185,district,date,1987-08-27,0.0,0.0,0.0,0.1,4.2,21.5417,94.625,0.4695,0,non_flood,generated_negative,ERA5-Land via Open-Meteo Historical API,success,
NEG-00629,1981-05-09,1981,Kerala,"Thiruvananthapuram, Wayanad",8.4882267,76.947551,district,date,1981-05-08,0.2,0.2,0.7,4.2,5.6,26.8542,84.7917,0.195,0,non_flood,generated_negative,ERA5-Land via Open-Meteo Historical API,success,
NEG-00630,2018-08-09,2018,Kerala,"Idukki, Kozhikode,  Thiruvananthapuram",9.8154785,76.9991599,district,date,2018-08-08,4.3,12.0,22.4,42.9,77.2,20.3917,98.3333,0.5138,0,non_flood,generated_negative,ERA5-Land via Open-Meteo Historical API,success,
NEG-00631,1992-09-17,1992,Kerala,"Idukki, Kottayam,  Thiruvananthapuram",9.8154785,76.9991599,district,date,1992-09-16,0.0,0.0,0.0,0.5,3.3,21.0125,90.0,0.4844,0,non_flood,generated_negative,ERA5-Land via Open-Meteo Historical API,success,
NEG-00632,1969-09-18,1969,Kerala,"Idukki, Kottayam, Kozhikode,  Thiruvananthapuram, Thrissur, Wayanad",9.8154785,76.9991599,district,date,1969-09-17,0.0,0.0,0.0,0.1,1.5,20.8792,86.25,0.4585,0,non_flood,generated_negative,ERA5-Land via Open-Meteo Historical API,success,
NEG-00633,2014-10-22,2014,Kerala,Thiruvananthapuram,8.4882267,76.947551,district,date,2014-10-21,1.0,1.6,4.1,7.1,17.5,25.2958,87.0833,0.3062,0,non_flood,generated_negative,ERA5-Land via Open-Meteo Historical API,success,
NEG-00634,1988-02-11,1988,Kerala,Thiruvananthapuram,8.4882267,76.947551,district,date,1988-02-10,0.0,0.0,0.0,0.0,0.0,25.9667,76.375,0.0637,0,non_flood,generated_negative,ERA5-Land via Open-Meteo Historical API,success,
NEG-00635,1998-05-11,1998,Kerala,"Kozhikode,  Thiruvananthapuram",11.2450558,75.7754716,district,date,1998-05-10,0.0,0.2,0.7,2.1,3.6,28.7958,81.125,0.2457,0,non_flood,generated_negative,ERA5-Land via Open-Meteo Historical API,success,
NEG-00636,2016-05-28,2016,Tamil Nadu,Vellore,12.9021849,79.061104,district,date,2016-05-27,0.0,0.0,0.4,2.2,3.8,30.6333,61.625,0.2111,0,non_flood,generated_negative,ERA5-Land via Open-Meteo Historical API,success,
NEG-00637,2021-01-09,2021,Tamil Nadu,Thiruvallur,13.2537619,80.0562572,district,date,2021-01-08,0.0,0.0,0.0,1.1,8.5,24.9,89.75,0.4122,0,non_flood,generated_negative,ERA5-Land via Open-Meteo Historical API,success,
NEG-00638,1985-06-09,1985,Tamil Nadu,"Coimbatore, Nagapattinam, Tiruppur",11.0018115,76.9628425,district,date,1985-06-08,0.0,0.0,0.0,0.0,2.0,24.2333,81.0,0.2122,0,non_flood,generated_negative,ERA5-Land via Open-Meteo Historical API,success,
NEG-00639,1974-04-10,1974,Tamil Nadu,Krishnagiri,12.5152075,78.0093769,district,date,1974-04-09,0.0,0.0,0.0,0.0,0.0,27.4708,55.25,0.1828,0,non_flood,generated_negative,ERA5-Land via Open-Meteo Historical API,success,
NEG-00640,1978-12-10,1978,Tamil Nadu,Vellore,12.9021849,79.061104,district,date,1978-12-09,0.0,0.0,0.0,0.0,1.1,23.3792,85.8333,0.2765,0,non_flood,generated_negative,ERA5-Land via Open-Meteo Historical API,success,
NEG-00641,1993-02-11,1993,Tamil Nadu,"Chennai, Cuddalore, Kanniyakumariumari, Karaikal, Nagarkoil, Tirunelveli",13.0836939,80.270186,district,date,1993-02-10,0.0,0.0,0.0,0.0,0.0,23.6333,66.25,0.1272,0,non_flood,generated_negative,ERA5-Land via Open-Meteo Historical API,success,
NEG-00642,1998-05-20,1998,Uttarakhand,Chamoli,30.4985956,79.6190537,district,date,1998-05-19,0.0,0.0,0.0,0.8,6.2,14.9167,86.5833,0.3961,0,non_flood,generated_negative,ERA5-Land via Open-Meteo Historical API,success,
NEG-00643,1992-08-13,1992,Uttarakhand,Pithoragarh,29.585871,80.215167,district,date,1992-08-12,0.0,1.8,1.8,1.9,2.7,20.8208,84.2917,0.4547,0,non_flood,generated_negative,ERA5-Land via Open-Meteo Historical API,success,
NEG-00644,2001-03-18,2001,Kerala,Thiruvananthapuram,8.4882267,76.947551,district,date,2001-03-17,0.0,0.0,0.0,2.3,9.6,26.7333,82.8333,0.1238,0,non_flood,generated_negative,ERA5-Land via Open-Meteo Historical API,success,
NEG-00645,2023-04-22,2023,Kerala,Wayanad,11.7151291,76.1271185,district,date,2023-04-21,0.0,0.0,0.0,0.0,3.1,24.5417,81.75,0.3504,0,non_flood,generated_negative,ERA5-Land via Open-Meteo Historical API,success,
NEG-00646,1968-05-13,1968,Kerala,Thiruvananthapuram,8.4882267,76.947551,district,date,1968-05-12,0.0,0.0,0.0,0.0,0.2,26.8667,77.3333,0.0952,0,non_flood,generated_negative,ERA5-Land via Open-Meteo Historical API,success,
NEG-00647,1996-05-16,1996,Kerala,Thiruvananthapuram,8.4882267,76.947551,district,date,1996-05-15,0.0,0.0,0.0,0.0,0.0,28.1917,72.7083,0.0601,0,non_flood,generated_negative,ERA5-Land via Open-Meteo Historical API,success,
NEG-00648,1975-05-21,1975,Kerala,Thiruvananthapuram,8.4882267,76.947551,district,date,1975-05-20,0.0,0.1,0.2,1.6,8.1,25.7042,89.2083,0.2911,0,non_flood,generated_negative,ERA5-Land via Open-Meteo Historical API,success,
NEG-00649,2003-05-29,2003,Kerala,"Alappuzha, Ernakulam, Idukki, Kannur, Kasaragod, Kollam, Kottayam, Kozhikode, Ma",9.5003416,76.4123364,district,date,2003-05-28,0.7,0.7,0.7,1.2,11.7,27.4708,87.25,0.3307,0,non_flood,generated_negative,ERA5-Land via Open-Meteo Historical API,success,
NEG-00650,2008-01-08,2008,Kerala,"Alappuzha, Ernakulam, Idukki, Kannur, Kasaragod, Kollam, Kottayam, Kozhikode, Ma",9.5003416,76.4123364,district,date,2008-01-07,0.0,0.0,0.0,0.0,0.0,26.675,69.9583,0.0907,0,non_flood,generated_negative,ERA5-Land via Open-Meteo Historical API,success,
NEG-00651,2012-10-21,2012,Kerala,Malappuram,11.1065685,76.1101742,district,date,2012-10-20,0.0,0.0,0.0,1.8,21.4,23.9083,92.5833,0.4652,0,non_flood,generated_negative,ERA5-Land via Open-Meteo Historical API,success,
NEG-00652,2014-11-16,2014,Kerala,"Alappuzha, Idukki",9.5003416,76.4123364,district,date,2014-11-15,0.0,0.0,0.0,0.0,4.8,26.5875,88.0833,0.3361,0,non_flood,generated_negative,ERA5-Land via Open-Meteo Historical API,success,
NEG-00653,1991-11-17,1991,Kerala,Alappuzha,9.5003416,76.4123364,district,date,1991-11-16,0.0,0.0,0.0,0.3,4.5,25.7667,88.75,0.3066,0,non_flood,generated_negative,ERA5-Land via Open-Meteo Historical API,success,
NEG-00654,1975-12-28,1975,Kerala,Wayanad,11.7151291,76.1271185,district,date,1975-12-27,0.0,0.0,0.0,0.0,0.0,20.5667,64.3333,0.2683,0,non_flood,generated_negative,ERA5-Land via Open-Meteo Historical API,success,
NEG-00655,1986-03-14,1986,Tamil Nadu,"Chennai, Thoothukkudi",13.0836939,80.270186,district,date,1986-03-13,0.0,0.0,0.0,0.0,0.0,26.6083,79.7083,0.1833,0,non_flood,generated_negative,ERA5-Land via Open-Meteo Historical API,success,
NEG-00656,2021-05-20,2021,Tamil Nadu,Salem,11.6469616,78.2106958,district,date,2021-05-19,0.1,0.4,1.0,1.5,1.6,29.025,66.2917,0.1695,0,non_flood,generated_negative,ERA5-Land via Open-Meteo Historical API,success,
NEG-00657,2012-09-15,2012,Tamil Nadu,Sivaganga,9.8486881,78.4870461,district,date,2012-09-14,0.0,0.0,0.0,2.4,5.8,29.4333,64.25,0.2403,0,non_flood,generated_negative,ERA5-Land via Open-Meteo Historical API,success,
NEG-00658,2023-11-22,2023,Tamil Nadu,Viluppuram,12.1166967,79.5989236,district,date,2023-11-21,0.1,0.3,0.5,0.7,6.3,26.2417,87.125,0.3975,0,non_flood,generated_negative,ERA5-Land via Open-Meteo Historical API,success,
NEG-00659,2017-11-24,2017,Tamil Nadu,Thanjavur,10.659037,79.2014278,district,date,2017-11-23,0.0,0.0,0.0,0.0,0.0,26.3333,79.5417,0.3388,0,non_flood,generated_negative,ERA5-Land via Open-Meteo Historical API,success,
NEG-00660,2020-11-07,2020,Uttarakhand,Dehradun,30.3255646,78.0436813,district,date,2020-11-06,0.0,0.0,0.0,0.0,0.0,19.9042,51.4583,0.312,0,non_flood,generated_negative,ERA5-Land via Open-Meteo Historical API,success,
NEG-00661,1988-08-30,1988,Uttarakhand,Tehri Garhwal,30.4658181,78.4837349,district,date,1988-08-29,0.0,0.0,0.0,0.0,0.0,20.2958,78.0833,0.4183,0,non_flood,generated_negative,ERA5-Land via Open-Meteo Historical API,success,
NEG-00662,1987-04-19,1987,Kerala,Wayanad,11.7151291,76.1271185,district,date,1987-04-18,0.0,0.0,0.0,0.0,0.0,27.7833,64.4583,0.2746,0,non_flood,generated_negative,ERA5-Land via Open-Meteo Historical API,success,
NEG-00663,2007-04-24,2007,Kerala,"Malappuram, Thiruvananthapuram, Wayanad",11.1065685,76.1101742,district,date,2007-04-23,0.0,0.0,3.2,3.2,4.4,27.825,80.8333,0.4579,0,non_flood,generated_negative,ERA5-Land via Open-Meteo Historical API,success,
NEG-00664,1994-04-28,1994,Kerala,"Thiruvananthapuram, Wayanad",8.4882267,76.947551,district,date,1994-04-27,0.0,0.0,0.0,1.9,3.6,27.3833,84.0833,0.173,0,non_flood,generated_negative,ERA5-Land via Open-Meteo Historical API,success,
NEG-00665,1969-05-16,1969,Kerala,Wayanad,11.7151291,76.1271185,district,date,1969-05-15,0.0,0.1,1.4,3.3,13.8,22.6875,92.6667,0.4784,0,non_flood,generated_negative,ERA5-Land via Open-Meteo Historical API,success,
NEG-00666,1998-05-19,1998,Kerala,Wayanad,11.7151291,76.1271185,district,date,1998-05-18,0.0,0.0,0.0,0.0,1.1,24.8458,89.5833,0.472,0,non_flood,generated_negative,ERA5-Land via Open-Meteo Historical API,success,
NEG-00667,2006-05-24,2006,Kerala,Thiruvananthapuram,8.4882267,76.947551,district,date,2006-05-23,0.2,0.7,3.2,6.5,9.9,25.4125,88.1667,0.2641,0,non_flood,generated_negative,ERA5-Land via Open-Meteo Historical API,success,
NEG-00668,1992-09-06,1992,Kerala,Thiruvananthapuram,8.4882267,76.947551,district,date,1992-09-05,0.0,0.0,0.4,0.5,2.9,24.4042,86.9167,0.2438,0,non_flood,generated_negative,ERA5-Land via Open-Meteo Historical API,success,
NEG-00669,1970-12-06,1970,Kerala,"Ernakulam, Malappuram",9.9837257,76.2740001,district,date,1970-12-05,0.0,0.0,0.0,0.0,0.0,24.6167,73.7917,0.2763,0,non_flood,generated_negative,ERA5-Land via Open-Meteo Historical API,success,
NEG-00670,1987-06-14,1987,Kerala,"Malappuram , Wayanad",11.1065685,76.1101742,district,date,1987-06-13,0.2,1.0,1.6,5.2,9.9,25.2083,88.375,0.477,0,non_flood,generated_negative,ERA5-Land via Open-Meteo Historical API,success,
NEG-00671,2011-06-20,2011,Kerala,"Kannur, Kasaragod",11.8763836,75.3737973,district,date,2011-06-19,0.3,0.8,1.5,2.7,5.8,26.4542,86.8333,0.3059,0,non_flood,generated_negative,ERA5-Land via Open-Meteo Historical API,success,
NEG-00672,2011-10-07,2011,Kerala,Kottayam,9.6287383,76.6455326,district,date,2011-10-06,0.0,0.0,0.0,0.0,0.2,26.1208,81.5,0.366,0,non_flood,generated_negative,ERA5-Land via Open-Meteo Historical API,success,
NEG-00673,1984-07-18,1984,Kerala,"Alappuzha , Ernakulam, Idukki, Kannur, Kasaragod, Kollam, Kottayam, Kozhikode, P",9.5003416,76.4123364,district,date,1984-07-17,1.3,2.4,3.4,5.3,11.0,24.9917,89.1667,0.3565,0,non_flood,generated_negative,ERA5-Land via Open-Meteo Historical API,success,
NEG-00674,1992-07-28,1992,Kerala,Idukki,9.8154785,76.9991599,district,date,1992-07-27,1.7,4.9,9.7,25.2,53.4,19.7583,98.9583,0.478,0,non_flood,generated_negative,ERA5-Land via Open-Meteo Historical API,success,
NEG-00675,1986-04-08,1986,Kerala,Wayanad,11.7151291,76.1271185,district,date,1986-04-07,0.0,0.0,0.0,0.0,0.0,25.75,79.0833,0.3292,0,non_flood,generated_negative,ERA5-Land via Open-Meteo Historical API,success,
NEG-00676,1975-07-08,1975,Kerala,Thiruvananthapuram,8.4882267,76.947551,district,date,1975-07-07,0.3,1.0,1.9,6.6,8.3,24.5958,87.875,0.2172,0,non_flood,generated_negative,ERA5-Land via Open-Meteo Historical API,success,
NEG-00677,2009-08-08,2009,Kerala,"Ernakulam, Idukki, Kannur, Kasaragod, Kozhikode, Malappuram, Palakkad, Thiruvana",9.9837257,76.2740001,district,date,2009-08-07,0.0,0.0,0.7,2.0,3.3,25.8917,88.0833,0.4208,0,non_flood,generated_negative,ERA5-Land via Open-Meteo Historical API,success,
NEG-00678,2021-09-08,2021,Kerala,"Ernakulam, Idukki, Kannur, Malappuram, Palakkad, Thiruvananthapuram, Thrissur, W",9.9837257,76.2740001,district,date,2021-09-07,0.7,2.0,3.2,4.9,12.0,25.3542,91.5,0.4268,0,non_flood,generated_negative,ERA5-Land via Open-Meteo Historical API,success,
NEG-00679,1982-10-08,1982,Kerala,"Alappuzha, Ernakulam, Idukki, Kannur, Kasaragod, Kollam, Kottayam, Kozhikode, Ma",9.5003416,76.4123364,district,date,1982-10-07,0.8,2.7,4.1,8.7,11.0,25.6708,89.5417,0.2606,0,non_flood,generated_negative,ERA5-Land via Open-Meteo Historical API,success,
NEG-00680,1994-11-08,1994,Kerala,"Alappuzha, Idukki, Kollam, Malappuram, Thiruvananthapuram, Wayanad",9.5003416,76.4123364,district,date,1994-11-07,0.0,0.1,0.2,4.9,11.9,25.9875,88.625,0.3408,0,non_flood,generated_negative,ERA5-Land via Open-Meteo Historical API,success,
NEG-00681,1970-08-19,1970,Kerala,"Alappuzha, Thiruvananthapuram, Wayanad",9.5003416,76.4123364,district,date,1970-08-18,0.5,1.4,3.4,10.0,26.2,24.8458,92.125,0.3741,0,non_flood,generated_negative,ERA5-Land via Open-Meteo Historical API,success,
NEG-00682,2010-08-22,2010,Kerala,Wayanad,11.7151291,76.1271185,district,date,2010-08-21,0.2,0.6,1.8,4.7,14.6,21.1,95.7083,0.4654,0,non_flood,generated_negative,ERA5-Land via Open-Meteo Historical API,success,
NEG-00683,1985-03-09,1985,Kerala,Wayanad,11.7151291,76.1271185,district,date,1985-03-08,0.0,0.0,0.0,0.0,0.0,26.7875,61.875,0.2773,0,non_flood,generated_negative,ERA5-Land via Open-Meteo Historical API,success,
NEG-00684,1995-12-09,1995,Kerala,Malappuram,11.1065685,76.1101742,district,date,1995-12-08,0.0,0.0,0.0,0.0,0.0,25.075,72.375,0.3254,0,non_flood,generated_negative,ERA5-Land via Open-Meteo Historical API,success,
NEG-00685,1972-09-26,1972,Kerala,Thiruvananthapuram,8.4882267,76.947551,district,date,1972-09-25,0.0,0.0,0.0,0.4,11.5,24.5917,89.0417,0.3052,0,non_flood,generated_negative,ERA5-Land via Open-Meteo Historical API,success,
NEG-00686,2023-10-17,2023,Kerala,Thiruvananthapuram,8.4882267,76.947551,district,date,2023-10-16,0.1,0.6,0.9,0.9,2.8,26.0917,87.25,0.277,0,non_flood,generated_negative,ERA5-Land via Open-Meteo Historical API,success,
NEG-00687,2013-10-21,2013,Kerala,"Alappuzha, Ernakulam, Idukki, Kannur, Kasaragod, Kollam, Kottayam, Kozhikode, Ma",9.5003416,76.4123364,district,date,2013-10-20,0.9,2.7,5.6,10.8,25.9,24.1417,94.4167,0.3772,0,non_flood,generated_negative,ERA5-Land via Open-Meteo Historical API,success,
NEG-00688,1969-10-22,1969,Kerala,Thiruvananthapuram,8.4882267,76.947551,district,date,1969-10-21,0.9,1.9,2.5,2.7,3.0,25.7292,84.5417,0.2579,0,non_flood,generated_negative,ERA5-Land via Open-Meteo Historical API,success,
NEG-00689,2023-10-30,2023,Kerala,Thiruvananthapuram,8.4882267,76.947551,district,date,2023-10-29,0.0,2.2,2.3,2.4,31.4,25.7417,89.4583,0.315,0,non_flood,generated_negative,ERA5-Land via Open-Meteo Historical API,success,
NEG-00690,1973-01-11,1973,Kerala,"Alappuzha, Idukki, Thiruvananthapuram",9.5003416,76.4123364,district,date,1973-01-10,0.0,0.0,0.0,0.0,0.0,26.4292,76.3333,0.0807,0,non_flood,generated_negative,ERA5-Land via Open-Meteo Historical API,success,
NEG-00691,1973-10-11,1973,Kerala,Wayanad,11.7151291,76.1271185,district,date,1973-10-10,0.0,0.0,0.0,0.0,1.0,21.7167,89.4583,0.3924,0,non_flood,generated_negative,ERA5-Land via Open-Meteo Historical API,success,
NEG-00692,2018-11-11,2018,Kerala,Thiruvananthapuram,8.4882267,76.947551,district,date,2018-11-10,0.0,0.0,1.1,1.8,4.8,26.2875,86.0833,0.2883,0,non_flood,generated_negative,ERA5-Land via Open-Meteo Historical API,success,
NEG-00693,2006-11-20,2006,Kerala,"Kannur, Malappuram, Thiruvananthapuram",11.8763836,75.3737973,district,date,2006-11-19,0.0,0.1,2.1,3.5,3.9,26.5292,84.125,0.2815,0,non_flood,generated_negative,ERA5-Land via Open-Meteo Historical API,success,
NEG-00694,1996-03-12,1996,Kerala,Wayanad,11.7151291,76.1271185,district,date,1996-03-11,0.0,0.0,0.0,0.0,0.0,26.0667,58.625,0.2663,0,non_flood,generated_negative,ERA5-Land via Open-Meteo Historical API,success,
NEG-00695,2005-01-05,2005,Tamil Nadu,Coimbatore,11.0018115,76.9628425,district,date,2005-01-04,0.0,0.0,0.0,0.0,0.0,24.1125,62.5833,0.1516,0,non_flood,generated_negative,ERA5-Land via Open-Meteo Historical API,success,
NEG-00696,1975-11-30,1975,Tamil Nadu,Thanjavur,10.659037,79.2014278,district,date,1975-11-29,0.0,0.0,0.0,0.0,0.0,24.8875,74.25,0.3471,0,non_flood,generated_negative,ERA5-Land via Open-Meteo Historical API,success,
NEG-00697,1997-01-12,1997,Tamil Nadu,Tirunelveli,8.5495014,77.5805178,district,date,1997-01-11,0.0,0.0,0.0,0.0,1.3,25.6333,76.125,0.1736,0,non_flood,generated_negative,ERA5-Land via Open-Meteo Historical API,success,
NEG-00698,1970-02-12,1970,Tamil Nadu,"Chennai, Coimbatore, Cuddalore, Thoothukkudi, Tirunelveli",13.0836939,80.270186,district,date,1970-02-11,0.0,0.0,0.0,0.0,0.0,24.8208,75.5417,0.1468,0,non_flood,generated_negative,ERA5-Land via Open-Meteo Historical API,success,
NEG-00699,2002-02-06,2002,Uttarakhand,"Almora, Chamoli",29.702651,79.4326318,district,date,2002-02-05,0.2,0.7,1.0,2.0,2.1,10.65,64.875,0.3396,0,non_flood,generated_negative,ERA5-Land via Open-Meteo Historical API,success,
NEG-00700,2011-06-21,2011,Uttarakhand,Uttar Kashi Kashi,30.0417376,79.089691,district,date,2011-06-20,0.0,0.0,0.0,0.8,4.9,19.0417,83.5417,0.4902,0,non_flood,generated_negative,ERA5-Land via Open-Meteo Historical API,success,
NEG-00701,2007-06-23,2007,Uttarakhand,Garhwal,30.25,79.333333,district,date,2007-06-22,0.3,0.4,0.6,0.6,0.9,18.0875,68.9583,0.3303,0,non_flood,generated_negative,ERA5-Land via Open-Meteo Historical API,success,
NEG-00702,1982-04-07,1982,Uttarakhand,Rudra Prayag,30.0417376,79.089691,district,date,1982-04-06,2.1,4.3,9.0,14.6,24.6,9.4667,84.875,0.4838,0,non_flood,generated_negative,ERA5-Land via Open-Meteo Historical API,success,
NEG-00703,1977-06-08,1977,Uttarakhand,"Chamoli, Garhwal, Uttar Kashi Kashi",30.4985956,79.6190537,district,date,1977-06-07,0.0,0.0,0.0,3.2,8.0,16.775,87.0,0.3899,0,non_flood,generated_negative,ERA5-Land via Open-Meteo Historical API,success,
NEG-00704,2004-08-08,2004,Uttarakhand,"Chamoli, Garhwal, Rudra Prayag, Tehri Garhwal",30.4985956,79.6190537,district,date,2004-08-07,0.5,3.1,7.8,9.0,12.3,19.9917,93.4583,0.422,0,non_flood,generated_negative,ERA5-Land via Open-Meteo Historical API,success,
NEG-00705,1988-12-08,1988,Uttarakhand,"Bageshwar, Chamoli",30.0087902,79.9280183,district,date,1988-12-07,0.0,0.0,0.0,0.0,0.0,11.6208,51.2917,0.2426,0,non_flood,generated_negative,ERA5-Land via Open-Meteo Historical API,success,
NEG-00706,2021-08-18,2021,Uttarakhand,"Dehradun, Garhwal, Tehri Garhwal, Uttar Kashi Kashi",30.3255646,78.0436813,district,date,2021-08-17,0.0,0.0,0.0,0.0,0.0,26.9625,78.4167,0.3364,0,non_flood,generated_negative,ERA5-Land via Open-Meteo Historical API,success,
NEG-00707,2002-02-09,2002,Uttarakhand,Almora,29.702651,79.4326318,district,date,2002-02-08,0.5,2.0,4.6,7.2,11.2,9.9083,84.4583,0.4883,0,non_flood,generated_negative,ERA5-Land via Open-Meteo Historical API,success,
NEG-00708,1990-06-09,1990,Uttarakhand,"Chamoli, Pithoragarh",30.4985956,79.6190537,district,date,1990-06-08,0.0,0.0,0.0,0.4,3.5,16.9458,86.75,0.3468,0,non_flood,generated_negative,ERA5-Land via Open-Meteo Historical API,success,
NEG-00709,1989-09-27,1989,Uttarakhand,Dehradun,30.3255646,78.0436813,district,date,1989-09-26,0.0,0.0,0.0,0.0,1.3,22.0333,78.9583,0.3295,0,non_flood,generated_negative,ERA5-Land via Open-Meteo Historical API,success,
NEG-00710,1978-02-01,1978,Kerala,"Malappuram, Thiruvananthapuram",11.1065685,76.1101742,district,date,1978-01-31,0.0,0.1,0.1,0.1,0.5,26.0,67.4583,0.2588,0,non_flood,generated_negative,ERA5-Land via Open-Meteo Historical API,success,
NEG-00711,2023-04-24,2023,Kerala,Thiruvananthapuram,8.4882267,76.947551,district,date,2023-04-23,0.0,0.0,0.0,0.0,1.0,29.3417,75.5833,0.0526,0,non_flood,generated_negative,ERA5-Land via Open-Meteo Historical API,success,
NEG-00712,1976-03-05,1976,Kerala,Pathanamthitta,9.2780841,76.9737443,district,date,1976-03-04,3.3,12.3,18.4,19.9,24.8,22.15,85.7917,0.4791,0,non_flood,generated_negative,ERA5-Land via Open-Meteo Historical API,success,
NEG-00713,1981-07-05,1981,Kerala,Thiruvananthapuram,8.4882267,76.947551,district,date,1981-07-04,0.0,0.0,0.0,0.0,0.0,25.9333,83.3333,0.1537,0,non_flood,generated_negative,ERA5-Land via Open-Meteo Historical API,success,
NEG-00714,2008-05-16,2008,Kerala,Thiruvananthapuram,8.4882267,76.947551,district,date,2008-05-15,0.0,0.0,0.0,0.0,1.1,26.6917,80.6667,0.2352,0,non_flood,generated_negative,ERA5-Land via Open-Meteo Historical API,success,
NEG-00715,2011-05-22,2011,Kerala,Thiruvananthapuram,8.4882267,76.947551,district,date,2011-05-21,0.3,0.4,1.3,6.6,9.6,25.8583,86.7917,0.2281,0,non_flood,generated_negative,ERA5-Land via Open-Meteo Historical API,success,
NEG-00716,2004-02-06,2004,Kerala,Thiruvananthapuram,8.4882267,76.947551,district,date,2004-02-05,0.0,0.0,0.0,0.0,0.0,26.4292,77.6667,0.0894,0,non_flood,generated_negative,ERA5-Land via Open-Meteo Historical API,success,
NEG-00717,2013-03-07,2013,Kerala,Kozhikode,11.2450558,75.7754716,district,date,2013-03-06,0.0,0.0,0.6,0.6,0.7,28.5208,74.3333,0.0936,0,non_flood,generated_negative,ERA5-Land via Open-Meteo Historical API,success,
NEG-00718,1988-05-08,1988,Kerala,Wayanad,11.7151291,76.1271185,district,date,1988-05-07,0.0,0.0,0.0,0.0,0.0,26.2042,85.2917,0.4657,0,non_flood,generated_negative,ERA5-Land via Open-Meteo Historical API,success,
NEG-00719,1993-06-08,1993,Kerala,Idukki,9.8154785,76.9991599,district,date,1993-06-07,0.6,2.3,4.4,10.0,20.1,20.9542,96.5833,0.4721,0,non_flood,generated_negative,ERA5-Land via Open-Meteo Historical API,success,
NEG-00720,1977-06-08,1977,Kerala,Wayanad,11.7151291,76.1271185,district,date,1977-06-07,0.0,0.0,0.3,2.2,7.6,22.05,92.875,0.4822,0,non_flood,generated_negative,ERA5-Land via Open-Meteo Historical API,success,
NEG-00721,1990-07-08,1990,Kerala,Alappuzha,9.5003416,76.4123364,district,date,1990-07-07,1.2,2.9,8.0,30.7,58.2,24.3875,94.2917,0.3887,0,non_flood,generated_negative,ERA5-Land via Open-Meteo Historical API,success,
NEG-00722,1986-08-08,1986,Kerala,"Thiruvananthapuram, Wayanad",8.4882267,76.947551,district,date,1986-08-07,1.9,6.4,11.7,16.0,32.0,24.1708,90.7917,0.2938,0,non_flood,generated_negative,ERA5-Land via Open-Meteo Historical API,success,
NEG-00723,1991-09-08,1991,Kerala,"Alappuzha, Ernakulam, Kollam, Kottayam",9.5003416,76.4123364,district,date,1991-09-07,0.0,0.0,0.0,0.0,1.4,26.0625,85.5833,0.2213,0,non_flood,generated_negative,ERA5-Land via Open-Meteo Historical API,success,
NEG-00724,1991-10-08,1991,Kerala,"Pathanamthitta, Wayanad",9.2780841,76.9737443,district,date,1991-10-07,0.8,1.8,2.0,2.2,9.8,22.575,91.875,0.4801,0,non_flood,generated_negative,ERA5-Land via Open-Meteo Historical API,success,
NEG-00725,1993-11-08,1993,Kerala,Kozhikode,11.2450558,75.7754716,district,date,1993-11-07,0.2,0.2,0.2,0.2,1.4,26.4333,83.6667,0.2529,0,non_flood,generated_negative,ERA5-Land via Open-Meteo Historical API,success,
NEG-00726,1975-12-08,1975,Kerala,"Alappuzha, Kottayam, Pathanamthitta",9.5003416,76.4123364,district,date,1975-12-07,0.0,0.0,0.0,0.0,4.2,25.2875,87.9583,0.286,0,non_flood,generated_negative,ERA5-Land via Open-Meteo Historical API,success,
NEG-00727,2007-06-09,2007,Kerala,Alappuzha,9.5003416,76.4123364,district,date,2007-06-08,0.2,0.8,3.0,3.4,12.8,26.3333,90.0417,0.357,0,non_flood,generated_negative,ERA5-Land via Open-Meteo Historical API,success,
NEG-00728,1991-06-09,1991,Kerala,Thiruvananthapuram,8.4882267,76.947551,district,date,1991-06-08,1.5,4.2,6.8,10.4,24.6,25.8625,89.375,0.3335,0,non_flood,generated_negative,ERA5-Land via Open-Meteo Historical API,success,
NEG-00729,1998-11-09,1998,Kerala,"Malappuram, Thiruvananthapuram",11.1065685,76.1101742,district,date,1998-11-08,0.0,0.0,0.0,4.6,15.2,24.8167,88.8333,0.4824,0,non_flood,generated_negative,ERA5-Land via Open-Meteo Historical API,success,
NEG-00730,1987-09-20,1987,Kerala,"Ernakulam, Kannur, Thrissur, Wayanad",9.9837257,76.2740001,district,date,1987-09-19,0.0,0.0,0.4,2.9,13.9,25.85,89.875,0.4197,0,non_flood,generated_negative,ERA5-Land via Open-Meteo Historical API,success,
NEG-00731,1984-09-21,1984,Kerala,"Kannur, Kasaragod, Palakkad",11.8763836,75.3737973,district,date,1984-09-20,0.0,4.5,11.2,17.1,19.0,25.7667,85.2083,0.1933,0,non_flood,generated_negative,ERA5-Land via Open-Meteo Historical API,success,
NEG-00732,1982-09-22,1982,Kerala,"Kollam, Thiruvananthapuram",8.8870533,76.5906696,district,date,1982-09-21,0.0,0.0,0.0,1.0,3.8,25.5458,88.2917,0.2385,0,non_flood,generated_negative,ERA5-Land via Open-Meteo Historical API,success,
NEG-00733,2021-09-23,2021,Kerala,Thiruvananthapuram,8.4882267,76.947551,district,date,2021-09-22,0.1,0.2,1.5,1.5,1.8,26.2708,86.75,0.19,0,non_flood,generated_negative,ERA5-Land via Open-Meteo Historical API,success,
NEG-00734,1986-09-10,1986,Kerala,Thiruvananthapuram,8.4882267,76.947551,district,date,1986-09-09,0.0,0.3,0.7,1.8,4.6,24.5583,88.2083,0.1454,0,non_flood,generated_negative,ERA5-Land via Open-Meteo Historical API,success,
NEG-00735,1972-10-29,1972,Kerala,Thiruvananthapuram,8.4882267,76.947551,district,date,1972-10-28,0.4,1.0,2.1,2.3,2.6,25.2,86.4167,0.2853,0,non_flood,generated_negative,ERA5-Land via Open-Meteo Historical API,success,
NEG-00736,2013-07-15,2013,Uttarakhand,Dehradun,30.3255646,78.0436813,district,date,2013-07-14,0.2,0.9,2.2,3.0,6.2,25.4125,86.5417,0.4191,0,non_flood,generated_negative,ERA5-Land via Open-Meteo Historical API,success,
NEG-00737,2019-07-18,2019,Uttarakhand,Pithoragarh,29.585871,80.215167,district,date,2019-07-17,0.2,2.9,8.3,8.6,17.5,20.0083,90.125,0.5022,0,non_flood,generated_negative,ERA5-Land via Open-Meteo Historical API,success,
NEG-00738,1973-08-25,1973,Uttarakhand,Chamoli,30.4985956,79.6190537,district,date,1973-08-24,0.6,3.5,5.7,6.6,10.6,20.6292,89.5833,0.4133,0,non_flood,generated_negative,ERA5-Land via Open-Meteo Historical API,success,
NEG-00739,2006-01-03,2006,Kerala,Kasaragod,12.4221964,75.1904446,district,date,2006-01-02,0.0,0.0,0.0,0.0,0.0,24.5333,69.4167,0.2912,0,non_flood,generated_negative,ERA5-Land via Open-Meteo Historical API,success,
NEG-00740,1970-01-10,1970,Kerala,Wayanad,11.7151291,76.1271185,district,date,1970-01-09,0.0,0.0,0.0,0.0,0.0,22.8958,72.2917,0.3075,0,non_flood,generated_negative,ERA5-Land via Open-Meteo Historical API,success,
NEG-00741,1968-04-02,1968,Kerala,Thiruvananthapuram,8.4882267,76.947551,district,date,1968-04-01,0.0,0.0,0.0,0.6,5.5,26.7667,84.4583,0.2344,0,non_flood,generated_negative,ERA5-Land via Open-Meteo Historical API,success,
NEG-00742,2014-04-10,2014,Kerala,Kozhikode,11.2450558,75.7754716,district,date,2014-04-09,0.0,0.0,0.0,0.1,0.1,28.8958,75.6667,0.1158,0,non_flood,generated_negative,ERA5-Land via Open-Meteo Historical API,success,
NEG-00743,2018-04-11,2018,Kerala,Thiruvananthapuram,8.4882267,76.947551,district,date,2018-04-10,0.2,2.0,2.2,2.2,2.8,28.0,80.8333,0.0939,0,non_flood,generated_negative,ERA5-Land via Open-Meteo Historical API,success,
NEG-00744,1987-04-13,1987,Kerala,Ernakulam,9.9837257,76.2740001,district,date,1987-04-12,0.0,0.0,0.0,0.0,0.0,29.3708,69.0417,0.1504,0,non_flood,generated_negative,ERA5-Land via Open-Meteo Historical API,success,
NEG-00745,1989-04-18,1989,Kerala,Wayanad,11.7151291,76.1271185,district,date,1989-04-17,0.0,0.0,0.0,0.0,0.0,26.0208,78.0,0.3337,0,non_flood,generated_negative,ERA5-Land via Open-Meteo Historical API,success,
NEG-00746,2000-04-19,2000,Kerala,Kozhikode,11.2450558,75.7754716,district,date,2000-04-18,3.9,7.6,7.6,13.3,14.9,27.725,81.625,0.181,0,non_flood,generated_negative,ERA5-Land via Open-Meteo Historical API,success,
NEG-00747,1993-04-20,1993,Kerala,Wayanad,11.7151291,76.1271185,district,date,1993-04-19,0.0,0.0,0.0,0.2,4.1,24.2083,87.625,0.4389,0,non_flood,generated_negative,ERA5-Land via Open-Meteo Historical API,success,
NEG-00748,2007-04-22,2007,Kerala,Palakkad,10.7873692,76.4742172,district,date,2007-04-21,0.0,0.2,4.0,8.7,17.2,26.4917,86.375,0.4592,0,non_flood,generated_negative,ERA5-Land via Open-Meteo Historical API,success,
NEG-00749,1997-05-12,1997,Kerala,Thiruvananthapuram,8.4882267,76.947551,district,date,1997-05-11,0.0,0.0,0.0,1.4,2.6,27.4167,82.4583,0.2457,0,non_flood,generated_negative,ERA5-Land via Open-Meteo Historical API,success,
NEG-00750,2003-05-18,2003,Kerala,Thiruvananthapuram,8.4882267,76.947551,district,date,2003-05-17,0.0,0.0,0.0,1.0,3.0,27.3417,82.125,0.2153,0,non_flood,generated_negative,ERA5-Land via Open-Meteo Historical API,success,
NEG-00751,1983-05-20,1983,Kerala,Idukki,9.8154785,76.9991599,district,date,1983-05-19,0.0,0.0,0.0,0.4,124.0,22.5958,94.5,0.4693,0,non_flood,generated_negative,ERA5-Land via Open-Meteo Historical API,success,
NEG-00752,2007-05-23,2007,Kerala,Thiruvananthapuram,8.4882267,76.947551,district,date,2007-05-22,0.0,0.0,0.1,0.1,1.0,27.7417,82.2917,0.1373,0,non_flood,generated_negative,ERA5-Land via Open-Meteo Historical API,success,
NEG-00753,2011-06-05,2011,Kerala,Thiruvananthapuram,8.4882267,76.947551,district,date,2011-06-04,0.1,1.1,2.9,3.9,6.5,25.6833,89.7083,0.3031,0,non_flood,generated_negative,ERA5-Land via Open-Meteo Historical API,success,
NEG-00754,2010-06-16,2010,Kerala,Wayanad,11.7151291,76.1271185,district,date,2010-06-15,0.0,0.0,0.0,0.7,21.3,21.1917,99.4167,0.4952,0,non_flood,generated_negative,ERA5-Land via Open-Meteo Historical API,success,
NEG-00755,1994-06-21,1994,Kerala,Wayanad,11.7151291,76.1271185,district,date,1994-06-20,0.0,0.0,0.0,0.0,0.1,22.0583,88.7083,0.4855,0,non_flood,generated_negative,ERA5-Land via Open-Meteo Historical API,success,
NEG-00756,1973-07-14,1973,Kerala,Wayanad,11.7151291,76.1271185,district,date,1973-07-13,0.1,0.3,0.4,0.6,4.1,21.5083,90.75,0.496,0,non_flood,generated_negative,ERA5-Land via Open-Meteo Historical API,success,
NEG-00757,2003-07-17,2003,Kerala,Wayanad,11.7151291,76.1271185,district,date,2003-07-16,0.1,0.1,0.2,8.2,30.0,20.4375,98.875,0.489,0,non_flood,generated_negative,ERA5-Land via Open-Meteo Historical API,success,
NEG-00758,1987-07-21,1987,Kerala,Wayanad,11.7151291,76.1271185,district,date,1987-07-20,0.0,0.0,0.0,0.0,0.7,22.4417,88.0417,0.4703,0,non_flood,generated_negative,ERA5-Land via Open-Meteo Historical API,success,
NEG-00759,1974-08-03,1974,Kerala,Idukki,9.8154785,76.9991599,district,date,1974-08-02,0.5,0.9,2.0,2.4,8.7,20.4,91.75,0.4941,0,non_flood,generated_negative,ERA5-Land via Open-Meteo Historical API,success,
NEG-00760,2002-09-27,2002,Kerala,"Idukki, Thiruvananthapuram",9.8154785,76.9991599,district,date,2002-09-26,0.0,0.0,0.0,0.0,0.8,22.7292,83.2917,0.4083,0,non_flood,generated_negative,ERA5-Land via Open-Meteo Historical API,success,
NEG-00761,1974-10-02,1974,Kerala,Thrissur,10.5270099,76.214621,district,date,1974-10-01,0.0,1.2,1.3,7.4,11.1,25.2,89.25,0.4769,0,non_flood,generated_negative,ERA5-Land via Open-Meteo Historical API,success,
NEG-00762,1999-10-05,1999,Kerala,Thiruvananthapuram,8.4882267,76.947551,district,date,1999-10-04,0.9,3.0,6.3,8.5,9.9,25.3875,86.0833,0.2555,0,non_flood,generated_negative,ERA5-Land via Open-Meteo Historical API,success,
NEG-00763,1998-10-09,1998,Kerala,"Alappuzha, Thiruvananthapuram",9.5003416,76.4123364,district,date,1998-10-08,0.3,1.2,5.7,16.4,43.3,25.125,93.3333,0.379,0,non_flood,generated_negative,ERA5-Land via Open-Meteo Historical API,success,
NEG-00764,2000-10-11,2000,Kerala,Kollam,8.8870533,76.5906696,district,date,2000-10-10,0.0,0.0,0.0,0.7,3.1,26.0458,85.7083,0.263,0,non_flood,generated_negative,ERA5-Land via Open-Meteo Historical API,success,
NEG-00765,1992-10-11,1992,Kerala,Malappuram,11.1065685,76.1101742,district,date,1992-10-10,0.5,3.0,4.6,4.7,6.6,25.1833,89.4167,0.4823,0,non_flood,generated_negative,ERA5-Land via Open-Meteo Historical API,success,
NEG-00766,1968-10-12,1968,Kerala,"Ernakulam, Kannur, Kottayam, Kozhikode, Palakkad, Pathanamthitta, Thiruvananthap",9.9837257,76.2740001,district,date,1968-10-11,0.0,0.0,0.0,0.3,3.6,25.9167,85.625,0.3589,0,non_flood,generated_negative,ERA5-Land via Open-Meteo Historical API,success,
NEG-00767,2016-10-12,2016,Kerala,Ernakulam,9.9837257,76.2740001,district,date,2016-10-11,0.0,0.0,0.0,0.2,1.1,26.2125,82.2083,0.3603,0,non_flood,generated_negative,ERA5-Land via Open-Meteo Historical API,success,
NEG-00768,1977-10-12,1977,Kerala,Kannur,11.8763836,75.3737973,district,date,1977-10-11,1.2,1.7,1.7,2.7,5.1,26.2167,85.9583,0.2935,0,non_flood,generated_negative,ERA5-Land via Open-Meteo Historical API,success,
NEG-00769,1982-10-12,1982,Kerala,Kottayam,9.6287383,76.6455326,district,date,1982-10-11,0.0,0.0,1.6,4.8,6.7,25.4333,88.4167,0.493,0,non_flood,generated_negative,ERA5-Land via Open-Meteo Historical API,success,
NEG-00770,2010-10-12,2010,Kerala,Kozhikode,11.2450558,75.7754716,district,date,2010-10-11,0.0,0.0,0.0,0.6,2.0,26.4375,82.875,0.2594,0,non_flood,generated_negative,ERA5-Land via Open-Meteo Historical API,success,
NEG-00771,2012-10-12,2012,Kerala,Palakkad,10.7873692,76.4742172,district,date,2012-10-11,0.0,0.0,0.0,0.0,0.0,25.9792,84.2083,0.4127,0,non_flood,generated_negative,ERA5-Land via Open-Meteo Historical API,success,
NEG-00772,2016-10-12,2016,Kerala,Pathanamthitta,9.2780841,76.9737443,district,date,2016-10-11,0.0,0.0,0.0,0.0,0.0,22.7875,81.375,0.3775,0,non_flood,generated_negative,ERA5-Land via Open-Meteo Historical API,success,
NEG-00773,1972-10-12,1972,Kerala,Thiruvananthapuram,8.4882267,76.947551,district,date,1972-10-11,0.5,0.8,0.8,0.9,9.0,25.2375,88.0833,0.288,0,non_flood,generated_negative,ERA5-Land via Open-Meteo Historical API,success,
NEG-00774,1972-10-12,1972,Kerala,Thrissur,10.5270099,76.214621,district,date,1972-10-11,0.0,0.0,0.0,0.0,5.8,26.0625,86.5417,0.4631,0,non_flood,generated_negative,ERA5-Land via Open-Meteo Historical API,success,
NEG-00775,1979-10-16,1979,Kerala,"Alappuzha, Ernakulam, Idukki, Kollam, Kottayam, Palakkad, Thiruvananthapuram",9.5003416,76.4123364,district,date,1979-10-15,0.0,0.0,0.0,2.4,3.7,26.0833,87.4167,0.321,0,non_flood,generated_negative,ERA5-Land via Open-Meteo Historical API,success,
NEG-00776,2022-10-16,2022,Kerala,Alappuzha,9.5003416,76.4123364,district,date,2022-10-15,0.0,0.2,2.7,4.2,7.3,25.9458,87.2917,0.2659,0,non_flood,generated_negative,ERA5-Land via Open-Meteo Historical API,success,
NEG-00777,2002-10-16,2002,Kerala,Ernakulam,9.9837257,76.2740001,district,date,2002-10-15,0.0,0.0,0.0,0.6,20.4,24.8917,92.6667,0.4341,0,non_flood,generated_negative,ERA5-Land via Open-Meteo Historical API,success,
NEG-00778,1980-10-16,1980,Kerala,Idukki,9.8154785,76.9991599,district,date,1980-10-15,0.0,0.0,0.0,0.0,2.6,21.5583,87.0,0.4815,0,non_flood,generated_negative,ERA5-Land via Open-Meteo Historical API,success,
NEG-00779,1994-10-16,1994,Kerala,Kollam,8.8870533,76.5906696,district,date,1994-10-15,0.0,0.0,0.5,1.8,6.7,25.5417,87.375,0.3072,0,non_flood,generated_negative,ERA5-Land via Open-Meteo Historical API,success,
NEG-00780,1993-10-16,1993,Kerala,Kottayam,9.6287383,76.6455326,district,date,1993-10-15,0.0,0.2,0.7,0.7,2.1,24.8375,86.0833,0.4569,0,non_flood,generated_negative,ERA5-Land via Open-Meteo Historical API,success,
NEG-00781,2004-10-16,2004,Kerala,Palakkad,10.7873692,76.4742172,district,date,2004-10-15,0.0,0.0,0.0,0.9,10.1,24.7708,90.75,0.4635,0,non_flood,generated_negative,ERA5-Land via Open-Meteo Historical API,success,
NEG-00782,1984-10-16,1984,Kerala,Thiruvananthapuram,8.4882267,76.947551,district,date,1984-10-15,0.0,0.0,0.0,0.0,0.0,24.6333,84.4167,0.2153,0,non_flood,generated_negative,ERA5-Land via Open-Meteo Historical API,success,
NEG-00783,1994-10-17,1994,Kerala,Thrissur,10.5270099,76.214621,district,date,1994-10-16,0.0,0.0,9.0,13.3,20.4,25.0583,90.2917,0.4615,0,non_flood,generated_negative,ERA5-Land via Open-Meteo Historical API,success,
NEG-00784,1996-10-18,1996,Kerala,Thiruvananthapuram,8.4882267,76.947551,district,date,1996-10-17,1.0,3.7,6.6,14.9,26.4,24.2917,92.0833,0.3351,0,non_flood,generated_negative,ERA5-Land via Open-Meteo Historical API,success,
NEG-00785,2006-10-11,2006,Kerala,"Alappuzha, Idukki, Ernakulam, Kannur, Kottayam, Kollam, Kozhikode, Malappuram, P",9.5003416,76.4123364,district,date,2006-10-10,0.3,1.2,2.1,7.4,20.8,25.0958,92.1667,0.3649,0,non_flood,generated_negative,ERA5-Land via Open-Meteo Historical API,success,
NEG-00786,1975-10-11,1975,Kerala,Alappuzha,9.5003416,76.4123364,district,date,1975-10-10,0.0,0.0,0.7,2.3,5.5,25.2292,89.0417,0.3358,0,non_flood,generated_negative,ERA5-Land via Open-Meteo Historical API,success,
NEG-00787,2001-10-11,2001,Kerala,Kannur,11.8763836,75.3737973,district,date,2001-10-10,0.0,0.0,0.2,1.0,1.6,25.8083,85.625,0.2364,0,non_flood,generated_negative,ERA5-Land via Open-Meteo Historical API,success,
NEG-00788,1992-10-11,1992,Kerala,Thrissur,10.5270099,76.214621,district,date,1992-10-10,1.0,2.4,3.8,4.7,10.1,25.1833,90.8333,0.4904,0,non_flood,generated_negative,ERA5-Land via Open-Meteo Historical API,success,
NEG-00789,1973-10-20,1973,Kerala,Malappuram,11.1065685,76.1101742,district,date,1973-10-19,0.0,0.0,0.5,4.6,10.0,25.5792,85.0,0.4919,0,non_flood,generated_negative,ERA5-Land via Open-Meteo Historical API,success,
NEG-00790,1992-10-20,1992,Kerala,Palakkad,10.7873692,76.4742172,district,date,1992-10-19,0.0,0.0,0.0,0.0,2.0,24.7583,87.5417,0.4512,0,non_flood,generated_negative,ERA5-Land via Open-Meteo Historical API,success,
NEG-00791,2002-10-20,2002,Kerala,Thiruvananthapuram,8.4882267,76.947551,district,date,2002-10-19,0.2,0.4,0.5,2.2,5.1,25.0958,87.5417,0.2822,0,non_flood,generated_negative,ERA5-Land via Open-Meteo Historical API,success,
NEG-00792,1973-10-23,1973,Kerala,Kottayam,9.6287383,76.6455326,district,date,1973-10-22,0.0,0.0,0.0,0.5,10.7,24.5292,91.6667,0.4706,0,non_flood,generated_negative,ERA5-Land via Open-Meteo Historical API,success,
NEG-00793,2015-10-23,2015,Kerala,Pathanamthitta,9.2780841,76.9737443,district,date,2015-10-22,0.0,0.0,0.0,0.7,1.6,24.2958,83.375,0.4664,0,non_flood,generated_negative,ERA5-Land via Open-Meteo Historical API,success,
NEG-00794,1982-11-02,1982,Kerala,Kozhikode,11.2450558,75.7754716,district,date,1982-11-01,0.0,0.1,1.3,2.4,2.6,26.7875,80.2083,0.2144,0,non_flood,generated_negative,ERA5-Land via Open-Meteo Historical API,success,
NEG-00795,2020-11-05,2020,Kerala,"Alappuzha, Kottayam",9.5003416,76.4123364,district,date,2020-11-04,0.1,1.0,2.3,2.4,5.0,26.4917,89.9583,0.2456,0,non_flood,generated_negative,ERA5-Land via Open-Meteo Historical API,success,
NEG-00796,2016-11-13,2016,Kerala,"Alappuzha, Thiruvananthapuram",9.5003416,76.4123364,district,date,2016-11-12,0.0,0.1,0.6,0.6,1.1,26.9375,83.2083,0.2122,0,non_flood,generated_negative,ERA5-Land via Open-Meteo Historical API,success,
NEG-00797,2018-11-14,2018,Kerala,Kannur,11.8763836,75.3737973,district,date,2018-11-13,0.0,0.0,0.0,0.0,0.5,25.9292,86.4167,0.1732,0,non_flood,generated_negative,ERA5-Land via Open-Meteo Historical API,success,
NEG-00798,1977-11-14,1977,Kerala,Thiruvananthapuram,8.4882267,76.947551,district,date,1977-11-13,0.0,0.1,0.6,0.6,1.8,26.0208,84.25,0.2817,0,non_flood,generated_negative,ERA5-Land via Open-Meteo Historical API,success,
NEG-00799,1969-11-14,1969,Kerala,Thrissur,10.5270099,76.214621,district,date,1969-11-13,0.3,1.1,3.8,12.6,18.9,24.9292,88.1667,0.4382,0,non_flood,generated_negative,ERA5-Land via Open-Meteo Historical API,success,
NEG-00800,1978-11-10,1978,Kerala,"Ernakulam, Kannur, Kollam, Kottayam, Thiruvananthapuram, Thrissur",9.9837257,76.2740001,district,date,1978-11-09,0.0,0.0,0.0,0.0,0.0,26.2792,84.1667,0.386,0,non_flood,generated_negative,ERA5-Land via Open-Meteo Historical API,success,
NEG-00801,1984-11-10,1984,Kerala,Ernakulam,9.9837257,76.2740001,district,date,1984-11-09,0.0,1.1,5.6,5.6,5.6,26.1542,86.3333,0.387,0,non_flood,generated_negative,ERA5-Land via Open-Meteo Historical API,success,
NEG-00802,2016-11-15,2016,Kerala,"Alappuzha, Thiruvananthapuram, Thrissur",9.5003416,76.4123364,district,date,2016-11-14,0.6,1.1,1.1,2.2,10.1,25.7458,89.9583,0.3037,0,non_flood,generated_negative,ERA5-Land via Open-Meteo Historical API,success,
NEG-00803,1974-11-15,1974,Kerala,Thiruvananthapuram,8.4882267,76.947551,district,date,1974-11-14,0.0,0.0,0.0,0.9,2.2,25.4625,84.5417,0.2052,0,non_flood,generated_negative,ERA5-Land via Open-Meteo Historical API,success,
NEG-00804,2016-11-17,2016,Kerala,Thiruvananthapuram,8.4882267,76.947551,district,date,2016-11-16,0.0,0.0,0.0,0.6,1.9,26.0667,82.3333,0.2437,0,non_flood,generated_negative,ERA5-Land via Open-Meteo Historical API,success,
NEG-00805,1991-11-17,1991,Kerala,Thrissur,10.5270099,76.214621,district,date,1991-11-16,0.0,0.0,0.0,1.0,1.1,25.6,88.0833,0.4348,0,non_flood,generated_negative,ERA5-Land via Open-Meteo Historical API,success,
NEG-00806,1989-11-30,1989,Kerala,Thiruvananthapuram,8.4882267,76.947551,district,date,1989-11-29,0.0,0.0,0.0,0.6,0.6,26.1667,77.7083,0.1598,0,non_flood,generated_negative,ERA5-Land via Open-Meteo Historical API,success,
NEG-00807,1977-07-17,1977,Tamil Nadu,Tiruvannamalai,12.4289282,78.99915,district,date,1977-07-16,0.0,0.0,0.0,3.4,3.4,29.0792,57.7917,0.2102,0,non_flood,generated_negative,ERA5-Land via Open-Meteo Historical API,success,
NEG-00808,1975-09-17,1975,Tamil Nadu,Pudukkottai,10.2903072,78.8173617,district,date,1975-09-16,0.2,0.8,1.8,14.2,16.4,26.0083,84.3333,0.4848,0,non_flood,generated_negative,ERA5-Land via Open-Meteo Historical API,success,
NEG-00809,1984-11-06,1984,Tamil Nadu,Chennai,13.0836939,80.270186,district,date,1984-11-05,0.2,1.2,2.2,2.7,5.6,25.6583,86.375,0.329,0,non_flood,generated_negative,ERA5-Land via Open-Meteo Historical API,success,
NEG-00810,1974-11-06,1974,Tamil Nadu,Kallakurichi,11.7946847,79.0388211,district,date,1974-11-05,0.8,2.3,2.7,3.4,9.9,24.1667,82.9583,0.195,0,non_flood,generated_negative,ERA5-Land via Open-Meteo Historical API,success,
NEG-00811,1988-11-06,1988,Tamil Nadu,Krishnagiri,12.5152075,78.0093769,district,date,1988-11-05,0.0,0.0,0.0,0.6,5.1,22.2417,81.0833,0.2494,0,non_flood,generated_negative,ERA5-Land via Open-Meteo Historical API,success,
NEG-00812,2003-11-06,2003,Tamil Nadu,Madurai,9.9261153,78.1140983,district,date,2003-11-05,0.1,0.4,0.4,3.2,13.1,24.95,85.375,0.3573,0,non_flood,generated_negative,ERA5-Land via Open-Meteo Historical API,success,
NEG-00813,1971-11-06,1971,Tamil Nadu,Thanjavur,10.659037,79.2014278,district,date,1971-11-05,0.0,0.0,0.0,0.0,0.0,26.8958,70.5,0.2565,0,non_flood,generated_negative,ERA5-Land via Open-Meteo Historical API,success,
NEG-00814,2010-11-06,2010,Tamil Nadu,Theni,9.8692558,77.4222974,district,date,2010-11-05,0.0,0.0,0.0,1.2,12.0,22.45,87.9167,0.3955,0,non_flood,generated_negative,ERA5-Land via Open-Meteo Historical API,success,
NEG-00815,2004-11-06,2004,Tamil Nadu,Tiruvannamalai,12.4289282,78.99915,district,date,2004-11-05,1.0,2.1,8.1,25.1,38.2,20.7583,90.7917,0.4194,0,non_flood,generated_negative,ERA5-Land via Open-Meteo Historical API,success,
NEG-00816,1970-11-06,1970,Tamil Nadu,Vellore,12.9021849,79.061104,district,date,1970-11-05,0.0,0.3,0.6,4.8,12.7,24.1792,83.625,0.2303,0,non_flood,generated_negative,ERA5-Land via Open-Meteo Historical API,success,
NEG-00817,2019-11-06,2019,Tamil Nadu,Viluppuram,12.1166967,79.5989236,district,date,2019-11-05,0.0,0.0,0.0,0.0,0.0,27.0958,78.5,0.34,0,non_flood,generated_negative,ERA5-Land via Open-Meteo Historical API,success,
NEG-00818,1976-11-07,1976,Tamil Nadu,Chennai,13.0836939,80.270186,district,date,1976-11-06,1.0,1.4,2.1,5.8,8.4,26.425,84.75,0.2702,0,non_flood,generated_negative,ERA5-Land via Open-Meteo Historical API,success,
NEG-00819,1997-11-10,1997,Tamil Nadu,Thanjavur,10.659037,79.2014278,district,date,1997-11-09,0.0,0.0,0.0,0.3,19.0,24.9667,90.6667,0.412,0,non_flood,generated_negative,ERA5-Land via Open-Meteo Historical API,success,
NEG-00820,2020-11-18,2020,Tamil Nadu,Vellore,12.9021849,79.061104,district,date,2020-11-17,0.0,0.0,1.4,1.9,5.7,24.0042,90.0833,0.409,0,non_flood,generated_negative,ERA5-Land via Open-Meteo Historical API,success,
NEG-00821,1997-11-19,1997,Tamil Nadu,Viluppuram,12.1166967,79.5989236,district,date,1997-11-18,0.0,0.0,0.9,5.2,9.7,24.8042,89.0833,0.4167,0,non_flood,generated_negative,ERA5-Land via Open-Meteo Historical API,success,
NEG-00822,1981-11-19,1981,Tamil Nadu,"Krishnagiri, Tiruvannamalai",12.5152075,78.0093769,district,date,1981-11-18,0.0,0.0,0.0,0.0,0.0,20.4792,68.5,0.326,0,non_flood,generated_negative,ERA5-Land via Open-Meteo Historical API,success,
NEG-00823,2007-11-19,2007,Tamil Nadu,"Krishnagiri, Tiruvannamalai",12.5152075,78.0093769,district,date,2007-11-18,0.0,0.0,0.0,0.0,0.0,21.95,67.9167,0.2603,0,non_flood,generated_negative,ERA5-Land via Open-Meteo Historical API,success,
NEG-00824,1971-11-21,1971,Tamil Nadu,Kallakurichi,11.7946847,79.0388211,district,date,1971-11-20,0.0,0.0,0.0,0.0,1.6,23.4417,80.9583,0.3011,0,non_flood,generated_negative,ERA5-Land via Open-Meteo Historical API,success,
NEG-00825,1972-12-30,1972,Tamil Nadu,Chennai,13.0836939,80.270186,district,date,1972-12-29,0.0,0.0,0.0,0.0,0.0,23.7708,77.4167,0.2668,0,non_flood,generated_negative,ERA5-Land via Open-Meteo Historical API,success,
NEG-00826,2014-02-07,2014,Uttarakhand,Chamoli,30.4985956,79.6190537,district,date,2014-02-06,1.0,2.4,4.3,9.9,13.1,3.6583,68.9167,0.3536,0,non_flood,generated_negative,ERA5-Land via Open-Meteo Historical API,success,
NEG-00827,2017-05-29,2017,Uttarakhand,Uttar Kashi Kashi,30.0417376,79.089691,district,date,2017-05-28,0.1,0.3,0.3,0.7,7.6,16.1167,85.6667,0.4622,0,non_flood,generated_negative,ERA5-Land via Open-Meteo Historical API,success,
NEG-00828,2006-07-11,2006,Uttarakhand,Bageshwar,30.0087902,79.9280183,district,date,2006-07-10,0.0,0.0,0.0,1.3,5.7,20.5875,87.0417,0.47,0,non_flood,generated_negative,ERA5-Land via Open-Meteo Historical API,success,
NEG-00829,2018-07-11,2018,Uttarakhand,Chamoli,30.4985956,79.6190537,district,date,2018-07-10,0.9,2.2,3.5,4.0,20.9,20.875,80.9167,0.4177,0,non_flood,generated_negative,ERA5-Land via Open-Meteo Historical API,success,
NEG-00830,1999-07-19,1999,Uttarakhand,Uttar Kashi Kashi,30.0417376,79.089691,district,date,1999-07-18,0.1,0.6,2.1,2.1,4.1,18.2708,86.0,0.4663,0,non_flood,generated_negative,ERA5-Land via Open-Meteo Historical API,success,
NEG-00831,2016-08-29,2016,Uttarakhand,Pithoragarh,29.585871,80.215167,district,date,2016-08-28,0.0,0.0,1.1,4.5,8.8,21.225,84.2917,0.469,0,non_flood,generated_negative,ERA5-Land via Open-Meteo Historical API,success,
NEG-00832,2023-10-16,2023,Uttarakhand,"Almora, Bageshwar, Chamoli, Champawat, Nainital, Garhwal, Pithoragarh, Udam Sing",29.702651,79.4326318,district,date,2023-10-15,0.0,0.0,0.0,0.0,1.3,19.1667,73.7917,0.3203,0,non_flood,generated_negative,ERA5-Land via Open-Meteo Historical API,success,
NEG-00833,1992-03-23,1992,Kerala,Palakkad,10.7873692,76.4742172,district,date,1992-03-22,0.0,0.0,0.0,0.0,0.0,30.225,55.0,0.25,0,non_flood,generated_negative,ERA5-Land via Open-Meteo Historical API,success,
NEG-00834,1978-03-24,1978,Kerala,Kannur,11.8763836,75.3737973,district,date,1978-03-23,0.0,0.0,0.0,0.0,0.0,28.275,72.8333,0.0719,0,non_flood,generated_negative,ERA5-Land via Open-Meteo Historical API,success,
NEG-00835,2012-03-24,2012,Kerala,Kasaragod,12.4221964,75.1904446,district,date,2012-03-23,0.0,0.0,0.0,0.0,0.6,27.8583,74.25,0.2856,0,non_flood,generated_negative,ERA5-Land via Open-Meteo Historical API,success,
NEG-00836,1990-03-27,1990,Kerala,Kottayam,9.6287383,76.6455326,district,date,1990-03-26,0.0,0.0,0.0,0.0,0.0,28.2542,66.3333,0.3442,0,non_flood,generated_negative,ERA5-Land via Open-Meteo Historical API,success,
NEG-00837,1976-05-17,1976,Kerala,Thrissur,10.5270099,76.214621,district,date,1976-05-16,0.0,0.6,1.7,3.3,10.0,26.3042,86.6667,0.4671,0,non_flood,generated_negative,ERA5-Land via Open-Meteo Historical API,success,
NEG-00838,2020-05-18,2020,Kerala,Ernakulam,9.9837257,76.2740001,district,date,2020-05-17,0.6,8.5,14.2,18.8,27.2,26.7083,91.75,0.4253,0,non_flood,generated_negative,ERA5-Land via Open-Meteo Historical API,success,
NEG-00839,1987-05-18,1987,Kerala,Kozhikode,11.2450558,75.7754716,district,date,1987-05-17,0.0,0.0,0.0,0.0,0.0,28.775,74.6667,0.1953,0,non_flood,generated_negative,ERA5-Land via Open-Meteo Historical API,success,
NEG-00840,1988-05-20,1988,Kerala,Idukki,9.8154785,76.9991599,district,date,1988-05-19,0.2,0.7,0.8,0.8,5.2,23.0833,91.75,0.4836,0,non_flood,generated_negative,ERA5-Land via Open-Meteo Historical API,success,
NEG-00841,1980-05-20,1980,Kerala,Thrissur,10.5270099,76.214621,district,date,1980-05-19,0.0,3.4,3.4,8.9,18.6,26.6792,88.4583,0.469,0,non_flood,generated_negative,ERA5-Land via Open-Meteo Historical API,success,
NEG-00842,1989-06-16,1989,Kerala,Wayanad,11.7151291,76.1271185,district,date,1989-06-15,0.0,0.0,0.2,1.3,8.5,20.9542,95.9167,0.4849,0,non_flood,generated_negative,ERA5-Land via Open-Meteo Historical API,success,
NEG-00843,2019-07-01,2019,Kerala,Kannur,11.8763836,75.3737973,district,date,2019-06-30,0.2,0.9,2.2,4.8,13.3,25.7375,91.7083,0.3074,0,non_flood,generated_negative,ERA5-Land via Open-Meteo Historical API,success,
NEG-00844,1973-07-02,1973,Kerala,Kannur,11.8763836,75.3737973,district,date,1973-07-01,3.0,7.7,13.9,23.2,49.0,24.5792,93.3333,0.3688,0,non_flood,generated_negative,ERA5-Land via Open-Meteo Historical API,success,
NEG-00845,2011-07-04,2011,Kerala,Idukki,9.8154785,76.9991599,district,date,2011-07-03,0.0,0.0,0.0,0.4,1.8,22.175,86.625,0.471,0,non_flood,generated_negative,ERA5-Land via Open-Meteo Historical API,success,
NEG-00846,1983-07-05,1983,Kerala,Idukki,9.8154785,76.9991599,district,date,1983-07-04,0.0,0.0,0.0,0.1,0.9,23.2333,84.8333,0.4525,0,non_flood,generated_negative,ERA5-Land via Open-Meteo Historical API,success,
NEG-00847,2010-07-07,2010,Kerala,Kannur,11.8763836,75.3737973,district,date,2010-07-06,0.2,0.6,1.1,1.7,9.4,25.0,91.7083,0.3235,0,non_flood,generated_negative,ERA5-Land via Open-Meteo Historical API,success,
NEG-00848,1988-07-10,1988,Kerala,Ernakulam,9.9837257,76.2740001,district,date,1988-07-09,0.0,0.0,0.0,4.4,6.6,25.75,88.0833,0.432,0,non_flood,generated_negative,ERA5-Land via Open-Meteo Historical API,success,
NEG-00849,1998-07-15,1998,Kerala,Idukki,9.8154785,76.9991599,district,date,1998-07-14,0.3,0.6,2.0,3.9,18.6,21.8792,93.125,0.4701,0,non_flood,generated_negative,ERA5-Land via Open-Meteo Historical API,success,
NEG-00850,1996-07-16,1996,Kerala,"Kasaragod, Wayanad, Kozhikode, Malappuram, Palakkad, Thrissur, Idukki, Ernakulam",12.4221964,75.1904446,district,date,1996-07-15,1.8,6.9,13.1,24.9,56.5,23.25,98.4167,0.4744,0,non_flood,generated_negative,ERA5-Land via Open-Meteo Historical API,success,
NEG-00851,1997-07-16,1997,Kerala,Palakkad,10.7873692,76.4742172,district,date,1997-07-15,0.0,0.0,0.2,0.5,3.7,25.0917,87.625,0.4774,0,non_flood,generated_negative,ERA5-Land via Open-Meteo Historical API,success,
NEG-00852,1976-07-16,1976,Kerala,Thrissur,10.5270099,76.214621,district,date,1976-07-15,0.8,2.4,2.5,5.0,9.3,24.55,90.75,0.4635,0,non_flood,generated_negative,ERA5-Land via Open-Meteo Historical API,success,
NEG-00853,2007-07-19,2007,Kerala,Malappuram,11.1065685,76.1101742,district,date,2007-07-18,0.0,0.9,1.3,5.2,8.1,24.6333,88.75,0.4952,0,non_flood,generated_negative,ERA5-Land via Open-Meteo Historical API,success,
NEG-00854,2007-07-20,2007,Kerala,Malappuram,11.1065685,76.1101742,district,date,2007-07-19,0.2,0.7,3.3,9.5,12.7,24.625,90.25,0.4805,0,non_flood,generated_negative,ERA5-Land via Open-Meteo Historical API,success,
NEG-00855,1979-07-28,1979,Kerala,Ernakulam,9.9837257,76.2740001,district,date,1979-07-27,0.2,0.7,1.1,2.9,6.9,25.1125,88.5,0.4295,0,non_flood,generated_negative,ERA5-Land via Open-Meteo Historical API,success,
NEG-00856,2019-08-01,2019,Kerala,Kollam,8.8870533,76.5906696,district,date,2019-07-31,0.0,0.5,0.5,0.5,0.9,26.3625,88.5,0.2307,0,non_flood,generated_negative,ERA5-Land via Open-Meteo Historical API,success,
NEG-00857,2020-08-01,2020,Kerala,Kottayam,9.6287383,76.6455326,district,date,2020-07-31,0.0,0.3,1.9,7.5,35.9,24.5833,96.625,0.509,0,non_flood,generated_negative,ERA5-Land via Open-Meteo Historical API,success,
NEG-00858,1968-08-01,1968,Kerala,Malappuram,11.1065685,76.1101742,district,date,1968-07-31,0.5,1.3,2.7,7.8,26.2,24.0958,91.2917,0.4963,0,non_flood,generated_negative,ERA5-Land via Open-Meteo Historical API,success,
NEG-00859,1974-08-01,1974,Kerala,Pathanamthitta,9.2780841,76.9737443,district,date,1974-07-31,0.0,0.0,0.0,3.5,21.3,20.8458,94.5,0.4595,0,non_flood,generated_negative,ERA5-Land via Open-Meteo Historical API,success,
NEG-00860,2011-08-01,2011,Kerala,Thiruvananthapuram,8.4882267,76.947551,district,date,2011-07-31,0.0,0.0,0.0,0.5,2.2,24.9167,87.9167,0.265,0,non_flood,generated_negative,ERA5-Land via Open-Meteo Historical API,success,
NEG-00861,1993-08-01,1993,Kerala,Kottayam,9.6287383,76.6455326,district,date,1993-07-31,0.3,1.4,2.8,7.6,25.3,23.4917,95.2917,0.4945,0,non_flood,generated_negative,ERA5-Land via Open-Meteo Historical API,success,
NEG-00862,1990-08-01,1990,Kerala,Kannur,11.8763836,75.3737973,district,date,1990-07-31,0.2,0.5,1.1,2.5,5.3,25.2792,88.25,0.2885,0,non_flood,generated_negative,ERA5-Land via Open-Meteo Historical API,success,
NEG-00863,2003-08-02,2003,Kerala,Alappuzha,9.5003416,76.4123364,district,date,2003-08-01,0.0,0.0,0.0,3.3,10.6,25.225,91.0417,0.3574,0,non_flood,generated_negative,ERA5-Land via Open-Meteo Historical API,success,
NEG-00864,1979-08-02,1979,Kerala,Ernakulam,9.9837257,76.2740001,district,date,1979-08-01,0.2,0.6,1.2,3.2,16.2,24.9417,90.4583,0.4292,0,non_flood,generated_negative,ERA5-Land via Open-Meteo Historical API,success,
NEG-00866,1968-08-02,1968,Kerala,Kannur,11.8763836,75.3737973,district,date,1968-08-01,1.0,3.9,5.9,11.7,24.6,24.6625,91.0,0.3349,0,non_flood,generated_negative,ERA5-Land via Open-Meteo Historical API,success,
NEG-00867,2019-08-02,2019,Kerala,Kollam,8.8870533,76.5906696,district,date,2019-08-01,0.0,0.1,0.3,0.3,2.1,26.5167,88.4167,0.2296,0,non_flood,generated_negative,ERA5-Land via Open-Meteo Historical API,success,
NEG-00868,1985-08-02,1985,Kerala,Kottayam,9.6287383,76.6455326,district,date,1985-08-01,1.4,3.1,4.2,7.7,16.3,23.2833,95.75,0.502,0,non_flood,generated_negative,ERA5-Land via Open-Meteo Historical API,success,
NEG-00869,1988-08-02,1988,Kerala,Malappuram,11.1065685,76.1101742,district,date,1988-08-01,0.2,0.9,1.3,2.3,4.5,24.9208,87.25,0.4937,0,non_flood,generated_negative,ERA5-Land via Open-Meteo Historical API,success,
NEG-00870,2008-08-02,2008,Kerala,Pathanamthitta,9.2780841,76.9737443,district,date,2008-08-01,0.0,0.0,0.0,1.1,4.8,21.3333,93.1667,0.4758,0,non_flood,generated_negative,ERA5-Land via Open-Meteo Historical API,success,
NEG-00871,1968-08-02,1968,Kerala,Thiruvananthapuram,8.4882267,76.947551,district,date,1968-08-01,1.0,2.0,2.8,4.6,7.5,24.6208,90.25,0.2973,0,non_flood,generated_negative,ERA5-Land via Open-Meteo Historical API,success,
NEG-00872,2018-08-02,2018,Kerala,Thrissur,10.5270099,76.214621,district,date,2018-08-01,0.0,0.1,0.6,0.7,8.7,25.2,91.1667,0.5022,0,non_flood,generated_negative,ERA5-Land via Open-Meteo Historical API,success,
NEG-00873,1975-08-02,1975,Kerala,Wayanad,11.7151291,76.1271185,district,date,1975-08-01,0.3,0.7,1.5,3.2,9.1,20.6958,95.5417,0.491,0,non_flood,generated_negative,ERA5-Land via Open-Meteo Historical API,success,
NEG-00874,1998-08-29,1998,Kerala,Idukki,9.8154785,76.9991599,district,date,1998-08-28,0.0,0.0,0.0,0.4,1.3,21.6125,86.5,0.4713,0,non_flood,generated_negative,ERA5-Land via Open-Meteo Historical API,success,
NEG-00875,1977-09-04,1977,Kerala,Thiruvananthapuram,8.4882267,76.947551,district,date,1977-09-03,0.1,0.3,0.7,1.7,3.9,24.7708,89.9167,0.2264,0,non_flood,generated_negative,ERA5-Land via Open-Meteo Historical API,success,
NEG-00876,1976-10-21,1976,Tamil Nadu,Erode,11.4905282,77.3505274,district,date,1976-10-20,0.0,0.0,0.0,1.1,1.7,26.1542,80.0833,0.3586,0,non_flood,generated_negative,ERA5-Land via Open-Meteo Historical API,success,
NEG-00877,1991-11-01,1991,Tamil Nadu,Chennai,13.0836939,80.270186,district,date,1991-10-31,0.6,2.6,4.6,5.6,6.0,27.2208,81.25,0.374,0,non_flood,generated_negative,ERA5-Land via Open-Meteo Historical API,success,
NEG-00878,2007-11-01,2007,Tamil Nadu,Ranipet,12.9186243,79.4081921,district,date,2007-10-31,0.7,1.7,1.7,3.6,6.1,25.5833,84.6667,0.4015,0,non_flood,generated_negative,ERA5-Land via Open-Meteo Historical API,success,
NEG-00879,1995-11-01,1995,Tamil Nadu,Tiruvannamalai,12.4289282,78.99915,district,date,1995-10-31,0.0,0.0,0.0,0.0,0.0,25.6333,77.5833,0.3573,0,non_flood,generated_negative,ERA5-Land via Open-Meteo Historical API,success,
NEG-00880,2020-07-19,2020,Uttarakhand,Rudra Prayag,30.0417376,79.089691,district,date,2020-07-18,0.2,1.2,1.4,2.0,3.7,19.6917,95.9583,0.5,0,non_flood,generated_negative,ERA5-Land via Open-Meteo Historical API,success,
NEG-00881,2015-08-19,2015,Uttarakhand,"Dehradun,",30.3255646,78.0436813,district,date,2015-08-18,0.5,1.3,1.5,2.3,4.8,24.8125,87.8333,0.3987,0,non_flood,generated_negative,ERA5-Land via Open-Meteo Historical API,success,
NEG-00882,2003-08-19,2003,Uttarakhand,Garhwal,30.25,79.333333,district,date,2003-08-18,0.6,3.3,8.6,12.2,18.5,16.8292,92.75,0.487,0,non_flood,generated_negative,ERA5-Land via Open-Meteo Historical API,success,
NEG-00883,1993-08-19,1993,Uttarakhand,Tehri Garhwal,30.4658181,78.4837349,district,date,1993-08-18,0.0,0.2,0.8,0.8,2.7,20.4292,83.625,0.4844,0,non_flood,generated_negative,ERA5-Land via Open-Meteo Historical API,success,
NEG-00884,2005-08-28,2005,Uttarakhand,Dehradun,30.3255646,78.0436813,district,date,2005-08-27,0.0,0.0,0.0,0.0,2.1,24.1917,84.8333,0.3763,0,non_flood,generated_negative,ERA5-Land via Open-Meteo Historical API,success,
NEG-00885,1989-09-22,1989,Uttarakhand,"Dehradun,",30.3255646,78.0436813,district,date,1989-09-21,0.0,0.0,0.0,0.0,5.8,22.3417,89.1667,0.3935,0,non_flood,generated_negative,ERA5-Land via Open-Meteo Historical API,success,
NEG-00886,1981-09-22,1981,Uttarakhand,Uttar Kashi Kashi,30.0417376,79.089691,district,date,1981-09-21,0.0,0.0,0.0,0.0,0.0,16.4167,74.3333,0.463,0,non_flood,generated_negative,ERA5-Land via Open-Meteo Historical API,success,
NEG-00887,1976-07-03,1976,Kerala,Alappuzha,9.5003416,76.4123364,district,date,1976-07-02,0.0,0.0,0.3,1.2,3.6,26.2417,88.375,0.3278,0,non_flood,generated_negative,ERA5-Land via Open-Meteo Historical API,success,
NEG-00888,2019-07-03,2019,Kerala,Kannur,11.8763836,75.3737973,district,date,2019-07-02,0.3,1.9,4.6,9.3,19.2,25.9333,91.5833,0.3317,0,non_flood,generated_negative,ERA5-Land via Open-Meteo Historical API,success,
NEG-00889,2004-07-03,2004,Kerala,Kottayam,9.6287383,76.6455326,district,date,2004-07-02,0.2,0.9,1.8,3.2,6.7,24.5708,91.4167,0.481,0,non_flood,generated_negative,ERA5-Land via Open-Meteo Historical API,success,
NEG-00890,1992-07-03,1992,Kerala,Kozhikode,11.2450558,75.7754716,district,date,1992-07-02,0.7,3.0,3.7,7.0,16.5,24.875,90.9167,0.3344,0,non_flood,generated_negative,ERA5-Land via Open-Meteo Historical API,success,
NEG-00891,2012-07-03,2012,Kerala,Pathanamthitta,9.2780841,76.9737443,district,date,2012-07-02,0.7,2.0,3.8,7.0,35.7,20.9375,98.5833,0.4748,0,non_flood,generated_negative,ERA5-Land via Open-Meteo Historical API,success,
NEG-00893,2004-07-10,2004,Kerala,Malappuram,11.1065685,76.1101742,district,date,2004-07-09,0.0,0.6,1.5,2.7,11.7,24.4833,91.1667,0.4823,0,non_flood,generated_negative,ERA5-Land via Open-Meteo Historical API,success,
NEG-00894,1996-07-23,1996,Kerala,Thrissur,10.5270099,76.214621,district,date,1996-07-22,1.3,3.1,6.3,10.6,38.1,24.45,91.8333,0.4528,0,non_flood,generated_negative,ERA5-Land via Open-Meteo Historical API,success,
NEG-00895,1994-07-23,1994,Kerala,Wayanad,11.7151291,76.1271185,district,date,1994-07-22,0.0,0.0,0.0,0.0,1.8,21.2292,91.625,0.4781,0,non_flood,generated_negative,ERA5-Land via Open-Meteo Historical API,success,
NEG-00896,1983-06-25,1983,Uttarakhand,Rudra Prayag,30.0417376,79.089691,district,date,1983-06-24,0.0,1.5,3.8,3.8,6.1,20.1208,59.4583,0.3613,0,non_flood,generated_negative,ERA5-Land via Open-Meteo Historical API,success,
NEG-00897,2002-06-25,2002,Uttarakhand,Uttar Kashi Kashi,30.0417376,79.089691,district,date,2002-06-24,1.3,3.5,4.6,7.6,23.1,18.175,91.0833,0.4733,0,non_flood,generated_negative,ERA5-Land via Open-Meteo Historical API,success,
NEG-00898,2004-07-09,2004,Uttarakhand,Dehradun,30.3255646,78.0436813,district,date,2004-07-08,0.3,2.0,7.6,16.8,24.6,24.1792,92.2083,0.4155,0,non_flood,generated_negative,ERA5-Land via Open-Meteo Historical API,success,
NEG-00899,1978-07-09,1978,Uttarakhand,Udam Singh Nagar,30.0417376,79.089691,district,date,1978-07-08,1.9,7.8,13.5,15.9,20.4,18.5375,91.7917,0.4939,0,non_flood,generated_negative,ERA5-Land via Open-Meteo Historical API,success,
NEG-00900,1970-07-10,1970,Uttarakhand,Uttar Kashi Kashi,30.0417376,79.089691,district,date,1970-07-09,0.0,0.4,1.6,2.0,13.7,19.0958,90.9583,0.4678,0,non_flood,generated_negative,ERA5-Land via Open-Meteo Historical API,success,
NEG-00901,1988-07-11,1988,Uttarakhand,Pithoragarh,29.585871,80.215167,district,date,1988-07-10,0.1,0.7,1.5,1.9,6.9,20.8375,90.1667,0.4913,0,non_flood,generated_negative,ERA5-Land via Open-Meteo Historical API,success,
NEG-00902,1989-07-11,1989,Uttarakhand,Rudra Prayag,30.0417376,79.089691,district,date,1989-07-10,0.0,0.0,0.6,2.3,5.1,20.0083,85.1667,0.496,0,non_flood,generated_negative,ERA5-Land via Open-Meteo Historical API,success,
NEG-00903,1985-07-16,1985,Uttarakhand,Chamoli,30.4985956,79.6190537,district,date,1985-07-15,2.8,7.5,11.0,12.0,25.5,19.6583,96.0,0.426,0,non_flood,generated_negative,ERA5-Land via Open-Meteo Historical API,success,
NEG-00904,2021-07-16,2021,Uttarakhand,Rudra Prayag,30.0417376,79.089691,district,date,2021-07-15,0.1,0.3,0.3,0.5,11.4,18.6417,88.7917,0.4962,0,non_flood,generated_negative,ERA5-Land via Open-Meteo Historical API,success,
NEG-00905,1970-07-17,1970,Uttarakhand,Rudra Prayag,30.0417376,79.089691,district,date,1970-07-16,0.4,2.8,10.0,18.0,28.4,18.9583,94.375,0.4818,0,non_flood,generated_negative,ERA5-Land via Open-Meteo Historical API,success,
NEG-00906,1993-08-04,1993,Uttarakhand,Rudra Prayag,30.0417376,79.089691,district,date,1993-08-03,0.0,0.0,2.2,7.1,15.6,18.7583,91.7083,0.4713,0,non_flood,generated_negative,ERA5-Land via Open-Meteo Historical API,success,
NEG-00907,2001-08-06,2001,Uttarakhand,Tehri Garhwal,30.4658181,78.4837349,district,date,2001-08-05,0.0,0.0,0.0,0.0,0.2,20.4667,76.7917,0.4672,0,non_flood,generated_negative,ERA5-Land via Open-Meteo Historical API,success,
NEG-00908,1986-08-07,1986,Uttarakhand,Rudra Prayag,30.0417376,79.089691,district,date,1986-08-06,0.2,0.2,2.3,2.3,6.4,18.9417,87.0833,0.4937,0,non_flood,generated_negative,ERA5-Land via Open-Meteo Historical API,success,
NEG-00909,2016-08-09,2016,Uttarakhand,Rudra Prayag,30.0417376,79.089691,district,date,2016-08-08,0.2,0.8,2.4,6.6,9.8,19.2583,90.25,0.491,0,non_flood,generated_negative,ERA5-Land via Open-Meteo Historical API,success,
NEG-00910,2003-08-10,2003,Uttarakhand,Garhwal,30.25,79.333333,district,date,2003-08-09,0.4,1.5,2.9,3.2,5.8,17.1792,89.875,0.468,0,non_flood,generated_negative,ERA5-Land via Open-Meteo Historical API,success,
NEG-00911,1997-08-10,1997,Uttarakhand,Rudra Prayag,30.0417376,79.089691,district,date,1997-08-09,0.2,0.5,0.6,0.7,2.2,19.1625,88.2083,0.4965,0,non_flood,generated_negative,ERA5-Land via Open-Meteo Historical API,success,
NEG-00912,2014-08-14,2014,Uttarakhand,Dehradun,30.3255646,78.0436813,district,date,2014-08-13,0.1,0.1,0.2,1.9,6.0,25.6042,88.7917,0.4096,0,non_flood,generated_negative,ERA5-Land via Open-Meteo Historical API,success,
NEG-00913,2012-08-14,2012,Uttarakhand,Tehri Garhwal,30.4658181,78.4837349,district,date,2012-08-13,0.3,0.3,0.3,3.1,8.7,19.3833,93.375,0.4854,0,non_flood,generated_negative,ERA5-Land via Open-Meteo Historical API,success,
NEG-00914,2008-08-15,2008,Uttarakhand,Chamoli,30.4985956,79.6190537,district,date,2008-08-14,0.2,0.7,2.8,5.2,41.4,18.7583,94.7083,0.4265,0,non_flood,generated_negative,ERA5-Land via Open-Meteo Historical API,success,
NEG-00915,2005-08-21,2005,Uttarakhand,Tehri Garhwal,30.4658181,78.4837349,district,date,2005-08-20,0.0,0.0,0.6,1.0,2.1,19.325,92.25,0.487,0,non_flood,generated_negative,ERA5-Land via Open-Meteo Historical API,success,
NEG-00916,2014-08-23,2014,Uttarakhand,Garhwal,30.25,79.333333,district,date,2014-08-22,0.7,2.6,4.3,5.3,10.2,15.6,88.875,0.4918,0,non_flood,generated_negative,ERA5-Land via Open-Meteo Historical API,success,
NEG-00917,1985-08-26,1985,Uttarakhand,Chamoli,30.4985956,79.6190537,district,date,1985-08-25,0.9,2.7,5.8,6.0,12.7,18.7042,95.0833,0.4209,0,non_flood,generated_negative,ERA5-Land via Open-Meteo Historical API,success,
