sl_no,slide_no,state,district,slide_name,nh_sh_location,latitude,longitude,material_involved,movement_type,history
26926,TN/KAN/58H07/2020/1,Tamil Nadu,Kanyakumari,Balamore estate slide,Balamore ghat road,8.49,77.39,Debris,Slide,NA
26927,TN/TIR/58H06/2020/1,Tamil Nadu,Tirunelveli,Sengaltheri slide -1,Thalayanai to Sengaltheri road,8.54,77.47,Debris,Slide,NA
26928,TN/TIR/58H06/2020/2,Tamil Nadu,Tirunelveli,Sengaltheri slide -2,Thalayanai to Sengaltheri road,8.54,77.47,Debris,Slide,NA
26929,TN/TIR/58H06/2020/4,Tamil Nadu,Tirunelveli,Muthaliruppan slide,Thalayanai-Sengaltheri ghat road,8.54,77.47,Debris,Slide,NA
26930,TN/TIR/58H06/2020/7,Tamil Nadu,Tirunelveli,Nalumukku slide,Manjolai-Kudhiraivetti road,8.56,77.4,Debris,Slide,NA
26931,TN/TIR/58H06/2020/3,Tamil Nadu,Tirunelveli,Manjolai estate check post,Manjolai,8.58,77.43,Debris,Slide,NA
26932,TN/TIR/58H06/2020/5,Tamil Nadu,Tirunelveli,Oothu slide-1,Oothu to Manjolai ghat road,8.59,77.35,Debris,Flow,NA
26933,TN/TIR/58H06/2020/6,Tamil Nadu,Tirunelveli,Oothu slide-2,Manjolai- Kuthiraivetti road,8.59,77.35,Debris,Slide,NA
26934,TN/TIR/58G08/2020/9,Tamil Nadu,Tirunelveli,Cortallam road Rock fall,Road from Tenkasi to Courtallam,8.9,77.3,Rock,Fall,NA
26935,TN/TIR/58G08/2020/8,Tamil Nadu,Tirunelveli,,Road from Sengottai to Kollam,9,77.17,Debris,Slide,NA
26936,TN/VIR/58G04/2020/1,Tamil Nadu,Virudhunagar,Mekkarai slide,Mekkarai,9.07,77.22,Debris,Flow,1992
26937,TN/VIR/58G07/2020/1,Tamil Nadu,Virudhunagar,Sastha kovil west debris flow,West of Sastha kovil,9.45,77.37,Debris,Flow,2018
26938,TN/THE/58G06/2015/32,Tamil Nadu,Theni,,Vellimalai road,9.53,77.4,Earth,Slide,NA
26939,TN/THE/58G06/2015/31,Tamil Nadu,Theni,,Vellimalai road,9.54,77.37,Earth,Slide,NA
26940,TN/THE/58G06/2015/30,Tamil Nadu,Theni,,Vellimalai road,9.55,77.38,Earth,Slide,NA
26941,TN/THE/58G06/2015/9,Tamil Nadu,Theni,,Vellimalai road,9.57,77.4,Earth,Slide,NA
26942,TN/THE/58G06/2015/16,Tamil Nadu,Theni,,Vellimalai road,9.59,77.41,Earth,Slide,NA
26943,TN/THE/58G06/2015/24,Tamil Nadu,Theni,,Near Ervayalar Dam,9.61,77.3,Earth,Slide,NA
26944,TN/THE/58G06/2015/29,Tamil Nadu,Theni,,Veniyar Tea Estate,9.61,77.31,Debris,Slide,NA
26945,TN/THE/58G06/2015/15,Tamil Nadu,Theni,,Vellimalai road,9.61,77.42,Earth,Slide,NA
26946,TN/THE/58G06/2015/17,Tamil Nadu,Theni,,Manalar Tea Estate,9.62,77.34,Debris,Slide,NA
26947,TN/THE/58G06/2015/19,Tamil Nadu,Theni,,Road to Venniyar Tea Estate,9.62,77.33,Earth,Slide,NA
26948,TN/THE/58G06/2015/20,Tamil Nadu,Theni,,Venniyar Tea Estate,9.62,77.31,Earth,Slide,NA
26949,TN/THE/58G06/2015/22,Tamil Nadu,Theni,,Maharaja Mettu Estate,9.62,77.3,Debris,Slide,NA
26950,TN/THE/58G06/2015/1,Tamil Nadu,Theni,,"Suruliyar P.H., HPB 18",9.62,77.28,Debris,Slide,NA
26951,TN/THE/58G06/2015/7,Tamil Nadu,Theni,,Highwavys dam,9.65,77.36,Earth,Slide,NA
26952,TN/THE/58G06/2015/5,Tamil Nadu,Theni,,Woodbriar Tea Estate,9.68,77.39,Earth,Slide,NA
26953,TN/THE/58G06/2015/12,Tamil Nadu,Theni,,Woodbriar office,9.69,77.39,Earth,Slide,NA
26954,TN/THE/58G06/2015/3,Tamil Nadu,Theni,,Road to Meghamalai,9.7,77.4,Earth,Slide,NA
26955,TN/THE/58G06/2015/8,Tamil Nadu,Theni,,Vellimalai road,9.71,77.41,Earth,Slide,NA
26956,TN/THE/58G06/2015/33,Tamil Nadu,Theni,,"Meghamalai Road, HPB 15",9.72,77.42,Debris,Slide,NA
26957,TN/THE/58G06/2015/34,Tamil Nadu,Theni,,"Meghamalai Road, After HPB 18",9.72,77.41,Earth,Slide,NA
26958,TN/MAD/58G10/2019/1,Tamil Nadu,Madurai,Melpatti rock fall,Melpatti,9.72,77.74,Rock,Fall,NA
26959,TN/THE/58G06/2015/11,Tamil Nadu,Theni,,"Meghamalai Road, HPB- 10/18",9.73,77.42,Earth,Slide,NA
26960,TN/TEN/58F08/2016/48,Tamil Nadu,Theni,,Mundal to Bodimettu road,10.019722,77.265664,Debris,Slide,NA
26961,TN/TEN/58F08/2016/49,Tamil Nadu,Theni,,Mundal to Bodimettu road,10.020022,77.265406,Debris,Slide,NA
26962,TN/TEN/58F08/2016/52,Tamil Nadu,Theni,,Mundal to Bodimettu road,10.020811,77.266194,Earth,Slide,NA
26963,TN/TEN/58F08/2016/50,Tamil Nadu,Theni,,Mundal to Bodimettu road,10.021278,77.263808,Debris,Slide,NA
26964,TN/TEN/58F08/2016/51,Tamil Nadu,Theni,,Mundal to Bodimettu road,10.021339,77.264514,Debris,Slide,NA
26965,TN/TEN/58F08/2016/53,Tamil Nadu,Theni,,Mundal to Bodimettu road,10.021664,77.265714,Debris,Slide,NA
26966,TN/TEN/58F08/2016/54,Tamil Nadu,Theni,,Mundal to Bodimettu road,10.022622,77.264906,Debris,Slide,NA
26967,TN/TEN/58F08/2016/55,Tamil Nadu,Theni,,Mundal to Bodimettu road,10.0237,77.264536,Debris,Slide,NA
26968,TN/TEN/58F08/2016/56,Tamil Nadu,Theni,,Mundal to Bodimettu road,10.027647,77.265528,Debris,Slide,NA
26969,TN/TEN/58F08/2016/57,Tamil Nadu,Theni,,Mundal to Bodimettu road,10.028983,77.265719,Rock,Slide,NA
26970,TN/TEN/58F08/2016/59,Tamil Nadu,Theni,,Mundal to Bodimettu road,10.030003,77.267081,Debris,Slide,NA
26971,TN/TEN/58F08/2016/58,Tamil Nadu,Theni,,Mundal to Bodimettu road,10.030008,77.266225,Debris,Slide,NA
26972,TN/TEN/58F08/2016/60,Tamil Nadu,Theni,,Mundal to Bodimettu road,10.033208,77.266333,Debris,Slide,NA
26973,TN/TEN/58F08/2016/61,Tamil Nadu,Theni,,Mundal to Bodimettu road,10.033883,77.265406,Debris,Slide,NA
26974,TN/TEN/58F08/2016/69,Tamil Nadu,Theni,,Mundal to Bodimettu road,10.034431,77.278042,Debris,Slide,NA
26975,TN/TEN/58F08/2016/68,Tamil Nadu,Theni,,Mundal to Bodimettu road,10.035131,77.279533,Debris,Slide,NA
26976,TN/TEN/58F08/2016/62,Tamil Nadu,Theni,,Mundal to Bodimettu road,10.036719,77.266644,Debris,Slide,NA
26977,TN/TEN/58F08/2016/65,Tamil Nadu,Theni,,Mundal to Bodimettu road,10.036908,77.276147,Rock,Slide,NA
26978,TN/TEN/58F08/2016/63,Tamil Nadu,Theni,,Mundal to Bodimettu road,10.037483,77.2708,Debris,Slide,NA
26979,TN/TEN/58F08/2016/67,Tamil Nadu,Theni,,Mundal to Bodimettu road,10.037706,77.279914,Debris,Slide,NA
26980,TN/TEN/58F08/2016/64,Tamil Nadu,Theni,,Mundal to Bodimettu road,10.037978,77.273086,Debris,Slide,NA
26981,TN/TEN/58F08/2016/46,Tamil Nadu,Theni,,Mundal to Bodimettu road,10.040128,77.290631,Debris,Slide,NA
26982,TN/TEN/58F08/2016/45,Tamil Nadu,Theni,,Mundal to Bodimettu road,10.040314,77.291872,Debris,Slide,NA
26983,TN/TEN/58F08/2016/34,Tamil Nadu,Theni,,Mundal to Bodimettu road,10.042117,77.301367,Debris,Slide,NA
26984,TN/TEN/58F08/2016/35,Tamil Nadu,Theni,,Mundal to Bodimettu road,10.042142,77.301744,Debris,Slide,NA
26985,TN/TEN/58F08/2016/44,Tamil Nadu,Theni,,Mundal to Bodimettu road,10.042353,77.293164,Debris,Slide,NA
26986,TN/TEN/58F08/2016/33,Tamil Nadu,Theni,,Mundal to Bodimettu road,10.042678,77.304019,Debris,Slide,NA
26987,TN/TEN/58F08/2016/36,Tamil Nadu,Theni,,Mundal to Bodimettu road,10.043192,77.303367,Rock,Fall,NA
26988,TN/TEN/58F08/2016/40,Tamil Nadu,Theni,,Mundal to Bodimettu road,10.043597,77.300431,Debris,Slide,NA
26989,TN/TEN/58F08/2016/43,Tamil Nadu,Theni,,Mundal to Bodimettu road,10.043981,77.2935,Debris,Slide,NA
26990,TN/TEN/58F08/2016/66,Tamil Nadu,Theni,,Mundal to Bodimettu road,10.044303,77.277003,Debris,Slide,NA
26991,TN/TEN/58F08/2016/41,Tamil Nadu,Theni,,Mundal to Bodimettu road,10.044442,77.299331,Debris,Slide,NA
26992,TN/TEN/58F08/2016/32,Tamil Nadu,Theni,,Mundal to Bodimettu road,10.044856,77.306169,Debris,Slide,NA
26993,TN/TEN/58F08/2016/42,Tamil Nadu,Theni,,Mundal to Bodimettu road,10.045336,77.295475,Debris,Slide,NA
26994,TN/TEN/58F08/2016/39,Tamil Nadu,Theni,,Mundal to Bodimettu road,10.045503,77.302472,Debris,Slide,NA
26995,TN/TEN/58F08/2016/37,Tamil Nadu,Theni,,Mundal to Bodimettu road,10.045611,77.3037,Debris,Slide,NA
26996,TN/TEN/58F08/2016/31,Tamil Nadu,Theni,,Mundal to Bodimettu road,10.046692,77.308981,Rock,Slide,NA
26997,TN/TEN/58F08/2016/38,Tamil Nadu,Theni,,Mundal to Bodimettu road,10.046953,77.306408,Rock,Fall,NA
26998,TN/TEN/58F08/2016/30,Tamil Nadu,Theni,,Mundal to Bodimettu road,10.048972,77.310464,Rock,Slide,NA
26999,TN/TEN/58F08/2016/71,Tamil Nadu,Theni,,Mundal to Bodimettu road,10.076472,77.255686,Earth,Slide,NA
27000,TN/TEN/58F08/2016/70,Tamil Nadu,Theni,,Mundal to Bodimettu road,10.076961,77.255369,Earth,Slide,NA
27001,TN/ANN/58F08/2016/24,Tamil Nadu,Dindigul,,Mariyanchola Road,10.166275,77.363056,Earth,Slide,NA
27002,TN/ANN/58F08/2016/23,Tamil Nadu,Dindigul,,Berijam to Mariyanchola Road,10.177358,77.387694,Earth,Slide,NA
27003,TN/ANN/58F08/2016/7,Tamil Nadu,Dindigul,,South west of Poondi village,10.191944,77.333889,Debris,Slide,NA
27004,TN/ANN/58F08/2016/6,Tamil Nadu,Dindigul,,South of Nattiyampatti village,10.19375,77.320056,Debris,Slide,NA
27005,TN/ANN/58F12/2016/29,Tamil Nadu,Dindigul,,Along the road from Kodaikanal to Vatlakundu,10.197261,77.660056,Debris,Slide,NA
27006,TN/ANN/58F08/2016/5,Tamil Nadu,Dindigul,,Along road from Killavarai to Polur,10.199722,77.314528,Debris,Slide,NA
27007,TN/ANN/58F08/2016/4,Tamil Nadu,Dindigul,,Along road from Killavarai to Polur,10.200222,77.31475,Earth,Slide,NA
27008,TN/ANN/58F12/2016/28,Tamil Nadu,Dindigul,,Along the road from Kodaikanal to Vatlakundu,10.20375,77.650556,Debris,Slide,NA
27009,TN/ANN/58F08/2016/8,Tamil Nadu,Dindigul,,South East of Mannavanur village,10.205333,77.347556,Debris,Slide,NA
27010,TN/ANN/58F12/2016/27,Tamil Nadu,Dindigul,,Along the road from Kodaikanal to Vatlakundu,10.20825,77.645306,Debris,Slide,NA
27011,TN/ANN/58F12/2016/26,Tamil Nadu,Dindigul,,"Along the road from Kodaikanal to Vatlakundu, via Tom Tom Parai",10.210583,77.638222,Debris,Slide,NA
27012,TN/ANN/58F08/2016/22,Tamil Nadu,Dindigul,,Mannavanoor to Berijam Road,10.21225,77.372311,Debris,Slide,NA
27013,TN/ANN/58F12/2016/25,Tamil Nadu,Dindigul,,"Along the road from Kodaikanal to Vatlakundu, near Tom Tom Parai",10.212639,77.634417,Debris,Slide,NA
27014,TN/ANN/58F12/2016/24,Tamil Nadu,Dindigul,,"Along the road from Kodaikanal to Vatlakundu, near Tom Tom Parai",10.213778,77.631111,Rock,Slide,NA
27015,TN/ANN/58F08/2016/9,Tamil Nadu,Dindigul,,Along the road from Kavunji to Mannavanur,10.216639,77.356167,Debris,Slide,NA
27016,TN/ANN/58F12/2016/23,Tamil Nadu,Dindigul,,"Along the road from Kodaikanal to Vatlakundu, near Tom Tom Parai",10.218472,77.631167,Rock,Slide,NA
27017,TN/ANN/58F08/2016/29,Tamil Nadu,Dindigul,,Kodaikanal to Vattakanal road,10.219,77.483833,Debris,Slide,NA
27018,TN/ANN/58F08/2016/10,Tamil Nadu,Dindigul,,Along the road from Kavunji to Mannavanur,10.219111,77.355722,Debris,Slide,NA
27019,TN/ANN/58F08/2016/15,Tamil Nadu,Dindigul,,South of Mannavanur,10.219444,77.348889,Earth,Slide,NA
27020,TN/ANN/58F08/2016/12,Tamil Nadu,Dindigul,,Along the road from Kavunji to Mannavanur,10.220333,77.3565,Debris,Slide,NA
27021,TN/ANN/58F08/2016/11,Tamil Nadu,Dindigul,,Along the road from Kavunji to Mannavanur,10.220444,77.357806,Debris,Slide,NA
27022,TN/ANN/58F08/2016/14,Tamil Nadu,Dindigul,,South of Mannavanur,10.220556,77.349722,Earth,Slide,NA
27023,TN/ANN/58F08/2016/28,Tamil Nadu,Dindigul,,Kodaikanal to Vattakanal road,10.220836,77.483703,Debris,Slide,NA
27024,TN/ANN/58F08/2016/27,Tamil Nadu,Dindigul,,Kodaikanal to Vattakanal road,10.22095,77.48355,Debris,Slide,NA
27025,TN/ANN/58F08/2016/26,Tamil Nadu,Dindigul,,Kodaikanal to Vattakanal road,10.221917,77.482989,Debris,Slide,NA
27026,TN/ANN/58F12/2016/22,Tamil Nadu,Dindigul,,Along the road from Kodaikanal to Vatlakundu,10.223278,77.632722,Earth,Slide,NA
27027,TN/ANN/58F12/2016/14,Tamil Nadu,Dindigul,,Along the road from Perumal Malai to Adukkam near Adukkam village,10.226694,77.561167,Debris,Slide,NA
27028,TN/ANN/58F12/2016/21,Tamil Nadu,Dindigul,,Along the road from Kodaikanal to Vatlakundu,10.228528,77.636694,Debris,Slide,NA
27029,TN/ANN/58F12/2016/20,Tamil Nadu,Dindigul,,Along the road from Kodaikanal to Vatlakundu,10.230444,77.640361,Earth,Slide,NA
27030,TN/ANN/58F12/2016/19,Tamil Nadu,Dindigul,,Along the road from Kodaikanal to Vatlakundu,10.231833,77.642778,Debris,Slide,NA
27031,TN/ANN/58F08/2016/13,Tamil Nadu,Dindigul,,Along the road from Mannavanur to Poombarai,10.231861,77.350194,Earth,Slide,NA
27032,TN/ANN/58F12/2016/18,Tamil Nadu,Dindigul,,Along the road from Kodaikanal to Vatlakundu,10.231972,77.644389,Debris,Slide,NA
27033,TN/ANN/58F12/2016/17,Tamil Nadu,Dindigul,,Along the road from Kodaikanal to Vatlakundu,10.233333,77.640444,Earth,Slide,NA
27034,TN/ANN/58F12/2016/13,Tamil Nadu,Dindigul,,Along the road from Perumal Malai to Adukkam near Adukkam village,10.233778,77.565056,Debris,Slide,NA
27035,TN/ANN/58F11/2016/22,Tamil Nadu,Dindigul,,Road from Senbaganur to Prakasapuram,10.235917,77.509972,Debris,Slide,NA
27036,TN/ANN/58F12/2016/4,Tamil Nadu,Dindigul,,Near Prakasapuram,10.236556,77.512194,Earth,Slide,NA
27037,TN/ANN/58F12/2016/16,Tamil Nadu,Dindigul,,Along the road from Kodaikanal to Vatlakundu,10.236778,77.640111,Earth,Slide,NA
27038,TN/ANN/58F12/2016/15,Tamil Nadu,Dindigul,,Along the road from Perumal Malai to Adukkam near Adukkam village,10.237,77.554806,Debris,Slide,NA
27039,TN/ANN/58F12/2016/30,Tamil Nadu,Dindigul,,Senbaganur,10.238875,77.523114,Debris,Slide,NA
27040,TN/ANN/58F08/2016/16,Tamil Nadu,Dindigul,,Along the road from Mannavanur to Poombarai,10.239389,77.350889,Debris,Slide,NA
27041,TN/ANN/58F12/2016/5,Tamil Nadu,Dindigul,,Near Prakasapuram,10.239417,77.519611,Earth,Slide,NA
27042,TN/ANN/58F12/2016/6,Tamil Nadu,Dindigul,,Prakasapuram,10.239444,77.519972,Earth,Slide,NA
27043,TN/ANN/58F08/2016/20,Tamil Nadu,Dindigul,,Along the road from Mannavanur to Poombarai,10.240167,77.37825,Earth,Slide,NA
27044,TN/ANN/58F08/2016/21,Tamil Nadu,Dindigul,,Mother Theresa womenΓÇÖs college Kodaikanal,10.240769,77.5049,Debris,Slide,NA
27045,TN/ANN/58F08/2016/19,Tamil Nadu,Dindigul,,Along the road from Mannavanur to Poombarai,10.240806,77.366222,Earth,Slide,NA
27046,TN/ANN/58F12/2016/1,Tamil Nadu,Dindigul,,Prakasapuram- Periyavarai road,10.241139,77.528889,Debris,Slide,NA
27047,TN/ANN/58F08/2016/25,Tamil Nadu,Dindigul,,Indranagar- Behind Mother Theresa college,10.241372,77.504561,Debris,Slide,NA
27048,TN/ANN/58F12/2016/2,Tamil Nadu,Dindigul,,Prakasapuram- Periyavarai road,10.241861,77.527833,Debris,Slide,NA
27049,TN/ANN/58F12/2016/3,Tamil Nadu,Dindigul,,Prakasapuram- Periyavarai road,10.242028,77.527361,Debris,Slide,NA
27050,TN/ANN/58F08/2016/17,Tamil Nadu,Dindigul,,Along the road from Mannavanur to Kilanavayal,10.243444,77.33425,Earth,Slide,NA
27051,TN/ANN/58F12/2016/31,Tamil Nadu,Dindigul,,Pullathur village,10.245033,77.643522,Earth,Slide,NA
27052,TN/ANN/58F12/2016/12,Tamil Nadu,Dindigul,,Near Adukkam village,10.246278,77.557194,Debris,Slide,NA
27053,TN/ANN/58F12/2016/11,Tamil Nadu,Dindigul,,Near Adukkam village,10.246556,77.556861,Debris,Slide,NA
27054,TN/ANN/58F11/2016/17,Tamil Nadu,Dindigul,,Road from Kodaikanal to Genguvarpatti,10.248917,77.52025,Earth,Slide,NA
27055,TN/ANN/58F08/2016/2,Tamil Nadu,Dindigul,,Road from Kodaikanal to Vilpatti,10.249,77.49075,Debris,Slide,NA
27056,TN/ANN/58F08/2016/3,Tamil Nadu,Dindigul,,Road from Kodaikanal to Vilpatti,10.249417,77.490833,Debris,Slide,NA
27057,TN/ANN/58F08/2016/18,Tamil Nadu,Dindigul,,Along the road from Mannavanur to Kilanavayal,10.249722,77.333611,Debris,Slide,NA
27058,TN/ANN/58F08/2016/1,Tamil Nadu,Dindigul,,Road from Kodaikanal to Vilpatti,10.249944,77.491806,Debris,Slide,NA
27059,TN/DIN/58F07/2017/1,Tamil Nadu,Dindigul,,Pumbarai bifurcation,10.250556,77.412556,Soil,Slide,NA
27060,TN/DIN/58F07/2017/29,Tamil Nadu,Dindigul,,3 km south of Kilanavayol village,10.251778,77.32975,Soil,Slide,NA
27061,TN/DIN/58F07/2017/32,Tamil Nadu,Dindigul,,Kilanavayol village,10.252222,77.333056,Rock cum debris,Slide,NA
27062,TN/ANN/58F11/2016/16,Tamil Nadu,Dindigul,,Road from Kodaikanal to Genguvarpatti,10.252306,77.522833,Earth,Slide,NA
27063,TN/ANN/58F11/2016/15,Tamil Nadu,Dindigul,,Road from Kodaikanal to Genguvarpatti near Perumalmalai,10.253611,77.524139,Debris,Slide,NA
27064,TN/ANN/58F11/2016/14,Tamil Nadu,Dindigul,,Road from Kodaikanal to Genguvarpatti,10.254028,77.5245,Debris,Slide,NA
27065,TN/ANN/58F11/2016/13,Tamil Nadu,Dindigul,,Road from Kodaikanal to Genguvarpatti near Perumalmalai,10.255056,77.528611,Debris,Slide,NA
27066,TN/DIN/58F07/2017/41,Tamil Nadu,Dindigul,,Kodaikanal,10.255194,77.483361,Debris,Slide,NA
27067,TN/COI/58F07/2017/30,Tamil Nadu,Coimbatore,,Kilanavayol village,10.256417,77.332389,Soil cum debris,Slide,NA
27068,TN/ANN/58F11/2016/12,Tamil Nadu,Dindigul,,Road from Kodaikanal to Genguvarpatti near Perumalmalai,10.256639,77.531139,Rock cum Debris,Fall,NA
27069,TN/ANN/58F11/2016/11,Tamil Nadu,Dindigul,,Road from Perumalmalai to Kodaikanal,10.257556,77.531556,Earth,Slide,NA
27070,TN/DIN/58F07/2017/13,Tamil Nadu,Dindigul,,Nayudupuram to Vilpatti Road,10.257667,77.491278,Soil cum debris,Fall,NA
27071,TN/DIN/58F07/2017/23,Tamil Nadu,Dindigul,,Mannavanoor to Kukkal Road,10.257889,77.373028,Soil,Slide,NA
27072,TN/DIN/58F07/2017/14,Tamil Nadu,Dindigul,,Nayudupuram to Vilpatti Road,10.257944,77.492139,Soil cum debris,Slide,NA
27073,TN/DIN/58F07/2017/42,Tamil Nadu,Dindigul,,Kodaikanal,10.258028,77.491778,Debris,Slide,NA
27074,TN/COI/58F07/2017/31,Tamil Nadu,Coimbatore,,Kilanavayol village,10.258056,77.3315,Soil cum debris,Slide,NA
27075,TN/DIN/58F07/2017/15,Tamil Nadu,Dindigul,,Nayudupuram to Vilpatti Road,10.25925,77.492361,Soil cum debris,Fall,NA
27076,TN/DIN/58F07/2017/44,Tamil Nadu,Dindigul,,Kodaikanal vilpatti road,10.259694,77.492667,Debris,Slide,NA
27077,TN/DIN/58F03/2017/147,Tamil Nadu,Dindigul,,Kodaikanal,10.260194,77.405333,Debris,Slide,NA
27078,TN/ANN/58F11/2016/10,Tamil Nadu,Dindigul,,Road from Perumalmalai to Kodaikanal,10.260222,77.535278,Earth,Slide,NA
27079,TN/ANN/58F12/2016/10,Tamil Nadu,Dindigul,,Along the road from Perumal Malai to Adukkam,10.260444,77.554889,Earth,Slide,NA
27080,TN/COI/58B15/2017/71,Tamil Nadu,Coimbatore,,Annaimudi Tea Estate,10.2612,76.9346,Debris,Slide,NA
27081,TN/ANN/58F12/2016/8,Tamil Nadu,Dindigul,,Along the road from Perumal Malai to Adukkam,10.261444,77.552639,Debris,Slide,NA
27082,TN/DIN/58F07/2017/16,Tamil Nadu,Dindigul,,Vilpatti Road,10.261444,77.493444,Soil cum debris,Slide,NA
27083,TN/ANN/58F12/2016/9,Tamil Nadu,Dindigul,,Along the road from Perumal Malai to Adukkam,10.261667,77.554083,Earth,Slide,NA
27084,TN/ANN/58F11/2016/9,Tamil Nadu,Dindigul,,Road from Perumalmalai to Genguvarpatti,10.262583,77.537194,Earth,Slide,NA
27085,TN/ANN/58F12/2016/7,Tamil Nadu,Dindigul,,Along the road from Perumal Malai to Adukkam,10.262667,77.547083,Earth,Slide,NA
27086,TN/DIN/58F07/2017/2,Tamil Nadu,Dindigul,,Pumparai to Kukkal road,10.263667,77.404222,Debris,Fall,NA
27087,TN/DIN/58F07/2017/17,Tamil Nadu,Dindigul,,Vilpatti,10.263833,77.494028,Soil cum debris,Slide,NA
27088,TN/ANN/58F11/2016/18,Tamil Nadu,Dindigul,,Road from Perumal Malai to Palani,10.264333,77.535667,Debris,Slide,NA
27089,TN/DIN/58F07/2017/43,Tamil Nadu,Dindigul,,Kodaikanal vilpatti road,10.264361,77.493889,Debris,Slide,NA
27090,TN/DIN/58F07/2017/38,Tamil Nadu,Dindigul,,Vilpatti road Bifurcation,10.265444,77.493889,Debris,Slide,NA
27091,TN/DIN/58F07/2017/18,Tamil Nadu,Dindigul,,Vilpatti bifurcation to Pallangi,10.265639,77.494028,Debris,Slide,NA
27092,TN/ANN/58F11/2016/19,Tamil Nadu,Dindigul,,Road from Perumal Malai to Palani,10.266472,77.534917,Earth,Slide,NA
27093,TN/ANN/58F11/2016/23,Tamil Nadu,Dindigul,,Along the road from Kodaikanal to Palani,10.266572,77.535944,Debris,Slide,NA
27094,TN/COI/58F03/2017/58,Tamil Nadu,Coimbatore,,Left bank of Manaliar,10.267333,77.280389,Rock cum debris,Slide,NA
27095,TN/ANN/58F11/2016/7,Tamil Nadu,Dindigul,,Road from Perumalmalai to Genguvarpatti,10.268417,77.558611,Earth,Slide,NA
27096,TN/ANN/58F11/2016/8,Tamil Nadu,Dindigul,,Road from Perumalmalai to Genguvarpatti,10.269278,77.554333,Debris,Slide,NA
27097,TN/COI/58B15/2017/116,Tamil Nadu,Coimbatore,,Upasi,10.269969,76.967114,Soil,Slide,NA
27098,TN/DIN/58F07/2017/21,Tamil Nadu,Dindigul,,Vilpatti,10.269972,77.4945,Rock cum debris,Fall,NA
27099,TN/DIN/58F07/2017/9,Tamil Nadu,Dindigul,,Pallangi village to Adisarai,10.270417,77.451417,Soil cum debris,Slide,NA
27100,TN/DIN/58F07/2017/22,Tamil Nadu,Dindigul,,Vilpatti,10.270417,77.495639,Rock cum debris,Fall,NA
27101,TN/DIN/58F07/2017/3,Tamil Nadu,Dindigul,,Pumbarai to Kukkal road 4 km east of Kukkal,10.270444,77.396361,Soil cum debris,Slide,NA
27102,TN/COI/58B15/2017/101,Tamil Nadu,Coimbatore,,Pannimedu Tea Estate,10.2718,76.896231,Soil,Slide,NA
27103,TN/DIN/58F07/2017/10,Tamil Nadu,Dindigul,,Pallangi village to Adisarai,10.271972,77.45325,Soil cum debris,Slide,NA
27104,TN/DIN/58F07/2017/4,Tamil Nadu,Dindigul,,Pumparai to Anavattam road,10.272111,77.396389,Soil cum debris,Slide,NA
27105,TN/COI/58B15/2017/70,Tamil Nadu,Coimbatore,,Road from Mudis to Mukkottumudi Tea Estate,10.272297,76.9226,Soil,Slide,NA
27106,TN/COI/58B15/2017/44,Tamil Nadu,Coimbatore,,Near Nirar Dam,10.272486,76.976197,Soil,Slide,NA
27107,TN/DIN/58F07/2017/28,Tamil Nadu,Dindigul,,North of Vilpatti village,10.2725,77.498194,Rock cum debris,Fall,NA
27108,TN/ANN/58F11/2016/6,Tamil Nadu,Dindigul,,Road from Perumalmalai to Genguvarpatti,10.272556,77.560667,Earth,Slide,NA
27109,TN/COI/58B15/2017/43,Tamil Nadu,Coimbatore,,2 km South West of Nirar Dam,10.272675,76.974933,Soil,Slide,NA
27110,TN/ANN/58F11/2016/2,Tamil Nadu,Dindigul,,Road from Kodaikanal to Genguvarpatti,10.27275,77.572278,Earth,Slide,NA
27111,TN/COI/58B15/2017/45,Tamil Nadu,Coimbatore,,Near Nirar Dam,10.272758,76.980692,Debris,Slide,NA
27112,TN/DIN/58F07/2017/8,Tamil Nadu,Dindigul,,Pallangi village,10.272861,77.454472,Soil cum debris,Slide,NA
27113,TN/ANN/58F11/2016/20,Tamil Nadu,Dindigul,,"Road from Perumal Malai to Palani, near pettuparai road bifurcation",10.273417,77.533861,Debris,Slide,NA
27114,TN/COI/58B15/2017/42,Tamil Nadu,Coimbatore,,Road from Singona Tea Estate to Nirar Dam,10.274317,76.974889,Soil,Slide,NA
27115,TN/DIN/58F07/2017/39,Tamil Nadu,Dindigul,,Kodaikanal,10.274667,77.395944,Debris,Slide,NA
27116,TN/DIN/58F07/2017/40,Tamil Nadu,Dindigul,,Kodaikanal,10.274778,77.3935,Debris,Slide,NA
27117,TN/ANN/58F11/2016/3,Tamil Nadu,Dindigul,,Road from Kodaikanal to Genguvarpatti,10.274917,77.567694,Debris,Slide,NA
27118,TN/ANN/58F11/2016/1,Tamil Nadu,Dindigul,,Road from Kodaikanal to Genguvarpatti,10.275,77.56625,Debris,Slide,NA
27119,TN/DIN/58F07/2017/5,Tamil Nadu,Dindigul,,Anavattam to Kukkal road,10.275444,77.395889,Soil cum debris,Slide,NA
27120,TN/COI/58B15/2017/69,Tamil Nadu,Coimbatore,,"Upslope of SH78, H.P.B no. 38/40",10.275511,76.924528,Debris,Slide,NA
27121,TN/ANN/58F11/2016/5,Tamil Nadu,Dindigul,,Road from Kodaikanal to Genguvarpatti,10.275833,77.55975,Earth,Slide,NA
27122,TN/ANN/58F11/2016/24,Tamil Nadu,Dindigul,,South of Pettuparai village,10.275972,77.533528,Debris,Slide,NA
27123,TN/DIN/58F07/2017/11,Tamil Nadu,Dindigul,,Pallangi village to Kombai,10.277056,77.449389,Soil cum debris,Slide,NA
27124,TN/DIN/58F07/2017/19,Tamil Nadu,Dindigul,,Attuvampatti to Kadalkudai road,10.277167,77.471444,Debris,Slide,NA
27125,TN/DIN/58F07/2017/20,Tamil Nadu,Dindigul,,Attuvampatti to Kadalkudai road,10.277639,77.467361,Rock cum debris,Slide,NA
27126,TN/COI/58B15/2017/41,Tamil Nadu,Coimbatore,,Road from Singona Tea Estate to Nirar Dam,10.277736,76.978353,Soil,Slide,NA
27127,TN/ANN/58F11/2016/4,Tamil Nadu,Dindigul,,Road from Kodaikanal to Genguvarpatti,10.278611,77.565778,Debris,Slide,NA
27128,TN/ANN/58F15/2016/8,Tamil Nadu,Dindigul,,Thandikudi to Batlaguntu road,10.279656,77.7847,Debris,Slide,NA
27129,TN/COI/58B15/2017/117,Tamil Nadu,Coimbatore,,Road from Malakkaparai to Chalakudi,10.280017,76.864919,Soil,Slide,NA
27130,TN/COI/58B15/2017/40,Tamil Nadu,Coimbatore,,Road from Singona Tea Estate to Nirar Dam,10.280178,76.977636,Soil,Slide,NA
27131,TN/DIN/58F07/2017/12,Tamil Nadu,Dindigul,,Pallangi village to Kombai,10.281278,77.449222,Rock cum debris,Fall,NA
27132,TN/DIN/58F07/2017/33,Tamil Nadu,Dindigul,,Pallangi to Kombai road.,10.281333,77.448889,Debris,Slide,NA
27133,TN/ANN/58F11/2016/21,Tamil Nadu,Dindigul,,Road from Perumal Malai to Palani,10.281583,77.533722,Debris,Slide,NA
27134,TN/DIN/58F07/2017/34,Tamil Nadu,Dindigul,,Pallangi to Kombai road.,10.281583,77.449,Debris,Slide,NA
27135,TN/DIN/58F07/2017/35,Tamil Nadu,Dindigul,,Pallangi to Kombai road.,10.282194,77.45125,Debris,Slide,NA
27136,TN/COI/58F03/2017/109,Tamil Nadu,Coimbatore,,Periya kallar river,10.283972,77.015556,Debris,Slide,NA
27137,TN/DIN/58F07/2017/36,Tamil Nadu,Dindigul,,Pallangi to Kombai road.,10.284361,77.456,Debris,Slide,NA
27138,TN/DIN/58F07/2017/24,Tamil Nadu,Dindigul,,Kukkal Lake,10.284806,77.361944,Soil,Slide,NA
27139,TN/DIN/58F07/2017/25,Tamil Nadu,Dindigul,,Kukkal to Kundupatti road,10.285694,77.3765,Soil,Slide,NA
27140,TN/DIN/58F07/2017/26,Tamil Nadu,Dindigul,,Kukkal village,10.285833,77.376694,Rock cum debris,Slide,NA
27141,TN/DIN/58F07/2017/6,Tamil Nadu,Dindigul,,Anavattam road to Kukkal,10.285889,77.3945,Debris,Slide,NA
27142,TN/DIN/58F07/2017/37,Tamil Nadu,Dindigul,,Pallangi to Kombai road.,10.286,77.457444,Debris,Slide,NA
27143,TN/DIN/58F07/2017/27,Tamil Nadu,Dindigul,,Kukkal village,10.286917,77.396306,Rock cum debris,Slide,NA
27144,TN/ANN/58F11/2016/25,Tamil Nadu,Dindigul,,Along the road from Perumal Malai to Pettuparai,10.287006,77.530047,Debris,Slide,NA
27145,TN/COI/58F03/2017/111,Tamil Nadu,Coimbatore,,Periya kallar,10.287306,77.009028,Debris,Slide,NA
27146,TN/COI/58F03/2017/110,Tamil Nadu,Coimbatore,,Periya kallar,10.287333,77.007722,Debris,Slide,NA
27147,TN/COI/58F03/2017/112,Tamil Nadu,Coimbatore,,Periya kallar,10.287556,77.009583,Debris,Slide,NA
27148,TN/COI/58F03/2017/113,Tamil Nadu,Coimbatore,,Periya kallar,10.287722,77.009139,Debris,Slide,NA
27149,TN/DIN/58F07/2017/7,Tamil Nadu,Dindigul,,Anavattam road to Kukkal,10.288083,77.398389,Soil cum debris,Slide,NA
27150,TN/COI/58F03/2017/98,Tamil Nadu,Coimbatore,,Cinchona fourth division area,10.28825,77.001222,Debris,Topple,NA
27151,TN/COI/58B15/2017/39,Tamil Nadu,Coimbatore,,Road from Singona Tea Estate to Chinna Kallar,10.288333,77,Debris,Slide,NA
27152,TN/COI/58B15/2017/118,Tamil Nadu,Coimbatore,,Road from Malakkaparai to Chalakudi,10.288408,76.841694,Soil,Slide,NA
27153,TN/COI/58F03/2017/99,Tamil Nadu,Coimbatore,,Cinchona fourth division area,10.288528,77.00225,Debris,Topple,NA
27154,TN/COI/58F03/2017/108,Tamil Nadu,Coimbatore,,Periya kallar road,10.288778,77.009417,Debris,Slide,NA
27155,TN/COI/58F03/2017/101,Tamil Nadu,Coimbatore,,Cinchona fourth division area,10.288833,77.005333,Debris,Slide,NA
27156,TN/COI/58F03/2017/100,Tamil Nadu,Coimbatore,,Cinchona fourth division area,10.288889,77.002833,Debris,Slide,NA
27157,TN/COI/58F03/2017/102,Tamil Nadu,Coimbatore,,Cinchona fourth division area,10.289111,77.005889,Debris,Slide,NA
27158,TN/COI/58B15/2017/38,Tamil Nadu,Coimbatore,,Singona Tea Estate,10.290103,76.986164,Soil,Slide,NA
27159,TN/COI/58F03/2017/114,Tamil Nadu,Coimbatore,,Periya kallar,10.290417,77.008611,Debris,Slide,NA
27160,TN/ANN/58F15/2016/7,Tamil Nadu,Dindigul,,Thandikudi to Batlaguntu road,10.290756,77.77765,Debris,Slide,NA
27161,TN/COI/58F03/2017/107,Tamil Nadu,Coimbatore,,Periya kallar road,10.290861,77.008639,Rock cum debris,Slide,NA
27162,TN/COI/58F03/2017/103,Tamil Nadu,Coimbatore,,Cinchona fourth division area,10.291667,77.012639,Debris,Slide,NA
27163,TN/COI/58B15/2017/102,Tamil Nadu,Coimbatore,,Near Sholaiyar Nagar,10.293314,76.876094,Soil,Slide,NA
27164,TN/ANN/58F15/2016/6,Tamil Nadu,Dindigul,,Thandikudi to Batlaguntu road,10.293864,77.776428,Debris,Slide,NA
27165,TN/ANN/58F11/2016/26,Tamil Nadu,Dindigul,,Along the road from Kodaikanal to Palani,10.294189,77.548397,Rock,Topple,NA
27166,TN/ANN/58F15/2016/5,Tamil Nadu,Dindigul,,Thandikudi to Batlaguntu road,10.294911,77.774781,Debris,Slide,NA
27167,TN/COI/58F03/2017/104,Tamil Nadu,Coimbatore,,Cinchona fourth division area,10.295556,77.017306,Debris,Slide,NA
27168,TN/COI/58F03/2017/105,Tamil Nadu,Coimbatore,,Cinchona fourth division area,10.296417,77.017333,Rock cum debris,Slide,NA
27169,TN/COI/58B15/2017/37,Tamil Nadu,Coimbatore,,Sirukundra Tea Estate,10.297458,76.968019,Debris,Slide,NA
27170,TN/COI/58F03/2017/106,Tamil Nadu,Coimbatore,,Chinnakallar,10.298056,77.019083,Rock cum debris,Slide,NA
27171,TN/ANN/58F11/2016/29,Tamil Nadu,Dindigul,,Along the road from Kodaikanal to Palani,10.299047,77.55115,Debris,Slide,NA
27172,TN/ANN/58F11/2016/27,Tamil Nadu,Dindigul,,Along the road from Kodaikanal to Palani,10.29965,77.551875,Debris,Slide,NA
27173,TN/COI/58B15/2017/3,Tamil Nadu,Coimbatore,,Sholayar 2nd Division Tea Estate,10.300208,76.944544,Soil,Slide,NA
27174,TN/COI/58B15/2017/4,Tamil Nadu,Coimbatore,,Sholayar 2nd Division Tea Estate,10.300283,76.946444,Debris,Slide,NA
27175,TN/ANN/58F15/2016/4,Tamil Nadu,Dindigul,,Thandikudi to Batlaguntu road,10.300331,77.768722,Debris,Slide,NA
27176,TN/ANN/58F15/2016/3,Tamil Nadu,Dindigul,,Batalguntu road ( Thandikudi road to Batlaguntu),10.300608,77.769753,Debris,Slide,NA
27177,TN/COI/58F03/2017/135,Tamil Nadu,Coimbatore,,China Kallar colony,10.301,77.020722,Debris,Slide,NA
27178,TN/COI/58F03/2017/134,Tamil Nadu,Coimbatore,,China Kallar colony,10.301111,77.020861,Debris,Slide,NA
27179,TN/COI/58B15/2017/5,Tamil Nadu,Coimbatore,,Sholayar 1st Division Tea Estate,10.301278,76.949597,Rock,Fall,NA
27180,TN/COI/58B15/2017/119,Tamil Nadu,Coimbatore,,Road from Malakkaparai to Chalakudi,10.301614,76.783903,Rock,Topple,NA
27181,TN/ANN/58F11/2016/47,Tamil Nadu,Dindigul,,Periyur to Pachalur Road,10.302667,77.712683,Earth,Slide,NA
27182,TN/ANN/58F15/2016/1,Tamil Nadu,Dindigul,,Meenachi oothu to Batalguntu road,10.302983,77.757842,Debris,Slide,NA
27183,TN/ANN/58F15/2016/2,Tamil Nadu,Dindigul,,Batalguntu road ( Thandikudi road to Batlaguntu),10.30335,77.763042,Debris,Slide,NA
27184,TN/COI/58B15/2017/99,Tamil Nadu,Coimbatore,N/A,N/A,10.304078,76.867225,Rock cum debris,Slide,NA
27185,TN/COI/58B15/2017/100,Tamil Nadu,Coimbatore,,Road from Kalyanapandal to Sholaiyarnagar,10.304292,76.86725,Soil,Slide,NA
27186,TN/COI/58B15/2017/98,Tamil Nadu,Coimbatore,,Road from Murugali to Kalyanapandal,10.3056,76.8584,Debris,Slide,NA
27187,TN/COI/58B15/2017/2,Tamil Nadu,Coimbatore,,Sholayar 1st Division Tea Estate,10.305747,76.943708,Soil,Slide,NA
27188,TN/ANN/58F11/2016/28,Tamil Nadu,Dindigul,,Along the road from Kodaikanal to Palani,10.306172,77.554861,Earth,Slide,NA
27189,TN/COI/58B15/2017/1,Tamil Nadu,Coimbatore,,Sholayar 1st Division Tea Estate,10.307786,76.947572,Soil,Slide,NA
27190,TN/COI/58B15/2017/77,Tamil Nadu,Coimbatore,,Road from Vellimalai to Sirukundra,10.309331,76.978678,Debris,Slide,NA
27191,TN/COI/58B15/2017/79,Tamil Nadu,Coimbatore,,Road Korangamudi village to Monica Estate,10.309508,76.910206,Debris,Slide,NA
27192,TN/COI/58B15/2017/78,Tamil Nadu,Coimbatore,,Korangamudi village,10.309886,76.897606,Debris,Slide,NA
27193,TN/ANN/58F11/2016/30,Tamil Nadu,Dindigul,,Along the road from Kodaikanal to Palani,10.310044,77.562853,Earth,Slide,NA
27194,TN/ANN/58F11/2016/31,Tamil Nadu,Dindigul,,Road from Kodaikanal to Palani,10.311542,77.566256,Debris,Slide,NA
27195,TN/COI/58B15/2017/76,Tamil Nadu,Coimbatore,,PKT Tea Estate,10.312653,76.982281,Debris,Slide,NA
27196,TN/COI/58B15/2017/36,Tamil Nadu,Coimbatore,,West of Sholayar Dam,10.313836,76.892428,Soil,Slide,NA
27197,TN/COI/58B15/2017/35,Tamil Nadu,Coimbatore,,Road from Urulikal Village to Sholayar Dam,10.313947,76.892933,Debris,Slide,NA
27198,TN/COI/58B15/2017/75,Tamil Nadu,Coimbatore,,Vellimalai Tea Estate,10.314283,76.979111,Soil,Slide,NA
27199,TN/COI/58B15/2017/34,Tamil Nadu,Coimbatore,,Road from Urulikal Village to Sholayar Dam,10.314694,76.893206,Soil cum debris,Slide,NA
27200,TN/COI/58B15/2017/33,Tamil Nadu,Coimbatore,,Road from Urulikal Village to Sholayar Dam,10.315153,76.893475,Soil,Slide,NA
27201,TN/ANN/58F11/2016/32,Tamil Nadu,Dindigul,,"Road from Kodaikanal to Melpallam, Palani road",10.31525,77.566206,Debris,Slide,NA
27202,TN/ANN/58F11/2016/37,Tamil Nadu,Dindigul,,Road from Perumalmalai to Vadakavunji,10.315453,77.577625,Debris,Slide,NA
27203,TN/COI/58B15/2017/32,Tamil Nadu,Coimbatore,,Road from Urulikal Village to Sholayar Dam,10.316919,76.897617,Soil,Slide,NA
27204,TN/ANN/58F11/2016/33,Tamil Nadu,Dindigul,,Road from Kodaikanal to Palani ( South of Melpallam),10.317633,77.565611,Debris,Slide,NA
27205,TN/ANN/58F11/2016/34,Tamil Nadu,Dindigul,,Road from Kodaikanal to Palani ( South of Melpallam),10.318242,77.565142,Debris,Slide,NA
27206,TN/COI/58B15/2017/74,Tamil Nadu,Coimbatore,,Vellimalai Tea Estate,10.319008,76.981919,Soil,Slide,NA
27207,TN/ANN/58F11/2016/35,Tamil Nadu,Dindigul,,Road from Kodaikanal to Palani ( South of Melpallam),10.320264,77.559425,Debris,Slide,NA
27208,TN/COI/58B15/2017/97,Tamil Nadu,Coimbatore,,Sheikalmudi colony,10.320331,76.844325,Soil,Slide,NA
27209,TN/ANN/58F11/2016/36,Tamil Nadu,Dindigul,,Road from Kodaikanal to Palani ( South of Melpallam),10.321139,77.565797,Debris,Slide,NA
27210,TN/COI/58B15/2017/73,Tamil Nadu,Coimbatore,,Vellimalai Tea Estate,10.32335,76.9826,Debris,Slide,NA
27211,TN/ANN/58F11/2016/54,Tamil Nadu,Dindigul,,Road from Pachaloor to ottanchathiram,10.323417,77.566197,Earth,Slide,NA
27212,TN/COI/58F03/2017/78,Tamil Nadu,Coimbatore,,Konalar banglow to Akkamalai forest road,10.325528,77.028722,Debris,Slide,NA
27213,TN/COI/58B15/2017/72,Tamil Nadu,Coimbatore,,Vellimalai Estate,10.326347,76.984431,Debris,Slide,NA
27214,TN/COI/58F03/2017/77,Tamil Nadu,Coimbatore,,Konalar banglow to Akkamalai forest road,10.326444,77.031333,Debris,Slide,NA
27215,TN/COI/58F03/2017/76,Tamil Nadu,Coimbatore,,Konalar banglow to Akkamalai forest road,10.326639,77.031889,Debris,Slide,NA
27216,TN/COI/58F03/2017/61,Tamil Nadu,Coimbatore,,Konalar banglow to Akkamalai forest road,10.327861,77.052111,Debris,Slide,NA
27217,TN/COI/58F03/2017/75,Tamil Nadu,Coimbatore,,Konalar banglow to Akkamalai forest road,10.329167,77.036917,Debris,Slide,NA
27218,TN/COI/58B15/2017/124,Tamil Nadu,Coimbatore,,Road from Valparai to Karumala Tea Estate,10.329381,76.961111,Debris,Slide,NA
27219,TN/COI/58B15/2017/80,Tamil Nadu,Coimbatore,,Monica Estate,10.329467,76.935039,Soil,Slide,NA
27220,TN/COI/58F03/2017/74,Tamil Nadu,Coimbatore,,Konalar banglow to Akkamalai forest road,10.3295,77.037139,Debris,Slide,NA
27221,TN/COI/58F03/2017/73,Tamil Nadu,Coimbatore,,Konalar banglow to Akkamalai forest road,10.329806,77.039278,Debris,Slide,NA
27222,TN/COI/58F03/2017/79,Tamil Nadu,Coimbatore,,Konalar banglow to Akkamalai forest road,10.329944,77.021972,Debris,Slide,NA
27223,TN/COI/58F03/2017/71,Tamil Nadu,Coimbatore,,Konalar banglow to Akkamalai forest road,10.330167,77.041972,Debris,Slide,NA
27224,TN/COI/58F03/2017/72,Tamil Nadu,Coimbatore,,Konalar banglow to Akkamalai forest road,10.330444,77.039556,Debris,Slide,NA
27225,TN/COI/58F03/2017/80,Tamil Nadu,Coimbatore,,Konalar banglow to Akkamalai forest road,10.331056,77.020361,Debris,Slide,NA
27226,TN/ANN/58F11/2016/55,Tamil Nadu,Dindigul,,Road from Pachaloor to ottanchathiram,10.33165,77.563944,Rock,Slide,NA
27227,TN/COI/58F03/2017/70,Tamil Nadu,Coimbatore,,Konalar banglow to Akkamalai forest road,10.331694,77.041444,Debris,Slide,NA
27228,TN/COI/58B15/2017/6,Tamil Nadu,Coimbatore,,"Upslope of SH78, in Valparai",10.331786,76.958731,Soil,Slide,NA
27229,TN/COI/58F03/2017/62,Tamil Nadu,Coimbatore,,Konalar banglow to Akkamalai forest road,10.331972,77.047139,Debris,Slide,NA
27230,TN/COI/58F03/2017/69,Tamil Nadu,Coimbatore,,Konalar banglow to Akkamalai forest road,10.332,77.039556,Debris,Slide,NA
27231,TN/COI/58F03/2017/68,Tamil Nadu,Coimbatore,,Konalar banglow to Akkamalai forest road,10.33225,77.039278,Debris,Slide,NA
27232,TN/COI/58F03/2017/67,Tamil Nadu,Coimbatore,,Konalar banglow to Akkamalai forest road,10.332528,77.03975,Debris,Slide,NA
27233,TN/COI/58F03/2017/65,Tamil Nadu,Coimbatore,,Konalar banglow to Akkamalai forest road,10.332778,77.0435,Rock,Topple,NA
27234,TN/COI/58F03/2017/64,Tamil Nadu,Coimbatore,,Konalar banglow to Akkamalai forest road,10.332833,77.043917,Debris,Slide,NA
27235,TN/COI/58F03/2017/63,Tamil Nadu,Coimbatore,,Konalar banglow to Akkamalai forest road,10.332889,77.044333,Debris,Slide,NA
27236,TN/COI/58F03/2017/66,Tamil Nadu,Coimbatore,,Konalar banglow to Akkamalai forest road,10.332972,77.043,Debris,Slide,NA
27237,TN/COI/58B15/2017/7,Tamil Nadu,Coimbatore,,"Upslope of SH78, in Valparai",10.333422,76.9614,Soil,Slide,NA
27238,TN/ANN/58F11/2016/41,Tamil Nadu,Dindigul,,Kombaikadu to sembarankulam,10.334858,77.576389,Earth,Slide,NA
27239,TN/COI/58B15/2017/86,Tamil Nadu,Coimbatore,,Road from Valparai to Polachi (SH78),10.335672,76.962867,Soil,Slide,NA
27240,TN/ANN/58F11/2016/42,Tamil Nadu,Dindigul,,Kombaikadu to sembarankulam,10.336119,77.578139,Debris,Slide,NA
27241,TN/COI/58B15/2017/30,Tamil Nadu,Coimbatore,,Near Periyar Nagar,10.340708,76.912872,Soil,Slide,NA
27242,TN/ANN/58F15/2016/9,Tamil Nadu,Dindigul,,Melpallam to Savarikadu road,10.340856,77.572733,Debris,Slide,NA
27243,TN/COI/58B15/2017/31,Tamil Nadu,Coimbatore,,Near Urulikal Village,10.340994,76.911064,Soil,Slide,NA
27244,TN/COI/58B15/2017/120,Tamil Nadu,Coimbatore,,"Near forest check post, Urulikkal",10.341633,76.903489,Soil,Slide,NA
27245,TN/COI/58B15/2017/28,Tamil Nadu,Coimbatore,,Road from Varatuparai village to Periyar Nagar,10.342139,76.916631,Soil,Slide,NA
27246,TN/COI/58B15/2017/29,Tamil Nadu,Coimbatore,,Road from Varatuparai village to Periyar Nagar,10.342422,76.916044,Rock cum debris,Slide,NA
27247,TN/COI/58B15/2017/26,Tamil Nadu,Coimbatore,,Road from Sholayar dam to Varatuparai,10.342442,76.918139,Debris,Slide,NA
27248,TN/COI/58B15/2017/121,Tamil Nadu,Coimbatore,,"Road from forest check post, Urulikkal to Manamboli Power house (TNEB)",10.342506,76.903153,Soil,Slide,NA
27249,TN/COI/58B15/2017/27,Tamil Nadu,Coimbatore,,Varatuparai village,10.342689,76.918153,Soil,Slide,NA
27250,TN/ANN/58F11/2016/38,Tamil Nadu,Dindigul,,Melpallam to Savarikadu road,10.343769,77.574058,Debris,Slide,NA
27251,TN/ANN/58F11/2016/39,Tamil Nadu,Dindigul,,Melpallam to Savarikadu road,10.346594,77.574575,Rock,Fall,NA
27252,TN/ANN/58F15/2016/17,Tamil Nadu,Dindigul,,Pandrimalai to Dharumathupatti,10.348139,77.781022,Earth,Slide,NA
27253,TN/ANN/58F11/2016/40,Tamil Nadu,Dindigul,,Kombaikadu to sembarankulam,10.349056,77.574342,Earth,Slide,NA
27254,TN/COI/58B15/2017/19,Tamil Nadu,Coimbatore,,Karumalai Estate,10.3496,76.997897,Soil,Slide,NA
27255,TN/COI/58B15/2017/21,Tamil Nadu,Coimbatore,,Road from Old Valparai to Varatuparai,10.34985,76.934947,Rock,Fall,NA
27256,TN/COI/58B15/2017/20,Tamil Nadu,Coimbatore,,Road from Old Valparai to Varatuparai,10.350047,76.935408,Soil,Slide,NA
27257,TN/COI/58B15/2017/22,Tamil Nadu,Coimbatore,,Road from Old Valparai to Varatuparai,10.350214,76.935136,Soil,Slide,NA
27258,TN/ANN/58F15/2016/16,Tamil Nadu,Dindigul,,Pandrimalai to Dharumathupatti,10.350692,77.778092,Earth,Slide,NA
27259,TN/COI/58B15/2017/123,Tamil Nadu,Coimbatore,,"Road from forest check post, Urulikkal to Manamboli Power house (TNEB)",10.350936,76.897556,Soil,Slide,NA
27260,TN/COI/58B15/2017/23,Tamil Nadu,Coimbatore,,Road from Old Valparai to Varatuparai,10.35105,76.935903,Soil,Slide,NA
27261,TN/COI/58B15/2017/122,Tamil Nadu,Coimbatore,,"Road from forest check post, Urulikkal to Manamboli Power house (TNEB)",10.351622,76.898169,Debris,Slide,NA
27262,TN/COI/58B15/2017/24,Tamil Nadu,Coimbatore,,Road from Old Valparai to Varatuparai,10.351717,76.936442,Debris,Slide,NA
27263,TN/COI/58B15/2017/13,Tamil Nadu,Coimbatore,,Lower Paralai Estate,10.351944,76.966111,Soil,Slide,NA
27264,TN/COI/58B15/2017/25,Tamil Nadu,Coimbatore,,Road from Old Valparai to Varatuparai,10.352011,76.936617,Debris,Slide,NA
27265,TN/ANN/58F15/2016/15,Tamil Nadu,Dindigul,,Pandrimalai to Dharumathupatti,10.352294,77.774639,Debris,Slide,NA
27266,TN/ANN/58F11/2016/57,Tamil Nadu,Dindigul,,Road from Savarikadu to Palani,10.352725,77.573764,Debris,Slide,NA
27267,TN/COI/58B15/2017/18,Tamil Nadu,Coimbatore,,Karumalai Estate,10.352997,76.999106,Soil,Subsidence,NA
27268,TN/ANN/58F11/2016/58,Tamil Nadu,Dindigul,,Road from Savarikadu to Palani,10.353233,77.572361,Debris,Slide,NA
27269,TN/COI/58F03/2017/59,Tamil Nadu,Coimbatore,,Right bank of Chinnar river Kodandur,10.353306,77.185528,Rock cum debris,Slide,NA
27270,TN/COI/58F03/2017/60,Tamil Nadu,Coimbatore,,Right bank of Chinnar river,10.353361,77.216706,Rock cum debris,Slide,NA
27271,TN/ANN/58F11/2016/43,Tamil Nadu,Dindigul,,Kombaikadu to sembarankulam,10.354106,77.593025,Earth,Slide,NA
27272,TN/COI/58B15/2017/8,Tamil Nadu,Coimbatore,,"Upslope of SH78, Iyerpadi Estate",10.354333,76.972683,Soil,Slide,NA
27273,TN/COI/58B15/2017/9,Tamil Nadu,Coimbatore,,"Upslope of SH78, Iyerpadi Estate",10.354714,76.972575,Soil,Slide,NA
27274,TN/COI/58B15/2017/12,Tamil Nadu,Coimbatore,,Lower Paralai Estate,10.354944,76.963183,Soil,Slide,NA
27275,TN/COI/58B15/2017/10,Tamil Nadu,Coimbatore,,"Upslope of SH78, Iyerpadi Estate",10.355561,76.972572,Soil,Slide,NA
27276,TN/COI/58B15/2017/11,Tamil Nadu,Coimbatore,,"Upslope of SH78, Iyerpadi Estate",10.356444,76.972536,Soil,Slide,NA
27277,TN/COI/58B15/2017/85,Tamil Nadu,Coimbatore,,Lower Paralai Estate,10.356811,76.960642,Soil,Slide,NA
27278,TN/COI/58B15/2017/84,Tamil Nadu,Coimbatore,,Lower Paralai Estate,10.357117,76.960231,Soil,Slide,NA
27279,TN/ANN/58F11/2016/59,Tamil Nadu,Dindigul,,Road from Savarikadu to Palani,10.358003,77.556419,Earth,Slide,NA
27280,TN/ANN/58F15/2016/14,Tamil Nadu,Dindigul,,Pandrimalai to Dharumathupatti,10.359469,77.769122,Earth,Slide,NA
27281,TN/COI/58F03/2017/56,Tamil Nadu,Coimbatore,,Kodandur village,10.360361,77.184222,Rock cum debris,Slide,NA
27282,TN/COI/58B15/2017/16,Tamil Nadu,Coimbatore,,Iyerpadi 1st Division Tea Estate (near JE binglow),10.360675,76.994706,Soil,Slide,NA
27283,TN/ANN/58F11/2016/64,Tamil Nadu,Dindigul,,Road from Savarikadu to Palani,10.3608,77.528139,Rock,Slide,NA
27284,TN/ANN/58F11/2016/56,Tamil Nadu,Dindigul,,Road from Savarikadu to Palani,10.361656,77.533794,Debris,Slide,NA
27285,TN/ANN/58F11/2016/63,Tamil Nadu,Dindigul,,Road from Savarikadu to Palani,10.361797,77.535025,Rock,Slide,NA
27286,TN/ANN/58F11/2016/65,Tamil Nadu,Dindigul,,Road from Savarikadu to Palani,10.362906,77.529744,Debris,Slide,NA
27287,TN/COI/58B15/2017/14,Tamil Nadu,Coimbatore,,Iyerpadi 2nd Division Tea Estate,10.363356,76.981175,Soil,Slide,NA
27288,TN/COI/58B15/2017/17,Tamil Nadu,Coimbatore,,Iyerpadi 1st Division Tea Estate (near JE binglow),10.363389,76.995825,Soil,Subsidence,NA
27289,TN/ANN/58F11/2016/62,Tamil Nadu,Dindigul,,Road from Savarikadu to Palani,10.363467,77.539144,Earth,Slide,NA
27290,TN/ANN/58F15/2016/10,Tamil Nadu,Dindigul,,Pandrimalai to Dharumathupatti,10.363958,77.757472,Debris,Slide,NA
27291,TN/ANN/58F11/2016/46,Tamil Nadu,Dindigul,,Melpallam to Palani Road,10.364092,77.530231,Debris,Slide,NA
27292,TN/ANN/58F11/2016/44,Tamil Nadu,Dindigul,,North of Savrikadu village,10.364186,77.547044,Debris,Slide,NA
27293,TN/ANN/58F11/2016/61,Tamil Nadu,Dindigul,,Road from Savarikadu to Palani,10.364683,77.539483,Debris,Slide,NA
27294,TN/COI/58B15/2017/15,Tamil Nadu,Coimbatore,,Iyerpadi 1st Division Tea Estate,10.365706,76.99165,Soil,Subsidence,NA
27295,TN/COI/58B15/2017/83,Tamil Nadu,Coimbatore,,Velloni Estate,10.3659,76.9478,Debris,Slide,NA
27296,TN/COI/58B15/2017/82,Tamil Nadu,Coimbatore,,Velloni Estate,10.3667,76.9515,Debris,Slide,NA
27297,TN/COI/58B15/2017/81,Tamil Nadu,Coimbatore,,Velloni Estate,10.3669,76.9514,Debris,Slide,NA
27298,TN/ANN/58F11/2016/48,Tamil Nadu,Dindigul,,Pachalur to Sembarankulam,10.367647,77.631219,Earth,Slide,NA
27299,TN/ANN/58F11/2016/60,Tamil Nadu,Dindigul,,Road from Savarikadu to Palani,10.367658,77.539,Earth,Slide,NA
27300,TN/ANN/58F15/2016/11,Tamil Nadu,Dindigul,,Pandrimalai to Dharumathupatti,10.367822,77.756367,Debris,Slide,NA
27301,TN/ANN/58F11/2016/45,Tamil Nadu,Dindigul,,Savrikadu to Palani Road,10.367825,77.538181,Debris,Slide,NA
27302,TN/COI/58B15/2017/67,Tamil Nadu,Coimbatore,,"Upslope of SH78, H.P.B no. 38/40",10.368411,76.99395,Soil,Slide,NA
27303,TN/COI/58B15/2017/68,Tamil Nadu,Coimbatore,,"Upslope of SH78, H.P.B no. 38/40",10.36865,76.992614,Soil,Slide,NA
27304,TN/ANN/58F15/2016/12,Tamil Nadu,Dindigul,,Pandrimalai to Dharumathupatti,10.369194,77.753939,Debris,Slide,NA
27305,TN/COI/58B15/2017/66,Tamil Nadu,Coimbatore,,Upslope of SH78,10.369325,76.992967,Soil,Slide,NA
27306,TN/COI/58B15/2017/65,Tamil Nadu,Coimbatore,,Upslope of SH78,10.371014,76.994111,Soil,Slide,NA
27307,TN/COI/58B15/2017/64,Tamil Nadu,Coimbatore,,Upslope of SH78,10.371364,76.994128,Soil,Slide,NA
27308,TN/ANN/58F15/2016/13,Tamil Nadu,Dindigul,,Pandrimalai to Dharumathupatti,10.371556,77.751583,Earth,Slide,NA
27309,TN/COI/58B15/2017/63,Tamil Nadu,Coimbatore,,Upslope of SH78,10.371606,76.994097,Soil,Slide,NA
27310,TN/COI/58B15/2017/62,Tamil Nadu,Coimbatore,,Upslope of SH78,10.378392,76.997217,Debris,Slide,NA
27311,TN/COI/58B15/2017/61,Tamil Nadu,Coimbatore,,Upslope of SH78,10.380053,76.997308,Debris,Slide,NA
27312,TN/COI/58F03/2017/139,Tamil Nadu,Coimbatore,,Pannikuli village,10.382806,77.049389,Debris,Slide,NA
27313,TN/COI/58B15/2017/60,Tamil Nadu,Coimbatore,,Upslope of SH78,10.383017,76.997128,Debris,Slide,NA
27314,TN/COI/58B15/2017/59,Tamil Nadu,Coimbatore,,Upslope of SH78,10.383186,76.997114,Soil,Slide,NA
27315,TN/ANN/58F15/2016/18,Tamil Nadu,Dindigul,,Road from Pachaloor to ottanchathiram,10.383917,77.662003,Debris,Slide,NA
27316,TN/COI/58B15/2017/55,Tamil Nadu,Coimbatore,,Thalanar Tea Estate,10.383942,76.988792,Debris,Slide,NA
27317,TN/COI/58B15/2017/56,Tamil Nadu,Coimbatore,,Thalanar Tea Estate,10.384472,76.988072,Soil cum debris,Slide,NA
27318,TN/COI/58B15/2017/57,Tamil Nadu,Coimbatore,,Near Thalanar road junction,10.384506,76.994653,Soil,Slide,NA
27319,TN/COI/58B15/2017/54,Tamil Nadu,Coimbatore,,Thalanar Tea Estate,10.384525,76.989269,Soil,Slide,NA
27320,TN/COI/58B15/2017/51,Tamil Nadu,Coimbatore,,Thalanar Tea Estate,10.384944,76.991008,Soil,Slide,NA
27321,TN/COI/58B15/2017/52,Tamil Nadu,Coimbatore,,Thalanar Tea Estate,10.385033,76.989908,Debris,Slide,NA
27322,TN/COI/58B15/2017/53,Tamil Nadu,Coimbatore,,Thalanar Tea Estate,10.385083,76.989794,Soil,Slide,NA
27323,TN/COI/58B15/2017/58,Tamil Nadu,Coimbatore,,Near Thalanar road junction,10.385575,76.996517,Soil,Slide,NA
27324,TN/COI/58F03/2017/140,Tamil Nadu,Coimbatore,,Pannikuli village,10.386417,77.049417,Debris,Slide,NA
27325,TN/COI/58F03/2017/128,Tamil Nadu,Coimbatore,,Waterfalls Tea Estate,10.389861,77.005111,Debris,Slide,NA
27326,TN/COI/58B15/2017/50,Tamil Nadu,Coimbatore,,Upslope of SH78,10.391014,76.998797,Soil,Slide,NA
27327,TN/COI/58B15/2017/49,Tamil Nadu,Coimbatore,,Upslope of SH78,10.391533,76.999431,Soil,Slide,NA
27328,TN/COI/58F03/2017/129,Tamil Nadu,Coimbatore,,Waterfalls Tea Estate,10.391556,77.003278,Debris,Slide,NA
27329,TN/COI/58F03/2017/130,Tamil Nadu,Coimbatore,,Waterfalls Tea Estate,10.392083,77.001806,Debris,Slide,NA
27330,TN/COI/58F03/2017/127,Tamil Nadu,Coimbatore,,Waterfalls Tea Estate,10.393472,77.009667,Debris,Slide,NA
27331,TN/COI/58F03/2017/131,Tamil Nadu,Coimbatore,,Waterfalls Tea Estate,10.393528,77.000167,Debris,Slide,NA
27332,TN/COI/58F03/2017/133,Tamil Nadu,Coimbatore,,Waterfalls Tea Estate,10.393667,77.000556,Debris,Slide,NA
27333,TN/COI/58F03/2017/132,Tamil Nadu,Coimbatore,,Waterfalls Tea Estate,10.393944,77.000194,Debris,Slide,NA
27334,TN/COI/58B15/2017/87,Tamil Nadu,Coimbatore,,Thalnlar Tea Estate,10.394833,76.973944,Soil,Slide,NA
27335,TN/COI/58B15/2017/48,Tamil Nadu,Coimbatore,,Upslope of SH78,10.395039,76.991733,Soil,Slide,NA
27336,TN/COI/58F03/2017/126,Tamil Nadu,Coimbatore,,Waterfalls Tea Estate,10.395222,77.010111,Debris,Slide,NA
27337,TN/COI/58F03/2017/141,Tamil Nadu,Coimbatore,,Kadambarai,10.397167,77.045111,Debris,Slide,NA
27338,TN/COI/58F03/2017/142,Tamil Nadu,Coimbatore,,Kadambarai,10.398639,77.045222,Debris,Slide,NA
27339,TN/COI/58F03/2017/125,Tamil Nadu,Coimbatore,,Waterfalls Tea Estate,10.398778,77.012333,Debris,Slide,NA
27340,TN/COI/58F03/2017/124,Tamil Nadu,Coimbatore,,Waterfalls Tea Estate,10.398917,77.012583,Debris,Slide,NA
27341,TN/COI/58F03/2017/123,Tamil Nadu,Coimbatore,,Waterfalls Tea Estate,10.401694,77.010917,Debris,Slide,NA
27342,TN/COI/58F03/2017/143,Tamil Nadu,Coimbatore,,Kadambarai,10.404611,77.043083,Debris,Slide,NA
27343,TN/COI/58B15/2017/96,Tamil Nadu,Coimbatore,,Thalanar Coffee Estate,10.405183,76.957953,Debris,Slide,NA
27344,TN/COI/58B15/2017/95,Tamil Nadu,Coimbatore,,Thalanar Coffee Estate,10.405375,76.957264,Soil,Slide,NA
27345,TN/COI/58B15/2017/88,Tamil Nadu,Coimbatore,,Thalanar Tea Estate,10.405542,76.957083,Debris,Slide,NA
27346,TN/COI/58B15/2017/89,Tamil Nadu,Coimbatore,,Thalanar Tea Estate,10.405756,76.956897,Debris,Slide,NA
27347,TN/COI/58B15/2017/104,Tamil Nadu,Coimbatore,,Road from Thalanar to Shakthi Estate,10.405792,76.956944,Debris,Slide,NA
27348,TN/COI/58B15/2017/90,Tamil Nadu,Coimbatore,,Thalanar Tea Estate,10.406667,76.955633,Debris,Slide,NA
27349,TN/COI/58B15/2017/105,Tamil Nadu,Coimbatore,,Road from Topslip to Perambikulam,10.407228,76.831808,Soil,Slide,NA
27350,TN/COI/58F03/2017/144,Tamil Nadu,Coimbatore,,Kadambarai,10.407583,77.046111,Debris,Slide,NA
27351,TN/COI/58F03/2017/146,Tamil Nadu,Coimbatore,,Kadambarai,10.408278,77.042833,Debris,Slide,NA
27352,TN/COI/58F03/2017/145,Tamil Nadu,Coimbatore,,Kadambarai,10.409028,77.044694,Debris,Slide,NA
27353,TN/COI/58B15/2017/91,Tamil Nadu,Coimbatore,,Road from Thalanar Tea Estate to Shakthi Estate,10.414558,76.950028,Debris,Slide,NA
27354,TN/COI/58B15/2017/47,Tamil Nadu,Coimbatore,,"SH78, Waterfalls Tea Estate",10.414911,76.995531,Debris,Slide,NA
27355,TN/COI/58B15/2017/92,Tamil Nadu,Coimbatore,,Road from Thalanar Tea Estate to Shakthi Estate,10.415111,76.949639,Soil,Slide,NA
27356,TN/COI/58F03/2017/118,Tamil Nadu,Coimbatore,,Kadambarai road,10.415278,77.043722,Debris,Slide,NA
27357,TN/COI/58B15/2017/93,Tamil Nadu,Coimbatore,,Road from Thalanar Tea Estate to Shakthi Estate,10.415981,76.948419,Soil,Slide,NA
27358,TN/COI/58B15/2017/94,Tamil Nadu,Coimbatore,,Shakthi Estate,10.416625,76.948019,Soil cum debris,Slide,NA
27359,TN/COI/58F03/2017/117,Tamil Nadu,Coimbatore,,Kadambarai road,10.418444,77.039194,Debris,Slide,NA
27360,TN/COI/58F03/2017/119,Tamil Nadu,Coimbatore,,Kadambarai road,10.418444,77.039194,Debris,Slide,NA
27361,TN/COI/58F03/2017/116,Tamil Nadu,Coimbatore,,Kadambarai road,10.418611,77.038944,Debris,Slide,NA
27362,TN/COI/58B15/2017/46,Tamil Nadu,Coimbatore,,"SH78, near HPB28/40",10.418997,76.992547,Soil,Slide,NA
27363,TN/COI/58F03/2017/115,Tamil Nadu,Coimbatore,,Kadambarai road,10.419278,77.037944,Debris,Slide,NA
27364,TN/COI/58F03/2017/97,Tamil Nadu,Coimbatore,,Torakadavu area,10.419972,77.036528,Debris,Topple,NA
27365,TN/COI/58F03/2017/96,Tamil Nadu,Coimbatore,,Torakadavu area,10.420694,77.035944,Debris,Topple,NA
27366,TN/COI/58F03/2017/95,Tamil Nadu,Coimbatore,,Torakadavu area,10.421417,77.035139,Debris,Topple,NA
27367,TN/COI/58F03/2017/93,Tamil Nadu,Coimbatore,,Uppar Aliyar to Kadambarai,10.422528,77.03175,Debris,Topple,NA
27368,TN/COI/58F03/2017/92,Tamil Nadu,Coimbatore,,Uppar Aliyar to Kadambarai,10.422583,77.031556,Debris,Topple,NA
27369,TN/COI/58F03/2017/94,Tamil Nadu,Coimbatore,,Uppar Aliyar to Kadambarai,10.422722,77.031806,Debris,Topple,NA
27370,TN/COI/58F03/2017/86,Tamil Nadu,Coimbatore,,Uppar Aliyar to Kadambarai,10.424639,77.020139,Debris,Fall,NA
27371,TN/COI/58F03/2017/87,Tamil Nadu,Coimbatore,,Uppar Aliyar to Kadambarai,10.425,77.02025,Debris,Fall,NA
27372,TN/COI/58F03/2017/85,Tamil Nadu,Coimbatore,,Uppar Aliyar to Kadambarai,10.427972,77.018278,Debris,Fall,NA
27373,TN/COI/58F03/2017/84,Tamil Nadu,Coimbatore,,Uppar Aliyar to Kadambarai,10.428,77.018083,Debris,Fall,NA
27374,TN/COI/58F03/2017/91,Tamil Nadu,Coimbatore,,Uppar Aliyar to Kadambarai,10.428306,77.022625,Debris,Topple,NA
27375,TN/COI/58F03/2017/88,Tamil Nadu,Coimbatore,,Uppar Aliyar to Kadambarai,10.428444,77.022111,Debris,Fall,NA
27376,TN/COI/58F03/2017/89,Tamil Nadu,Coimbatore,,Uppar Aliyar to Kadambarai,10.428694,77.022222,Debris,Fall,NA
27377,TN/COI/58F03/2017/90,Tamil Nadu,Coimbatore,,Uppar Aliyar to Kadambarai,10.429889,77.022889,Debris,Fall,NA
27378,TN/COI/58F03/2017/81,Tamil Nadu,Coimbatore,,Upper Nirar area,10.434222,77.003972,Debris,Slide,NA
27379,TN/COI/58F03/2017/82,Tamil Nadu,Coimbatore,,Upper Nirar area,10.436056,77.01075,Rock cum debris,Fall,NA
27380,TN/COI/58F03/2017/83,Tamil Nadu,Coimbatore,,Upper Nirar area,10.436056,77.011139,Rock cum debris,Fall,NA
27381,TN/COI/58F03/2017/136,Tamil Nadu,Coimbatore,,Upper Aliyar,10.437361,77.012444,Debris,Slide,NA
27382,TN/COI/58F03/2017/138,Tamil Nadu,Coimbatore,,Upper Nirar area,10.437972,77.011139,Rock cum debris,Slide,NA
27383,TN/COI/58F03/2017/137,Tamil Nadu,Coimbatore,,Upper Aliyar,10.438278,77.011806,Rock cum debris,Slide,NA
27384,TN/COI/58F03/2017/120,Tamil Nadu,Coimbatore,,Right bank of upper Aliyar dam,10.439167,77.013056,Rock,Slide,NA
27385,TN/COI/58F03/2017/122,Tamil Nadu,Coimbatore,,Mavadap,10.44625,77.028806,Debris,Slide,NA
27386,TN/COI/58F03/2017/121,Tamil Nadu,Coimbatore,,Upper Nirar area,10.447361,77.026222,Debris,Slide,NA
27387,TN/COI/58B15/2017/103,Tamil Nadu,Coimbatore,,Road from Pollachi to Valparai (SH78),10.449658,76.982583,Soil,Slide,NA
27388,TN/COI/58B15/2017/110,Tamil Nadu,Coimbatore,,Road from Topslip to Anaigundi,10.450786,76.838131,Soil,Slide,NA
27389,TN/COI/58B15/2017/106,Tamil Nadu,Coimbatore,,Road from Topslip to Perambikulam,10.452069,76.825522,Soil,Slide,NA
27390,TN/COI/58B15/2017/109,Tamil Nadu,Coimbatore,,Road from Topslip to Anaigundi,10.452206,76.832933,Soil,Slide,NA
27391,TN/COI/58B15/2017/108,Tamil Nadu,Coimbatore,,Road from Topslip to Anaigundi,10.452394,76.833617,Soil,Slide,NA
27392,TN/COI/58B15/2017/107,Tamil Nadu,Coimbatore,,Road from Topslip to Anaigundi,10.454117,76.834178,Soil,Slide,NA
27393,TN/COI/58F03/2017/49,Tamil Nadu,Coimbatore,,Nallar colony village,10.465139,77.061556,Rock cum debris,Fall,NA
27394,TN/ANN/58F11/2016/53,Tamil Nadu,Dindigul,,Road from Pachaloor to ottanchathiram,10.465636,77.739114,Debris,Slide,NA
27395,TN/ANN/58F11/2016/52,Tamil Nadu,Dindigul,,Road from Pachaloor to ottanchathiram,10.466567,77.740492,Earth,Slide,NA
27396,TN/COI/58F03/2017/50,Tamil Nadu,Coimbatore,,Nallar colony village,10.466972,77.059361,Rock cum debris,Fall,NA
27397,TN/COI/58F03/2017/51,Tamil Nadu,Coimbatore,,West of Nallar colony village,10.467083,77.059278,Rock cum debris,Fall,NA
27398,TN/COI/58F03/2017/52,Tamil Nadu,Coimbatore,,West of Nallar colony village,10.4695,77.059167,Rock cum debris,Fall,NA
27399,TN/ANN/58F11/2016/51,Tamil Nadu,Dindigul,,Road from Pachaloor to ottanchathiram,10.47005,77.745292,Debris,Slide,NA
27400,TN/COI/58F03/2017/55,Tamil Nadu,Coimbatore,,Nallar colony village,10.470528,77.057444,Rock cum debris,Slide,NA
27401,TN/COI/58F03/2017/53,Tamil Nadu,Coimbatore,,West of Nallar colony village,10.471278,77.059528,Rock cum debris,Slide,NA
27402,TN/ANN/58F11/2016/50,Tamil Nadu,Dindigul,,Road from Pachaloor to ottanchathiram,10.471642,77.746044,Debris,Slide,NA
27403,TN/COI/58F03/2017/54,Tamil Nadu,Coimbatore,,West of Nallar colony village,10.471917,77.059083,Rock cum debris,Slide,NA
27404,TN/ANN/58F11/2016/49,Tamil Nadu,Dindigul,,Road from Pachaloor to ottanchathiram,10.472278,77.741753,Debris,Slide,NA
27405,TN/ANN/58F15/2016/23,Tamil Nadu,Dindigul,,Road from Pachaloor to ottanchathiram,10.478986,77.754986,Debris,Slide,NA
27406,TN/ANN/58F15/2016/22,Tamil Nadu,Dindigul,,Road from Pachaloor to ottanchathiram,10.479383,77.755372,Earth,Slide,NA
27407,TN/COI/58F03/2017/48,Tamil Nadu,Coimbatore,,Nallar colony road,10.479972,77.092056,Rock cum debris,Fall,NA
27408,TN/ANN/58F15/2016/21,Tamil Nadu,Dindigul,,Road from Pachaloor to ottanchathiram,10.480044,77.756742,Debris,Slide,NA
27409,TN/ANN/58F15/2016/20,Tamil Nadu,Dindigul,,Road from Pachaloor to ottanchathiram,10.481158,77.758258,Earth,Slide,NA
27410,TN/COI/58F03/2017/47,Tamil Nadu,Coimbatore,,Nallar colony road,10.481861,77.093861,Rock cum debris,Fall,NA
27411,TN/COI/58F03/2017/46,Tamil Nadu,Coimbatore,,Nallar colony road,10.483917,77.096056,Rock cum debris,Fall,NA
27412,TN/ANN/58F15/2016/19,Tamil Nadu,Dindigul,,Road from Pachaloor to ottanchathiram,10.484014,77.761886,Earth,Slide,NA
27413,TN/COI/58F03/2017/41,Tamil Nadu,Coimbatore,,Amaravati to Nallar colony road,10.486194,77.120694,Rock cum debris,Slide,NA
27414,TN/COI/58F03/2017/42,Tamil Nadu,Coimbatore,,Kodimalaikaradu area,10.490861,77.120806,Rock cum debris,Slide,NA
27415,TN/COI/58F03/2017/45,Tamil Nadu,Coimbatore,,Kodimalaikaradu to Nallar colony road,10.492222,77.113056,Rock cum debris,Fall,NA
27416,TN/COI/58F03/2017/44,Tamil Nadu,Coimbatore,,Kodimalaikaradu to Nallar colony road,10.493417,77.116222,Rock cum debris,Fall,NA
27417,TN/COI/58F03/2017/43,Tamil Nadu,Coimbatore,,Kodimalaikaradu area,10.494222,77.118,Rock cum debris,Fall,NA
27418,TN/COI/58A16/2016/1,Tamil Nadu,Coimbatore,,Near Annur village,11.208333,76.785,Rock,Fall,NA
27419,TN/COI/58A16/2016/2,Tamil Nadu,Coimbatore,,Near Annur village,11.208889,76.786222,Debris,Slide,NA
27420,TN/COI/58A16/2016/4,Tamil Nadu,Coimbatore,,Near Annur village,11.209639,76.781,Debris,Fall,NA
27421,TN/NIL/58A12/2015-16/233,Tamil Nadu,Nilgiri,,Melkundah to Konnakorai,11.210556,76.644722,Earth,Slide,NA
27422,TN/NIL/58A12/2015-16/234,Tamil Nadu,Nilgiri,,Melkundah to Konnakorai,11.210556,76.645,Earth,Slide,NA
27423,TN/COI/58A16/2016/3,Tamil Nadu,Coimbatore,,Near Annur village,11.210639,76.785861,Debris,Fall,NA
27424,TN/NIL/58A12/2015-16/231,Tamil Nadu,Nilgiri,,Melkundah to Konnakorai,11.211111,76.629167,Debris,Slide,NA
27425,TN/NIL/58A12/2015-16/232,Tamil Nadu,Nilgiri,,Melkundah to Konnakorai,11.211389,76.643889,Debris,Slide,NA
27426,TN/NIL/58A12/2015-16/230,Tamil Nadu,Nilgiri,,Melkundah to Konnakorai,11.213333,76.626111,Debris,Slide,NA
27427,TN/NIL/58A12/2015-16/227,Tamil Nadu,Nilgiri,,Thiashola Tea Estate,11.215833,76.606111,Debris,Slide,NA
27428,TN/NIL/58A12/2015-16/226,Tamil Nadu,Nilgiri,,Thiashola Tea Estate,11.216111,76.606667,Debris,Slide,NA
27429,TN/NIL/58A12/2015-16/225,Tamil Nadu,Nilgiri,,Thiashola Tea Estate,11.217222,76.608889,Debris,Subsidence,NA
27430,TN/NIL/58A12/2015-16/224,Tamil Nadu,Nilgiri,,Thiashola Tea Estate,11.218889,76.610278,Earth,Slide,NA
27431,TN/NIL/58A12/2015-16/228,Tamil Nadu,Nilgiri,,"Todukkodal Malai, Korakundah",11.219444,76.596667,Debris,Slide,NA
27432,TN/NIL/58A12/2015-16/222,Tamil Nadu,Nilgiri,,Thiashola Tea Estate,11.228333,76.615278,Earth,Slide,NA
27433,TN/NIL/58A15/2015-16/259,Tamil Nadu,Nilgiri,,Uliattu Coffee Estate,11.229167,76.635556,Debris,Slide,NA
27434,TN/NIL/58A12/2015-16/229,Tamil Nadu,Nilgiri,,Melkundah to Konnakorai,11.229444,76.619444,Debris,Slide,NA
27435,TN/NIL/58A15/2015-16/258,Tamil Nadu,Nilgiri,,Uliattu Coffee Estate,11.229722,76.634722,Debris,Slide,NA
27436,TN/NIL/58A12/2015-16/221,Tamil Nadu,Nilgiri,,Thiashola Tea Estate,11.23,76.620278,Earth,Slide,NA
27437,TN/NIL/58A12/2015-16/223,Tamil Nadu,Nilgiri,,Thiashola Tea Estate,11.232778,76.613889,Debris,Slide,NA
27438,TN/NIL/58A12/2015-16/220,Tamil Nadu,Nilgiri,,Melkunda to Kaishola Tea Estate,11.233611,76.625278,Earth,Slide,NA
27439,TN/NIL/58A15/2015-16/243,Tamil Nadu,Nilgiri,,Near Geddai village,11.248333,76.664167,Earth,Slide,NA
27440,TN/NIL/58A15/2015-16/242,Tamil Nadu,Nilgiri,,North of Geddai,11.249167,76.663889,Earth,Slide,NA
27441,TN/NIL/58A15/2015-16/241,Tamil Nadu,Nilgiri,,North of Geddai,11.25,76.665278,Debris,Slide,NA
27442,TN/NIL/58A11/2015-16/152,Tamil Nadu,Nilgiri,,Avalanche,11.251667,76.691111,Debris,Slide,NA
27443,TN/NIL/58A11/2015-16/145,Tamil Nadu,Nilgiri,,Cheranur village,11.251944,76.626944,Debris,Subsidence,NA
27444,TN/NIL/58A11/2015-16/144,Tamil Nadu,Nilgiri,,Cheranur village,11.253333,76.626111,Debris,Slide,NA
27445,TN/NIL/58A11/2015-16/146,Tamil Nadu,Nilgiri,,Doddakambo village,11.254444,76.626667,Earth,Slide,NA
27446,TN/NIL/58A11/2015-16/150,Tamil Nadu,Nilgiri,,"Nariadu Betta hill, Avalanche",11.254444,76.626667,Debris,Slide,NA
27447,TN/NIL/58A11/2015-16/147,Tamil Nadu,Nilgiri,,Cheranur village,11.254722,76.6275,Earth,Slide,NA
27448,TN/NIL/58A11/2015-16/143,Tamil Nadu,Nilgiri,,Devashola village,11.255278,76.628611,Earth,Slide,NA
27449,TN/NIL/58A11/2015-16/142,Tamil Nadu,Nilgiri,,Mullimalai village,11.256389,76.631389,Debris,Slide,NA
27450,TN/NIL/58A11/2015-16/148,Tamil Nadu,Nilgiri,,Doddakambo village,11.258333,76.619444,Debris,Slide,NA
27451,TN/NIL/58A11/2015-16/154,Tamil Nadu,Nilgiri,,"Avalanche, towards Devar Betta",11.258611,76.574444,Debris,Slide,NA
27452,TN/NIL/58A11/2015-16/92,Tamil Nadu,Nilgiri,,Mulligur village,11.276111,76.621111,Debris,Slide,NA
27453,TN/NIL/58A11/2015-16/105,Tamil Nadu,Nilgiri,,Kundapalem to Bengal Mattam,11.280556,76.651111,Debris,Slide,NA
27454,TN/NIL/58A11/2015-16/107,Tamil Nadu,Nilgiri,,Kundapalem to Bengal Mattam,11.280833,76.656667,Rock,Slide,NA
27455,TN/NIL/58A11/2015-16/108,Tamil Nadu,Nilgiri,,"Kundapalem to Bengal Mattam, HPB no. 6/9",11.281389,76.658611,Earth,Slide,NA
27456,TN/NIL/58A11/2015-16/106,Tamil Nadu,Nilgiri,,Kunda power house,11.283333,76.65,Debris,Slide,NA
27457,TN/NIL/58A11/2015-16/151,Tamil Nadu,Nilgiri,,"Nariadu Betta hill, Avalanche",11.284722,76.579167,Debris,Slide,NA
27458,TN/NIL/58A11/2015-16/153,Tamil Nadu,Nilgiri,,"Avalanche, towards Devar Betta",11.285,76.575556,Debris,Slide,NA
27459,TN/NIL/58A11/2015-16/124,Tamil Nadu,Nilgiri,,Manjakambe to Melur road,11.286111,76.690278,Debris,Slide,NA
27460,TN/NIL/58A11/2015-16/155,Tamil Nadu,Nilgiri,,"Nariadu Betta, Avalanche",11.288056,76.585278,Debris,Slide,NA
27461,TN/NIL/58A11/2015-16/109,Tamil Nadu,Nilgiri,,"Kundapalam to Bengal Mattam, HPB no. 4 25/4",11.288333,76.668333,Debris,Slide,NA
27462,TN/NIL/58A11/2015-16/156,Tamil Nadu,Nilgiri,,Avalanche,11.288889,76.578611,Earth,Slide,NA
27463,TN/NIL/58A11/2015-16/104,Tamil Nadu,Nilgiri,,"Yedakad to Bengal Mattam, HPB no:13/34",11.289722,76.646667,Debris,Slide,NA
27464,TN/NIL/58A11/2015-16/158,Tamil Nadu,Nilgiri,,"Kudiakadu Betta, Avalanche",11.291667,76.575,Debris,Slide,NA
27465,TN/NIL/58A11/2015-16/157,Tamil Nadu,Nilgiri,,Avalanche,11.292778,76.581667,Debris,Slide,NA
27466,TN/NIL/58A11/2015-16/110,Tamil Nadu,Nilgiri,,Kothi Ben village C.No: 24/2,11.293611,76.679722,Earth,Slide,NA
27467,TN/NIL/58A11/2015-16/115,Tamil Nadu,Nilgiri,,Near Katteri Dam,11.293611,76.679722,Earth,Slide,NA
27468,TN/NIL/58A11/2015-16/159,Tamil Nadu,Nilgiri,,Avalanche check post,11.295833,76.595833,Debris,Slide,NA
27469,TN/NIL/58A11/2015-16/111,Tamil Nadu,Nilgiri,,Kothi Ben C.No: 24/2 towards Devashola,11.296111,76.679444,Debris,Slide,NA
27470,TN/NIL/58A11/2015-16/112,Tamil Nadu,Nilgiri,,"Rock Land, PC.No:21/5",11.302222,76.688611,Debris,Slide,NA
27471,TN/NIL/58A11/2015-16/100,Tamil Nadu,Nilgiri,,Kanneri to Yedakad village,11.302222,76.647778,Debris,Slide,NA
27472,TN/NIL/58A11/2015-16/113,Tamil Nadu,Nilgiri,,Rock Land to Devashola,11.3025,76.69,Debris,Slide,NA
27473,TN/NIL/58A11/2015-16/122,Tamil Nadu,Nilgiri,,"MS.No:25/2, Kilinchada towards Kolakombai",11.302778,76.745833,Debris,Slide,NA
27474,TN/NIL/58A11/2015-16/133,Tamil Nadu,Nilgiri,,Alhada Valley Tea Estate,11.303611,76.731667,Debris,Slide,NA
27475,TN/NIL/58A11/2015-16/91,Tamil Nadu,Nilgiri,,"Gandhi Puthur to Kunda Kotagiri, PC.No: 22/4",11.303889,76.631944,Debris,Slide,NA
27476,TN/NIL/58A15/2015-16/312,Tamil Nadu,Nilgiri,,North of Thangadu,11.304167,76.681944,Debris,Slide,NA
27477,TN/NIL/58A11/2015-16/90,Tamil Nadu,Nilgiri,,Gandhi Puthur MS.No: 66/2,11.305278,76.626111,Debris,Subsidence,NA
27478,TN/NIL/58A11/2015-16/99,Tamil Nadu,Nilgiri,,Kanneri to Yedakad village,11.308333,76.653056,Debris,Slide,NA
27479,TN/NIL/58A11/2015-16/103,Tamil Nadu,Nilgiri,,"PC.No:19/2, Emarald towards Yedakad",11.308333,76.623611,Debris,Slide,NA
27480,TN/NIL/58A11/2015-16/123,Tamil Nadu,Nilgiri,,2 Km SE of Hulikal village,11.309722,76.748611,Earth,Slide,NA
27481,TN/NIL/58A11/2015-16/98,Tamil Nadu,Nilgiri,,Kanneri to Yedakad village,11.309722,76.6575,Earth,Slide,NA
27482,TN/NIL/58A11/2015-16/102,Tamil Nadu,Nilgiri,,Tangadu village,11.310278,76.642778,Debris,Slide,NA
27483,TN/NIL/58A11/2015-16/97,Tamil Nadu,Nilgiri,,Mandanai village,11.310556,76.661944,Debris,Slide,NA
27484,TN/NIL/58A11/2015-16/135,Tamil Nadu,Nilgiri,,Kaichola to Devashola village,11.311667,76.691111,Debris,Slide,NA
27485,TN/NIL/58A11/2015-16/96,Tamil Nadu,Nilgiri,,"T.Oranali,HPB.No: 2/9",11.311667,76.661944,Debris,Slide,NA
27486,TN/NIL/58A11/2015-16/78,Tamil Nadu,Nilgiri,,Emarald village,11.311944,76.625556,Earth,Slide,NA
27487,TN/NIL/58A11/2015-16/134,Tamil Nadu,Nilgiri,,Kaichola village,11.311944,76.698056,Debris,Slide,NA
27488,TN/NIL/58A11/2015-16/132,Tamil Nadu,Nilgiri,,Kunnakambe Village,11.312778,76.712222,Debris,Slide,NA
27489,TN/NIL/58A11/2015-16/340,Tamil Nadu,Nilgiri,,Sillahalla,11.313611,76.648333,Debris,Slide,NA
27490,TN/NIL/58A11/2015-16/339,Tamil Nadu,Nilgiri,,Sillahalla,11.313889,76.650278,Debris,Slide,NA
27491,TN/NIL/58A11/2015-16/341,Tamil Nadu,Nilgiri,,Sillahalla,11.313889,76.648611,Debris,Slide,NA
27492,TN/NIL/58A11/2015-16/342,Tamil Nadu,Nilgiri,,Sillahalla,11.314444,76.648333,Debris,Slide,NA
27493,TN/NIL/58A15/2015-16/287,Tamil Nadu,Nilgiri,,Sillahalla,11.31472,76.64861,Debris,Slide,NA
27494,TN/NIL/58A11/2015-16/138,Tamil Nadu,Nilgiri,,Devashola village,11.314722,76.686944,Debris,Subsidence,NA
27495,TN/NIL/58A11/2015-16/338,Tamil Nadu,Nilgiri,,Sillahalla,11.315556,76.65,Debris,Slide,NA
27496,TN/NIL/58A11/2015-16/160,Tamil Nadu,Nilgiri,,Emarald village,11.315833,76.622222,Debris,Slide,NA
27497,TN/NIL/58A11/2015-16/136,Tamil Nadu,Nilgiri,,Kaichola to Devashola village,11.316389,76.688333,Debris,Slide,NA
27498,TN/NIL/58A11/2015-16/137,Tamil Nadu,Nilgiri,,Devashola village,11.316389,76.688333,Debris,Slide,NA
27499,TN/NIL/58A11/2015-16/139,Tamil Nadu,Nilgiri,,Devashola village,11.3175,76.69,Debris,Slide,NA
27500,TN/NIL/58A11/2015-16/141,Tamil Nadu,Nilgiri,,Devashola village,11.3175,76.690833,Debris,Slide,NA
27501,TN/NIL/58A11/2015-16/75,Tamil Nadu,Nilgiri,,"Emarald to Avalanche, MS.No:17/4",11.318333,76.624444,Debris,Slide,NA
27502,TN/NIL/58A11/2015-16/149,Tamil Nadu,Nilgiri,,Devashola village,11.318333,76.691111,Debris,Subsidence,NA
27503,TN/NIL/58A15/2015-16/313,Tamil Nadu,Nilgiri,,"HPB.No: 1/8, Thangadu to Kathadimattam",11.318333,76.678611,Debris,Slide,NA
27504,TN/NIL/58A11/2015-16/95,Tamil Nadu,Nilgiri,,Tangadu village,11.318611,76.663889,Debris,Slide,NA
27505,TN/NIL/58A11/2015-16/94,Tamil Nadu,Nilgiri,,Tangadu village,11.318889,76.666389,Earth,Slide,NA
27506,TN/NIL/58A11/2015-16/77,Tamil Nadu,Nilgiri,,Emarald village,11.319444,76.622222,Debris,Slide,NA
27507,TN/NIL/58A15/2015-16/314,Tamil Nadu,Nilgiri,,Thangadu to Kathadimattam,11.319722,76.680278,Debris,Slide,NA
27508,TN/NIL/58A11/2015-16/131,Tamil Nadu,Nilgiri,,Sunny Dale Tea Estate,11.320833,76.726389,Debris,Slide,NA
27509,TN/NIL/58A11/2015-16/128,Tamil Nadu,Nilgiri,,2.5 km ESE of Koderi village,11.320833,76.726389,Debris,Slide,NA
27510,TN/NIL/58A11/2015-16/118,Tamil Nadu,Nilgiri,,Selas village,11.321111,76.75,Debris,Slide,NA
27511,TN/NIL/58A11/2015-16/129,Tamil Nadu,Nilgiri,,Kanthala towards Kundha,11.321667,76.726389,Debris,Slide,NA
27512,TN/NIL/58A11/2015-16/120,Tamil Nadu,Nilgiri,,Kakkachi village,11.321944,76.741389,Earth,Slide,NA
27513,TN/NIL/58A11/2015-16/117,Tamil Nadu,Nilgiri,,Selas village,11.322778,76.747222,Debris,Slide,NA
27514,TN/NIL/58A11/2015-16/76,Tamil Nadu,Nilgiri,,Tea garden in Emerald village,11.323611,76.629167,Earth,Slide,NA
27515,TN/NIL/58A11/2015-16/119,Tamil Nadu,Nilgiri,,Selas village near outlet of tunnel,11.323611,76.739167,Debris,Slide,NA
27516,TN/NIL/58A15/2015-16/308,Tamil Nadu,Nilgiri,,Runnymede Tea Estate,11.323611,76.791389,Debris,Slide,NA
27517,TN/NIL/58A11/2015-16/116,Tamil Nadu,Nilgiri,,Selas village,11.324444,76.748333,Debris,Slide,NA
27518,TN/NIL/58A15/2015-16/307,Tamil Nadu,Nilgiri,,Runnymede Tea Estate,11.324444,76.793056,Debris,Slide,NA
27519,TN/NIL/58A15/2015-16/310,Tamil Nadu,Nilgiri,,Runnymede Tea Estate,11.324444,76.790278,Debris,Slide,NA
27520,TN/NIL/58A11/2015-16/93,Tamil Nadu,Nilgiri,,B. Manihatti towards Tangadu,11.325278,76.665556,Debris,Subsidence,NA
27521,TN/NIL/58A15/2015-16/309,Tamil Nadu,Nilgiri,,Runnymede Tea Estate,11.325556,76.790833,Debris,Slide,NA
27522,TN/NIL/58A15/2015-16/311,Tamil Nadu,Nilgiri,,Runnymede Tea Estate,11.325833,76.790556,Debris,Slide,NA
27523,TN/NIL/58A11/2015-16/130,Tamil Nadu,Nilgiri,,"Culvert no. 13/2, Kanthala towards Kunda",11.326389,76.7275,Debris,Slide,NA
27524,TN/NIL/58A15/2015-16/300,Tamil Nadu,Nilgiri,,Glendale Tea Estate,11.326389,76.798333,Debris,Slide,NA
27525,TN/NIL/2009/0009,Tamil Nadu,Nilgiri,,,11.32722,76.80389,NA,,NA
27526,TN/NIL/58A15/2015-16/184,Tamil Nadu,Nilgiri,,Runnymede Tea Estate,11.327222,76.804167,Debris,Slide,NA
27527,TN/NIL/58A15/2015-16/325,Tamil Nadu,Nilgiri,,Runnymede Tea Estate,11.3275,76.793889,Debris,Slide,NA
27528,TN/NIL/58A15/2015-16/185,Tamil Nadu,Nilgiri,,Runnymede Tea Estate,11.327778,76.804167,Debris,Slide,NA
27529,TN/NIL/58A11/2015-16/125,Tamil Nadu,Nilgiri,,"PC.No:. 11/7, Kanthala towards Kunda",11.328333,76.749722,Debris,Slide,NA
27530,TN/NIL/58A15/2015-16/323,Tamil Nadu,Nilgiri,,"Katteri park,Runnymede railway station",11.328333,76.801111,Debris,Slide,NA
27531,TN/NIL/58A11/2015-16/126,Tamil Nadu,Nilgiri,,"MS.No:.19/11, Kanthala towards Kundha",11.328611,76.735278,Debris,Slide,NA
27532,TN/NIL/58A11/2015-16/74,Tamil Nadu,Nilgiri,,"MS.No:.614/6, Ithalar towards Porthi",11.329167,76.630556,Debris,Slide,NA
27533,TN/NIL/58A11/2015-16/127,Tamil Nadu,Nilgiri,,"Culvert no. 12/5, near Shiv Temple",11.329167,76.747778,Debris,Slide,NA
27534,TN/NIL/58A11/2015-16/101,Tamil Nadu,Nilgiri,,Ittalar to Bembatti,11.33,76.645833,Debris,Slide,NA
27535,TN/NIL/58A15/2015-16/324,Tamil Nadu,Nilgiri,,Runnymede railway track,11.330278,76.800556,Debris,Slide,NA
27536,TN/NIL/58A15/2015-16/326,Tamil Nadu,Nilgiri,,Near Glendale Tea Factory,11.330278,76.788889,Debris,Slide,NA
27537,TN/NIL/58A11/2015-16/73,Tamil Nadu,Nilgiri,,"MS.No: 614 /6, Ithalar towards Porthi.",11.330556,76.633333,Debris,Slide,NA
27538,TN/NIL/58A15/2015-16/251,Tamil Nadu,Nilgiri,,"NH-67, Katteri to Buliyar",11.330833,76.795,Debris,Slide,NA
27539,TN/NIL/58A15/2015-16/333,Tamil Nadu,Nilgiri,,Along Railway track,11.330833,76.808611,Debris,Slide,NA
27540,TN/NIL/58A11/2015-16/121,Tamil Nadu,Nilgiri,,Kilinchada village,11.331111,76.739444,Debris,Slide,NA
27541,TN/NIL/58A15/2015-16/250,Tamil Nadu,Nilgiri,,"NH-67, Katteri to Buliyar",11.331389,76.793889,Debris,Slide,NA
27542,TN/NIL/58A15/2015-16/327,Tamil Nadu,Nilgiri,,Near Katteri bend,11.331389,76.7875,Debris,Slide,NA
27543,TN/NIL/58A15/2015-16/304,Tamil Nadu,Nilgiri,,"Glendale Tea Estate, Karpuswami temple",11.331389,76.786667,Debris,Slide,NA
27544,TN/NIL/58A15/2015-16/253,Tamil Nadu,Nilgiri,,NH-67,11.331609,76.808422,Debris,Slide,NA
27545,TN/NIL/58A15/2015-16/306,Tamil Nadu,Nilgiri,,Glendale Tea Estate,11.331667,76.784722,Debris,Slide,NA
27546,TN/NIL/58A15/2015-16/305,Tamil Nadu,Nilgiri,,Glendale Tea Estate,11.331944,76.785,Earth,Slide,NA
27547,TN/NIL/58A15/2015-16/286,Tamil Nadu,Nilgiri,,Gandhipuram village,11.332222,76.798056,Debris,Slide,NA
27548,TN/NIL/58A15/2015-16/294,Tamil Nadu,Nilgiri,,"Mile stone no. 4, Katteri to Karumapalam",11.332222,76.779167,Debris,Slide,NA
27549,TN/NIL/58A15/2015-16/295,Tamil Nadu,Nilgiri,,Chinna Karumapalam village,11.332222,76.7675,Debris,Slide,NA
27550,TN/NIL/58A15/2015-16/249,Tamil Nadu,Nilgiri,,"Katteri Junction, Katteri to Burliyar",11.3325,76.791667,Debris,Slide,NA
27551,TN/NIL/58A15/2015-16/289,Tamil Nadu,Nilgiri,,West of Katteri road junction,11.3325,76.787778,Debris,Slide,NA
27552,TN/NIL/58A15/2015-16/291,Tamil Nadu,Nilgiri,,"PC.No:4/7, Katteri to Karumapalam",11.3325,76.784722,Debris,Slide,NA
27553,TN/NIL/58A15/2015-16/252,Tamil Nadu,Nilgiri,,NH-67,11.33272,76.793978,Debris,Slide,NA
27554,TN/NIL/58A15/2015-16/290,Tamil Nadu,Nilgiri,,"PC.No: 4/5, Katteri to Karumapalam",11.332778,76.785278,Debris,Slide,NA
27555,TN/NIL/58A15/2015-16/292,Tamil Nadu,Nilgiri,,"PC.No:4/8, Katteri to Karumapalam",11.332778,76.783333,Debris,Slide,NA
27556,TN/NIL/58A15/2015-16/293,Tamil Nadu,Nilgiri,,Katteri to Karumapalam,11.332778,76.7825,Earth,Slide,NA
27557,TN/NIL/58A15/2015-16/296,Tamil Nadu,Nilgiri,,Near Sivaram Tea Factory,11.332778,76.763889,Debris,Slide,NA
27558,TN/NIL/58A15/2015-16/167,Tamil Nadu,Nilgiri,,"HPB: 9/14, NH-67",11.333889,76.821389,Debris,Slide,NA
27559,TN/NIL/58A15/2015-16/318,Tamil Nadu,Nilgiri,,Katteri to Selas,11.333889,76.753333,Debris,Slide,NA
27560,TN/NIL/58A15/2015-16/280,Tamil Nadu,Nilgiri,,"HPB.No: 11/4, NH-67",11.334167,76.82,Debris,Slide,NA
27561,TN/NIL/58A15/2015-16/288,Tamil Nadu,Nilgiri,,Downslope of Sagaimatha hospital,11.334444,76.793333,Debris,Slide,NA
27562,TN/NIL/58A15/2015-16/166,Tamil Nadu,Nilgiri,,NH-67,11.334665,76.818422,Debris,Slide,NA
27563,TN/NIL/58A11/2015-16/114,Tamil Nadu,Nilgiri,,"Palada to Selas, near Katteri Dam",11.334722,76.736389,Debris,Slide,NA
27564,TN/NIL/58A15/2015-16/334,Tamil Nadu,Nilgiri,,Along Railway track,11.334722,76.813611,Earth,Slide,NA
27565,TN/NIL/58A15/2015-16/285,Tamil Nadu,Nilgiri,,Gandhipuram village,11.334722,76.799722,Earth,Slide,NA
27566,TN/NIL/58A11/2015-16/45,Tamil Nadu,Nilgiri,,Kallakorai to Tulitalai road,11.335,76.665833,Debris,Slide,NA
27567,TN/NIL/58A15/2015-16/168,Tamil Nadu,Nilgiri,,"MS.No:2/402, NH-67",11.335278,76.822222,Debris,Slide,NA
27568,TN/NIL/58A15/2015-16/165,Tamil Nadu,Nilgiri,,NH-67,11.335498,76.818422,Earth,Slide,NA
27569,TN/NIL/58A15/2015-16/173,Tamil Nadu,Nilgiri,,NH-67,11.336054,76.825922,Debris,Slide,NA
27570,TN/NIL/58A15/2015-16/176,Tamil Nadu,Nilgiri,,NH-67,11.336054,76.827867,Debris,Slide,NA
27571,TN/NIL/58A11/2015-16/46,Tamil Nadu,Nilgiri,,Tulitalai village,11.336111,76.663889,Earth,Slide,NA
27572,TN/NIL/58A15/2015-16/317,Tamil Nadu,Nilgiri,,Ennkadu Tea Estate,11.336111,76.756944,Earth,Slide,NA
27573,TN/NIL/58A15/2015-16/174,Tamil Nadu,Nilgiri,,NH-67,11.336332,76.827033,Debris,Slide,NA
27574,TN/NIL/58A15/2015-16/335,Tamil Nadu,Nilgiri,,Along Railway track,11.336389,76.818611,Earth,Slide,NA
27575,TN/NIL/58A15/2015-16/172,Tamil Nadu,Nilgiri,,"HPB.No:8/1,NH-67",11.336667,76.827778,Debris,Slide,NA
27576,TN/NIL/58A15/2015-16/179,Tamil Nadu,Nilgiri,,"NH-67, near Burliyar",11.336667,76.839722,Debris,Slide,NA
27577,TN/NIL/58A15/2015-16/171,Tamil Nadu,Nilgiri,,NH-67,11.336887,76.825922,Debris,Slide,NA
27578,TN/NIL/58A15/2015-16/178,Tamil Nadu,Nilgiri,,"NH-67, near Burliyar",11.336944,76.837222,Earth,Slide,NA
27579,TN/NIL/58A15/2015-16/170,Tamil Nadu,Nilgiri,,NH-67,11.337443,76.825089,Debris,Slide,NA
27580,TN/NIL/58A15/2015-16/180,Tamil Nadu,Nilgiri,,"NH-67, near Burliyar",11.3375,76.843333,Earth,Slide,NA
27581,TN/NIL/58A15/2015-16/169,Tamil Nadu,Nilgiri,,NH-67,11.33772,76.8237,Debris,Slide,NA
27582,TN/NIL/58A15/2015-16/177,Tamil Nadu,Nilgiri,,NH-67,11.33772,76.832033,Debris,Slide,NA
27583,TN/COI/58A15/2015-16/275,Tamil Nadu,Coimbatore,,NH-67,11.33772,76.860089,Debris,Slide,NA
27584,TN/NIL/58A15/2015-16/175,Tamil Nadu,Nilgiri,,NH-67,11.338554,76.827867,Debris,Slide,NA
27585,TN/NIL/58A15/2015-16/284,Tamil Nadu,Nilgiri,,NH-67,11.338554,76.798422,Debris,Slide,NA
27586,TN/NIL/58A15/2015-16/303,Tamil Nadu,Nilgiri,,Kannimariamman Koil,11.338889,76.801667,Debris,Slide,NA
27587,TN/COI/58A15/2015-16/274,Tamil Nadu,Coimbatore,,NH-67,11.339387,76.857589,Debris,Slide,NA
27588,TN/NIL/58A11/2015-16/47,Tamil Nadu,Nilgiri,,Balakola village - Tea Estate,11.339444,76.682222,Debris,Subsidence,NA
27589,TN/NIL/58A15/2015-16/272,Tamil Nadu,Nilgiri,,NH-67,11.339665,76.855089,Debris,Slide,NA
27590,TN/NIL/58A11/2015-16/71,Tamil Nadu,Nilgiri,,Ithalar village,11.339722,76.635,Debris,Slide,NA
27591,TN/NIL/58A15/2015-16/181,Tamil Nadu,Nilgiri,,NH-67,11.339943,76.8437,Debris,Slide,NA
27592,TN/COI/58A15/2015-16/277,Tamil Nadu,Coimbatore,,NH-67,11.339943,76.863978,Debris,Slide,NA
27593,TN/COI/58A15/2015-16/279,Tamil Nadu,Coimbatore,,NH-67,11.339943,76.868144,Debris,Slide,NA
27594,TN/NIL/58A15/2015-16/270,Tamil Nadu,Nilgiri,,NH-67,11.339943,76.852589,Debris,Slide,NA
27595,TN/NIL/58A15/2015-16/271,Tamil Nadu,Nilgiri,,NH-67,11.339943,76.8537,Debris,Slide,NA
27596,TN/COI/58A15/2015-16/278,Tamil Nadu,Coimbatore,,NH-67,11.34022,76.864811,Debris,Slide,NA
27597,TN/NIL/58A15/2015-16/269,Tamil Nadu,Nilgiri,,NH-67,11.34022,76.849811,Debris,Slide,NA
27598,TN/NIL/58A15/2015-16/281,Tamil Nadu,Nilgiri,,"NH-67, near Coonoor Rly. Station",11.340278,76.797222,Debris,Slide,NA
27599,TN/NIL/58A15/2015-16/282,Tamil Nadu,Nilgiri,,"NH-67, near Coonoor Rly. Station",11.340278,76.797778,Debris,Slide,NA
27600,TN/COI/58A15/2015-16/276,Tamil Nadu,Coimbatore,,NH-67,11.340498,76.862311,Debris,Slide,NA
27601,TN/NIL/58A15/2015-16/188,Tamil Nadu,Nilgiri,,"NH-67, near Coonoor Rly. Station",11.340556,76.796667,Debris,Slide,NA
27602,TN/COI/58A15/2015-16/273,Tamil Nadu,Coimbatore,,NH-67,11.340776,76.857033,Debris,Slide,NA
27603,TN/NIL/58A15/2015-16/283,Tamil Nadu,Nilgiri,,NH-67,11.341054,76.797867,Debris,Slide,NA
27604,TN/NIL/58A11/2015-16/72,Tamil Nadu,Nilgiri,,road from Ithalar to Porthi,11.341111,76.632222,Debris,Subsidence,NA
27605,TN/COI/58A15/2015-16/328,Tamil Nadu,Coimbatore,,Along Railway track,11.341111,76.935556,Debris,Slide,NA
27606,TN/COI/58A15/2015-16/329,Tamil Nadu,Coimbatore,,Along Railway track,11.341111,76.938889,Debris,Slide,NA
27607,TN/NIL/58A15/2015-16/268,Tamil Nadu,Nilgiri,,NH-67,11.342165,76.850089,Debris,Slide,NA
27608,TN/NIL/58A15/2015-16/267,Tamil Nadu,Nilgiri,,NH-67 Burliyar checkpost,11.342222,76.850833,Debris,Slide,NA
27609,TN/NIL/58A11/2015-16/161,Tamil Nadu,Nilgiri,,Emarald to ParsonΓò₧s Valley,11.3425,76.596389,Debris,Slide,NA
27610,TN/NIL/58A15/2015-16/319,Tamil Nadu,Nilgiri,,Carolin Tea Estate,11.3425,76.775833,Debris,Slide,NA
27611,TN/NIL/58A15/2015-16/322,Tamil Nadu,Nilgiri,,"Near hair pin bend no. 4/14, NH- 67",11.3425,76.849444,Earth,Slide,NA
27612,TN/NIL/58A15/2015-16/332,Tamil Nadu,Nilgiri,,Along Railway track,11.342778,76.853889,Debris,Slide,NA
27613,TN/NIL/58A15/2015-16/266,Tamil Nadu,Nilgiri,,Burliyar checkpost,11.342778,76.850833,Debris,Slide,NA
27614,TN/NIL/58A15/2015-16/331,Tamil Nadu,Nilgiri,,Along Railway track,11.343056,76.855556,Debris,Slide,NA
27615,TN/NIL/58A15/2015-16/183,Tamil Nadu,Nilgiri,,NH-67,11.343276,76.846755,Earth,Slide,NA
27616,TN/NIL/58A15/2015-16/182,Tamil Nadu,Nilgiri,,NH-67,11.343554,76.847311,Debris,Slide,NA
27617,TN/COI/58A15/2015-16/321,Tamil Nadu,Coimbatore,,"Hair pin bend no. 2/14, NH-67",11.343727,76.873724,Debris,Slide,NA
27618,TN/COI/58A15/2015-16/336,Tamil Nadu,Coimbatore,,Along Railway track,11.343889,76.863333,Rock,Slide,NA
27619,TN/COI/58A15/2015-16/330,Tamil Nadu,Coimbatore,,Along Railway track,11.344167,76.861111,Debris,Slide,NA
27620,TN/NIL/58A15/2015-16/236,Tamil Nadu,Nilgiri,,"NH-67, near Coonoor Rly. Station",11.344167,76.756944,Earth,Slide,NA
27621,TN/COI/58A15/2015-16/337,Tamil Nadu,Coimbatore,,Along Railway track,11.346667,76.878333,Rock,Slide,NA
27622,TN/NIL/58A11/2015-16/38,Tamil Nadu,Nilgiri,,"PC.No:13/2, Yellakkandi towards Ittalar",11.346944,76.641389,Earth,Slide,NA
27623,TN/NIL/58A11/2015-16/40,Tamil Nadu,Nilgiri,,Tulitalai Village,11.347778,76.666944,Debris,Slide,NA
27624,TN/NIL/58A11/2015-16/164,Tamil Nadu,Nilgiri,,Porthimund Dam towards catchment-II,11.348333,76.577778,Debris,Slide,NA
27625,TN/NIL/58A11/2015-16/36,Tamil Nadu,Nilgiri,,"Yellakkandi to Ittalar, near Temple",11.348889,76.643333,Debris,Slide,NA
27626,TN/NIL/58A11/2015-16/39,Tamil Nadu,Nilgiri,,Ittalar village,11.349444,76.6425,Debris,Slide,NA
27627,TN/NIL/58A15/2015-16/320,Tamil Nadu,Nilgiri,,"Behind MGM Resort, Wellington",11.35,76.786389,Debris,Slide,NA
27628,TN/NIL/58A15/2015-16/316,Tamil Nadu,Nilgiri,,Palamtottam village,11.350556,76.763889,Debris,Slide,NA
27629,TN/NIL/58A11/2015-16/163,Tamil Nadu,Nilgiri,,Porthimund Dam towards catchment-II,11.351944,76.578611,Debris,Slide,NA
27630,TN/NIL/58A11/2015-16/48,Tamil Nadu,Nilgiri,,"Nundala Junction to Nundala Mattam, PC.No:8/5",11.355278,76.693611,Debris,Slide,NA
27631,TN/NIL/58A11/2015-16/35,Tamil Nadu,Nilgiri,,"Vinobali Nagar, PC.No:10/5",11.357222,76.650833,Earth,Slide,NA
27632,TN/NIL/58A11/2015-16/49,Tamil Nadu,Nilgiri,,Nundala Junction to Nundala Mattam.,11.357778,76.696944,Debris,Slide,NA
27633,TN/NIL/58A11/2015-16/44,Tamil Nadu,Nilgiri,,Kallakorai Village,11.358333,76.668056,Earth,Slide,NA
27634,TN/NIL/58A15/2015-16/265,Tamil Nadu,Nilgiri,,"HPB.No:4/7, Kotagiri to Mettupalayam",11.358333,76.606111,Debris,Slide,NA
27635,TN/NIL/58A15/2015-16/237,Tamil Nadu,Nilgiri,,"Black bridge, Willington Cantonment, NH-67",11.359444,76.781667,Debris,Slide,NA
27636,TN/NIL/58A15/2015-16/244,Tamil Nadu,Nilgiri,,"Coonoor to Kattabettu, PC.No: 14/15",11.359444,76.808889,Earth,Slide,NA
27637,TN/NIL/58A15/2015-16/238,Tamil Nadu,Nilgiri,,"NH-67,BoyΓò₧s Company",11.36,76.775833,Debris,Slide,NA
27638,TN/NIL/58A11/2015-16/50,Tamil Nadu,Nilgiri,,Nundala Junction to Nundala Mattam.,11.360278,76.703056,Debris,Slide,NA
27639,TN/NIL/58A11/2015-16/51,Tamil Nadu,Nilgiri,,Nundala Junction to Nundala Mattam.,11.360278,76.705833,Debris,Slide,NA
27640,TN/NIL/58A15/2015-16/302,Tamil Nadu,Nilgiri,,Karanci village,11.3625,76.834167,Debris,Slide,NA
27641,TN/NIL/58A11/2015-16/162,Tamil Nadu,Nilgiri,,"Near power house, towards Porthimund",11.362778,76.605,Earth,Slide,NA
27642,TN/NIL/58A15/2015-16/315,Tamil Nadu,Nilgiri,,Kil Biketti to Ambikapuram,11.362778,76.761389,Debris,Slide,NA
27643,TN/NIL/58A15/2015-16/264,Tamil Nadu,Nilgiri,,Fevendale Tea Estate,11.363333,76.903611,Debris,Slide,NA
27644,TN/NIL/58A11/2015-16/57,Tamil Nadu,Nilgiri,,"MS.No:24/2, NH 67",11.363889,76.722222,Earth,Slide,NA
27645,TN/NIL/58A11/2015-16/52,Tamil Nadu,Nilgiri,,Gandhi Pettai SC.No:5/6,11.365278,76.708611,Earth,Slide,NA
27646,TN/NIL/58A15/2015-16/245,Tamil Nadu,Nilgiri,,"Coonoor to Kattabettu, MS.No:4 5/4",11.365278,76.818056,Earth,Slide,NA
27647,TN/NIL/58A11/2015-16/53,Tamil Nadu,Nilgiri,,"Gandhi Pettai,MS.No:84/8",11.365556,76.708056,Earth,Slide,NA
27648,TN/NIL/58A11/2015-16/24,Tamil Nadu,Nilgiri,,"Near Tribal Museum, Kappatorai towards Palada",11.366667,76.6625,Earth,Slide,NA
27649,TN/NIL/58A11/2015-16/4,Tamil Nadu,Nilgiri,,Tuneri village,11.368889,76.748056,Debris,Subsidence,NA
27650,TN/NIL/58A15/2015-16/301,Tamil Nadu,Nilgiri,,Mukkumalai Tea Estate,11.368889,76.855556,Debris,Slide,NA
27651,TN/NIL/58A11/2015-16/5,Tamil Nadu,Nilgiri,,Tuneri village,11.369444,76.748889,Debris,Subsidence,NA
27652,TN/NIL/58A11/2015-16/25,Tamil Nadu,Nilgiri,,Kappatorai towards Palada; SC.No: 7/5,11.3725,76.664167,Earth,Slide,NA
27653,TN/NIL/58A11/2015-16/26,Tamil Nadu,Nilgiri,,Slab Culvert .No: 7/5,11.3725,76.664167,Earth,Flow,NA
27654,TN/NIL/58A15/2015-16/246,Tamil Nadu,Nilgiri,,Bandishola village PC:No:7/6,11.373611,76.817222,Debris,Slide,NA
27655,TN/NIL/58A11/2015-16/55,Tamil Nadu,Nilgiri,,Alhada road junction,11.374444,76.711111,Earth,Slide,NA
27656,TN/NIL/58A15/2015-16/239,Tamil Nadu,Nilgiri,,NH-67,11.374665,76.758422,Earth,Slide,NA
27657,TN/NIL/58A11/2015-16/84,Tamil Nadu,Nilgiri,,Lovedale Railway junction,11.374722,76.741389,Earth,Slide,NA
27658,TN/NIL/58A11/2015-16/70,Tamil Nadu,Nilgiri,,Porthimund dam,11.375,76.572222,Debris,Slide,NA
27659,TN/NIL/58A11/2015-16/83,Tamil Nadu,Nilgiri,,Lovedale towards Allada,11.375,76.710278,Earth,Slide,NA
27660,TN/NIL/58A15/2015-16/263,Tamil Nadu,Nilgiri,,"PC.No:38/8, Ubbekombai village",11.375,76.897222,Debris,Slide,NA
27661,TN/NIL/58A15/2015-16/240,Tamil Nadu,Nilgiri,,NH-67,11.37522,76.755922,Earth,Slide,NA
27662,TN/NIL/58A11/2015-16/189,Tamil Nadu,Nilgiri,,Porthimund village,11.376111,76.578889,Debris,Slide,NA
27663,TN/NIL/58A11/2015-16/66,Tamil Nadu,Nilgiri,,"NH 67, west of Yellanhalli road junction",11.377778,76.743056,Earth,Slide,NA
27664,TN/NIL/58A11/2015-16/87,Tamil Nadu,Nilgiri,,"Ketti Railway station, PC.No: 1/7",11.378056,76.740278,Debris,Slide,NA
27665,TN/NIL/58A11/2015-16/88,Tamil Nadu,Nilgiri,,"Ketti Railway Junction, PC.No: 1/7",11.378056,76.740278,Debris,Slide,NA
27666,TN/NIL/58A15/2015-16/187,Tamil Nadu,Nilgiri,,Near Pachaikadu village,11.378056,76.833056,Debris,Slide,NA
27667,TN/NIL/58A15/2015-16/257,Tamil Nadu,Nilgiri,,"PC.No. 37/6, Kotagiri to Mettupalayam",11.378889,76.899444,Debris,Slide,NA
27668,TN/NIL/58A11/2015-16/86,Tamil Nadu,Nilgiri,,Ketti to Achanakkal MS.No: 4 1/4,11.379167,76.7025,Debris,Slide,NA
27669,TN/NIL/58A11/2015-16/85,Tamil Nadu,Nilgiri,,Halada village,11.379444,76.715278,Debris,Slide,NA
27670,TN/NIL/58A15/2015-16/186,Tamil Nadu,Nilgiri,,Pachaikadu Tea Estate,11.380556,76.824444,Debris,Slide,NA
27671,TN/NIL/58A11/2015-16/37,Tamil Nadu,Nilgiri,,"PC.No:12/5, Yellakkandi to Ittalar Road",11.381111,76.641944,Earth,Slide,NA
27672,TN/NIL/58A11/2015-16/23,Tamil Nadu,Nilgiri,,1 km South of Kuruduguli village,11.381389,76.642778,Earth,Slide,NA
27673,TN/NIL/58A11/2015-16/82,Tamil Nadu,Nilgiri,,Lovedale Railway junction,11.381667,76.706111,Earth,Slide,NA
27674,TN/NIL/58A15/2015-16/297,Tamil Nadu,Nilgiri,,Kambaishola village,11.381944,76.788611,Debris,Slide,NA
27675,TN/NIL/58A15/2015-16/256,Tamil Nadu,Nilgiri,,Tottapalam bus stop,11.382778,76.891944,Debris,Slide,NA
27676,TN/NIL/58A11/2015-16/81,Tamil Nadu,Nilgiri,,Lovedale railway junction; MS.No: MD1077/2,11.383056,76.706389,Earth,Slide,NA
27677,TN/NIL/58A11/2015-16/65,Tamil Nadu,Nilgiri,,Along NH 67,11.384167,76.735278,Earth,Slide,NA
27678,TN/NIL/58A11/2015-16/63,Tamil Nadu,Nilgiri,,"NH67, MS.No: 242 6/2",11.385,76.734167,Earth,Slide,NA
27679,TN/NIL/58A11/2015-16/34,Tamil Nadu,Nilgiri,,"Mullikorai towards Palada, PC.No:5/1",11.385833,76.674444,Debris,Slide,NA
27680,TN/NIL/58A11/2015-16/64,Tamil Nadu,Nilgiri,,Perinha Vilas├╖ K. Sukumar Bunglow,11.386389,76.734722,Earth,Slide,NA
27681,TN/NIL/58A11/2015-16/62,Tamil Nadu,Nilgiri,,"NH67, MS.No:242 6/2",11.386667,76.733333,Earth,Slide,NA
27682,TN/NIL/58A11/2015-16/60,Tamil Nadu,Nilgiri,,"Telescope View Point, Divine Hills",11.387222,76.723333,Debris,Slide,NA
27683,TN/NIL/58A11/2015-16/33,Tamil Nadu,Nilgiri,,PC.No: 3/7 road towards Palada,11.389444,76.674444,Earth,Slide,NA
27684,TN/NIL/58A11/2015-16/59,Tamil Nadu,Nilgiri,,"MS.No:24/2, NH 67",11.39,76.718611,Earth,Subsidence,NA
27685,TN/NIL/58A11/2015-16/61,Tamil Nadu,Nilgiri,,"Manthada, Mariamman Koil temple",11.39,76.718611,Debris,Slide,NA
27686,TN/NIL/58A11/2015-16/32,Tamil Nadu,Nilgiri,,Mullikorai PC. No: 3/7,11.391111,76.675556,Earth,Slide,NA
27687,TN/NIL/58A11/2015-16/54,Tamil Nadu,Nilgiri,,"Lovedale Tea Estate, PC.No:1/5",11.391389,76.713889,Debris,Slide,NA
27688,TN/NIL/58A11/2015-16/58,Tamil Nadu,Nilgiri,,Satyasai Nagar,11.391389,76.719444,Debris,Slide,NA
27689,TN/NIL/58A11/2015-16/31,Tamil Nadu,Nilgiri,,Mullikorai PC. No:3/7,11.3925,76.676667,Earth,Slide,NA
27690,TN/NIL/58A11/2015-16/30,Tamil Nadu,Nilgiri,,Mullikorai MS.No: 2/8,11.392778,76.676667,Debris,Slide,NA
27691,TN/NIL/58A11/2015-16/29,Tamil Nadu,Nilgiri,,Mullikorai village road towards Palada,11.393056,76.6775,Earth,Slide,NA
27692,TN/NIL/58A15/2015-16/298,Tamil Nadu,Nilgiri,,"Anna Nagar, 1 Km NE Bettati junction",11.393056,76.815556,Debris,Slide,NA
27693,TN/NIL/58A11/2015-16/28,Tamil Nadu,Nilgiri,,"Mullikorai village, road towards Palada",11.393333,76.6775,Debris,Slide,NA
27694,TN/NIL/58A11/2015-16/27,Tamil Nadu,Nilgiri,,Mullikorai village; PC.No: 3/6,11.393611,76.678056,Debris,Slide,NA
27695,TN/NIL/58A11/2015-16/56,Tamil Nadu,Nilgiri,,"NH 67, near Nondimedu Village",11.398056,76.718333,Earth,Slide,NA
27696,TN/NIL/58A11/2015-16/79,Tamil Nadu,Nilgiri,,Elk hill,11.398611,76.708056,Debris,Slide,NA
27697,TN/NIL/58A11/2015-16/80,Tamil Nadu,Nilgiri,,Elk hill,11.4,76.708333,Debris,Slide,NA
27698,TN/NIL/58A15/2015-16/247,Tamil Nadu,Nilgiri,,"Bandishola village, PC:No:7/6",11.400278,76.800556,Debris,Slide,NA
27699,TN/NIL/58A15/2015-16/248,Tamil Nadu,Nilgiri,,Coonoor to Kattabettu,11.400556,76.813056,Debris,Slide,NA
27700,TN/NIL/58A11/2015-16/89,Tamil Nadu,Nilgiri,,Thalayatimund village,11.401389,76.721389,Earth,Slide,NA
27701,TN/NIL/58A11/2015-16/11,Tamil Nadu,Nilgiri,,Pudu Thottam.,11.404167,76.744444,Earth,Slide,NA
27702,TN/NIL/58A11/2015-16/10,Tamil Nadu,Nilgiri,,PC.no: 8/13 Dodabetta towards Perar,11.405556,76.742778,Debris,Slide,NA
27703,TN/NIL/58A15/2015-16/299,Tamil Nadu,Nilgiri,,Togalhatti,11.4075,76.820833,Debris,Slide,NA
27704,TN/NIL/58A15/2015-16/219,Tamil Nadu,Nilgiri,,Perar to Kattabettu,11.4075,76.808611,Debris,Slide,NA
27705,TN/NIL/58A15/2015-16/218,Tamil Nadu,Nilgiri,,"Perar to Kattabettu,PC.No:18/3",11.407778,76.808889,Earth,Slide,NA
27706,TN/NIL/58A15/2015-16/217,Tamil Nadu,Nilgiri,,Perar to Kattabettu,11.408056,76.807778,Debris,Slide,NA
27707,TN/NIL/58A15/2015-16/254,Tamil Nadu,Nilgiri,,"Betlada village, Kotagiri to Konnacombai",11.408521,76.884438,Debris,Slide,NA
27708,TN/NIL/58A15/2015-16/205,Tamil Nadu,Nilgiri,,Perar to Kattabettu PC:No:12/2,11.409086,76.769849,Debris,Slide,NA
27709,TN/NIL/58A15/2015-16/206,Tamil Nadu,Nilgiri,,Perar to Kattabettu PC:No:12/2,11.409364,76.772626,Debris,Slide,NA
27710,TN/NIL/58A15/2015-16/255,Tamil Nadu,Nilgiri,,Robroy Tea Estate,11.409444,76.880833,Debris,Slide,NA
27711,TN/NIL/58A11/2015-16/67,Tamil Nadu,Nilgiri,,Mukurthi Dam,11.410278,76.565833,Earth,Slide,NA
27712,TN/NIL/58A15/2015-16/261,Tamil Nadu,Nilgiri,,Kattabettu road junction,11.410833,76.813889,Debris,Slide,NA
27713,TN/NIL/58A11/2015-16/22,Tamil Nadu,Nilgiri,,Anger Board Tea Estate towards Anikalmund,11.411389,76.6275,Earth,Subsidence,NA
27714,TN/NIL/58A15/2015-16/260,Tamil Nadu,Nilgiri,,Ambedkar Nagar,11.411389,76.814722,Debris,Slide,NA
27715,TN/NIL/58A15/2015-16/208,Tamil Nadu,Nilgiri,,Perar to Kattabettu SC:13/2,11.411586,76.777349,Debris,Slide,NA
27716,TN/NIL/58A11/2015-16/16,Tamil Nadu,Nilgiri,,"PC.No.: 4/4, Dodabetta towards Kodapamund",11.4125,76.726389,Earth,Slide,NA
27717,TN/NIL/58A15/2015-16/214,Tamil Nadu,Nilgiri,,"Ambedkar Nagar,Perar to Kattabettu-MS.No: 16",11.413253,76.79596,Debris,Slide,NA
27718,TN/NIL/58A15/2015-16/209,Tamil Nadu,Nilgiri,,Perar to Kattabettu PC:No:13/7,11.413809,76.77846,Debris,Slide,NA
27719,TN/NIL/58A15/2015-16/262,Tamil Nadu,Nilgiri,,"Kattabettu, Kotagiri",11.413889,76.816667,Debris,Slide,NA
27720,TN/NIL/58A15/2015-16/210,Tamil Nadu,Nilgiri,,Perar to Kattabettu PC:No:13/11,11.414364,76.78096,Debris,Slide,NA
27721,TN/NIL/58A15/2015-16/212,Tamil Nadu,Nilgiri,,Perar to Kattabettu HPB:3/7,11.414642,76.786515,Earth,Slide,NA
27722,TN/NIL/58A15/2015-16/211,Tamil Nadu,Nilgiri,,Perar to Kattabettu HPB:2/7,11.41492,76.788738,Debris,Slide,NA
27723,TN/NIL/58A15/2015-16/216,Tamil Nadu,Nilgiri,,"Perar to Kattabettu, PC.No:16",11.41492,76.792626,Debris,Slide,NA
27724,TN/NIL/58A15/2015-16/190,Tamil Nadu,Nilgiri,,Kattabettu to Iduhatti,11.415,76.809444,Debris,Slide,NA
27725,TN/NIL/58A11/2015-16/9,Tamil Nadu,Nilgiri,,SC.no: 4/7 Kodapamund towards Dodabetta,11.415556,76.744167,Debris,Slide,NA
27726,TN/NIL/58A15/2015-16/213,Tamil Nadu,Nilgiri,,Perar to Kattabettu PC:No:15/8,11.415753,76.789571,Debris,Slide,NA
27727,TN/NIL/58A15/2015-16/215,Tamil Nadu,Nilgiri,,"Ambedkar nagar, Perar to Kattabettu,MS.No:16",11.416586,76.796238,Debris,Slide,NA
27728,TN/NIL/58A11/2015-16/8,Tamil Nadu,Nilgiri,,Ambedkar colony,11.4175,76.722778,Debris,Slide,NA
27729,TN/NIL/58A11/2015-16/12,Tamil Nadu,Nilgiri,,Butter Kombai Tea Estate,11.418889,76.740833,Debris,Slide,NA
27730,TN/NIL/58A11/2015-16/7,Tamil Nadu,Nilgiri,,Ambedkar Colony,11.419444,76.720833,Debris,Slide,NA
27731,TN/NIL/58A11/2015-16/13,Tamil Nadu,Nilgiri,,Kunthachappa village,11.420556,76.830278,Debris,Subsidence,NA
27732,TN/NIL/58A15/2015-16/194,Tamil Nadu,Nilgiri,,Tummanhatti village,11.425,76.780556,Debris,Slide,NA
27733,TN/NIL/58A11/2015-16/69,Tamil Nadu,Nilgiri,,Pykara towards Angerboard Tea Estate,11.425556,76.6275,Earth,Slide,NA
27734,TN/NIL/58A15/2015-16/195,Tamil Nadu,Nilgiri,,Approx. 3 km South East of Tummanhatti village,11.425556,76.779167,Debris,Slide,NA
27735,TN/NIL/58A11/2015-16/68,Tamil Nadu,Nilgiri,,Pykara towards Angerboard Tea Estate,11.428333,76.628333,Earth,Slide,NA
27736,TN/NIL/58A11/2015-16/2,Tamil Nadu,Nilgiri,,Near Watts Gate,11.431389,76.74475,Debris,Slide,NA
27737,TN/NIL/58A11/2015-16/14,Tamil Nadu,Nilgiri,,"300 m from HPB no: 9, Nehruji Nagar towards Kendor",11.432222,76.738889,Debris,Slide,NA
27738,TN/NIL/58A11/2015-16/15,Tamil Nadu,Nilgiri,,"Culvert no. 4/6, Karadi Kombai",11.435833,76.742222,Debris,Slide,NA
27739,TN/NIL/58A15/2015-16/235,Tamil Nadu,Nilgiri,,"Pipe culvert no. +, Pudur village",11.436944,76.885556,Debris,Slide,NA
27740,TN/NIL/58A15/2015-16/191,Tamil Nadu,Nilgiri,,Kattabettu to Iduhatti (Kudumanai village),11.437222,76.8,Debris,Subsidence,NA
27741,TN/NIL/58A11/2015-16/1,Tamil Nadu,Nilgiri,,Kendorai village,11.438889,76.747778,Debris,Slide,NA
27742,TN/NIL/58A15/2015-16/192,Tamil Nadu,Nilgiri,,Banhatti bus stop,11.44,76.800833,Debris,Subsidence,NA
27743,TN/NIL/58A15/2015-16/196,Tamil Nadu,Nilgiri,,Milinethi Village,11.442778,76.873611,Debris,Slide,NA
27744,TN/NIL/58A11/2015-16/3,Tamil Nadu,Nilgiri,,Balani Village - 2 Km from Tuneri road junction,11.445556,76.744444,Debris,Slide,NA
27745,TN/NIL/58A15/2015-16/203,Tamil Nadu,Nilgiri,,"Hair Pin Bend no. 3/10, Gudakkalhalla to Sholur M",11.4475,76.900556,Debris,Slide,NA
27746,TN/NIL/58A15/2015-16/204,Tamil Nadu,Nilgiri,,Gudakkalhatti to Sholur Mattam,11.450278,76.904167,Debris,Subsidence,NA
27747,TN/NIL/58A15/2015-16/207,Tamil Nadu,Nilgiri,,Perar to Kattabettu,11.450278,76.904167,Debris,Subsidence,NA
27748,TN/NIL/58A11/2015-16/19,Tamil Nadu,Nilgiri,,Somardale Tea Estate,11.452778,76.641667,Debris,Slide,NA
27749,TN/NIL/58A15/2015-16/193,Tamil Nadu,Nilgiri,,"Kendorai to Tuneri, MS.No:13/6",11.453056,76.757222,Debris,Slide,NA
27750,TN/NIL/58A11/2015-16/20,Tamil Nadu,Nilgiri,,Somardale Tea Estate,11.454167,76.645,Earth,Slide,NA
27751,TN/NIL/58A11/2015-16/6,Tamil Nadu,Nilgiri,,Anikorai Village,11.454444,76.765556,Debris,Subsidence,NA
27752,TN/NIL/58A11/2015-16/21,Tamil Nadu,Nilgiri,,Somardale Tea Estate,11.454722,76.646111,Debris,Slide,NA
27753,TN/NIL/58A11/2015-16/18,Tamil Nadu,Nilgiri,,Alagarmalai village,11.455278,76.678056,Earth,Slide,NA
27754,TN/NIL/58A11/2015-16/17,Tamil Nadu,Nilgiri,,Alagarmalai,11.457222,76.678056,Debris,Slide,NA
27755,TN/NIL/58A11/2015-16/41,Tamil Nadu,Nilgiri,,"Indra Nagar, Hunumapuram towards Indra Nagar.",11.4625,76.583889,Earth,Slide,NA
27756,TN/NIL/58A11/2015-16/42,Tamil Nadu,Nilgiri,,1 Km West of Indra Nagar.,11.466111,76.577778,Debris,Slide,NA
27757,TN/NIL/58A11/2015-16/43,Tamil Nadu,Nilgiri,,Indra Nagar to Gudalur road,11.4675,76.575,Debris,Slide,NA
27758,TN/NIL/58A07/2015-16/202,Tamil Nadu,Nilgiri,,"Nadugani village, towards Devala",11.469722,76.4125,Debris,Slide,NA
27759,TN/NIL/58A07/2015-16/198,Tamil Nadu,Nilgiri,,"Cut stone culvert no. 116/4, Devala to Pandalur",11.475556,76.358333,Debris,Slide,NA
27760,TN/NIL/58A06/2020/22,Tamil Nadu,Nilgiri,Pandalur road slide,Road towards Pandalur,11.48,76.36,Debris,Slide,NA
27761,TN/NIL/58A07/2015-16/201,Tamil Nadu,Nilgiri,,Road towards Pandiar Tea Estate,11.484167,76.441667,Debris,Slide,NA
27762,TN/NIL/58A15/2015-16/197,Tamil Nadu,Nilgiri,,Near Sundatti village,11.494167,76.885,Debris,Slide,NA
27763,TN/NIL/58A07/2015-16/200,Tamil Nadu,Nilgiri,,Coomamalai village,11.495833,76.360556,Debris,Subsidence,NA
27764,TN/NIL/58A07/2015-16/199,Tamil Nadu,Nilgiri,,Caroline Tea Estate,11.498056,76.334167,Debris,Slide,NA
27765,TN/NIL/58A10/2016/1,Tamil Nadu,Nilgiri,,Near Hukkar Village,11.500222,76.585917,Debris,Slide,NA
27766,TN/NIL/58A06/2020/20,Tamil Nadu,Nilgiri,Cherambadi debris slide,Near Cherambadi,11.51,76.28,Debris,Slide,2020
27767,TN/NIL/58A06/2020/21,Tamil Nadu,Nilgiri,,Near Cherangode,11.51,76.3,Debris,Slide,NA
27768,TN/NIL/58A06/2020/23,Tamil Nadu,Nilgiri,,Road towards Cherambadi,11.51,76.32,Debris,Slide,NA
27769,TN/NIL/58A06/2020/24,Tamil Nadu,Nilgiri,Cherambadi road debris flow,Road towards Cherambadi,11.51,76.32,Debris,Flow,NA
27770,TN/NIL/58A06/2020/25,Tamil Nadu,Nilgiri,,Cherangode,11.51,76.31,Debris,Slide,NA
27771,TN/NIL/58A06/2020/26,Tamil Nadu,Nilgiri,Cherangode tea estate slide,Cherangode tea estate,11.51,76.32,Debris,Slide,NA
27772,TN/NIL/58A06/2020/27,Tamil Nadu,Nilgiri,Cherangode tea Cut slope,Cherangode tea estate,11.51,76.32,Debris,Slide,NA
27773,TN/NIL/58A06/2020/28,Tamil Nadu,Nilgiri,Cherangode tea Cut slope,Cherangode tea estate,11.51,76.33,Debris,Slide,NA
27774,TN/NIL/58A06/2020/2,Tamil Nadu,Nilgiri,,Road from Gudalur to Theppakadu,11.52,76.5,Debris,Slide,NA
27775,TN/NIL/58A06/2020/3,Tamil Nadu,Nilgiri,,Road from Gudalur to Devarshola,11.53,76.47,Debris,Slide,NA
27776,TN/NIL/58A06/2020/4,Tamil Nadu,Nilgiri,,Road from Gudalur to Devarshola,11.53,76.47,Debris,Slide,NA
27777,TN/NIL/58A06/2020/5,Tamil Nadu,Nilgiri,,Mathukutti tea estate,11.53,76.47,Debris,Slide,NA
27778,TN/NIL/58A06/2020/6,Tamil Nadu,Nilgiri,,Mathukutti tea estate,11.53,76.47,Debris,Slide,NA
27779,TN/NIL/58A06/2020/7,Tamil Nadu,Nilgiri,,Pandanthorai,11.53,76.47,Debris,Slide,2019
27780,TN/NIL/58A06/2020/8,Tamil Nadu,Nilgiri,,Road from Pandanthorai to Devarshola,11.53,76.46,Debris,Slide,NA
27781,TN/NIL/58A06/2020/9,Tamil Nadu,Nilgiri,Devarsholai road debris slide1,Road from Pandanthorai to Devarshola,11.53,76.46,Debris,Slide,NA
27782,TN/NIL/58A06/2020/17,Tamil Nadu,Nilgiri,Sulthan Bathery road debris slide,Road from Nellakottai to Kariyashola,11.53,76.4,Debris,Slide,NA
27783,TN/NIL/58A06/2020/18,Tamil Nadu,Nilgiri,,Sulthan Bathery road,11.53,76.4,Debris,Slide,NA
27784,TN/NIL/58A06/2020/19,Tamil Nadu,Nilgiri,,Near Cherambadi,11.53,76.26,Debris,Slide,NA
27785,TN/NIL/58A06/2020/1,Tamil Nadu,Nilgiri,,Road from Pandanthorai to Mukkur,11.54,76.48,Debris,Slide,NA
27786,TN/NIL/58A06/2020/13,Tamil Nadu,Nilgiri,Devarsholai road debris slide2,Road from Nellakottai to Kariyashola,11.54,76.41,Debris,Slide,2019
27787,TN/NIL/58A06/2020/14,Tamil Nadu,Nilgiri,,Road from Nellakottai to Kariyashola,11.54,76.41,Debris,Slide,NA
27788,TN/NIL/58A06/2020/15,Tamil Nadu,Nilgiri,,Road from Nellakottai to Kariyashola,11.54,76.41,Debris,Slide,NA
27789,TN/NIL/58A06/2020/16,Tamil Nadu,Nilgiri,,Road from Nellakottai to Kariyashola,11.54,76.41,Debris,Slide,NA
27790,TN/NIL/58A06/2020/10,Tamil Nadu,Nilgiri,Nellakottai Cut slope,"Road from Pandanthorai to Devarshola, near Nellakottai",11.55,76.43,Debris,Slide,NA
27791,TN/NIL/58A06/2020/11,Tamil Nadu,Nilgiri,Nellakottai stream bank failure,Nelakottai,11.55,76.43,Debris,Slide,NA
27792,TN/NIL/58A06/2020/12,Tamil Nadu,Nilgiri,,Road from Nellakottai to Kariyashola,11.55,76.41,Debris,Slide,NA
27793,TN/CBE/58B15/2024/01,Tamil Nadu,Coimbatore,Pollachi-Valparai-Road-16th hairpin bend/35/6,SH-78,10.447257,76.984351,Rock,Slide,19 May 2024
27794,TN/CBE/58B15/2024/02,Tamil Nadu,Coimbatore,Pollachi-Valparai-Road-31/8,SH-78,10.451245,76.981973,Debris,Slide,19 May 2024
27795,TN/CBE/58B15/2024/03,Tamil Nadu,Coimbatore,Pollachi-Valparai-Road-31/4,SH-78,10.451802,76.981495,Debris,Slide,19 May 2024
27796,TN/CBE/58B15/2024/04,Tamil Nadu,Coimbatore,Pollachi-Valparai-Road-29/10,SH-78,10.450891,76.976945,Debris,Slide,19 May 2024
27797,TN/CBE/58B15/2024/05,Tamil Nadu,Coimbatore,Pollachi-Valparai-Road-30/8,SH-78,10.449755,76.976183,Rock,Slide,19 May 2024
27798,TN/CBE/58B15/2024/06,Tamil Nadu,Coimbatore,Pollachi-Valparai-Road-31/2,SH-78,10.450355,76.979802,Rock,Slide,19 May 2024
27799,TN/CBE/58B15/2024/07,Tamil Nadu,Coimbatore,Pollachi-Valparai-Road-31/2,SH-78,10.450497,76.97869,Rock,Slide,19 May 2024
27800,TN/CBE/58B15/2024/08,Tamil Nadu,Coimbatore,Pollachi-Valparai-Road-31/2,SH-78,10.450672,76.98034,Debris,Slide,19 May 2024
27801,TN/CBE/58B15/2024/09,Tamil Nadu,Coimbatore,Pollachi-Valparai-Road-27th hairpin bend-40/6,SH-78,10.431505,76.98407,Rock,Slide,19 May 2024
27802,TN/NIL/58A7/2024/10,Tamil Nadu,Nilgiri,Gudalur GH slide,"NH-181, Gudalur Government hospital",11.4921,76.4997,Earth,Slide,26 June 2024
27803,TN/NIL/58A11/2024/11,Tamil Nadu,Nilgiri,Ooty-Gudalur Road-NH-181,NH-181,11.49052,76.527422,Debris,slide,29 August 2024
27804,TN/NIL/58A11/2024/12,Tamil Nadu,Nilgiri,Ooty-Gudalur Road-NH-181,NH-181,11.490697,76.532657,Debris,slide,29 August 2024
27805,TN/NIL/58A11/2024/13,Tamil Nadu,Nilgiri,Gandhipettai,MDR,11.3645,76.705615,Earth,Slide,16 July 2024
27806,TN/NIL/58A11/2024/14,Tamil Nadu,Nilgiri,Appukudu,MDR,11.359923,76.667,Debris,slide,16 July 2024
27807,TN/NIL/58A11/2024/15,Tamil Nadu,Nilgiri,Emerald,Ooty-kundah road,11.327553,76.6317,Earth,Slide,19 July 2024
27808,TN/NIL/58A11/2024/16,Tamil Nadu,Nilgiri,Ithalar,Ooty-kundah road,11.34204,76.63419,Earth,Slide,19 July 2024
27809,7152,Tamil Nadu,Nilgiri,NULL,NULL,11.347369,76.789377,Debris,Slide,1 January 2026
27810,7150,Tamil Nadu,Nilgiri,NULL,NULL,11.344605,76.792407,Debris,Slide,1 January 2026 at 05.00hrs
27811,7154,Tamil Nadu,Nilgiri,NULL,NULL,11.349663,76.788382,Debris,Slide,1 January 2026
27812,7156,Tamil Nadu,Nilgiri,NULL,NULL,11.352623,76.786392,Debris,Slide,1 January 2026 at 01.30hrs
27813,7176,Tamil Nadu,Nilgiri,NULL,NULL,11.346408,76.798896,Debris,Slide,1 January 2026 at 2.30hrs
27814,TN/NIL/58A11/2025/1,Tamil Nadu,Nilgiri,NIL-1,Basavakkal Nanjanadu 2 village Ooty taluk,11.39636111,76.65091667,Earth,subsidence,27 May 2025
27815,TN/NIL/58A11/2025/2,Tamil Nadu,Nilgiri,NIL-2,Anbu Anna colony,11.38372222,76.69333333,earth,Slide,25 May 2025
27816,TN/NIL/58A11/2025/3,Tamil Nadu,Nilgiri,NIL-3,Masinagudi-Ooty Road,11.48652778,76.68563889,Rock,Fall,26 May 2025
27817,TN/NIL/58A11/2025/4,Tamil Nadu,Nilgiri,NIL-4,Masinagudi-Ooty Road,11.48583333,76.68605556,Rock,Fall,26 May 2025
27818,TN/NIL/58A11/2025/5,Tamil Nadu,Nilgiri,NIL-5,"Ithalar, Bembatty",11.33669444,76.64225,Earth,Slide,26 May 2025
27819,TN/NIL/58A11/2025/6,Tamil Nadu,Nilgiri,NIL-6,Ithalar hatty,11.34302778,76.63919444,Earth,Slide,30 July 2024
27820,TN/NIL/58A11/2025/7,Tamil Nadu,Nilgiri,NIL-7,Emerald Sathya Nagar,11.32233333,76.62216667,Earth,Slide,25 May 2025
27821,TN/NIL/58A11/2025/8,Tamil Nadu,Nilgiri,NIL-8,Lawrence Avalanche junction Emerald,11.31261111,76.62380556,Earth,Slide,26 May 2025
27822,TN/NIL/58A11/2025/9,Tamil Nadu,Nilgiri,NIL-9,Near Mukkimalai hairpin bend no. 14,11.29147222,76.64566667,Earth,slide,26 May 2025
27823,TN/NIL/58A11/2025/10,Tamil Nadu,Nilgiri,NIL-10,Pannimedu Kundah Palam – 1,11.28111111,76.64833333,soil,Slide,26 May 2025
27824,TN/NIL/58A11/2025/11,Tamil Nadu,Nilgiri,NIL-11,Pannimedu Kundah Palam – 2,11.28091667,76.648,Debris,Slide,26 May 2025
27825,TN/NIL/58A11/2025/12,Tamil Nadu,Nilgiri,NIL-12,Pannimedu Kundah Palam – 3,11.28088889,76.64761111,Debris,Slide,26 May 2025
27826,TN/NIL/58A11/2025/13,Tamil Nadu,Nilgiri,NIL-13,"Pannimedu Colony, Kundah Palam – 4",11.28072222,76.64813889,Soil,Slide,26 May 2025
27827,TN/NIL/58A11/2025/14,Tamil Nadu,Nilgiri,NIL-14,"Cheranur, Kil Kudah-2, Mariamman temple",11.25669444,76.62744444,Debris,Slide,26 May 2025
27828,TN/NIL/58A12/2025/15,Tamil Nadu,Nilgiri,NIL-15,"Mel Kundah, Thiashola - Kinnakorai road",11.21705556,76.60447222,Debris,Slide,26 May 2025
27829,TN/NIL/58A11/2025/16,Tamil Nadu,Nilgiri,NIL-16,Gudalur Ooty road (Naduvattam),11.49063889,76.52758333,Debris,Slide,26 May 2025
27830,TN/NIL/58A2/2025/17,Tamil Nadu,Nilgiri,NIL-17,Cholady near cherambadi,11.52344444,76.24775,Earth,Slide,25 May 2025
27831,TN/NIL/58A2/2025/18,Tamil Nadu,Nilgiri,NIL-18,Cholady near cherambadi,11.52475,76.24763889,Debris,Slide,26 May 2025
27832,TN/NIL/58A7/2025/19,Tamil Nadu,Nilgiri,NIL-19,O-Valley-2 Sea forth village,11.42786111,76.45422222,Earth,Slide,2017
27833,TN/NIL/58A7/2025/20,Tamil Nadu,Nilgiri,NIL-20,"Seapuram, O’ Valley",11.42336111,76.46347222,Rock,Fall,3 July 2024
27834,TN/NIL/58A15/2025/1,Tamil Nadu,Nilgiri,ONR-1,Near DSP. Office mount pleasant road,11.3426,76.7901,Debris,Slide,17 October 2025
27835,TN/NIL/58A15/2025/2,Tamil Nadu,Nilgiri,ONR-2,Near Palavasi petrol bunk,11.3494,76.7872,Debris,Slide,14 October 2025
27836,TN/NIL/58A15/2025/3,Tamil Nadu,Nilgiri,ONR-3,Coonoor to Ooty road near Coonoor town,11.3494,76.7959,Earth,Slide,19 October 2025
27837,TN/NIL/58A15/2025/4,Tamil Nadu,Nilgiri,ONR-4,Udhagai to Coonoor road Near Aruvankad,11.3533,76.785,Debris,Slide,21 October 2025
27838,TN/NIL/58A15/2025/5,Tamil Nadu,Nilgiri,ONR-5,Coonoor to Udhagai road,11.359,76.7817,Rock and Debris,Fall near the head and crown and slide at body and toe of the slide,22 October 2025
27839,TN/NIL/58A15/2025/6,Tamil Nadu,Nilgiri,ONR-6,TTK Road,11.3445,76.7924,Debris,Slide,17 October 2025
27840,TN/NIL/58A15/2025/7,Tamil Nadu,Nilgiri,ONR-7,Coonoor - Vennar pet Rd.,11.3509,76.7929,Debris,Slide,20 October 2025
27841,TN/NIL/58A15/2025/8,Tamil Nadu,Nilgiri,ONR-8,Mel Vannarapettai Near Sarasini front house,11.3551,76.7902,NA,-,NA
27842,TN/NIL/58A15/2025/9,Tamil Nadu,Nilgiri,ONR-9,Attadi road,11.3571,76.8083,Earth,Slide,19 October 2025
27843,TN/NIL/58A15/2025/10,Tamil Nadu,Nilgiri,ONR-10,Coonoor to Kattabettu road near Bandishola,11.3665,76.8167,Debris,Slide,18 October 2025
27844,TN/NIL/58A15/2025/11,Tamil Nadu,Nilgiri,ONR-11,Coonoor to Kattabettu Road,11.3752,76.8165,Loose debris,Slide,17 October 2025
27845,TN/NIL/58A15/2025/12,Tamil Nadu,Nilgiri,ONR-12,"In backside of Tmt. Jayabhatathi house, Forestdale",11.3669,76.7992,Earth,Slide,22 October 2025
27846,TN/NIL/58A15/2025/13,Tamil Nadu,Nilgiri,ONR-13,Near Gandipuram Railway track,11.3339,76.7981,Loose debris,Slide,18 October 2025
27847,TN/NIL/58A15/2025/14,Tamil Nadu,Nilgiri,ONR-14,Gandhipuram - Indra Nagar,11.337,76.7982,Earth,Slide,21 October 2025
27848,TN/NIL/58A15/2025/15,Tamil Nadu,Nilgiri,ONR-15,Coonoor to Mettupalayam road,11.3307,76.808,Debris,Slide,19 October 2025
27849,TN/NIL/58A15/2025/16,Tamil Nadu,Nilgiri,ONR-16,Coonoor to Mettupalayam road,11.3381,76.8278,Rock,Slide,2024
27850,TN/NIL/58A15/2025/17,Tamil Nadu,Nilgiri,KOT-1,In front of Palanimalai house at Kattabettu Bharathinagar,11.4139,76.8139,Earth,Slide,19 October 2025
27851,TN/NIL/58A15/2025/18,Tamil Nadu,Nilgiri,KOT-2,"In front of Velusamy house, Bharthi Nagar",11.4146,76.8133,Earth,Slide,18 October 2025
27852,TN/NIL/58A15/2025/19,Tamil Nadu,Nilgiri,KOT-3,Coonoor to Kattabettu road,11.4159,76.8172,Debris,Slide,19 October 2025
27853,TN/NIL/58A15/2025/20,Tamil Nadu,Nilgiri,KOT-4,Kokkalthorai road near kaikatty,11.4588,76.8427,Earth,Slide,16 October 2025
27854,TN/NIL/58A15/2025/21,Tamil Nadu,Nilgiri,KOT-5,Keradamattam to Sundatty road,11.4939,76.8939,Debris,Slide,19 October 2025
27855,TN/NIL/58A15/2025/22,Tamil Nadu,Nilgiri,KOT-6,"Sivakumar,S/o.Kuttan Rajnagar, backside of the house",11.4508,76.89,Earth,Fall,16 October 2025
27856,TN/NIL/58A15/2025/23,Tamil Nadu,Nilgiri,KOT-7,Club road lion house area,11.4317,76.8667,Earth,Slide,18 October 2025
27857,TN/NIL/58A15/2025/24,Tamil Nadu,Nilgiri,KOT-8,Kotagiri to Konavakkarai road,11.4174,76.8781,Debris,Slide,22 October 2025
27858,TN/NIL/58A11/2025/25,Tamil Nadu,Nilgiri,ONR-17,Near Needle factory,11.3785,76.7444,Earth,Slide,19 October 2025
27859,TN/NIL/58A11/2025/26,Tamil Nadu,Nilgiri,ONR-18,Kenthala to Ketti palada road,11.3359,76.7345,Debris,Slide,22 October 2025
27860,TN/NIL/58A11/2025/27,Tamil Nadu,Nilgiri,ONR-19,Maniyapuram Temple area,11.3157,76.7068,Earth,Slide,18 October 2025
27861,TN/NIL/58A15/2025/28,Tamil Nadu,Nilgiri,ONR-20,"In backside of Tmt.Gomathi house, Palaya Aravankadu",11.3696,76.7517,Earth,Slide,22 October 2025
27862,TN/NIL/58A15/2025/29,Tamil Nadu,Nilgiri,ONR-21,"In backside of Tmt.Saroja Sandha house, Chinna Bikkatty",11.3718,76.7561,Earth,Slide,22 October 2025
27863,TN/NIL/58A15/2025/30,Tamil Nadu,Nilgiri,ONR-23,"Tmt.Mumtaj, W/o.Anwer Ambikapuram house backside",11.3556,76.771,Debris,Slide,16 October 2025
27864,TN/NIL/58A15/2025/31,Tamil Nadu,Nilgiri,ONR-24,Periyar Nagar,11.3375,76.7769,Debris,Slide,22 October 2025
27865,TN/NIL/58A15/2025/32,Tamil Nadu,Nilgiri,ONR-25,"Nearby Deepa's house, Karancy",11.3608,76.834,Debris,Slide,16 October 2025
27866,TN/NIL/58A15/2025/33,Tamil Nadu,Nilgiri,KOT-10,S.N.Nagar to Semmanarai Rd.,11.3935,76.9317,Debris,Slide,20 October 2025
27867,TN/NIL/58A15/2025/34,Tamil Nadu,Nilgiri,ONR-26,Near Nansach,11.3203,76.7985,Debris,Slide,16 October 2025
27868,TN/NIL/58A11/2025/35,Tamil Nadu,Nilgiri,ONR-27,Palaniyappa Estate road,11.2653,76.7448,Earth,Slide,16 October 2025
27869,TN/NIL/58A11/2025/36,Tamil Nadu,Nilgiri,ONR-28,Dickland lease,11.2774,76.6898,Debris,Slide,22 October 2025
27870,TN/NIL/58A11/2025/37,Tamil Nadu,Nilgiri,KUN-1,Ketchikatti to Mullimalai road,11.2617,76.6327,Earth,Slide,18 October 2025
27871,TN/NIL/58A15/2025/38,Tamil Nadu,Nilgiri,KUN-2,Onikandi to Coimbatore road,11.2659,76.6572,Earth,Slide,18 October 2025
27872,TN/NIL/58A11/2025/39,Tamil Nadu,Nilgiri,KUN-3,"Manjoor to Greddai road, near Onikandi",11.2643,76.6583,Earth,Slide,19 October 2025
27873,TN/NIL/58A11/2025/40,Tamil Nadu,Nilgiri,KUN-4,"Primary Health Centre, Kundah palam",11.2818,76.65,Earth,Slide,19 October 2025
27874,TN/NIL/58A11/2025/41,Tamil Nadu,Nilgiri,KUN-5,"Nagaraj,S/o.Raman house, backside",11.3206,76.6903,Earth,Slide,14 October 2025
27875,TN/NIL/58A15/2025/42,Tamil Nadu,Nilgiri,KOT-11,Marvalla road,11.4723,76.8408,Debris,Slide,19 October 2025
27876,TN/NIL/58A15/2025/43,Tamil Nadu,Nilgiri,ONR-29,Coonoor to Udhagai road,11.3599,76.7814,Debris,Slide,22 October 2025
27877,TN/NIL/58A15/2025/44,Tamil Nadu,Nilgiri,ONR-30,Coonoor to Udhagai road,11.3606,76.7813,Earth,Slide,22 October 2025
27878,TN/NILGIRIS/58A15/2026/01,Tamil Nadu,Nilgiri,TDK road Slide,TDK Road,11.344605,76.792407,Debris,Slide,01 January 2026
27879,TN/NILGIRIS/58A15/2026/02,Tamil Nadu,Nilgiri,Model House Society Slide,Disencherry Road,11.346337,76.798923,Debris,Slide,01 January 2026
27880,TN/NILGIRIS/58A15/2026/03,Tamil Nadu,Nilgiri,MGR Nagar,TDK Road,11.347369,76.789377,Debris,Slide,01 January 2026
27881,TN/NILGIRIS/58A15/2026/04,Tamil Nadu,Nilgiri,TDK road Slide,TDK Road,11.349663,76.788382,Debris,Slide,01 January 2026
27882,TN/NILGIRIS/58A15/2026/05,Tamil Nadu,Nilgiri,Riga Residency slide,TDK Road,11.352862,76.786387,Debris,Slide,01 January 2026
27883,Tamil Nadu/THENI/58G/2/2014/01.,Tamil Nadu,Theni,Kollam-Theni NH-220 slide/01,Kollam-Theni NH-220 between Kumily and Cumbum,9.616,77.19,Earth/soil with rock fragments and trees,Soil slide,07 May 2014
27884,Tamil Nadu/THENI/58G/2/2014/02.,Tamil Nadu,Theni,Kollam-Theni NH-220 slide/02,Kollam-Theni NH-220 between Kumily and Cumbum,9.617,77.19,Earth/soil with rock fragments and trees,Flow,07 May 2014
27885,Tamil Nadu/Dindigul/58F/12/2014/01.,Tamil Nadu,Dindigul,NNE of Mother Teresa Women College/Slide 01,Near Mother Teresa Women College,10.24138889,77.50508333,Earth/soil with rock fragments,Debris slide,22 August 2014
27886,Tamil Nadu/Dindigul/58F/12/2014/02.,Tamil Nadu,Dindigul,Opposite of Mother Teresa Women College,Indira Nagar,10.24097222,77.50466667,Earth/soil with rock fragments and trees,Planar,22 August 2014
27887,Tamil Nadu/Dindigul/58F/12/2014/03.,Tamil Nadu,Dindigul,Srinivasapuram colony/Slide 03,Srinivasapuran colony.,11.23847222,77.50402778,Earth/soil with rock fragments,Slide,22 August 2014
27888,Tamil Nadu/Dindigul/58F/12/2014/04.,Tamil Nadu,Dindigul,Srinivasapuram colony/Slide 04,Srinivasapuran colony.,11.23952778,77.50566667,Earth/soil with rock fragments,Slide,22 August 2014
27889,Tamil Nadu/Dindigul/58F/12/2014/04.,Tamil Nadu,Dindigul,Govt. School/Slide 05,SH 156,11.24402778,77.50066667,Earth,Slide,23 August 2014
27890,Tamil Nadu/THENI/58F/8/2014/01.,Tamil Nadu,Theni,Slide 01,NH-49 Ext. between Mundal- Munnar Road,10.022,77.265,"Overburden, soil and trees",Slide,October 2014
27891,Tamil Nadu/THENI/58F/8/2014/02.,Tamil Nadu,Theni,Slide 02,NH-49 Ext. between Mundal- Munnar Road,10.03,77.266,Soil and trees,Slide,October 2014
27892,Tamil Nadu/THENI/58F/8/2014/03.,Tamil Nadu,Theni,Slide03,NH-49 Ext. between Mundal- Munnar Road,10.033,77.266,"Rock boulders, Soil, trees",Fall,3rd week of October 2014
27893,Tamil Nadu/THENI/58F/8/2014/04.,Tamil Nadu,Theni,Slide/04,NH-49 Ext. between Mundal- Munnar Road,10.034,77.265,"Soil, Retaining wall",Slide,October 2014
27894,Tamil Nadu/THENI/58F/8/2014/05.,Tamil Nadu,Theni,Slide/05.,NH-49 Ext. between Mundal- Munnar Road,10.038,77.273,Soil and debris.,Debris slide.,October 2014
27895,Tamil Nadu/THENI/58F/8/2014/06.,Tamil Nadu,Theni,Slide/06,NH-49 Ext. between Mundal- Munnar Road,10.0368,77.2773,Debris,Slide,October 2014
27896,Tamil Nadu/THENI/58F/8/2014/08.,Tamil Nadu,Theni,Slide/07,NH-49 Ext. between Mundal- Munnar Road,10.0375,77.2801,Debris,Slide,October 2014
27897,Tamil Nadu/THENI/58F/8/2013/10.,Tamil Nadu,Theni,Near 16th km slide/10,NH-49 Ext. between Mundal- Munnar Road.,10.0467,77.3064,Dump fill material,Fall,October 2014
27898,Tamil Nadu/THENI/58F/8/2014/12.,Tamil Nadu,Theni,Slide 12,NH-49 Ext. between Mundal- Munnar Road,10.0399,77.2908,Boulders earth and trees.,Fall,October 2014
27899,Tamil Nadu/THENI/58F/8/2014/13.,Tamil Nadu,Theni,Slide 13,NH-49 Ext. between Mundal- Munnar Road,10.0387,77.2836,Soil/earth.,Slide,October 2014
27900,Tamil Nadu/THENI/58F/8/2014/14.,Tamil Nadu,Theni,Slide 14,NH-49 Ext. between Mundal- Munnar Road,10.0362,77.2823,Overburden material,Slide,October 2014
27901,Tamil Nadu/THENI/58F/8/2014/16.,Tamil Nadu,Theni,Slide 16,NH-49 Ext. between Mundal- Munnar Road,10.0349,77.2793,Soil and weathered rock.,Slide,October 2014
27902,Tamil Nadu/THENI/58F/8/2014/07.,Tamil Nadu,Theni,Slide/06,NH-49 Ext. between Mundal- Munnar Road,10.0364,77.2779,Soil and weathered rock,Fall,"02 November 2013, October 2014"
27903,Tamil Nadu/THENI/58F/8/2014/09.,Tamil Nadu,Theni,Slide/08,"NH-49 Ext. between Mundal- Munnar Road, near HPB no. 2",10.0448,77.3038,"Rock fragment, soil.",Fall,October 2014
27904,Tamil Nadu/THENI/58F/8/2014/11.,Tamil Nadu,Theni,Slide 11,NH-49 Ext. between Mundal- Munnar Road,10.0456,77.3024,"Boulders, soil.",Fall.,October 2014
27905,Tamil Nadu/THENI/58F/8/2014/15.,Tamil Nadu,Theni,Slide/15,NH-49 Ext. between Mundal- Munnar Road.,10.036,77.277,Debris flow,Flow,"02 November 2013, October 2014"
27906,Tamil Nadu/Dindigul/58F/11/2017/01.,Tamil Nadu,Dindigul,Near B.L.Shed/Slide 01,Near B.L.Shed,10.29675,77.55144444,Earth/soil with rock fragments and trees,Slide,02 September 2017
27907,Tamil Nadu/Dindigul/58F/11/2017/02.,Tamil Nadu,Dindigul,Near B.L.Shed/Slide 02,Near B.L.Shed,10.29675,77.55144444,Earth/soil with rock fragments and trees,Slide,02 September 2017
27908,Tamil Nadu/Dindigul/58F/11/2017/03.,Tamil Nadu,Dindigul,Pethuparai Pirivu slide 03,Pethuparai Pirivu,10.30719444,77.55527778,Debris with rock fragments,Slide,02 September 2017
27909,Tamil Nadu/Dindigul/58F/11/2017/04.,Tamil Nadu,Dindigul,Pethuparai Pirivu slide 04,Near Pethuparai Pirivu,10.30777778,77.55672222,Debris with rock fragments,Rock toppling,02 September 2017
27910,Tamil Nadu/Dindigul/58F/11/2017/05.,Tamil Nadu,Dindigul,Vadakavunchi slide 05,Near Vadakavunchi,10.31041667,77.56047222,Earth/soil with rock fragments,Slide,02 September 2017
27911,Tamil Nadu/Dindigul/58F/11/2017/06.,Tamil Nadu,Dindigul,Vadakavunchi slide 06,Near Vadakavunchi,10.31061111,77.56072222,Rock with Boulders,Slide,02 September 2017
27912,Tamil Nadu/Nilgiri/58A/15/2017/01.,Tamil Nadu,Nilgiri,Slide 01,NH-67,11.33736111,76.82255556,Earth/debris,Slide,12 September 2017
27913,Tamil Nadu/Nilgiri/58A/11/2017/02.,Tamil Nadu,Nilgiri,Slide 02,Nundanamattam,11.35680278,76.69265833,Earth/debris,Slide,12 September 2017
27914,Tamil Nadu/Nilgiri/58A/07/2017/03.,Tamil Nadu,Nilgiri,Slide 03,Kilenadugani,11.44088889,76.39384444,Debris with rock fragments,Slide,12 September 2017
27915,Tamil Nadu/Nilgiri/58A/15/2017/03.,Tamil Nadu,Nilgiri,Slide 04,Kattabettu,11.41589167,76.817125,Debris,slide,10 September 2017
27916,Tamil Nadu/Coimbatore/58B/15/2018 /01.,Tamil Nadu,Coimbatore,Slide 01,SH-78/ Varatuparai,10.351675,76.93656111,Debris,Slide,10 June 2018
27917,Tamil Nadu/Coimbatore/58B/15/2018 /02.,Tamil Nadu,Coimbatore,Slide 02,Sholaiyar dam,10.30816944,76.88727222,Soil/earth,Slide,09 June 2018
27918,Tamil Nadu/Coimbatore/58B/15/2018 /03.,Tamil Nadu,Coimbatore,Slide 03,SH-78/ Valparai,10.32735278,76.96034167,Soil,Slide,09 June 2018
27919,Tamil Nadu/Coimbatore/58B/15/2018 /04.,Tamil Nadu,Coimbatore,Slide 04,SH-78,10.37085833,76.99396667,Soil,Slide,09 June 2018
27920,Tamil Nadu/Coimbatore/58B/15/2018 /05,Tamil Nadu,Coimbatore,Slide 05,SH-78,10.38453333,76.99467222,Soil,Slide,10 June 2018
27921,Tamil Nadu/Dindigul/58F/11/2018/01,Tamil Nadu,Dindigul,Slide 01,SH-156,10.27858333,77.565575,Debris,Slide,18 November 2018
27922,Tamil Nadu/Dindigul/58F/11/2018/02,Tamil Nadu,Dindigul,Slide 02,Near Kurusadi,10.27690833,77.55985833,Debris,Flow,18 November 2018
27923,Tamil Nadu/Dindigul/58F/11/2018/03,Tamil Nadu,Dindigul,Slide 03,SH-156,10.26785,77.55747222,Debris,Slide,18 November 2018
27924,Tamil Nadu/Dindigul/58F/11/2018/04,Tamil Nadu,Dindigul,Slide 04,Chinnapalam,10.26056667,77.467925,Debris,Slide,18 November 2018
27925,Tamil Nadu/Dindigul/58F/7/2018/05,Tamil Nadu,Dindigul,Slide 03,Road from Chinnapalam to Vilpatti,10.25370278,77.47976944,Debris,Slide,18 November 2018
27926,TN/NIL/58A/11/2019/01,Tamil Nadu,Nilgiri,Nondimedu cut slope failure,"NH-67, near Nondimedu",11.40039,76.71645,Debris,Slide,16 November 2019
27927,TN/NIL/58A/11/2019/02,Tamil Nadu,Nilgiri,NH-67 debris flow,NH-67,11.39668,76.71731,Debris,Flow,16 November 2019
27928,TN/NIL/58A/11/2019/03,Tamil Nadu,Nilgiri,NH-67 cut slope failure 1,NH-67,11.39112,76.7178,Debris,Slide,16 November 2019
27929,TN/NIL/58A/11/2019/04,Tamil Nadu,Nilgiri,NH-67 cut slope failure 2,NH-67,11.39108,76.71756,Debris,Slide,16 November 2019
27930,TN/NIL/58A/11/2019/05,Tamil Nadu,Nilgiri,NH-67 cut slope failure 3,NH-67,11.39002,76.71868,Debris,Slide,16 November 2019
27931,TN/NIL/58A/11/2019/06,Tamil Nadu,Nilgiri,Manthada road cut slope failure,Manthada,11.38885,76.72575,Debris,Slide,16 November 2019
27932,TN/NIL/58A/11/2019/07,Tamil Nadu,Nilgiri,NH -67 rock fall,NH- 67,11.38797,76.73164,Rock,Fall,16 November 2019
27933,TN/NIL/58A/15/2019/08,Tamil Nadu,Nilgiri,NH-67 cut slope failure 4,NH-67,11.38733,76.73406,Debris,Slide,16 November 2019
27934,TN/NIL/58A/15/2019/09,Tamil Nadu,Nilgiri,Annai Velankani Nagar debris slide,"Annai Velankani Nagar, Coonoor",11.347847,76.789084,Debris,Slide,16 November 2019
27935,TN/NIL/58A/15/2019/10,Tamil Nadu,Nilgiri,Krishnapuram stream bank erosion,"Krishnapuram, Coonoor",11.348423,76.792504,Soil,Flow,16 November 2019
27936,TN/NIL/58A/15/2019/11,Tamil Nadu,Nilgiri,Gandhipuram rock fall,Gandhipuram,11.34123,76.79759,Debris cum rock,Fall,16 November 2019
27937,TN/NIL/58A/15/2019/12,Tamil Nadu,Nilgiri,Gandhipuram road debris slide,Near Gandhipuram,11.33963,76.79743,Debris,Slide,16 November 2019
27938,TN/NIL/58A/15/2019/13,Tamil Nadu,Nilgiri,Gandhipuram debris slide,Gandhipuram,11.33669,76.79845,Debris,Slide,16 November 2019
27939,TN/NIL/58A/15/2019/14,Tamil Nadu,Nilgiri,Reactivated Sagayamatha hospital slide,"Down slope of Sagayamatha hospital, Coonoor",11.33453,76.7958,Debris,Flow,16 November 2019
27940,TN/NIL/58A/15/2019/16,Tamil Nadu,Nilgiri,Katteri road subsidence,Near Katteri road junction,11.33591,76.79098,Debris,Subsidence,16 November 2019
27941,TN/NIL/58A/15/2019/17,Tamil Nadu,Nilgiri,Burliar road cut slope failure 1,"NH-67, near Burliar",11.33217,76.79413,Debris,Slide,16 November 2019
27942,TN/NIL/58A/15/2019/18,Tamil Nadu,Nilgiri,Burliar road cut slope failure 2,"NH-67, near Burliar",11.3307,76.79916,Debris,Slide,16 November 2019
27943,TN/NIL/58A/15/2019/19,Tamil Nadu,Nilgiri,Burliar road cut slope failure 3,"NH-67, near Burliar",11.32999,76.803,Debris,Slide,16 November 2019
27944,TN/NIL/58A/15/2019/20,Tamil Nadu,Nilgiri,Burliar road cut slope failure 4,"NH-67, near Burliar",11.3353,76.81397,Debris,Slide,16 November 2019
27945,TN/NIL/58A/15/2019/21,Tamil Nadu,Nilgiri,Burliar road cut slope failure 5,"NH-67, near Burliar",11.33449,76.81551,Debris,Slide,16 November 2019
27946,TN/NIL/58A/15/2019/22,Tamil Nadu,Nilgiri,Burliar road cut slope failure 6,"NH-67, near Burliar",11.33815,76.8267,Debris,Slide,16 November 2019
27947,TN/NIL/58A/15/2019/23,Tamil Nadu,Nilgiri,Burliar road cut slope failure 7,"NH-67, near Burliar",11.3392,76.8392,Debris,Slide,16 November 2019
27948,TN/NIL/58A/15/2019/24,Tamil Nadu,Nilgiri,Lamb’s rock road cut slope failure,Lamb’s rock road,11.35161,76.83177,Debris,Slide,16 November 2019
27949,TN/NIL/58A/15/2019/25,Tamil Nadu,Nilgiri,Spencer’s road cut slope failure,"Spencer’s road, Coonoor",11.34167,76.80274,Debris,Slide,16 November 2019
27950,TN/NIL/58A/15/2019/26,Tamil Nadu,Nilgiri,Kanni Mariamman Koil street debris flow,"Kanni Mariamman Koil street, Coonoor, behind Masjid-e-Bilal",11.34165,76.80003,Debris,Flow,17 November 2019
27951,TN/NIL/58A/15/2019/27,Tamil Nadu,Nilgiri,KMK street cut slope failure,"KMK street, Coonoor",11.34065,76.80033,Debris,Slide,16 November 2019
27952,TN/NIL/58A/15/2019/28,Tamil Nadu,Nilgiri,Spencer’s road cut slope failure 2,"Down slope of Spencer’s road, Coonoor",11.3416,76.80029,Debris,Slide,16 November 2019
27953,TN/NIL/58A/15/2019/29,Tamil Nadu,Nilgiri,Gymkhana road cut slope failure,"Gymkhana road, Coonoor",11.35857,76.79312,Debris,Slide,16 November 2019
27954,TN/NIL/58A/15/2019/30,Tamil Nadu,Nilgiri,Orange Groove road cut slope failure 1,"Orange Groove road, Coonoor",11.35724,76.79177,Debris,Slide,16 November 2019
27955,TN/NIL/58A/15/2019/31,Tamil Nadu,Nilgiri,Orange Groove road cut slope failure 2,"Orange Groove road, Coonoor",11.35744,76.79195,Debris,Slide,16 November 2019
27956,TN/NIL/58A/15/2019/32,Tamil Nadu,Nilgiri,Ottupattarai road junction cut slope failure,"Ottupattarai, Coonoor",11.34342,76.79352,Debris,Slide,16 November 2019
27957,TN/NIL/58A11/2019/1,Tamil Nadu,Nilgiri,Mariammakoil slide,Mariamma colony,11.460242,76.597277,Debris,Slide,07 August 2019 (3-4 pm)
27958,TN/NIL/58A11/2019/2,Tamil Nadu,Nilgiri,Hanumapuram slide-1,Eastern parts of Hanumapuram,11.458368,76.596142,Rock-cum-debris,Slide,07 August 2019 (3-4 pm)
27959,TN/NIL/58A11/2019/3,Tamil Nadu,Nilgiri,Hanumapuram slide-2,Eastern parts of Hanumapuram,11.459491,76.593253,Debris,Slide,06 August 2019
27960,TN/NIL/58A11/2019/4,Tamil Nadu,Nilgiri,Hanumapuram slide-3,Eastern parts of Hanumapuram,11.460005,76.591319,Debris,Slide,06 August 2019
27961,TN/NIL/58A11/2019/5,Tamil Nadu,Nilgiri,Hanumanthapuram slide-4,Hanumanthapuram,11.45808611,76.58490556,Debris,Slide,06 August 2019 (1:30 pm)
27962,TN/NIL/58A11/2019/6,Tamil Nadu,Nilgiri,Brook dale slide,Before Brook dale,11.46798056,76.58358889,Debris,Slide,06 August 2019 (3:30 pm)
27963,TN/NIL/58A11/2019/7,Tamil Nadu,Nilgiri,Indranagar,South West part of Brook dale,11.46818333,76.58011389,Debris,Slide,08 August 2019
27964,TN/NIL/58A11/2019/8,Tamil Nadu,Nilgiri,Wood estateslide-1,Wood estate,11.46819444,76.57836389,Debris,Slide,18 August 2019 (10:00 pm)
27965,TN/NIL/58A11/2019/9,Tamil Nadu,Nilgiri,Wood brook slide,North western part of wood brook,11.46814444,76.56437778,Rock cum debris,Slide,07 August 2019
27966,TN/NIL/58A11/2019/10,Tamil Nadu,Nilgiri,Woodbrook slide-2,NE parts of Wood brook,11.46975556,76.56556389,Debris,Slide,07 August 2019
27967,TN/NIL/58A11/2019/11,Tamil Nadu,Nilgiri,Junction of Naduvattam flume slide,Naduvatam,11.46933889,76.56520833,Debris,Slide,07 August 2019
27968,TN/NIL/58A11/2019/12,Tamil Nadu,Nilgiri,Needle hill slide,Needle hill,11.48909722,76.53898333,Rock-cum-debris,Slide,07 August 2019
27969,TN/NIL/58A11/2019/13,Tamil Nadu,Nilgiri,View point 1st bend towards Ooty to Gudalur slide-1,Gudalur,11.49066944,76.52748889,Rock cum Debris,Slide,07 August 2019
27970,TN/NIL/58A11/2019/14,Tamil Nadu,Nilgiri,Gudalur slide-2,Gudalur,11.49181111,76.52634722,Debris,Slide,6th to 8th August 2019
27972,TN/NIL/58A11/2019/16,Tamil Nadu,Nilgiri,Param village slide-1,Param village,11.46606389,76.48689722,Debris.,Slide,6th to 8th August 2019
27973,TN/NIL/58A11/2019/17,Tamil Nadu,Nilgiri,Param village slide-2,Param village,11.46349444,76.48565,Debris,slide,6th to 8th August 2019
27974,TN/NIL/58A11/2019/18,Tamil Nadu,Nilgiri,Nil,Northeastern part of ‘O’ valley,11.458725,76.48157778,Debris.,Slide,6th to 8th August 2019
27975,TN/NIL/58A11/2019/19,Tamil Nadu,Nilgiri,Nil,Northeastern part of ‘O’ valley,11.45239167,76.47916667,Rock cum debris,slide,6th to 8th August 2019
27976,TN/NIL/58A11/2019/20,Tamil Nadu,Nilgiri,Periyasurandai slide-2,Periyasurandai,11.45363611,76.47908889,Debris,Slide,08 August 2019 (3:00 pm)
27977,TN/NIL/58A07/2019/21,Tamil Nadu,Nilgiri,Bar wood slide-1,Bar wood estate,11.43723333,76.488775,Debris.,Slide,06 August 2019 (6:00 pm)
27978,TN/NIL/58A07/2019/22,Tamil Nadu,Nilgiri,Bar wood slide-2,Barwood estate,11.39624444,76.48404167,Debris,Slide,06 August 2019
27979,TN/NIL/58A07/2019/23,Tamil Nadu,Nilgiri,Barwood-3,Barwood estate,11.49186944,76.43094722,Debris.,Slide,08 August 2019
27980,TN/NIL/58A07/2019/24,Tamil Nadu,Nilgiri,Bar wood-4,Barwood estate,11.43076111,76.49176944,Debris,Slide,08 August 2019
27981,TN/NIL/58A07/2019/25,Tamil Nadu,Nilgiri,Appukodu slide,Appukodu,11.35913611,76.65180833,Soil,Slide,08 August 2019
27982,TN/NIL/58A07/2019/26,Tamil Nadu,Nilgiri,Murgan temple slide,Murgan temple,11.34962222,76.64144167,Debris,Slide,08 August 2019
27983,TN/NIL/58A07/2019/27,Tamil Nadu,Nilgiri,Emerlad slide -1,Emerlad,11.31956389,76.62323333,Debris.,Slide,08 August 2019
27984,TN/NIL/58A07/2019/28,Tamil Nadu,Nilgiri,Emeralad slide-2,Emeralad,11.31895556,76.62474167,Debris.,Slide,08 August 2019 (Night)
27985,TN/NIL/58A07/2019/29,Tamil Nadu,Nilgiri,Emeralad slide-3,Emeralad.,11.31533611,76.62669444,Debris.,Slide,08 August 2019 (7-8 pm)
27986,TN/NIL/58A11/2019/30,Tamil Nadu,Nilgiri,Emeralad slide-4,Emeralad,11.31546111,76.62583722,Rock cum debris,Slide,08 August 2019 (7-8 pm)
27987,TN/NIL/58A07/2019/31,Tamil Nadu,Nilgiri,Not Available,Emeralad along the downstream of nala,11.31468333,76.62637222,Rock cum debris,Slide,08 August 2019 (7 am)
27988,TN/NIL/58A07/2019/32,Tamil Nadu,Nilgiri,Not Available,Emeralad along the downstream of nala,11.31385,76.62715,Debris,Subsidence,08 August 2019 (7 pm)
27989,TN/NIL/58A07/2019/33,Tamil Nadu,Nilgiri,Not Available,Nerkandi,11.31278333,76.62521111,Debris,Slide,08 August 2019
27990,TN/NIL/58A07/2019/34,Tamil Nadu,Nilgiri,Not Available,New Attabail,11.30375972,76.62717194,Debris,Slide,08 August 2019 (8-9 am)
27991,TN/NIL/58A07/2019/35,Tamil Nadu,Nilgiri,Not Available,New Attubail,11.31278333,76.62521111,Debris,Slide,08 August 2019 (8-9 am)
27992,TN/NIL/58A07/2019/36,Tamil Nadu,Nilgiri,Not Available,New Attubail,11.30446639,76.61826861,Debris,Slide,07 August 2019 (10:45 pm)
27993,TN/NIL/58A07/2019/37,Tamil Nadu,Nilgiri,Not Available,New Attubail,11.30400222,76.61938694,Debris,Slide,08 August 2019
27994,TN/NIL/58A07/2019/38,Tamil Nadu,Nilgiri,Not Available,New Attubail,11.30533472,76.61881611,Debris,Slide,08 August 2019
27995,TN/NIL/58A07/2019/39,Tamil Nadu,Nilgiri,Not Available,Newattboil,11.30718056,76.61859444,Debris,Slide,08 August 2019 (08:00 am)
27996,TN/NIL/58A07/2019/40,Tamil Nadu,Nilgiri,Not Available,Newattboil,11.30777778,76.61816667,Debris,Slide,8 August 2019
27997,TN/NIL/58A07/2019/41,Tamil Nadu,Nilgiri,Not Available,Ghandikandi,11.3034,76.62228333,Debris,Slide,8 August 2019 (2:30 pm)
27998,TN/NIL/58A07/2019/42,Tamil Nadu,Nilgiri,Not Available,Road towards Eddakadu village,11.30527222,76.63084722,Debris,Slide,8 August 2019
27999,TN/NIL/58A07/2019/43,Tamil Nadu,Nilgiri,Not Available,Pathakandi village,11.29669444,76.63436111,Debris,Slide,8 August 2019
28000,TN/NIL/58A07/2019/44,Tamil Nadu,Nilgiri,Not Available,Avalanchi Forest Road,11.31093611,76.61947778,Debris,Slide,8 August 2019
28001,TN/NIL/58A07/2019/45,Tamil Nadu,Nilgiri,Not Available,Bharathi Nagar,11.31245,76.632075,Debris,Slide,8 August 2019 (2:00 pm)
28002,TN/NIL/58A07/2019/46,Tamil Nadu,Nilgiri,Not Available,Bharathi Nagar,11.309525,76.63230278,Debris,Slide,8 August 2019
28003,TN/NIL/58A07/2019/47,Tamil Nadu,Nilgiri,Not Available,Bharathi Nagar,11.31091389,76.61695,Debris,Slide,8 August 2019 (2:00 pm)
28004,TN/NIL/58A07/2019/48,Tamil Nadu,Nilgiri,Not Available,Emerald,11.31774167,76.62316667,Debris,Slide,8 August 2019
28005,TN/NIL/58A11/2019/49,Tamil Nadu,Nilgiri,Not Available,Emerald,11.31813889,76.62159722,Rock cum debris,Slide,8 August 2019
28006,TN/NIL/58A11/2019/50,Tamil Nadu,Nilgiri,Not Available,Emerald Dam,11.32480833,76.61985556,Debris,Slide,8 August 2019
28007,TN/NIL/58A11/2019/51,Tamil Nadu,Nilgiri,Not Available,Emerald Dam towards Kattukupai,11.34251667,76.59768611,Debris,Slide,8 August 2019
28008,TN/NIL/58A11/2019/52,Tamil Nadu,Nilgiri,Not Available,Emerald Dam towards Kattukupai,11.34599167,76.59545,Debris,Slide,8 August 2019
28009,TN/NIL/58A07/2019/53,Tamil Nadu,Nilgiri,Not Available,Near Bharathiyar University College,11.49304444,76.45360278,Debris,Slide,8 August 2019
28010,TN/NIL/58A07/2019/54,Tamil Nadu,Nilgiri,Not Available,Near Bharathiyar University College,11.49326667,76.45346667,Debris,Slide,8 August 2019
28011,TN/NIL/58A07/2019/55,Tamil Nadu,Nilgiri,Not Available,Near 1.5km NE of Nadugani Village,11.47850556,76.4215,Debris,Slide,8 August 2019
28012,TN/NIL/58A07/2019/56,Tamil Nadu,Nilgiri,Not Available,Near Marala Malai,11.45208333,76.40720278,Debris,Slide,8 August 2019
28013,TN/NIL/58A07/2019/57,Tamil Nadu,Nilgiri,Not Available,Near Marala Malai (Kil Nadugani),11.44234444,76.39845278,Rock cum Debris,Slide,8 August 2019
28014,TN/NIL/58A07/2019/58,Tamil Nadu,Nilgiri,Not Available,Near Marala Malai (Kil Nadugani),11.438075,76.39306111,Debris,Slide,8 August 2019
28015,TN/NIL/58A07/2019/59,Tamil Nadu,Nilgiri,Not Available,Near Marala Malai (Kil Nadugani),11.43790556,76.39236111,Debris,Slide,8 August 2019
28016,TN/NIL/58A07/2019/60,Tamil Nadu,Nilgiri,Not Available,Near Panthalur,11.50833333,76.31916667,Debris flow,Flow,8 August 2019
28017,TN/NIL/58A07/2019/61,Tamil Nadu,Nilgiri,Kattukuppai debris flow,"Road from Emerald colony to Kundah PH-6, Kattukuppai",11.34749,76.59668,Debris,Flow,8 August 2019
28018,TN/NIL/58A/11/2019/62,Tamil Nadu,Nilgiri,TNEB PH-6 debris slide,"TNEB R-type quarters, Kattukuppai",11.36275,76.60348,Debris,Slide,8 August 2019
28019,TN/NIL/58A/11/2019/63,Tamil Nadu,Nilgiri,TNEB PH-6 debris slide 2,"TNEB, R-Type quarters, Kundah PH-6",11.34398,76.63676,Debris,Slide,8 August 2019
28020,TN/NIL/58A/11/2019/64,Tamil Nadu,Nilgiri,TNEB PH-6 debris slide 3,"Downslope of road from TNEB, R-Type quarters to PH-6",11.36296,76.60427,Debris,Slide,8 August 2019
28021,TN/NIL/58A/11/2019/65,Tamil Nadu,Nilgiri,PH-6 road cut slope failure,Road from Emerald colony to PH-6,11.36133,76.60171,Earth,Slide,8 August 2019
28022,TN/NIL/58A/11/2019/66,Tamil Nadu,Nilgiri,West of Emerald Earth slide,West of Emerald colony,11.32286,76.61794,Earth,Slide,8 August 2019
28023,TN/NIL/58A/11/2019/67,Tamil Nadu,Nilgiri,Emerald colony Earth slide,Emerald colony,11.32247,76.6224,Earth,Slide,8 August 2019
28024,TN/NIL/58A/11/2019/68,Tamil Nadu,Nilgiri,Emerald colony cut slope failure,Emerald colony,11.32275,76.62117,Earth,Slide,8 August 2019
28025,TN/NIL/58A/11/2019/69,Tamil Nadu,Nilgiri,Kundah road Earth flow 1,Approach road to Kundah PH-6,11.34464,76.59638,Earth,Flow,8 August 2019
28026,TN/NIL/58A/11/2019/70,Tamil Nadu,Nilgiri,Kundah road Earth flow 2,Approach road to Kundah PH-6,11.34471,76.59548,Earth,Flow,8 August 2019
28027,TN/NIL/58A/11/2019/71,Tamil Nadu,Nilgiri,Kundah road cut slope failure,Approach road to Kundah PH-6,11.35807,76.59917,Debris,slide,8 August 2019
28028,TN/NIL/58A/11/2019/72,Tamil Nadu,Nilgiri,TRT exit stream bank failure,South of Kundah PH-6,11.36013,76.60118,Debris,slide,8 August 2019
28029,TN/NIL/58A/11/2019/73,Tamil Nadu,Nilgiri,Kundah PH 6 road stream bank failure,Downslope of Kundah Power house-6 road,11.36078,76.60156,Debris,slide,8 August 2019
28030,TN/NIL/58A/11/2019/74,Tamil Nadu,Nilgiri,Silambu north west slide1,North West of Silambu,11.35854,76.59167,Debris,slide,8 August 2019
28031,TN/NIL/58A/11/2019/75,Tamil Nadu,Nilgiri,Silambu north west slide2,North West of Silambu,11.36079,76.59161,Debris,slide,8 August 2019
28032,TN/NIL/58A/11/2019/76,Tamil Nadu,Nilgiri,Red Hill Nature Resort subsidence,"Red Hill Nature Resort, Emerald road",11.34166,76.59664,Earth,Subsidence,8 August 2019
28033,TN/NIL/58A/11/2019/77,Tamil Nadu,Nilgiri,Indra Nagar colony cut slope failure,"Indra Nagar colony, Emarald",11.33736,76.60422,Debris,slide,8 August 2019
28034,TN/SAL/58I02/2022/1,Tamil Nadu,Salem,,Salem-Yercaud road Corridor,11.74043917,78.18203667,Debris,Slide,4 September 2022
28035,TN/SAL/58I02/2022/2,Tamil Nadu,Salem,,Salem-Yercaud road Corridor,11.74705472,78.185225,Debris,Slide,4 September 2022
28036,TN/SAL/58I03/2022/3,Tamil Nadu,Salem,,Salem-Yercaud road Corridor,11.7484725,78.18662694,Debris/Rock,Slide/Fall,4 September 2022
28037,TN/SAL/58I01/2022/4,Tamil Nadu,Salem,,Salem-Yercaud road Corridor,11.7501675,78.18769167,Debris,Slide,4 September 2022
28038,TN/SAL/58I01/2022/5,Tamil Nadu,Salem,60 feet bridge,Salem-Yercaud road Corridor,11.75093778,78.18851,Debris cum rock,Flow/slide/Fall,4 September 2022
28039,TN/SAL/58I01/2022/6,Tamil Nadu,Salem,,Salem-Yercaud road Corridor,11.76150028,78.188325,Rock cum Debris,Slide,4 September 2022
28040,TN/SAL/58I01/2022/7,Tamil Nadu,Salem,,Salem-Yercaud road Corridor,11.76307472,78.18866333,Debris,Slide,4 September 2022
28041,TN/SAL/58I01/2022/8,Tamil Nadu,Salem,,Salem-Yercaud road Corridor,11.76376111,78.18828694,Debris,Slide,4 September 2022
28042,TN/SAL/58I012022/9,Tamil Nadu,Salem,,Salem-Yercaud road Corridor,11.7645275,78.18838167,Debris,Slide,4 September 2022
28043,TN/SAL/58I05/2022/10,Tamil Nadu,Salem,,Yarcaud-Kuppanur road section,11.77961444,78.27011667,Debris,Slide,4 September 2022
28044,TN/SAL/58I05/2022/11,Tamil Nadu,Salem,Near Muniyappan Temple,Yarcaud-Kuppanur road section,11.77561444,78.270105,Debris,Slide,4 September 2022
28045,TN/SAL/58I05/2022/12,Tamil Nadu,Salem,,Yarcaud-Kuppanur road section,11.77557639,78.26948667,Debris,Slide,4 September 2022
28046,TN/NIL/58A07/2022/1,Tamil Nadu,Nilgiri,Nadu Gudalur,Pillayar Koil Street,11.497633,76.497433,Debris,Flow,18 August 2022
28047,TN/NIL/58A11/2022/2,Tamil Nadu,Nilgiri,Nadu Gudalur NH slide,Nadu Gudalur NH slide,11.495153,76.516963,Debris,Subsidence,18 August 2022
28048,TN/NIL/58A11/2022/3,Tamil Nadu,Nilgiri,Gudalur Government college,Gudalur college slide,11.492567,76.453354,Debris,Slide,18 August 2022
28049,TN/NIL/58A07/2022/4,Tamil Nadu,Nilgiri,Naduvattum,3 Km south of Naduvattum,11.48891,76.537294,Debris,Slide,5 August 2022
28050,TN/NIL/58A11/2022/5,Tamil Nadu,Nilgiri,Emerald,Emerald,11.341462,76.633856,Debris,Slide,3 August 2022
28051,TN/NIL/58A11/2022/6,Tamil Nadu,Nilgiri,Nerkandi Slide,Nerkandi Village,11.312808,76.625429,Debris,Slide,3 August 2022
28052,TN/NIL/58A11/2022/7,Tamil Nadu,Nilgiri,New Attubail,New Attubail,11.30989722,76.62255833,Earth,Flow,3 August 2022
28053,TN/COIM/58A11/2022/1,Tamil Nadu,Coimbatore,Hairpinbend-26,Aliayar to Attakatty ghat road section,10.43226139,76.98764083,Debris,Slide,4 August 2022
28054,TN/COIM/58A11/2022/2,Tamil Nadu,Coimbatore,Hairpinbend-20,Aliayar to Attakatty ghat road section,10.43735917,76.98563194,Debris,Slide,4 August 2022
28055,TN/COIM/58A11/2022/3,Tamil Nadu,Coimbatore,Rottikadai Slide,Valparai-Iyyarpadi,10.36322167,76.98113,Debris,Slide,14 July 2022
28056,TN/DIN/58F11/2022/1,Tamil Nadu,Dindigul,Hairpin bend 14,Palani-PerumalmalaiPirivu Road,10.36493889,77.51091333,Debris,Slide,NA
28057,TN/DIN/58F12/2022/2,Tamil Nadu,Dindigul,Adukkam-18/6 km,Adukkam-Periyakulam road,10.22914722,77.55147528,Debris,Slide,4 August 2022
28058,TN/DIN/58F12/2022/3,Tamil Nadu,Dindigul,Adukkam-18/10 km,Adukkam-Periyakulam road,10.22721806,77.55028417,Debris,Slide,4 August 2022
28059,TN/DIN/58F12/2022/4,Tamil Nadu,Dindigul,Near Adukkam village,Adukkam-Periyakulam road,10.233872,77.552927,Rock,Slide,4 August 2022
28060,TN/DIN/58F11/2022/5,Tamil Nadu,Dindigul,Near Perumal Malai,Perumalmalai-Bathlagundu road,10.27266389,77.56082278,Debris,Slide,NA
28061,TN/DIN/58F12/2022/6,Tamil Nadu,Dindigul,Near Poolathoor Pirivu,Near Poolathoor Pirivu,10.229645,77.63982056,Debris,Slide,NA
28062,TN/NIL/58A15/2022/01,Tamil Nadu,Nilgiri,Slide-1,Mettupalayam-Gudalur highways,11.3366,76.8261,Debris,Slide,13 December 2022
28063,TN/NIL/58A15/2022/02,Tamil Nadu,Nilgiri,Slide-2,Mettupalayam-Gudalur highways,11.3355,76.81671,Debris,Slide,13 December 2022
28064,TN/NIL/58A15/2022/03,Tamil Nadu,Nilgiri,Slide-3,Mettupalayam-Gudalur highways,11.3345,76.8158,Earth,Slide,13 December 2022
28065,TN/NIL/58A15/2022/04,Tamil Nadu,Nilgiri,Slide-4,Mettupalayam-Gudalur highways,11.3356,76.8146,Debris,Slide,13 December 2022
28066,TN/NIL/58A15/2022/05,Tamil Nadu,Nilgiri,Slide-5,Mettupalayam-Gudalur highways,11.3355,76.814,Debris,Slide,13 December 2022
28067,TN/NIL/58A15/2022/06,Tamil Nadu,Nilgiri,Slide-6,Mettupalayam-Gudalur highways,11.3353,76.8135,Debris,Slide,13 December 2022
28068,TN/NIL/58A15/2022/07,Tamil Nadu,Nilgiri,Slide-7,Mettupalayam-Gudalur highways,11.335,76.8127,Earth,Slide,13 December 2022
28069,TN/NIL/58A15/2022/08,Tamil Nadu,Nilgiri,Slide-8,Mettupalayam-Gudalur highways,11.3312,76.7994,Debris,Slide,13 December 2022
28070,TN/NIL/58A15/2022/09,Tamil Nadu,Nilgiri,Slide-9,Mettupalayam-Gudalur highways,11.3495,76.786,Earth,Slide,13 December 2022
28071,TN/NIL/58A15/2022/10,Tamil Nadu,Nilgiri,Slide-10,Mettupalayam-Gudalur highways,11.3497,76.7855,Debris,Slide,13 December 2022
28072,TN/NIL/58A15/2022/11,Tamil Nadu,Nilgiri,Slide-11,Mettupalayam-Gudalur highways,11.360667,76.781267,Debris,Slide,13 December 2022
28073,TN/NIL/58A15/2022/12,Tamil Nadu,Nilgiri,Slide-12,Mettupalayam-Gudalur highways,11.3492,76.787,Earth,Slide,13 December 2022
28074,TN/NIL/58A15/2022/13,Tamil Nadu,Nilgiri,Slide-13,Mettupalayam-Ooty railway corridor,11.342,76.8308,Debris,Slide,13 December 2022
28075,TN/NIL/58A15/2022/14,Tamil Nadu,Nilgiri,Slide-14,Mettupalayam-Ooty railway corridor,11.3428,76.8287,Debris,Slide,13 December 2022
28076,TN/NIL/58A15/2022/15,Tamil Nadu,Nilgiri,Slide-15,Mettupalayam-Ooty railway corridor,11.341,76.8277,Debris,Slide,13 December 2022
28077,TN/NIL/58A15/2022/16,Tamil Nadu,Nilgiri,Slide-16,Mettupalayam-Ooty railway corridor,11.3389,76.8253,Debris,Slide,13 December 2022
28078,TN/NIL/58A15/2022/17,Tamil Nadu,Nilgiri,Slide-17,Mettupalayam-Ooty railway corridor,11.3387,76.822,Rock,Fall,13 December 2022
28079,TN/NIL/58A15/2022/18,Tamil Nadu,Nilgiri,Slide-18,Mettupalayam-Ooty railway corridor,11.3408,76.8325,Debris,Slide,13 December 2022
28080,TN/NIL/58A15/2022/19,Tamil Nadu,Nilgiri,Slide-19,Mettupalayam-Ooty railway corridor,11.3499,76.8478,Debris,Slide,13 December 2022
28081,TN/NIL/58A15/2022/20,Tamil Nadu,Nilgiri,Slide-20,Mettupalayam-Ooty railway corridor,11.3494,76.8484,Debris,Slide,13 December 2022
28082,TN/NIL/58A15/2022/21,Tamil Nadu,Nilgiri,Slide-21,Mettupalayam-Ooty railway corridor,11.3491,76.8486,Debris,Slide,13 December 2022
28083,TN/NIL/58A15/2022/22,Tamil Nadu,Nilgiri,Slide-22,Mettupalayam-Ooty railway corridor,11.3575,76.7837,Earth,Slide,13 December 2022
28084,TN/NIL/58A15/2022/23,Tamil Nadu,Nilgiri,Slide-23,Mettupalayam-Ooty railway corridor,11.3428,76.8665,Debris,Slide,13 December 2022
28085,TN/NIL/58A15/2022/24,Tamil Nadu,Nilgiri,Slide-24,Mettupalayam-Ooty railway corridor,11.3485,76.8699,Debris,Slide,13 December 2022
28086,TN/NIL/58A15/2022/25,Tamil Nadu,Nilgiri,Slide-25,Mettupalayam-Ooty railway corridor,11.3444,76.861345,Debris,Slide,13 December 2022
28087,TN/GUD/58A07/2022/01,Tamil Nadu,Nilgiri,Panthalur slide,Panthalur taluk,11.4887,76.3391,Debris,Slide,July 2022
28088,TN/GUD/58A07/2022/02,Tamil Nadu,Nilgiri,Devala slide,Devala,11.4726,76.382,Debris,Slide,July 2022
28089,TN/GUD/58A07/2022/03,Tamil Nadu,Nilgiri,Devala slide,Devala,11.4713,76.4113,Debris,Slide,July 2022
28090,TN/GUD/58A07/2022/04,Tamil Nadu,Nilgiri,Devala slide,Devala-Gudalur Road,11.4861,76.4369,Debris,Slide,July 2022
28091,TN/GUD/58A07/2022/05,Tamil Nadu,Nilgiri,Gudular road slide,Gudalur,11.495,76.4552,Debris,Slide,July 2022
28092,TN/GUD/58A07/2022/06,Tamil Nadu,Nilgiri,Needle rock slide,Enroute to needle rock,11.4905,76.5275,Debris,Slide,27 July 2022
28093,TN/GUD/58A07/2022/07,Tamil Nadu,Nilgiri,Gudular road slide,Gudalur,11.4905,76.5325,Debris,Slide,27 July 2022
28094,TN/DD/2022/1,Tamil Nadu,Dindigul,Pannaikadu-hairpinbend LSD,Paniikadu-tandikudi road,10.27456,77.61869,Debris,Slide,5 September 2022
28095,TN/DD/2022/2,Tamil Nadu,Dindigul,Thandikudi LSD1,Thandikudi,10.30272,77.66003,Debris,Slide,29 July 2022
28096,TN/DD/2022/3,Tamil Nadu,Dindigul,Kilavayil slide2,Thandikudi,10.2543,77.33308,Debris,LSD,11 November 2022
28097,TN/DD/2022/4,Tamil Nadu,Dindigul,mannavanur house LSD,Mannavanur,10.22302,77.34488,Debris,Slide,11 November 2022
28098,TN/DD/2022/5,Tamil Nadu,Dindigul,Mannavanur-KumburLSD,Mannavanur,10.22713,77.33827,Earth,Slide,11 November 2022
28099,TN/DD/2022/6,Tamil Nadu,Dindigul,Mannavanur LSD,Mannavanur,10.22466,77.34555,Debris,Slide,11 November 2022
28100,TN/DD/2022/7,Tamil Nadu,Dindigul,Kilavayayil-Mannvanur.RV,Kilavayayil,10.24369,77.33454,Earth,Slide,11 November 2022
28101,TN/DD/2022/8,Tamil Nadu,Dindigul,Padmalodge-LSD,Munjikkal,10.23888,77.49593,Debris,Slide,14 November 2022
28102,TN/DD/2022/9,Tamil Nadu,Dindigul,Kodai-silverfalls LSD,Kodaikanal road,10.23786,77.50736,Debris,Slide,11 November 2022
28103,TN/DD/2022/10,Tamil Nadu,Dindigul,KPDAI-SILVERCASCADE LSD2,Kodaikanal road,10.23826,77.50792,Debris,Slide,11 November 2022
28104,TN/Nil/2023/CSF-1,Tamil Nadu,Nilgiri,CSF-1,NH-181,11.33833,76.87086,Debris,Slide,23 November 2023
28105,TN/Nil/2023/CSF-2,Tamil Nadu,Nilgiri,CSF-2,NH-181,11.34019,76.86667,Debris,Slide,23 November 2023
28106,TN/Nil/2023/CSF-3,Tamil Nadu,Nilgiri,CSF-3,NH-181,11.34039,76.86431,Debris,Slide,23 November 2023
28107,TN/Nil/2023/CSF-4,Tamil Nadu,Nilgiri,CSF-4,NH-181,11.34025,76.86203,Debris,Slide,23 November 2023
28108,TN/Nil/2023/CSF-5,Tamil Nadu,Nilgiri,CSF-5,NH-181,11.33842,76.86083,Debris,Slide,23 November 2023
28109,TN/Nil/2023/CSF-6,Tamil Nadu,Nilgiri,CSF-6,NH-181,11.33814,76.86067,Earth,Slide,23 November 2023
28110,TN/Nil/2023/CSF-7,Tamil Nadu,Nilgiri,CSF-7,NH-181,11.33906,76.8575,Debris,Slide,23 November 2023
28111,TN/Nil/2023/CSF-8,Tamil Nadu,Nilgiri,CSF-8,NH-181,11.33956,76.85731,Earth,Slide,23 November 2023
28112,TN/Nil/2023/CSF-9,Tamil Nadu,Nilgiri,CSF-9,NH-181,11.34003,76.85708,Debris,Slide,23 November 2023
28113,TN/Nil/2023/CSF-10,Tamil Nadu,Nilgiri,CSF-10,NH-181,11.34083,76.85725,Debris,Slide,23 November 2023
28114,TN/Nil/2023/CSF-11,Tamil Nadu,Nilgiri,CSF-11,NH-181,11.34097,76.85692,Earth,Slide,23 November 2023
28115,TN/Nil/2023/CSF-12,Tamil Nadu,Nilgiri,CSF-12,NH-181,11.33972,76.84953,Earth,Slide,23 November 2023
28116,TN/Nil/2023/CSF-13,Tamil Nadu,Nilgiri,CSF-13,NH-181,11.34036,76.84983,Earth,Slide,23 November 2023
28117,TN/Nil/2023/CSF-14,Tamil Nadu,Nilgiri,CSF-14,NH-181,11.34183,76.85008,Earth,Slide,23 November 2023
28118,TN/Nil/2023/CSF-15,Tamil Nadu,Nilgiri,CSF-15,NH-181,11.34244,76.85006,Earth,Slide,23 November 2023
28119,TN/Nil/2023/CSF-16,Tamil Nadu,Nilgiri,CSF-16,NH-181,11.34419,76.84842,Earth,Slide,23 November 2023
28120,TN/Nil/2023/CSF-17,Tamil Nadu,Nilgiri,CSF-17,NH-181,11.34242,76.84642,Earth,Slide,23 November 2023
28121,TN/Nil/2023/CSF-18,Tamil Nadu,Nilgiri,CSF-18,NH-181,11.3423,76.84593,Debris,Slide,23 November 2023
28122,TN/Nil/2023/CSF-19,Tamil Nadu,Nilgiri,CSF-19,NH-181,11.33889,76.84272,Earth,Slide,23 November 2023
28123,TN/Nil/2023/CSF-20,Tamil Nadu,Nilgiri,CSF-20,NH-181,11.33975,76.84194,Earth,Slide,23 November 2023
28124,TN/Nil/2023/CSF-21,Tamil Nadu,Nilgiri,CSF-21,NH-181,11.33969,76.84094,Earth,Slide,23 November 2023
28125,TN/Nil/2023/CSF-22,Tamil Nadu,Nilgiri,CSF-22,NH-181,11.33525,76.82756,Earth,Slide,23 November 2023
28126,TN/Nil/2023/CSF-23,Tamil Nadu,Nilgiri,CSF-23,NH-181,11.33578,76.82769,Debris,Slide,23 November 2023
28127,TN/Nil/2023/CSF-24,Tamil Nadu,Nilgiri,CSF-24,NH-181,11.33675,76.82814,Earth,Slide,23 November 2023
28128,TN/Nil/2023/CSF-25,Tamil Nadu,Nilgiri,CSF-25,NH-181,11.33844,76.82786,Earth,Slide,23 November 2023
28129,TN/Nil/2023/CSF-26,Tamil Nadu,Nilgiri,CSF-26,NH-181,11.33675,76.82742,Debris,Slide,23 November 2023
28130,TN/Nil/2023/CSF-27,Tamil Nadu,Nilgiri,CSF-27,NH-181,11.33589,76.82678,Debris,Slide,23 November 2023
28131,TN/Nil/2023/CSF-28,Tamil Nadu,Nilgiri,CSF-28,NH-181,11.33647,76.82564,Debris,Slide,23 November 2023
28132,TN/Nil/2023/CSF-29,Tamil Nadu,Nilgiri,CSF-29,NH-181,11.33728,76.82531,Earth,Slide,23 November 2023
28133,TN/Nil/2023/CSF-30,Tamil Nadu,Nilgiri,CSF-30,NH-181,11.33736,76.82425,Earth,Slide,23 November 2023
28134,TN/Nil/2023/CSF-31,Tamil Nadu,Nilgiri,CSF-31,NH-181,11.33736,76.82419,Earth,Slide,23 November 2023
28135,TN/Nil/2023/CSF-32,Tamil Nadu,Nilgiri,CSF-32,NH-181,11.33578,76.81989,Earth,Slide,23 November 2023
28136,TN/Nil/2023/CSF-33,Tamil Nadu,Nilgiri,CSF-33,NH-181,11.33475,76.8195,Earth,Slide,23 November 2023
28137,TN/Nil/2023/CSF-34,Tamil Nadu,Nilgiri,CSF-34,NH-181,11.33492,76.81864,Earth,Slide,23 November 2023
28138,TN/Nil/2023/CSF-35,Tamil Nadu,Nilgiri,CSF-35,NH-181,11.33492,76.82417,Earth,Slide,23 November 2023
28139,TN/Nil/2023/CSF-36,Tamil Nadu,Nilgiri,CSF-36,NH-181,11.33439,76.81717,Earth,Slide,23 November 2023
28140,TN/Nil/2023/CSF-37,Tamil Nadu,Nilgiri,CSF-37,NH-181,11.33477,76.81732,Earth,Slide,23 November 2023
28141,TN/Nil/2023/CSF-38,Tamil Nadu,Nilgiri,CSF-38,NH-181,11.33477,76.81728,Earth,Slide,23 November 2023
28142,TN/Nil/2023/CSF-39,Tamil Nadu,Nilgiri,CSF-39,NH-181,11.33428,76.81322,Earth,Slide,23 November 2023
28143,TN/Nil/2023/CSF-40,Tamil Nadu,Nilgiri,CSF-40,NH-181,11.33558,76.815,Earth,Slide,23 November 2023
28144,TN/Nil/2023/CSF-41,Tamil Nadu,Nilgiri,CSF-41,NH-181,11.33547,76.81456,Debris,Slide,23 November 2023
28145,TN/Nil/2023/CSF-42,Tamil Nadu,Nilgiri,CSF-42,NH-181,11.33547,76.8145,Debris,Slide,23 November 2023
28146,TN/Nil/2023/CSF-43,Tamil Nadu,Nilgiri,CSF-43,NH-181,11.33528,76.81331,Debris,Slide,23 November 2023
28147,TN/Nil/2023/CSF-44,Tamil Nadu,Nilgiri,CSF-44,NH-181,11.33536,76.81286,Earth,Slide,23 November 2023
28148,TN/Nil/2023/CSF-45,Tamil Nadu,Nilgiri,CSF-45,NH-181,11.33536,76.81281,Earth,Slide,23 November 2023
28149,TN/Nil/2023/CSF-46,Tamil Nadu,Nilgiri,CSF-46,NH-181,11.33433,76.81244,Earth,Slide,23 November 2023
28150,TN/Nil/2023/CSF-47,Tamil Nadu,Nilgiri,CSF-47,NH-181,11.33231,76.80869,Earth,Slide,23 November 2023
28151,TN/Nil/2023/CSF-48,Tamil Nadu,Nilgiri,CSF-48,NH-181,11.33042,76.80783,Earth,Slide,23 November 2023
28152,TN/Nil/2023/CSF-49,Tamil Nadu,Nilgiri,CSF-49,NH-181,11.32925,76.80642,Earth,Slide,23 November 2023
28153,TN/Nil/2023/CSF-50,Tamil Nadu,Nilgiri,CSF-50,NH-181,11.33147,76.80142,Debris,Slide,23 November 2023
28154,TN/Nil/2023/CSF-51,Tamil Nadu,Nilgiri,CSF-51,NH-181,11.33128,76.79947,Earth,Slide,23 November 2023
28155,TN/Nil/2023/CSF-52,Tamil Nadu,Nilgiri,CSF-52,NH-181,11.33128,76.79944,Earth,Slide,23 November 2023
28156,TN/Nil/2023/CSF-53,Tamil Nadu,Nilgiri,CSF-53,NH-181,11.33244,76.79422,Earth,Slide,23 November 2023
28157,TN/Nil/2023/CSF-54,Tamil Nadu,Nilgiri,CSF-54,NH-181,11.33461,76.79083,Earth,Slide,23 November 2023
28158,TN/Nil/2023/CSF-55,Tamil Nadu,Nilgiri,CSF-55,NH-181,11.33372,76.79764,Debris,Slide,23 November 2023
28159,TN/Nil/2023/CSF-56,Tamil Nadu,Nilgiri,CSF-56,NH-181,11.33406,76.79825,Debris,Slide,23 November 2023
28160,TN/Nil/2023/CSF-57,Tamil Nadu,Nilgiri,CSF-57,NH-181,11.33406,76.79831,Debris,Slide,23 November 2023
28161,TN/Nil/2023/CSF-58,Tamil Nadu,Nilgiri,CSF-58,NH-181,11.33597,76.79875,Debris,Slide,23 November 2023
28162,TN/Nil/2023/CSF-59,Tamil Nadu,Nilgiri,CSF-59,NH-181,11.33646,76.79841,Rock,Fall,23 November 2023
28163,TN/Nil/2023/CSF-60,Tamil Nadu,Nilgiri,CSF-60,NH-181,11.34025,76.79775,Debris,Slide,23 November 2023
28164,TN/Nil/2023/CSF-61,Tamil Nadu,Nilgiri,CSF-61,NH-181,11.34058,76.79775,Earth,Slide,23 November 2023
28165,TN/Nil/2023/CSF-62,Tamil Nadu,Nilgiri,CSF-62,NH-181,11.341,76.79756,Debris,Slide,23 November 2023
28166,TN/Nil/2023/CSF-63,Tamil Nadu,Nilgiri,CSF-63,NH-181,11.34175,76.79606,Earth,Slide,23 November 2023
28167,TN/Nil/2023/CSF-64,Tamil Nadu,Nilgiri,CSF-64,NH-181,11.34181,76.79556,Debris,Slide,23 November 2023
28168,TN/Nil/2023/CSF-65,Tamil Nadu,Nilgiri,CSF-65,NH-181,11.34208,76.79533,Earth,Slide,23 November 2023
28169,TN/Nil/2023/CSF-66,Tamil Nadu,Nilgiri,CSF-66,NH-181,11.34481,76.79025,Earth,Slide,23 November 2023
28170,TN/Nil/2023/CSF-67,Tamil Nadu,Nilgiri,CSF-67,NH-181,11.345,76.79022,Earth,Slide,23 November 2023
28171,TN/Nil/2023/CSF-68,Tamil Nadu,Nilgiri,CSF-68,NH-181,11.34569,76.78942,Earth,Slide,23 November 2023
28172,TN/Nil/2023/CSF-69,Tamil Nadu,Nilgiri,CSF-69,NH-181,11.34597,76.78917,Debris,Slide,23 November 2023
28173,TN/Nil/2023/CSF-70,Tamil Nadu,Nilgiri,CSF-70,NH-181,11.34758,76.78822,Debris,Slide,23 November 2023
28174,TN/Nil/2023/CSF-71,Tamil Nadu,Nilgiri,CSF-71,NH-181,11.3495,76.78722,Earth,Slide,23 November 2023
28175,TN/Nil/2023/CSF-72,Tamil Nadu,Nilgiri,CSF-72,NH-181,11.34973,76.7869,Earth,Slide,23 November 2023
28176,TN/Nil/2023/CSF-73,Tamil Nadu,Nilgiri,CSF-73,NH-181,11.34958,76.78603,Earth,Slide,23 November 2023
28177,TN/Nil/2023/CSF-74,Tamil Nadu,Nilgiri,CSF-74,NH-181,11.34961,76.78558,Earth,Slide,23 November 2023
28178,TN/Nil/2023/CSF-75,Tamil Nadu,Nilgiri,CSF-75,NH-181,11.35036,76.78528,Debris,Slide,23 November 2023
28179,TN/Nil/2023/CSF-76,Tamil Nadu,Nilgiri,CSF-76,NH-181,11.35256,76.78483,Earth,Slide,23 November 2023
28180,TN/Nil/2023/CSF-77,Tamil Nadu,Nilgiri,CSF-77,NH-181,11.35333,76.785,Debris,Slide,23 November 2023
28181,TN/Nil/2023/CSF-78,Tamil Nadu,Nilgiri,CSF-78,NH-181,11.35414,76.78528,Debris,Slide,23 November 2023
28182,TN/Nil/2023/CSF-79,Tamil Nadu,Nilgiri,CSF-79,NH-181,11.35983,76.78161,Debris,Slide,23 November 2023
28183,TN/Nil/2023/CSF-80,Tamil Nadu,Nilgiri,CSF-80,NH-181,11.36067,76.78136,Debris,Slide,23 November 2023
28184,TN/Nil/2023/CSF-81,Tamil Nadu,Nilgiri,CSF-81,NH-181,11.36231,76.7795,Earth,Slide,23 November 2023
28185,TN/Nil/2023/CSF-82,Tamil Nadu,Nilgiri,CSF-82,NH-181,11.36292,76.77873,Earth,Slide,23 November 2023
28186,TN/Nil/2023/CSF-83,Tamil Nadu,Nilgiri,CSF-83,NH-181,11.36631,76.77342,Earth,Slide,23 November 2023
28187,TN/Nil/2023/CSF-84,Tamil Nadu,Nilgiri,CSF-84,NH-181,11.36644,76.77225,Earth,Slide,23 November 2023
28188,TN/Nil/2023/CSF-85,Tamil Nadu,Nilgiri,CSF-85,NH-181,11.3665,76.77164,Debris,Slide,23 November 2023
28189,TN/Nil/2023/CSF-86,Tamil Nadu,Nilgiri,CSF-86,NH-181,11.3665,76.77125,Debris,Slide,23 November 2023
28190,TN/Nil/2023/CSF-87,Tamil Nadu,Nilgiri,CSF-87,NH-181,11.36659,76.77039,Debris,Slide,23 November 2023
28191,TN/Nil/2023/CSF-88,Tamil Nadu,Nilgiri,CSF-88,NH-181,11.36706,76.76914,Debris,Slide,23 November 2023
28192,TN/Nil/2023/CSF-89,Tamil Nadu,Nilgiri,CSF-89,NH-181,11.36689,76.76739,Debris,Slide,23 November 2023
28193,TN/Nil/2023/CSF-90,Tamil Nadu,Nilgiri,CSF-90,NH-181,11.34333,76.79572,Earth,Slide,23 November 2023
28194,TN/Nil/58A11/2023/91,Tamil Nadu,Nilgiri,Kothagiri slide,Kothagiri to Mettupalayam road SH-15 (Kaithala village),11.41479928,76.87340635,Earth,Slide,23 November 2023
28195,TN/Nil/58A11/2023/92,Tamil Nadu,Nilgiri,Kothagiri slide,Kothagiri to Mettupalayam road SH-15 (Aravenu village),11.40396239,76.8755371,Earth,Slide,23 November 2023
28196,TN/Nil/58A11/2023/93,Tamil Nadu,Nilgiri,Kothagiri slide,Kothagiri to Mettupalayam road SH-15,11.39869649,76.88035008,Earth,Slide,23 November 2023
28197,TN/Nil/58A11/2023/94,Tamil Nadu,Nilgiri,Kothagiri slide,Kothagiri to Mettupalayam road SH-15 (Kaithala village),11.39647571,76.88035008,Debris,Slide,23 November 2023
28198,TN/Nil/58A11/2023/95,Tamil Nadu,Nilgiri,Kothagiri slide,Kothagiri to Mettupalayam road SH-15,11.39428321,76.88478423,Debris,Slide,23 November 2023
28199,TN/Nil/58A11/2023/96,Tamil Nadu,Nilgiri,Kothagiri slide,Kothagiri to Mettupalayam road SH-15,11.39101342,76.88567563,Debris,Slide,23 November 2023
28200,TN/Nil/58A11/2023/97,Tamil Nadu,Nilgiri,Kothagiri slide,Kothagiri to Mettupalayam road SH-15,11.39004228,76.89137908,Debris,Slide,23 November 2023
28201,TN/Nil/58A11/2023/98,Tamil Nadu,Nilgiri,Kothagiri slide,Kothagiri to Mettupalayam road SH-15,11.38678231,76.89223945,Debris,Slide,23 November 2023
28202,TN/Nil/58A11/2023/99,Tamil Nadu,Nilgiri,Kothagiri slide,Kothagiri to Mettupalayam road SH-15 (Melthattapallam village),11.38445676,76.89046944,Debris,Slide,23 November 2023
28203,TN/Nil/58A11/2023/100,Tamil Nadu,Nilgiri,Kothagiri slide,Kothagiri to Mettupalayam road SH-15 (Near Melthattapallam village),11.3837739,76.89157885,Debris,Slide,23 November 2023
28204,TN/Nil/58A11/2023/101,Tamil Nadu,Nilgiri,Kothagiri slide,Kothagiri to Mettupalayam road SH-15,11.38272038,76.89171657,Earth,Slide,23 November 2023
28205,TN/Nil/58A11/2023/102,Tamil Nadu,Nilgiri,Kothagiri slide,Kothagiri to Mettupalayam road SH-15,11.3825477,76.89280582,Debris,Slide,23 November 2023
28206,TN/Nil/58A11/2023/103,Tamil Nadu,Nilgiri,Kothagiri slide,Kothagiri to Mettupalayam road SH-15,11.38051118,76.89818045,Debris,Slide,23 November 2023
28207,TN/Nil/58A11/2023/104,Tamil Nadu,Nilgiri,Kothagiri slide,Kothagiri to Mettupalayam road SH-15,11.38437302,76.90040614,Debris,Slide,23 November 2023
28208,TN/Nil/58A11/2023/105,Tamil Nadu,Nilgiri,Kothagiri slide,Kothagiri to Mettupalayam road SH-15,11.37317615,76.90097896,Debris,Slide,23 November 2023
28209,TN/Nil/58A11/2023/106,Tamil Nadu,Nilgiri,Kothagiri slide,Kothagiri to Mettupalayam road SH-15,11.36943894,76.90015075,Debris,Slide,23 November 2023
28210,TN/Nil/58A11/2023/107,Tamil Nadu,Nilgiri,Kothagiri slide,Kothagiri to Mettupalayam road SH-15,11.36671495,76.89784123,Debris,Slide,23 November 2023
28211,TN/Nil/58A11/2023/108,Tamil Nadu,Nilgiri,Kothagiri slide,Kothagiri to Mettupalayam road SH-15,11.36658063,76.89767177,Debris,Slide,23 November 2023
28212,TN/Nil/58A11/2023/109,Tamil Nadu,Nilgiri,Kothagiri slide,Kothagiri to Mettupalayam road SH-15,11.36596682,76.89974834,Debris,Slide,23 November 2023
28213,TN/Nil/58A11/2023/110,Tamil Nadu,Nilgiri,Kothagiri slide,Kothagiri to Mettupalayam road SH-15,11.36495906,76.90157783,Earth,Slide,23 November 2023
28214,TN/Nil/58A11/2023/111,Tamil Nadu,Nilgiri,Kothagiri slide,Kothagiri to Mettupalayam road SH-15,11.36400221,76.9098213,Earth,Slide,23 November 2023
28215,TN/Nil/58A11/2023/112,Tamil Nadu,Nilgiri,Kothagiri slide,Kothagiri to Mettupalayam road SH-15,11.36353226,76.9128616,Earth,Slide,23 November 2023
28216,TN/Nil/58A11/2023/113,Tamil Nadu,Nilgiri,Kothagiri slide,Kothagiri to Mettupalayam road SH-15,11.36272917,76.91433431,Debris,Slide,23 November 2023
28217,TN/Nil/58A11/2023/114,Tamil Nadu,Nilgiri,Kothagiri slide,Kothagiri to Mettupalayam road SH-15,11.36182795,76.91594312,Earth,Slide,23 November 2023
28218,TN/Nil/58A11/2023/115,Tamil Nadu,Nilgiri,Kothagiri slide,Kothagiri to Mettupalayam road SH-15,11.3607386,76.91736774,Earth,Slide,23 November 2023
28219,TN/Nil/58A11/2023/116,Tamil Nadu,Nilgiri,Kothagiri slide,Kothagiri to Mettupalayam road SH-15,11.36128851,76.91924593,Debris,Slide,23 November 2023
28220,TN/Nil/58A11/2023/117,Tamil Nadu,Nilgiri,Kothagiri slide,Kothagiri to Mettupalayam road SH-15,11.35951023,76.91986142,Earth,Slide,23 November 2023
28221,TN/Nil/58A11/2023/118,Tamil Nadu,Nilgiri,Kothagiri slide,Kothagiri to Mettupalayam road SH-15,11.35895452,76.91988671,Debris,Slide,23 November 2023
28222,TN/Nil/58A11/2023/119,Tamil Nadu,Nilgiri,Kothagiri slide,Kothagiri to Mettupalayam road SH-15,11.35891845,76.92087799,Earth,Slide,23 November 2023
28223,TN/Nil/58A11/2023/120,Tamil Nadu,Nilgiri,Kothagiri slide,Kothagiri to Mettupalayam road SH-15,11.35896363,76.92145754,Earth,Slide,23 November 2023
28224,TN/Nil/58A11/2023/121,Tamil Nadu,Nilgiri,Kothagiri slide,Kothagiri to Mettupalayam road SH-15,11.35744628,76.92692457,Earth,Slide,23 November 2023
28225,TN/Nil/58A11/2023/122,Tamil Nadu,Nilgiri,Kothagiri slide,SH-15 (Kunjapanai),11.35687261,76.93210853,Earth,Slide,23 November 2023
28226,TN/Nil/58A11/2023/123,Tamil Nadu,Nilgiri,Kothagiri slide,SH-15 (Mettupalayam view point),11.35629482,76.93299509,Earth,Slide,23 November 2023
28227,TN/Nil/58A11/2023/124,Tamil Nadu,Nilgiri,Kothagiri slide,SH-15 (Near Mettupalayam view point),11.35809188,76.93395232,Debris,Slide,23 November 2023
28228,TN/Nil/58A11/2023/125,Tamil Nadu,Nilgiri,Kothagiri slide,SH-15,11.35886681,76.93557575,Earth,Slide,23 November 2023
28229,TN/Nil/58A11/2023/126,Tamil Nadu,Nilgiri,Kothagiri slide,SH-15,11.3599745,76.93761436,Debris,Slide,23 November 2023
28230,TN/Nil/58A11/2023/127,Tamil Nadu,Nilgiri,Kothagiri slide,SH-15 (Hair pin bend-4),11.36019869,76.93834319,Debris,Slide,23 November 2023
28231,TN/Nil/58A11/2023/128,Tamil Nadu,Nilgiri,Kothagiri slide,SH-15,11.35951049,76.93782025,Earth,Slide,23 November 2023
28232,TN/Nil/58A11/2023/129,Tamil Nadu,Nilgiri,Kothagiri slide,SH-15 (Hair pin bend-5),11.35879872,76.93760927,Debris,Slide,23 November 2023
28233,TN/Nil/58A11/2023/130,Tamil Nadu,Nilgiri,Kothagiri slide,SH-15,11.3596238,76.93847834,Debris,Slide,23 November 2023
28234,TN/Nil/58A11/2023/131,Tamil Nadu,Nilgiri,Kothagiri slide,SH-15,11.36079743,76.93940047,Debris,Slide,23 November 2023
28235,TN/Nil/58A11/2023/132,Tamil Nadu,Nilgiri,Kothagiri slide,SH-15,11.36052844,76.94006873,Debris,Slide,23 November 2023
28236,TN/Nil/58A11/2023/133,Tamil Nadu,Nilgiri,Kothagiri slide,SH-15,11.36007456,76.94174795,Earth,Slide,23 November 2023
28237,TN/Nil/58A11/2023/134,Tamil Nadu,Nilgiri,Kothagiri slide,SH-15,11.35988891,76.94218111,Earth,Slide,23 November 2023
28238,TN/Nil/58A11/2023/135,Tamil Nadu,Nilgiri,Kothagiri slide,SH-15,11.35992556,76.94277581,Earth,Slide,23 November 2023
28239,TN/Nil/58A11/2023/136,Tamil Nadu,Nilgiri,Kothagiri slide,SH-15,11.3613242,76.94567928,Debris,Slide,23 November 2023
28240,TN/Nil/58A11/2023/137,Tamil Nadu,Nilgiri,Kothagiri slide,SH-15,11.35991999,76.9427611,Debris,Slide,23 November 2023
28241,TN/Nil/58A11/2023/138,Tamil Nadu,Nilgiri,Kothagiri slide,SH-15,11.36168682,76.94604898,Debris,Slide,23 November 2023
28242,TN/Nil/58A11/2023/139,Tamil Nadu,Nilgiri,Kothagiri slide,SH-15,11.36209752,76.94641095,Debris,Slide,23 November 2023
28243,TN/Nil/58A11/2023/140,Tamil Nadu,Nilgiri,Kothagiri slide,SH-15,11.36256559,76.94760942,Debris,Slide,23 November 2023
28244,TN/Nil/58A11/2023/141,Tamil Nadu,Nilgiri,Kothagiri slide,SH-15,11.36214007,76.94926543,Earth,Slide,23 November 2023
28245,TN/Nil/58A11/2023/142,Tamil Nadu,Nilgiri,Kothagiri slide,SH-15,11.36206926,76.9497801,Earth,Slide,23 November 2023
28246,TN/Nil/58A11/2023/143,Tamil Nadu,Nilgiri,Kothagiri slide,SH-15,11.36176027,76.95017151,Earth,Slide,23 November 2023
28247,TN/Nil/58A11/2023/144,Tamil Nadu,Nilgiri,Kothagiri slide,SH-15,11.36127232,76.95066827,Debris,Slide,23 November 2023
28248,TN/Nil/58A11/2023/145,Tamil Nadu,Nilgiri,Kothagiri slide,SH-15,11.36214007,76.94926543,Debris,Slide,23 November 2023
28249,TN/Nil/58A11/2023/146,Tamil Nadu,Nilgiri,Kothagiri slide,SH-15,11.36054865,76.94816795,Debris,Slide,23 November 2023
28250,TN/Nil/58A11/2023/147,Tamil Nadu,Nilgiri,Kothagiri slide,SH-15,11.35960568,76.94661845,Debris,Slide,23 November 2023
28251,TN/Nil/58A11/2023/148,Tamil Nadu,Nilgiri,Kothagiri slide,SH-15,11.35914057,76.94630165,Debris,Slide,23 November 2023
28252,TN/Nil/58A11/2023/149,Tamil Nadu,Nilgiri,Kothagiri slide,SH-15,11.35809154,76.94533891,Debris,Slide,23 November 2023
28253,TN/Nil/58A11/2023/150,Tamil Nadu,Nilgiri,Kothagiri slide,SH-15,11.35649634,76.94579092,Debris,Slide,23 November 2023
28254,TN/Nil/58A11/2023/151,Tamil Nadu,Nilgiri,Kothagiri slide,SH-15,11.35763256,76.94602336,Debris,Slide,23 November 2023
28255,TN/Nil/58A11/2023/152,Tamil Nadu,Nilgiri,Kothagiri slide,SH-15,11.35774289,76.94668593,Debris,Slide,23 November 2023
28256,TN/Nil/58A11/2023/153,Tamil Nadu,Nilgiri,Kothagiri slide,SH-15,11.35811507,76.94959631,Earth,Slide,23 November 2023
28257,TN/Nil/58A11/2023/154,Tamil Nadu,Nilgiri,Kothagiri slide,SH-15,11.35793098,76.94887613,Debris,Slide,23 November 2023
28258,TN/Nil/58A11/2023/155,Tamil Nadu,Nilgiri,Kothagiri slide,SH-15,11.35760003,76.94858135,Debris,Slide,23 November 2023
28259,TN/Nil/58A11/2023/156,Tamil Nadu,Nilgiri,Kothagiri slide,SH-15,11.35746737,76.9480396,Debris,Slide,23 November 2023
28260,TN/Nil/58A11/2023/157,Tamil Nadu,Nilgiri,Kothagiri slide,SH-15,11.35730415,76.94762268,Debris,Slide,23 November 2023
28261,TN/Nil/58A11/2023/158,Tamil Nadu,Nilgiri,Kothagiri slide,SH-15,11.35708672,76.9470253,Debris,Slide,23 November 2023
28262,TN/Nil/58A11/2023/159,Tamil Nadu,Nilgiri,Kothagiri slide,SH-15,11.35680547,76.94697583,Debris,Slide,23 November 2023
28263,TN/Nil/58A11/2023/160,Tamil Nadu,Nilgiri,Kothagiri slide,SH-15,11.35473266,76.94561356,Debris,Slide,23 November 2023
28264,TN/Nil/58A11/2023/161,Tamil Nadu,Nilgiri,Kothagiri slide,SH-15,11.35444989,76.94379168,Debris,Slide,23 November 2023
28265,TN/Nil/58A11/2023/162,Tamil Nadu,Nilgiri,Kothagiri slide,SH-15,11.35488905,76.9430774,Debris,Slide,23 November 2023
28266,TN/Nil/58A11/2023/163,Tamil Nadu,Nilgiri,Kothagiri slide,SH-15,11.35450826,76.94263034,Debris,Slide,23 November 2023
28267,TN/Nil/58A11/2023/164,Tamil Nadu,Nilgiri,Kothagiri slide,SH-15,11.35346901,76.94214577,Debris,Slide,23 November 2023
28268,TN/Nil/58A11/2023/165,Tamil Nadu,Nilgiri,Kothagiri slide,SH-15,11.34981179,76.9411861,Debris,Slide,23 November 2023
28269,TN/Nil/58A11/2023/166,Tamil Nadu,Nilgiri,Kothagiri slide,SH-15,11.34967677,76.94147878,Earth,Slide,23 November 2023
28270,TN/Nil/58A11/2023/167,Tamil Nadu,Nilgiri,Kothagiri slide,SH-15,11.34962812,76.94181618,Earth,Slide,23 November 2023
28271,TN/Nil/58A11/2023/168,Tamil Nadu,Nilgiri,Kothagiri slide,SH-15,11.34893439,76.94316226,Earth,Slide,23 November 2023
28272,TN/Nil/58A11/2023/169,Tamil Nadu,Nilgiri,Kothagiri slide,SH-15,11.34853389,76.94340348,Earth,Slide,23 November 2023
28273,TN/Nil/58A11/2023/170,Tamil Nadu,Nilgiri,Kothagiri slide,SH-15,11.34824292,76.94361365,Earth,Slide,23 November 2023
28274,TN/Nil/58A11/2023/171,Tamil Nadu,Nilgiri,Kothagiri slide,SH-15,11.34809917,76.94380445,Earth,Slide,23 November 2023
28275,TN/Nil/58A11/2023/172,Tamil Nadu,Nilgiri,Kothagiri slide,SH-15,11.34777823,76.94398539,Earth,Slide,23 November 2023
28276,TN/Nil/58A11/2023/173,Tamil Nadu,Nilgiri,Kothagiri slide,SH-15,11.34765289,76.94450377,Debris,Slide,23 November 2023
28277,TN/Nil/58A11/2023/174,Tamil Nadu,Nilgiri,Kothagiri slide,SH-15,11.34700889,76.94478131,Debris,Slide,23 November 2023
28278,TN/Nil/58A11/2023/175,Tamil Nadu,Nilgiri,Kothagiri slide,SH-15,11.34612638,76.94402605,Debris,Slide,23 November 2023
28279,TN/Nil/58A11/2023/176,Tamil Nadu,Nilgiri,Kothagiri slide,SH-15,11.34619369,76.94389937,Debris,Slide,23 November 2023
28280,TN/Nil/58A11/2023/177,Tamil Nadu,Nilgiri,Kothagiri slide,SH-15,11.34641057,76.9435889,Debris,Slide,23 November 2023
28281,TN/Nil/58A11/2023/178,Tamil Nadu,Nilgiri,Kothagiri slide,SH-15,11.34653207,76.94348491,Debris,Slide,23 November 2023
28282,TN/Nil/58A11/2023/179,Tamil Nadu,Nilgiri,Kothagiri slide,SH-15,11.34677326,76.94266173,Debris,Slide,23 November 2023
28283,TN/Nil/58A11/2023/180,Tamil Nadu,Nilgiri,Kothagiri slide,SH-15,11.34687267,76.94157503,Debris,Slide,23 November 2023
28284,TN/Nil/58A11/2023/181,Tamil Nadu,Nilgiri,Kothagiri slide,SH-15,11.34493399,76.93814992,Debris,Slide,23 November 2023
28285,TN/Nil/58A11/2023/182,Tamil Nadu,Nilgiri,Kothagiri slide,SH-15,11.34263136,76.93718243,Debris,Slide,23 November 2023
28286,7254,Tamil Nadu,Nilgiri,,near NH-181,11.336513,76.798517,Debris,slide,2026-01-12
28287,7528,Tamil Nadu,Coimbatore,,Left bank of Sholayar dam way to Pannimede estate,10.2868733,76.877005,NA,Slide,2024-07-30
