event_id,date,year,state,district,latitude,longitude,coordinate_precision,temporal_precision,antecedent_day,rain_1h_mm,rain_3h_mm,rain_6h_mm,rain_12h_mm,rain_24h_mm,temperature_c,humidity_percent,soil_moisture_m3m3,flood_occurred,source,data_source,retrieval_status,retrieval_error
PH11-00001,1968-07-01,1968,Kerala,"Kasaragod, Wayanad, Kozhikode, Malappuram, Palakkad, Thrissur, Idukki, Ernakulam",12.4221964,75.1904446,district,date,1968-06-30,1.4,6.8,24.1,58.5,93.7,23.6083,98.7917,0.4795,1,IMD,ERA5-Land via Open-Meteo Historical API,success,
PH11-00002,1969-07-15,1969,Kerala,"Beedar, Kalaburagi, Belagavi, Yadgir, Bagalkotee, Raichur, Koppal, Gadag, Ballar",10.3528744,76.5120396,district,date,1969-07-14,0.8,3.3,7.0,12.2,31.8,23.2042,98.25,0.4796,1,IMD,ERA5-Land via Open-Meteo Historical API,success,
PH11-00003,1969-10-15,1969,Tamil Nadu,Chennai,13.0836939,80.270186,district,date,1969-10-14,0.5,1.9,5.8,9.3,16.9,25.4292,89.7083,0.3798,1,IMD,ERA5-Land via Open-Meteo Historical API,success,
PH11-00006,1970-11-21,1970,Tamil Nadu,Chennai,13.0836939,80.270186,district,date,1970-11-20,1.6,3.8,6.7,12.0,28.0,24.0417,93.7917,0.4088,1,IMD,ERA5-Land via Open-Meteo Historical API,success,
PH11-00007,1971-05-08,1971,Kerala,Thrissur,10.5270099,76.214621,district,date,1971-05-07,0.0,0.0,0.0,0.0,0.0,28.4917,70.9167,0.3655,1,IMD,ERA5-Land via Open-Meteo Historical API,success,
PH11-00008,1971-06-01,1971,Kerala,"Amroha, Hapur, Bareilly, Pilibhit, Bulandshahr, Gautam Buddha Nagar, Kheri, Buda",10.3528744,76.5120396,district,date,1971-05-31,0.3,0.4,1.1,2.7,9.4,24.2,95.0417,0.489,1,IMD,ERA5-Land via Open-Meteo Historical API,success,
PH11-00011,1974-07-22,1974,Kerala,"Kasaragod, Wayanad, Kozhikode, Malappuram, Palakkad, Thrissur, Idukki, Ernakulam",12.4221964,75.1904446,district,date,1974-07-21,0.0,0.7,1.9,4.0,12.0,24.3792,92.0417,0.4604,1,IMD,ERA5-Land via Open-Meteo Historical API,success,
PH11-00012,1975-06-15,1975,Kerala,"Kasaragod, Wayanad, Kozhikode, Malappuram, Palakkad, Thrissur, Idukki, Ernakulam",12.4221964,75.1904446,district,date,1975-06-14,2.3,3.4,7.0,14.2,32.8,24.2125,94.5833,0.4778,1,IMD,ERA5-Land via Open-Meteo Historical API,success,
PH11-00013,1975-11-01,1975,Kerala,"Thiruvananthapuram, Kollam, Alappuzha, Kottayam, Thrissur",8.4882267,76.947551,district,date,1975-10-31,0.1,0.3,0.4,0.5,2.4,24.8042,85.625,0.2802,1,IMD,ERA5-Land via Open-Meteo Historical API,success,
PH11-00014,1975-11-21,1975,Tamil Nadu,"Thanjavur, Chennai, Chengalpattu",10.659037,79.2014278,district,date,1975-11-20,0.0,0.0,0.0,0.1,1.4,24.6792,70.2083,0.3214,1,IMD,ERA5-Land via Open-Meteo Historical API,success,
PH11-00015,1976-07-22,1976,Kerala,"Thiruvananthapuram, Kottayam, Ernakulam, Kozhikode,Thrissur",8.4882267,76.947551,district,date,1976-07-21,0.4,1.2,1.6,1.7,2.8,24.9708,87.5833,0.2849,1,IMD,ERA5-Land via Open-Meteo Historical API,success,
PH11-00017,1976-10-08,1976,Tamil Nadu,"Chennai, The Nilgiris, Coimbatore",13.0836939,80.270186,district,date,1976-10-07,0.1,0.3,0.3,0.3,0.7,28.0292,78.125,0.1516,1,IMD,ERA5-Land via Open-Meteo Historical API,success,
PH11-00018,1976-11-15,1976,Tamil Nadu,Coimbatore,11.0018115,76.9628425,district,date,1976-11-14,0.0,0.0,0.2,2.4,3.4,23.2417,85.0833,0.382,1,IMD,ERA5-Land via Open-Meteo Historical API,success,
PH11-00019,1978-11-01,1978,Kerala,"Thiruvananthapuram, Kollam, Alappuzha, Thrissur, Kannur,Malappuram",8.4882267,76.947551,district,date,1978-10-31,0.4,0.7,0.7,2.8,9.5,25.2542,87.5833,0.3175,1,IMD,ERA5-Land via Open-Meteo Historical API,success,
PH11-00020,1978-04-01,1978,Tamil Nadu,The Nilgiris,11.4,76.7,district,date,1978-03-31,0.0,0.0,0.0,0.0,0.0,17.3583,60.4167,0.2084,1,IMD,ERA5-Land via Open-Meteo Historical API,success,
PH11-00021,1978-11-01,1978,Tamil Nadu,"Coimbatore, Erode, Salem,Thanjavur, The Nilgiris",11.0018115,76.9628425,district,date,1978-10-31,0.3,0.9,1.1,5.3,9.0,23.55,86.2083,0.3897,1,IMD,ERA5-Land via Open-Meteo Historical API,success,
PH11-00022,1978-11-22,1978,Tamil Nadu,The Nilgiris,11.4,76.7,district,date,1978-11-21,0.0,0.0,0.0,0.0,0.0,15.5167,61.9167,0.3236,1,IMD,ERA5-Land via Open-Meteo Historical API,success,
PH11-00023,1978-12-22,1978,Tamil Nadu,"Chennai, Ramanathapuram",13.0836939,80.270186,district,date,1978-12-21,1.0,2.6,3.6,4.2,5.1,24.1042,80.4583,0.2497,1,IMD,ERA5-Land via Open-Meteo Historical API,success,
PH11-00024,1979-06-10,1979,Kerala,Alappuzha,9.5003416,76.4123364,district,date,1979-06-09,0.4,1.5,2.1,2.1,3.6,27.7875,84.2083,0.2355,1,IMD,ERA5-Land via Open-Meteo Historical API,success,
PH11-00025,1979-06-14,1979,Kerala,Ernakulam,9.9837257,76.2740001,district,date,1979-06-13,0.1,1.7,2.1,5.3,10.2,26.6,87.9583,0.423,1,IMD,ERA5-Land via Open-Meteo Historical API,success,
PH11-00026,1979-07-02,1979,Kerala,Kannur,11.8763836,75.3737973,district,date,1979-07-01,1.1,2.8,5.0,10.1,19.4,25.3,90.875,0.3334,1,IMD,ERA5-Land via Open-Meteo Historical API,success,
PH11-00027,1979-07-29,1979,Kerala,Kozhikode,11.2450558,75.7754716,district,date,1979-07-28,1.2,4.1,5.4,12.5,31.4,23.9458,93.2083,0.3482,1,IMD,ERA5-Land via Open-Meteo Historical API,success,
PH11-00028,1979-08-01,1979,Kerala,"Kannur,Kozhikode",11.8763836,75.3737973,district,date,1979-07-31,2.0,6.7,14.3,24.0,49.8,24.6,91.875,0.3579,1,IMD,ERA5-Land via Open-Meteo Historical API,success,
PH11-00029,1979-08-06,1979,Kerala,Kannur,11.8763836,75.3737973,district,date,1979-08-05,1.7,4.4,8.3,15.7,27.6,24.8583,90.7917,0.3524,1,IMD,ERA5-Land via Open-Meteo Historical API,success,
PH11-00030,1979-11-15,1979,Kerala,Palakkad,10.7873692,76.4742172,district,date,1979-11-14,0.0,0.0,0.2,12.5,13.8,25.5792,87.5,0.4895,1,IMD,ERA5-Land via Open-Meteo Historical API,success,
PH11-00031,1979-11-17,1979,Tamil Nadu,Coimbatore,11.0018115,76.9628425,district,date,1979-11-16,0.0,0.0,0.2,1.0,6.1,22.6167,90.3333,0.4131,1,IMD,ERA5-Land via Open-Meteo Historical API,success,
PH11-00032,1979-05-12,1979,Tamil Nadu,Chennai,13.0836939,80.270186,district,date,1979-05-11,1.4,6.2,14.1,49.7,78.6,26.3,85.7917,0.3536,1,IMD,ERA5-Land via Open-Meteo Historical API,success,
PH11-00033,1979-11-13,1979,Tamil Nadu,Madurai,9.9261153,78.1140983,district,date,1979-11-12,0.1,0.2,1.4,5.6,16.0,23.5125,94.0,0.4216,1,IMD,ERA5-Land via Open-Meteo Historical API,success,
PH11-00034,1979-11-22,1979,Tamil Nadu,Pudukkottai,10.2903072,78.8173617,district,date,1979-11-21,0.0,0.0,0.2,5.2,9.7,25.0875,88.4167,0.4824,1,IMD,ERA5-Land via Open-Meteo Historical API,success,
PH11-00035,1979-11-19,1979,Tamil Nadu,Ramanathapuram,9.5205576,78.5184635,district,date,1979-11-18,2.8,4.6,6.5,7.6,10.5,24.3917,92.75,0.4106,1,IMD,ERA5-Land via Open-Meteo Historical API,success,
PH11-00036,1979-11-13,1979,Tamil Nadu,Cuddalore,11.5202071,79.3396356,district,date,1979-11-12,0.8,3.1,5.9,12.3,26.8,23.9375,94.5417,0.428,1,IMD,ERA5-Land via Open-Meteo Historical API,success,
PH11-00037,1979-07-23,1979,Tamil Nadu,Thanjavur,10.659037,79.2014278,district,date,1979-07-22,0.0,0.0,0.0,1.3,1.3,29.4583,67.2083,0.295,1,IMD,ERA5-Land via Open-Meteo Historical API,success,
PH11-00038,1979-11-13,1979,Tamil Nadu,The Nilgiris,11.4,76.7,district,date,1979-11-12,0.3,1.0,2.2,4.4,25.1,14.3958,99.25,0.4278,1,IMD,ERA5-Land via Open-Meteo Historical API,success,
PH11-00039,1979-11-13,1979,Tamil Nadu,Tiruchirappalli,10.8071144,78.6880939,district,date,1979-11-12,1.0,2.4,3.4,4.8,12.9,23.7417,94.0417,0.4184,1,IMD,ERA5-Land via Open-Meteo Historical API,success,
PH11-00040,1979-11-12,1979,Tamil Nadu,Tirunelveli,8.5495014,77.5805178,district,date,1979-11-11,0.3,0.7,1.3,12.6,26.7,24.7833,89.5833,0.4191,1,IMD,ERA5-Land via Open-Meteo Historical API,success,
PH11-00041,1979-03-09,1979,Uttarakhand,Chamoli,30.4985956,79.6190537,district,date,1979-03-08,0.6,2.7,8.1,17.4,25.9,1.6542,87.3333,0.3513,1,IMD,ERA5-Land via Open-Meteo Historical API,success,
PH11-00042,1979-07-08,1979,Uttarakhand,"Azamgarh, Bahraich, Ballia, Bara Banki, Basti, Chamoli, Dehradun, Deoria, Ayodhy",30.0417376,79.089691,district,date,1979-07-07,0.0,0.0,1.8,3.2,4.9,20.8625,79.7917,0.4784,1,IMD,ERA5-Land via Open-Meteo Historical API,success,
PH11-00043,1980-06-15,1980,Kerala,"Kannur, Malappuram, Kozhikode, Kollam,Thiruvananthapuram",11.8763836,75.3737973,district,date,1980-06-14,0.3,1.1,1.7,5.8,8.4,26.0458,89.0,0.315,1,IMD,ERA5-Land via Open-Meteo Historical API,success,
PH11-00044,1980-06-22,1980,Kerala,Palakkad,10.7873692,76.4742172,district,date,1980-06-21,1.3,2.9,5.0,7.3,28.2,23.85,96.0417,0.4903,1,IMD,ERA5-Land via Open-Meteo Historical API,success,
PH11-00045,1980-07-01,1980,Kerala,"Alappuzha,Kannur, Kottayam, Kozhikode, Malappuram, Palakkad,Thrissur",9.5003416,76.4123364,district,date,1980-06-30,0.6,2.0,4.2,9.4,19.2,25.2292,92.7917,0.3664,1,IMD,ERA5-Land via Open-Meteo Historical API,success,
PH11-00046,1980-08-22,1980,Kerala,"Alappuzha, Kozhikode, Kollam, Thrissur,Thiruvananthapuram",9.5003416,76.4123364,district,date,1980-08-21,0.3,1.4,2.8,4.9,6.5,25.5792,89.375,0.3403,1,IMD,ERA5-Land via Open-Meteo Historical API,success,
PH11-00047,1980-09-22,1980,Kerala,Kottayam,9.6287383,76.6455326,district,date,1980-09-21,0.1,0.8,3.0,3.0,3.2,25.7417,85.4167,0.4203,1,IMD,ERA5-Land via Open-Meteo Historical API,success,
PH11-00048,1980-10-01,1980,Kerala,Kozhikode,11.2450558,75.7754716,district,date,1980-09-30,0.1,2.1,5.3,7.9,12.7,25.4375,88.9167,0.2683,1,IMD,ERA5-Land via Open-Meteo Historical API,success,
PH11-00049,1980-07-01,1980,Tamil Nadu,Coimbatore,11.0018115,76.9628425,district,date,1980-06-30,0.2,0.2,0.3,0.8,3.6,22.775,88.5417,0.2346,1,IMD,ERA5-Land via Open-Meteo Historical API,success,
PH11-00050,1980-11-12,1980,Tamil Nadu,Chengalpattu,12.6840886,79.9836371,district,date,1980-11-11,0.7,1.8,5.1,15.7,28.4,24.3958,92.7083,0.3768,1,IMD,ERA5-Land via Open-Meteo Historical API,success,
PH11-00051,1980-11-15,1980,Tamil Nadu,Chennai,13.0836939,80.270186,district,date,1980-11-14,0.2,0.9,3.3,5.7,13.7,24.9167,89.7917,0.408,1,IMD,ERA5-Land via Open-Meteo Historical API,success,
PH11-00052,1980-06-25,1980,Uttarakhand,Uttar Kashi Kashi,30.0417376,79.089691,district,date,1980-06-24,0.2,1.1,2.6,3.8,20.2,18.6542,90.9167,0.4906,1,IMD,ERA5-Land via Open-Meteo Historical API,success,
PH11-00053,1980-07-08,1980,Uttarakhand,"Chamoli, Tehri Garhwal , Uttar Kashi Kashi, Ballia, Pratapgarh, Dehradun",30.4985956,79.6190537,district,date,1980-07-07,0.0,0.0,0.5,3.0,6.0,19.4917,87.375,0.4095,1,IMD,ERA5-Land via Open-Meteo Historical API,success,
PH11-00054,1980-07-15,1980,Uttarakhand,"Bahraich, Ballia, Bara Banki, Bareilly,Basti, Bulandshahr, Deoria, Fatehpur, Gon",30.0417376,79.089691,district,date,1980-07-14,0.0,0.0,0.3,0.9,24.3,17.5042,94.5833,0.4587,1,IMD,ERA5-Land via Open-Meteo Historical API,success,
PH11-00055,1980-08-01,1980,Uttarakhand,"Prayagraj,Azamgarh, Bahraich,Ballia, Bara Banki, Basti, Budaun, Bulandshahr, Deh",30.0417376,79.089691,district,date,1980-07-31,0.0,0.0,0.2,1.0,3.3,19.3333,87.8333,0.485,1,IMD,ERA5-Land via Open-Meteo Historical API,success,
PH11-00056,1981-06-01,1981,Kerala,"Kozhikode, Malappuram, Ernakulam, Thrissur, Kollam, Kottayam, Alappuzha,Kannur",11.2450558,75.7754716,district,date,1981-05-31,0.6,2.2,5.1,13.5,20.9,25.5583,89.9583,0.3443,1,IMD,ERA5-Land via Open-Meteo Historical API,success,
PH11-00057,1981-06-08,1981,Kerala,"Malappuram, Kollam, Thrissur,Kozhikode",11.1065685,76.1101742,district,date,1981-06-07,0.4,1.9,5.6,16.2,40.0,24.3375,92.5,0.4837,1,IMD,ERA5-Land via Open-Meteo Historical API,success,
PH11-00058,1981-06-14,1981,Kerala,Alappuzha,9.5003416,76.4123364,district,date,1981-06-13,2.1,8.8,16.9,25.2,40.5,25.1167,92.2917,0.3773,1,IMD,ERA5-Land via Open-Meteo Historical API,success,
PH11-00059,1981-07-27,1981,Kerala,Idukki,9.8154785,76.9991599,district,date,1981-07-26,0.0,0.1,0.1,0.3,2.9,21.5583,84.1667,0.4876,1,IMD,ERA5-Land via Open-Meteo Historical API,success,
PH11-00060,1981-08-17,1981,Kerala,Kozhikode,11.2450558,75.7754716,district,date,1981-08-16,3.0,6.5,10.4,14.3,29.4,23.3333,95.375,0.3432,1,IMD,ERA5-Land via Open-Meteo Historical API,success,
PH11-00061,1981-09-15,1981,Kerala,Alappuzha,9.5003416,76.4123364,district,date,1981-09-14,0.0,0.0,0.4,4.1,7.6,25.3708,90.7917,0.3555,1,IMD,ERA5-Land via Open-Meteo Historical API,success,
PH11-00062,1981-09-11,1981,Tamil Nadu,Vellore,12.9021849,79.061104,district,date,1981-09-10,0.1,0.5,6.2,9.3,21.6,25.3417,87.2083,0.4093,1,IMD,ERA5-Land via Open-Meteo Historical API,success,
PH11-00063,1981-07-01,1981,Uttarakhand,"Mathura, Mainpuri, Aligarh, Pratapgarh, Sultanpur, Agra, Farrukhabad, Ballia, Go",29.2220315,79.5229864,district,date,1981-06-30,0.0,0.3,1.1,2.8,12.2,24.8792,93.4167,0.4189,1,IMD,ERA5-Land via Open-Meteo Historical API,success,
PH11-00064,1982-07-30,1982,Kerala,Kannur,11.8763836,75.3737973,district,date,1982-07-29,3.0,7.3,13.7,24.3,50.3,24.0583,94.0833,0.3703,1,IMD,ERA5-Land via Open-Meteo Historical API,success,
PH11-00065,1982-08-01,1982,Kerala,Kozhikode,11.2450558,75.7754716,district,date,1982-07-31,1.2,4.9,11.0,22.1,44.0,24.4792,91.75,0.3537,1,IMD,ERA5-Land via Open-Meteo Historical API,success,
PH11-00066,1982-08-13,1982,Tamil Nadu,"Viluppuram, Cuddalore",12.1166967,79.5989236,district,date,1982-08-12,0.0,0.0,0.0,0.0,0.0,28.6083,60.7917,0.1995,1,IMD,ERA5-Land via Open-Meteo Historical API,success,
PH11-00067,1982-04-15,1982,Uttarakhand,"Dehradun, Almora",30.3255646,78.0436813,district,date,1982-04-14,0.0,0.0,0.0,0.0,0.0,21.975,53.0417,0.2266,1,IMD,ERA5-Land via Open-Meteo Historical API,success,
PH11-00068,1982-08-08,1982,Uttarakhand,Chamoli,30.4985956,79.6190537,district,date,1982-08-07,1.2,3.6,5.9,7.6,27.7,20.1375,89.5833,0.4251,1,IMD,ERA5-Land via Open-Meteo Historical API,success,
PH11-00069,1982-08-22,1982,Uttarakhand,"Bahraich, Gonda, Basti, Gorakhpur, Deoria, Ballia, Azamgarh, Ayodhya, Sultanpur,",30.0417376,79.089691,district,date,1982-08-21,0.7,2.1,2.8,3.3,11.5,18.2,91.5417,0.461,1,IMD,ERA5-Land via Open-Meteo Historical API,success,
PH11-00070,1983-07-23,1983,Kerala,Malappuram,11.1065685,76.1101742,district,date,1983-07-22,0.6,2.4,4.6,6.9,19.4,24.3542,91.9167,0.4873,1,IMD,ERA5-Land via Open-Meteo Historical API,success,
PH11-00071,1983-08-10,1983,Kerala,Ernakulam,9.9837257,76.2740001,district,date,1983-08-09,0.6,1.1,2.0,4.8,16.7,25.2333,91.4583,0.4307,1,IMD,ERA5-Land via Open-Meteo Historical API,success,
PH11-00072,1983-11-02,1983,Kerala,Palakkad,10.7873692,76.4742172,district,date,1983-11-01,0.0,0.0,0.7,2.3,7.4,25.1167,89.125,0.4795,1,IMD,ERA5-Land via Open-Meteo Historical API,success,
PH11-00073,1983-09-07,1983,Tamil Nadu,Vellore,12.9021849,79.061104,district,date,1983-09-06,0.0,0.0,0.0,4.6,4.6,27.2792,77.375,0.3493,1,IMD,ERA5-Land via Open-Meteo Historical API,success,
PH11-00074,1983-12-21,1983,Tamil Nadu,"Pudukkottai, Ramanathapuram,  Viluppuram, Cuddalore, Thanjavur,Tiruchirappalli",10.2903072,78.8173617,district,date,1983-12-20,1.0,2.8,4.8,15.2,27.6,22.3875,86.875,0.475,1,IMD,ERA5-Land via Open-Meteo Historical API,success,
PH11-00075,1983-07-22,1983,Uttarakhand,Almora,29.702651,79.4326318,district,date,1983-07-21,0.0,0.0,2.7,4.0,5.5,25.15,83.2083,0.4493,1,IMD,ERA5-Land via Open-Meteo Historical API,success,
PH11-00076,1984-04-23,1984,Kerala,Malappuram,11.1065685,76.1101742,district,date,1984-04-22,0.4,0.7,0.7,1.5,5.1,26.6833,89.25,0.4927,1,IMD,ERA5-Land via Open-Meteo Historical API,success,
PH11-00077,1984-06-15,1984,Kerala,"Kottayam, Wayanad",9.6287383,76.6455326,district,date,1984-06-14,0.8,2.3,4.5,8.7,18.1,24.4792,94.9583,0.5079,1,IMD,ERA5-Land via Open-Meteo Historical API,success,
PH11-00078,1984-06-16,1984,Kerala,"Kozhikode, Palakkad",11.2450558,75.7754716,district,date,1984-06-15,1.1,4.9,10.7,15.1,31.3,24.6875,91.7083,0.3441,1,IMD,ERA5-Land via Open-Meteo Historical API,success,
PH11-00079,1984-06-17,1984,Kerala,"Alappuzha,Kannur, Malappuram",9.5003416,76.4123364,district,date,1984-06-16,0.6,3.0,5.4,9.4,23.4,25.1292,92.125,0.3717,1,IMD,ERA5-Land via Open-Meteo Historical API,success,
PH11-00080,1984-06-17,1984,Kerala,Ernakulam,9.9837257,76.2740001,district,date,1984-06-16,1.1,2.5,4.5,8.3,26.3,25.1,90.8333,0.4322,1,IMD,ERA5-Land via Open-Meteo Historical API,success,
PH11-00081,1984-06-18,1984,Kerala,Alappuzha,9.5003416,76.4123364,district,date,1984-06-17,0.7,3.6,5.7,9.3,21.1,24.8,92.7917,0.371,1,IMD,ERA5-Land via Open-Meteo Historical API,success,
PH11-00082,1984-07-01,1984,Kerala,Wayanad,11.7151291,76.1271185,district,date,1984-06-30,2.5,6.5,10.5,18.6,27.1,20.3292,98.375,0.4777,1,IMD,ERA5-Land via Open-Meteo Historical API,success,
PH11-00083,1984-10-05,1984,Kerala,Alappuzha,9.5003416,76.4123364,district,date,1984-10-04,0.2,0.8,1.3,2.0,13.3,25.05,92.625,0.3581,1,IMD,ERA5-Land via Open-Meteo Historical API,success,
PH11-00084,1984-10-06,1984,Kerala,Kozhikode,11.2450558,75.7754716,district,date,1984-10-05,0.6,1.2,1.9,14.4,27.9,24.6917,90.9167,0.3222,1,IMD,ERA5-Land via Open-Meteo Historical API,success,
PH11-00085,1984-02-16,1984,Tamil Nadu,Chennai,13.0836939,80.270186,district,date,1984-02-15,0.2,1.8,2.7,2.8,4.8,24.3917,82.0417,0.3907,1,IMD,ERA5-Land via Open-Meteo Historical API,success,
PH11-00086,1984-03-04,1984,Tamil Nadu,Tirunelveli,8.5495014,77.5805178,district,date,1984-03-03,0.2,0.7,1.2,4.2,20.5,23.775,92.1667,0.4218,1,IMD,ERA5-Land via Open-Meteo Historical API,success,
PH11-00087,1984-03-04,1984,Tamil Nadu,"Madurai,Vellore",9.9261153,78.1140983,district,date,1984-03-03,0.0,0.3,1.3,5.6,17.6,23.525,88.7083,0.4047,1,IMD,ERA5-Land via Open-Meteo Historical API,success,
PH11-00088,1984-03-06,1984,Tamil Nadu,Tiruchirappalli,10.8071144,78.6880939,district,date,1984-03-05,0.4,1.7,4.8,6.4,15.2,24.0583,90.9167,0.4165,1,IMD,ERA5-Land via Open-Meteo Historical API,success,
PH11-00089,1984-04-30,1984,Tamil Nadu,Madurai,9.9261153,78.1140983,district,date,1984-04-29,0.0,0.0,0.0,0.2,0.8,30.4083,64.1667,0.2517,1,IMD,ERA5-Land via Open-Meteo Historical API,success,
PH11-00090,1984-10-03,1984,Tamil Nadu,Coimbatore,11.0018115,76.9628425,district,date,1984-10-02,0.1,0.3,1.2,1.9,4.1,24.3208,82.0,0.3652,1,IMD,ERA5-Land via Open-Meteo Historical API,success,
PH11-00091,1984-06-29,1984,Uttarakhand,Nainital,29.294995,79.4162511,district,date,1984-06-28,1.8,5.7,6.6,7.2,14.0,25.6667,85.5417,0.4542,1,IMD,ERA5-Land via Open-Meteo Historical API,success,
PH11-00092,1984-07-02,1984,Uttarakhand,Almora,29.702651,79.4326318,district,date,1984-07-01,1.3,2.4,3.4,7.0,8.3,23.1125,86.7917,0.467,1,IMD,ERA5-Land via Open-Meteo Historical API,success,
PH11-00093,1984-07-30,1984,Uttarakhand,Nainital,29.294995,79.4162511,district,date,1984-07-29,0.0,0.0,0.0,0.7,4.7,24.1208,87.7083,0.472,1,IMD,ERA5-Land via Open-Meteo Historical API,success,
PH11-00094,1985-06-15,1985,Kerala,Kozhikode,11.2450558,75.7754716,district,date,1985-06-14,0.6,2.4,4.8,13.2,44.5,24.6333,91.125,0.3505,1,IMD,ERA5-Land via Open-Meteo Historical API,success,
PH11-00095,1985-06-24,1985,Kerala,Idukki,9.8154785,76.9991599,district,date,1985-06-23,2.7,8.0,14.9,37.0,80.2,19.1417,99.5417,0.4816,1,IMD,ERA5-Land via Open-Meteo Historical API,success,
PH11-00096,1985-06-25,1985,Kerala,"Alappuzha,Kannur, Kottayam, Kozhikode, Palakkad,Thrissur",9.5003416,76.4123364,district,date,1985-06-24,0.5,1.9,4.4,11.5,29.5,24.2625,92.7083,0.3806,1,IMD,ERA5-Land via Open-Meteo Historical API,success,
PH11-00097,1985-07-14,1985,Kerala,Thiruvananthapuram,8.4882267,76.947551,district,date,1985-07-13,0.4,0.5,1.2,2.1,7.3,24.4375,88.125,0.2545,1,IMD,ERA5-Land via Open-Meteo Historical API,success,
PH11-00098,1985-11-01,1985,Tamil Nadu,"Thiruvallur, Chennai, Krishnagiri, Tiruvannamalai, Dharmapuri, Salem, Erode, The",13.2537619,80.0562572,district,date,1985-10-31,0.0,0.0,0.0,0.0,0.0,26.2583,66.8333,0.2179,1,IMD,ERA5-Land via Open-Meteo Historical API,success,
PH11-00099,1985-07-22,1985,Uttarakhand,Garhwal,30.25,79.333333,district,date,1985-07-21,0.9,1.6,2.1,2.7,9.2,16.2708,92.4583,0.4805,1,IMD,ERA5-Land via Open-Meteo Historical API,success,
PH11-00100,1985-08-08,1985,Uttarakhand,"Ballia, Deoria, Ghazipurr, Moradabad, Nainital",30.0417376,79.089691,district,date,1985-08-07,0.0,0.0,0.0,0.3,2.9,18.4292,85.875,0.4485,1,IMD,ERA5-Land via Open-Meteo Historical API,success,
PH11-00101,1985-10-22,1985,Uttarakhand,Garhwal,30.25,79.333333,district,date,1985-10-21,0.0,0.3,0.6,0.6,0.7,9.425,61.2917,0.4144,1,IMD,ERA5-Land via Open-Meteo Historical API,success,
PH11-00102,1986-05-04,1986,Kerala,"Kozhikode,Thiruvananthapuram",11.2450558,75.7754716,district,date,1986-05-03,0.0,0.0,2.2,7.6,8.4,27.5042,83.3333,0.2214,1,IMD,ERA5-Land via Open-Meteo Historical API,success,
PH11-00103,1986-03-12,1986,Kerala,Thiruvananthapuram,8.4882267,76.947551,district,date,1986-03-11,0.0,0.0,0.0,1.2,1.2,27.575,74.4167,0.0645,1,IMD,ERA5-Land via Open-Meteo Historical API,success,
PH11-00104,1986-06-18,1986,Kerala,Thiruvananthapuram,8.4882267,76.947551,district,date,1986-06-17,0.0,0.1,1.0,1.8,4.7,25.225,88.2917,0.291,1,IMD,ERA5-Land via Open-Meteo Historical API,success,
PH11-00105,1986-06-24,1986,Kerala,Kollam,8.8870533,76.5906696,district,date,1986-06-23,0.2,0.7,1.5,1.8,3.8,26.425,85.875,0.2794,1,IMD,ERA5-Land via Open-Meteo Historical API,success,
PH11-00106,1986-08-01,1986,Kerala,"Alappuzha,Kannur, Ernakulam, Idukki, Kottayam,Kollam",9.5003416,76.4123364,district,date,1986-07-31,0.2,1.0,1.9,2.6,5.1,25.7,88.5417,0.253,1,IMD,ERA5-Land via Open-Meteo Historical API,success,
PH11-00107,1986-11-03,1986,Tamil Nadu,Tiruchirappalli,10.8071144,78.6880939,district,date,1986-11-02,0.0,0.0,0.0,0.0,0.3,26.0958,69.9167,0.3553,1,IMD,ERA5-Land via Open-Meteo Historical API,success,
PH11-00108,1986-11-05,1986,Tamil Nadu,"Chengalpattu, Chennai, Cuddalore, Kallakurichi, Viluppuram, Tiruchirappalli",12.6840886,79.9836371,district,date,1986-11-04,0.7,0.9,1.5,3.6,7.0,25.6667,87.9167,0.4164,1,IMD,ERA5-Land via Open-Meteo Historical API,success,
PH11-00109,1987-06-18,1987,Kerala,Ernakulam,9.9837257,76.2740001,district,date,1987-06-17,0.2,0.5,1.1,3.6,7.8,26.15,89.5833,0.4292,1,IMD,ERA5-Land via Open-Meteo Historical API,success,
PH11-00110,1987-10-13,1987,Kerala,Idukki,9.8154785,76.9991599,district,date,1987-10-12,0.0,0.0,0.0,0.2,4.8,22.2042,90.9167,0.4808,1,IMD,ERA5-Land via Open-Meteo Historical API,success,
PH11-00111,1987-11-09,1987,Kerala,Kozhikode,11.2450558,75.7754716,district,date,1987-11-08,6.7,23.8,61.3,97.2,102.9,26.1125,87.5833,0.3172,1,IMD,ERA5-Land via Open-Meteo Historical API,success,
PH11-00112,1987-12-01,1987,Kerala,Thrissur,10.5270099,76.214621,district,date,1987-11-30,0.0,0.0,0.0,0.0,0.0,25.1125,74.4583,0.399,1,IMD,ERA5-Land via Open-Meteo Historical API,success,
PH11-00113,1987-12-05,1987,Kerala,Thiruvananthapuram,8.4882267,76.947551,district,date,1987-12-04,1.0,1.9,2.0,2.0,3.2,26.0875,84.5,0.1837,1,IMD,ERA5-Land via Open-Meteo Historical API,success,
PH11-00114,1987-12-17,1987,Kerala,Kozhikode,11.2450558,75.7754716,district,date,1987-12-16,0.0,0.1,1.0,1.2,2.2,26.1917,82.6667,0.2253,1,IMD,ERA5-Land via Open-Meteo Historical API,success,
PH11-00115,1987-12-06,1987,Tamil Nadu,"Pudukkottai, Thanjavur, Tiruchirappalli",10.2903072,78.8173617,district,date,1987-12-05,1.7,5.2,9.6,12.1,22.1,23.2875,94.2917,0.4951,1,IMD,ERA5-Land via Open-Meteo Historical API,success,
PH11-00116,1988-04-17,1988,Kerala,Ernakulam,9.9837257,76.2740001,district,date,1988-04-16,0.0,0.0,0.0,11.2,15.2,27.5125,84.9167,0.3965,1,IMD,ERA5-Land via Open-Meteo Historical API,success,
PH11-00117,1988-06-05,1988,Kerala,Malappuram,11.1065685,76.1101742,district,date,1988-06-04,0.1,0.3,2.8,12.9,40.5,24.6042,94.125,0.475,1,IMD,ERA5-Land via Open-Meteo Historical API,success,
PH11-00118,1988-07-18,1988,Kerala,Idukki,9.8154785,76.9991599,district,date,1988-07-17,1.7,7.3,14.6,27.4,49.3,20.3417,98.7083,0.4799,1,IMD,ERA5-Land via Open-Meteo Historical API,success,
PH11-00119,1988-07-21,1988,Kerala,Idukki,9.8154785,76.9991599,district,date,1988-07-20,0.3,0.4,1.2,2.7,8.8,21.1,93.0833,0.4852,1,IMD,ERA5-Land via Open-Meteo Historical API,success,
PH11-00120,1988-07-23,1988,Kerala,Kannur,11.8763836,75.3737973,district,date,1988-07-22,5.2,19.4,36.7,60.9,89.7,24.4833,93.4167,0.3762,1,IMD,ERA5-Land via Open-Meteo Historical API,success,
PH11-00121,1988-08-25,1988,Kerala,Malappuram,11.1065685,76.1101742,district,date,1988-08-24,0.0,0.0,0.7,1.1,2.0,25.3042,87.125,0.4808,1,IMD,ERA5-Land via Open-Meteo Historical API,success,
PH11-00122,1988-09-15,1988,Kerala,Idukki,9.8154785,76.9991599,district,date,1988-09-14,0.3,0.8,0.8,1.5,13.5,21.75,94.8333,0.4605,1,IMD,ERA5-Land via Open-Meteo Historical API,success,
PH11-00123,1988-09-22,1988,Kerala,Kollam,8.8870533,76.5906696,district,date,1988-09-21,0.3,0.4,1.3,2.4,5.7,25.7833,89.4583,0.2966,1,IMD,ERA5-Land via Open-Meteo Historical API,success,
PH11-00124,1988-11-06,1988,Tamil Nadu,Chennai,13.0836939,80.270186,district,date,1988-11-05,1.2,2.3,5.6,11.6,21.8,24.9542,90.875,0.3746,1,IMD,ERA5-Land via Open-Meteo Historical API,success,
PH11-00125,1989-06-08,1989,Kerala,"Alappuzha,Thrissur",9.5003416,76.4123364,district,date,1989-06-07,0.8,2.6,4.6,7.8,13.1,25.7208,89.25,0.355,1,IMD,ERA5-Land via Open-Meteo Historical API,success,
PH11-00126,1989-06-09,1989,Kerala,Kasaragod,12.4221964,75.1904446,district,date,1989-06-08,3.5,9.4,20.8,42.2,66.9,23.8458,97.375,0.4816,1,IMD,ERA5-Land via Open-Meteo Historical API,success,
PH11-00127,1989-06-11,1989,Kerala,Kasaragod,12.4221964,75.1904446,district,date,1989-06-10,0.9,3.8,8.7,18.2,49.7,24.1042,96.4167,0.4871,1,IMD,ERA5-Land via Open-Meteo Historical API,success,
PH11-00128,1989-06-11,1989,Kerala,"Idukki,Kottayam",9.8154785,76.9991599,district,date,1989-06-10,1.3,4.3,8.7,17.4,35.1,20.525,98.7917,0.4902,1,IMD,ERA5-Land via Open-Meteo Historical API,success,
PH11-00129,1989-07-16,1989,Kerala,Idukki,9.8154785,76.9991599,district,date,1989-07-15,1.8,4.4,7.4,15.4,23.8,20.1583,97.375,0.4801,1,IMD,ERA5-Land via Open-Meteo Historical API,success,
PH11-00130,1989-07-18,1989,Kerala,Pathanamthitta,9.2780841,76.9737443,district,date,1989-07-17,1.2,6.3,12.5,21.9,43.5,20.2625,98.9167,0.4781,1,IMD,ERA5-Land via Open-Meteo Historical API,success,
PH11-00131,1989-07-21,1989,Kerala,Thiruvananthapuram,8.4882267,76.947551,district,date,1989-07-20,0.5,1.4,2.4,4.2,8.0,24.4875,89.7917,0.2958,1,IMD,ERA5-Land via Open-Meteo Historical API,success,
PH11-00132,1989-07-21,1989,Kerala,"Alappuzha, Ernakulam, Idukki, Kozhikode, Malappuram,Palakkad",9.5003416,76.4123364,district,date,1989-07-20,0.3,0.3,0.8,3.8,9.1,25.0333,90.5,0.3462,1,IMD,ERA5-Land via Open-Meteo Historical API,success,
PH11-00133,1989-06-19,1989,Tamil Nadu,Chennai,13.0836939,80.270186,district,date,1989-06-18,0.0,0.0,0.0,2.0,2.3,29.575,66.125,0.2466,1,IMD,ERA5-Land via Open-Meteo Historical API,success,
PH11-00134,1989-07-22,1989,Tamil Nadu,"Coimbatore, The Nilgiris",11.0018115,76.9628425,district,date,1989-07-21,0.8,2.6,5.7,8.7,9.8,22.7333,88.5833,0.3379,1,IMD,ERA5-Land via Open-Meteo Historical API,success,
PH11-00135,1990-05-26,1990,Kerala,Kozhikode,11.2450558,75.7754716,district,date,1990-05-25,0.6,1.3,1.9,7.8,23.2,25.4333,91.125,0.3312,1,IMD,ERA5-Land via Open-Meteo Historical API,success,
PH11-00136,1990-07-03,1990,Kerala,"Kannur,Kozhikode",11.8763836,75.3737973,district,date,1990-07-02,1.4,4.5,7.4,14.4,31.5,24.5833,92.3333,0.3555,1,IMD,ERA5-Land via Open-Meteo Historical API,success,
PH11-00137,1990-11-03,1990,Kerala,Thiruvananthapuram,8.4882267,76.947551,district,date,1990-11-02,3.9,9.9,15.9,25.5,55.9,24.2167,93.125,0.3738,1,IMD,ERA5-Land via Open-Meteo Historical API,success,
PH11-00138,1990-07-09,1990,Uttarakhand,Garhwal,30.25,79.333333,district,date,1990-07-08,3.7,11.1,20.3,36.8,132.0,15.6167,96.75,0.488,1,IMD,ERA5-Land via Open-Meteo Historical API,success,
PH11-00139,1990-10-18,1990,Tamil Nadu,"Chennai,The Nilgiris",13.0836939,80.270186,district,date,1990-10-17,0.1,1.0,1.6,1.6,2.2,27.225,82.0417,0.2095,1,IMD,ERA5-Land via Open-Meteo Historical API,success,
PH11-00140,1991-03-09,1991,Kerala,Kollam,8.8870533,76.5906696,district,date,1991-03-08,0.0,0.0,0.0,0.0,0.4,28.5167,73.0,0.163,1,IMD,ERA5-Land via Open-Meteo Historical API,success,
PH11-00141,1991-05-21,1991,Kerala,Kozhikode,11.2450558,75.7754716,district,date,1991-05-20,0.0,0.0,0.0,0.8,2.1,28.8542,81.9583,0.2447,1,IMD,ERA5-Land via Open-Meteo Historical API,success,
PH11-00142,1991-06-03,1991,Kerala,Ernakulam,9.9837257,76.2740001,district,date,1991-06-02,0.8,3.9,9.2,9.7,39.6,26.65,90.2917,0.4318,1,IMD,ERA5-Land via Open-Meteo Historical API,success,
PH11-00143,1991-06-06,1991,Kerala,"Alappuzha, Idukki, Kasaragod, Kollam, Kottayam, Kozhikode, Palakkad, Pathanamthi",9.5003416,76.4123364,district,date,1991-06-05,0.4,0.8,1.6,5.5,30.3,26.2083,92.7083,0.3764,1,IMD,ERA5-Land via Open-Meteo Historical API,success,
PH11-00144,1991-06-09,1991,Kerala,"Alappuzha,Kozhikode",9.5003416,76.4123364,district,date,1991-06-08,0.3,1.4,2.9,5.9,22.8,26.4292,91.0,0.3668,1,IMD,ERA5-Land via Open-Meteo Historical API,success,
PH11-00145,1991-06-19,1991,Kerala,"Ernakulam,Thiruvananthapuram",9.9837257,76.2740001,district,date,1991-06-18,0.0,1.0,2.7,7.0,20.8,25.2667,91.0833,0.4379,1,IMD,ERA5-Land via Open-Meteo Historical API,success,
PH11-00146,1991-07-07,1991,Kerala,"Kannur, Kollam, Palakkad,Thiruvananthapuram",11.8763836,75.3737973,district,date,1991-07-06,2.5,7.2,9.9,12.0,21.1,24.5375,90.3333,0.3291,1,IMD,ERA5-Land via Open-Meteo Historical API,success,
PH11-00147,1991-10-20,1991,Tamil Nadu,"Thiruvallur, Chennai, Krishnagiri, Tiruvannamalai, Dharmapuri, Salem, Erode, The",13.2537619,80.0562572,district,date,1991-10-19,0.0,0.0,0.6,0.6,1.2,27.0917,78.3333,0.214,1,IMD,ERA5-Land via Open-Meteo Historical API,success,
PH11-00148,1991-08-15,1991,Uttarakhand,Chamoli,30.4985956,79.6190537,district,date,1991-08-14,0.7,2.0,4.2,5.7,7.1,20.7292,91.9167,0.389,1,IMD,ERA5-Land via Open-Meteo Historical API,success,
PH11-00149,1991-08-16,1991,Uttarakhand,Almora,29.702651,79.4326318,district,date,1991-08-15,0.2,0.6,1.6,3.0,5.9,23.1625,91.9583,0.479,1,IMD,ERA5-Land via Open-Meteo Historical API,success,
PH11-00150,1991-08-18,1991,Uttarakhand,Tehri Garhwal,30.4658181,78.4837349,district,date,1991-08-17,0.0,0.0,0.0,1.8,9.9,19.0125,89.6667,0.4652,1,IMD,ERA5-Land via Open-Meteo Historical API,success,
PH11-00151,1992-05-18,1992,Kerala,"Alappuzha,Ernakulam",9.5003416,76.4123364,district,date,1992-05-17,0.4,0.5,1.6,4.9,27.0,25.8792,91.9167,0.3704,1,IMD,ERA5-Land via Open-Meteo Historical API,success,
PH11-00152,1992-06-08,1992,Kerala,"Kasaragod, Wayanad, Kozhikode, Malappuram, Palakkad, Thrissur, Idukki, Ernakulam",12.4221964,75.1904446,district,date,1992-06-07,0.0,0.0,2.4,2.8,12.4,25.6417,90.2083,0.4847,1,IMD,ERA5-Land via Open-Meteo Historical API,success,
PH11-00153,1992-07-02,1992,Kerala,"Kasaragod, Wayanad, Kozhikode, Malappuram, Palakkad, Thrissur, Idukki, Ernakulam",12.4221964,75.1904446,district,date,1992-07-01,0.8,2.3,5.6,10.3,21.5,24.1833,94.0417,0.4912,1,IMD,ERA5-Land via Open-Meteo Historical API,success,
PH11-00154,1992-07-16,1992,Kerala,"Alappuzha,Kollam",9.5003416,76.4123364,district,date,1992-07-15,4.5,14.0,24.0,30.1,49.7,24.675,92.6667,0.3832,1,IMD,ERA5-Land via Open-Meteo Historical API,success,
PH11-00155,1992-07-27,1992,Kerala,Ernakulam,9.9837257,76.2740001,district,date,1992-07-26,1.5,3.3,7.0,15.3,29.1,24.6625,91.0833,0.4323,1,IMD,ERA5-Land via Open-Meteo Historical API,success,
PH11-00156,1992-07-28,1992,Kerala,Thiruvananthapuram,8.4882267,76.947551,district,date,1992-07-27,0.7,4.2,7.0,11.7,27.0,24.3375,89.625,0.3223,1,IMD,ERA5-Land via Open-Meteo Historical API,success,
PH11-00157,1992-07-31,1992,Kerala,Kollam,8.8870533,76.5906696,district,date,1992-07-30,0.0,0.0,0.0,0.2,2.3,25.0042,88.4583,0.3006,1,IMD,ERA5-Land via Open-Meteo Historical API,success,
PH11-00158,1992-08-02,1992,Kerala,Kollam,8.8870533,76.5906696,district,date,1992-08-01,0.5,1.2,1.8,6.8,9.7,24.6875,89.5417,0.3156,1,IMD,ERA5-Land via Open-Meteo Historical API,success,
PH11-00159,1992-08-08,1992,Kerala,"Kollam,Kozhikode",8.8870533,76.5906696,district,date,1992-08-07,0.2,0.6,0.8,2.0,4.5,25.3833,88.9583,0.2975,1,IMD,ERA5-Land via Open-Meteo Historical API,success,
PH11-00160,1992-10-10,1992,Kerala,"Alappuzha, Kollam, Pathanamthitta,Thiruvananthapuram",9.5003416,76.4123364,district,date,1992-10-09,2.8,11.5,12.8,17.7,40.1,25.2833,92.3333,0.3737,1,IMD,ERA5-Land via Open-Meteo Historical API,success,
PH11-00161,1992-10-09,1992,Tamil Nadu,Kanniyakumariumari,11.3323723,78.6098639,district,date,1992-10-08,0.0,0.0,0.0,3.3,3.3,23.1083,84.4583,0.4031,1,IMD,ERA5-Land via Open-Meteo Historical API,success,
PH11-00162,1993-06-01,1993,Kerala,"Alappuzha, Ernakulam, Idukki,  Kollam, Pathanamthitta, Thiruvananthapuram,Thriss",9.5003416,76.4123364,district,date,1993-05-31,0.2,0.9,1.8,4.8,18.5,26.2625,91.1667,0.3622,1,IMD,ERA5-Land via Open-Meteo Historical API,success,
PH11-00163,1993-06-13,1993,Kerala,Alappuzha,9.5003416,76.4123364,district,date,1993-06-12,0.3,0.9,2.5,4.1,6.3,26.6083,88.5417,0.3302,1,IMD,ERA5-Land via Open-Meteo Historical API,success,
PH11-00164,1993-06-18,1993,Kerala,Thiruvananthapuram,8.4882267,76.947551,district,date,1993-06-17,0.5,1.3,2.8,6.8,11.2,25.3,90.4583,0.287,1,IMD,ERA5-Land via Open-Meteo Historical API,success,
PH11-00165,1993-07-03,1993,Kerala,Kottayam,9.6287383,76.6455326,district,date,1993-07-02,1.6,5.3,11.4,18.7,38.3,23.25,99.5833,0.4761,1,IMD,ERA5-Land via Open-Meteo Historical API,success,
PH11-00166,1993-07-18,1993,Kerala,Kollam,8.8870533,76.5906696,district,date,1993-07-17,0.1,0.1,0.1,0.8,20.6,24.7292,90.5833,0.3362,1,IMD,ERA5-Land via Open-Meteo Historical API,success,
PH11-00167,1993-07-22,1993,Kerala,Kollam,8.8870533,76.5906696,district,date,1993-07-21,0.0,0.6,1.2,1.3,3.3,25.5833,84.9583,0.2985,1,IMD,ERA5-Land via Open-Meteo Historical API,success,
PH11-00168,1993-07-26,1993,Kerala,"Kannur,Thiruvananthapuram",11.8763836,75.3737973,district,date,1993-07-25,0.9,3.2,7.4,15.2,42.5,24.0417,94.0,0.352,1,IMD,ERA5-Land via Open-Meteo Historical API,success,
PH11-00169,1993-07-27,1993,Kerala,Malappuram,11.1065685,76.1101742,district,date,1993-07-26,0.5,1.0,1.9,6.5,15.5,23.2292,92.0417,0.4941,1,IMD,ERA5-Land via Open-Meteo Historical API,success,
PH11-00170,1993-07-28,1993,Kerala,Thiruvananthapuram,8.4882267,76.947551,district,date,1993-07-27,0.3,0.7,1.0,1.6,3.6,24.1917,89.8333,0.2925,1,IMD,ERA5-Land via Open-Meteo Historical API,success,
PH11-00171,1993-10-06,1993,Kerala,Kottayam,9.6287383,76.6455326,district,date,1993-10-05,3.1,5.7,6.9,8.4,12.1,24.3083,93.75,0.4736,1,IMD,ERA5-Land via Open-Meteo Historical API,success,
PH11-00172,1993-10-08,1993,Kerala,Malappuram,11.1065685,76.1101742,district,date,1993-10-07,1.4,4.9,7.5,13.8,20.4,24.6667,91.5417,0.4802,1,IMD,ERA5-Land via Open-Meteo Historical API,success,
PH11-00173,1993-10-09,1993,Kerala,Palakkad,10.7873692,76.4742172,district,date,1993-10-08,0.1,0.4,0.4,5.3,21.8,23.1083,97.875,0.4807,1,IMD,ERA5-Land via Open-Meteo Historical API,success,
PH11-00174,1993-10-11,1993,Kerala,Alappuzha,9.5003416,76.4123364,district,date,1993-10-10,0.7,1.7,5.1,11.2,36.5,25.0875,92.9583,0.3772,1,IMD,ERA5-Land via Open-Meteo Historical API,success,
PH11-00175,1993-11-10,1993,Kerala,"Idukki, Kollam,Thiruvananthapuram",9.8154785,76.9991599,district,date,1993-11-09,0.0,0.8,3.2,6.3,41.0,20.7917,98.875,0.4788,1,IMD,ERA5-Land via Open-Meteo Historical API,success,
PH11-00176,1993-08-06,1993,Tamil Nadu,Dindigul,10.4257161,77.8154728,district,date,1993-08-05,0.0,0.0,0.0,0.0,0.9,27.5208,69.9583,0.19,1,IMD,ERA5-Land via Open-Meteo Historical API,success,
PH11-00177,1993-11-07,1993,Tamil Nadu,"Coimbatore, The Nilgiris, Ramanathapuram,Thanjavur",11.0018115,76.9628425,district,date,1993-11-06,0.2,0.3,0.5,3.4,5.0,23.0625,84.1667,0.3587,1,IMD,ERA5-Land via Open-Meteo Historical API,success,
PH11-00178,1994-05-28,1994,Kerala,Palakkad,10.7873692,76.4742172,district,date,1994-05-27,0.0,0.0,0.8,3.8,5.0,26.2,86.875,0.4593,1,IMD,ERA5-Land via Open-Meteo Historical API,success,
PH11-00179,1994-06-01,1994,Kerala,"Alappuzha, Ernakulam, Idukki, Kasaragod, Kollam, Kottayam, Kozhikode, Malappuram",9.5003416,76.4123364,district,date,1994-05-31,0.5,3.1,4.7,13.6,45.5,25.4583,93.3333,0.3833,1,IMD,ERA5-Land via Open-Meteo Historical API,success,
PH11-00180,1994-07-11,1994,Kerala,Kasaragod,12.4221964,75.1904446,district,date,1994-07-10,1.4,3.2,5.7,9.4,24.2,22.8625,97.6667,0.49,1,IMD,ERA5-Land via Open-Meteo Historical API,success,
PH11-00181,1994-07-14,1994,Kerala,"Idukki,Malappuram",9.8154785,76.9991599,district,date,1994-07-13,1.6,4.5,9.2,17.1,37.0,20.6625,96.0833,0.48,1,IMD,ERA5-Land via Open-Meteo Historical API,success,
PH11-00182,1994-07-14,1994,Kerala,"Alappuzha, Ernakulam, Idukki, Kozhikode, Malappuram, Palakkad,Thrissur",9.5003416,76.4123364,district,date,1994-07-13,0.7,1.3,2.5,11.1,25.4,25.7125,90.5,0.3666,1,IMD,ERA5-Land via Open-Meteo Historical API,success,
PH11-00183,1994-07-15,1994,Kerala,"Kannur, Kozhikode, Malappuram, Thiruvananthapuram,Thrissur",11.8763836,75.3737973,district,date,1994-07-14,3.1,7.8,12.6,32.8,65.0,24.7333,92.25,0.3743,1,IMD,ERA5-Land via Open-Meteo Historical API,success,
PH11-00184,1994-07-23,1994,Kerala,Thrissur,10.5270099,76.214621,district,date,1994-07-22,0.3,1.8,2.9,5.3,11.0,25.0208,90.0417,0.4652,1,IMD,ERA5-Land via Open-Meteo Historical API,success,
PH11-00185,1994-07-31,1994,Kerala,"Kasaragod, Kollam, Kozhikode, Palakkad, Pathanamthitta,Thiruvananthapuram",12.4221964,75.1904446,district,date,1994-07-30,0.6,4.8,8.3,19.5,39.6,23.925,95.0,0.4746,1,IMD,ERA5-Land via Open-Meteo Historical API,success,
PH11-00186,1994-08-01,1994,Kerala,"Alappuzha, Thiruvananthapuram,Thrissur",9.5003416,76.4123364,district,date,1994-07-31,0.6,2.5,4.4,16.9,29.3,24.5875,92.5417,0.3732,1,IMD,ERA5-Land via Open-Meteo Historical API,success,
PH11-00187,1994-08-02,1994,Kerala,"Ernakulam, Idukki, Kollam, Kottayam,Thiruvananthapuram",9.9837257,76.2740001,district,date,1994-08-01,1.2,3.0,5.3,10.1,31.5,24.525,91.375,0.429,1,IMD,ERA5-Land via Open-Meteo Historical API,success,
PH11-00188,1994-08-03,1994,Kerala,"Alappuzha, Ernakulam, Idukki, Kannur, Kasaragod, Kollam, Kottayam, Pathanamthitt",9.5003416,76.4123364,district,date,1994-08-02,0.6,1.7,2.8,7.9,21.3,23.7292,95.4583,0.3771,1,IMD,ERA5-Land via Open-Meteo Historical API,success,
PH11-00189,1994-09-22,1994,Kerala,Kannur,11.8763836,75.3737973,district,date,1994-09-21,0.0,0.0,0.0,0.0,0.0,26.3583,81.7917,0.1725,1,IMD,ERA5-Land via Open-Meteo Historical API,success,
PH11-00190,1994-10-03,1994,Kerala,"Kollam,Thiruvananthapuram",8.8870533,76.5906696,district,date,1994-10-02,0.4,0.7,1.9,4.3,7.9,25.4333,88.2083,0.2918,1,IMD,ERA5-Land via Open-Meteo Historical API,success,
PH11-00191,1994-10-11,1994,Kerala,Idukki,9.8154785,76.9991599,district,date,1994-10-10,0.4,0.4,1.2,4.1,13.6,21.7667,89.9167,0.4797,1,IMD,ERA5-Land via Open-Meteo Historical API,success,
PH11-00192,1994-10-16,1994,Kerala,Kozhikode,11.2450558,75.7754716,district,date,1994-10-15,0.4,0.4,0.4,1.5,2.4,25.4958,85.625,0.2855,1,IMD,ERA5-Land via Open-Meteo Historical API,success,
PH11-00193,1994-10-24,1994,Kerala,Kollam,8.8870533,76.5906696,district,date,1994-10-23,0.0,0.1,0.1,0.8,2.3,26.1333,84.5417,0.281,1,IMD,ERA5-Land via Open-Meteo Historical API,success,
PH11-00194,1994-07-13,1994,Tamil Nadu,Coimbatore,11.0018115,76.9628425,district,date,1994-07-12,0.2,0.6,1.1,1.6,6.5,22.2167,91.0833,0.2805,1,IMD,ERA5-Land via Open-Meteo Historical API,success,
PH11-00195,1994-11-03,1994,Tamil Nadu,"Chennai,Madurai",13.0836939,80.270186,district,date,1994-11-02,0.1,0.7,4.6,5.7,18.5,24.4417,90.75,0.4061,1,IMD,ERA5-Land via Open-Meteo Historical API,success,
PH11-00196,1994-11-07,1994,Tamil Nadu,"Dindigul, Tiruchirappalli",10.4257161,77.8154728,district,date,1994-11-06,0.0,0.0,1.4,12.5,27.7,23.5375,92.2917,0.4254,1,IMD,ERA5-Land via Open-Meteo Historical API,success,
PH11-00197,1994-12-20,1994,Tamil Nadu,Chennai,13.0836939,80.270186,district,date,1994-12-19,0.3,0.9,2.1,3.0,7.8,24.0542,89.3333,0.3245,1,IMD,ERA5-Land via Open-Meteo Historical API,success,
PH11-00198,1995-03-28,1995,Kerala,Pathanamthitta,9.2780841,76.9737443,district,date,1995-03-27,0.0,0.0,0.0,0.1,1.0,24.8708,79.2917,0.413,1,IMD,ERA5-Land via Open-Meteo Historical API,success,
PH11-00199,1995-05-07,1995,Kerala,Kollam,8.8870533,76.5906696,district,date,1995-05-06,6.1,15.0,21.6,29.3,52.1,26.1042,90.6667,0.3523,1,IMD,ERA5-Land via Open-Meteo Historical API,success,
PH11-00200,1995-05-07,1995,Kerala,"Ernakulam, Idukki, Thiruvananthapuram",9.9837257,76.2740001,district,date,1995-05-06,1.3,5.3,18.9,37.7,52.1,25.9292,92.2083,0.4367,1,IMD,ERA5-Land via Open-Meteo Historical API,success,
PH11-00201,1995-05-07,1995,Kerala,"Alappuzha,Kottayam",9.5003416,76.4123364,district,date,1995-05-06,31.9,86.4,109.8,123.1,141.6,25.9375,93.0,0.3867,1,IMD,ERA5-Land via Open-Meteo Historical API,success,
PH11-00202,1995-05-07,1995,Kerala,"Kozhikode, Pathanamthitta",11.2450558,75.7754716,district,date,1995-05-06,0.0,0.2,0.4,15.3,32.5,26.5583,89.0,0.325,1,IMD,ERA5-Land via Open-Meteo Historical API,success,
PH11-00203,1995-06-13,1995,Kerala,"Ernakulam, Idukki, Kasaragod, Kollam, Kottayam, Kozhikode, Malappuram,Thiruvanan",9.9837257,76.2740001,district,date,1995-06-12,2.7,7.0,13.0,21.5,32.3,25.7208,91.5833,0.4383,1,IMD,ERA5-Land via Open-Meteo Historical API,success,
PH11-00204,1995-06-29,1995,Kerala,Kasaragod,12.4221964,75.1904446,district,date,1995-06-28,0.4,2.0,4.4,8.1,25.6,24.2625,96.125,0.4813,1,IMD,ERA5-Land via Open-Meteo Historical API,success,
PH11-00205,1995-07-05,1995,Kerala,"Idukki, Kasaragod,Kozhikode",9.8154785,76.9991599,district,date,1995-07-04,0.0,0.0,0.0,0.2,2.5,22.4625,88.5833,0.4834,1,IMD,ERA5-Land via Open-Meteo Historical API,success,
PH11-00206,1995-07-14,1995,Kerala,"Idukki, Kottayam,Malappuram",9.8154785,76.9991599,district,date,1995-07-13,0.1,0.2,0.2,0.4,3.0,21.5833,88.6667,0.4863,1,IMD,ERA5-Land via Open-Meteo Historical API,success,
PH11-00207,1995-07-21,1995,Kerala,"Kannur, Kasaragod,Kottayam",11.8763836,75.3737973,district,date,1995-07-20,0.5,1.0,1.7,7.8,18.0,24.7625,91.9583,0.3515,1,IMD,ERA5-Land via Open-Meteo Historical API,success,
PH11-00208,1995-08-04,1995,Kerala,Kannur,11.8763836,75.3737973,district,date,1995-08-03,0.0,0.2,0.2,1.3,2.6,25.2625,89.2083,0.2998,1,IMD,ERA5-Land via Open-Meteo Historical API,success,
PH11-00209,1995-09-02,1995,Kerala,"Alappuzha, Idukki,Wayanad",9.5003416,76.4123364,district,date,1995-09-01,0.3,2.1,3.6,6.5,19.1,25.0875,91.7083,0.3688,1,IMD,ERA5-Land via Open-Meteo Historical API,success,
PH11-00210,1995-10-07,1995,Kerala,"Kozhikode,Thiruvananthapuram",11.2450558,75.7754716,district,date,1995-10-06,0.0,0.0,0.0,7.2,19.7,25.7958,88.6667,0.2912,1,IMD,ERA5-Land via Open-Meteo Historical API,success,
PH11-00211,1995-10-15,1995,Kerala,"Alappuzha, Kollam, Malappuram, Thiruvananthapuram,Wayanad",9.5003416,76.4123364,district,date,1995-10-14,0.1,1.0,1.1,1.1,1.1,26.4875,83.375,0.2832,1,IMD,ERA5-Land via Open-Meteo Historical API,success,
PH11-00212,1995-10-18,1995,Kerala,"Idukki,Thiruvananthapuram",9.8154785,76.9991599,district,date,1995-10-17,0.0,0.4,3.5,5.3,7.0,22.6583,87.25,0.4703,1,IMD,ERA5-Land via Open-Meteo Historical API,success,
PH11-00213,1995-05-06,1995,Tamil Nadu,Kanniyakumariumari,11.3323723,78.6098639,district,date,1995-05-05,0.0,1.3,2.6,4.2,13.6,24.825,77.6667,0.2956,1,IMD,ERA5-Land via Open-Meteo Historical API,success,
PH11-00214,1995-09-07,1995,Tamil Nadu,Kancheepuram,12.8796052,79.7042762,district,date,1995-09-06,0.0,0.0,0.0,0.0,0.0,29.4958,60.875,0.2443,1,IMD,ERA5-Land via Open-Meteo Historical API,success,
PH11-00215,1995-11-02,1995,Tamil Nadu,"Nagapattinam,Thanjavur",10.6026203,79.7619348,district,date,1995-11-01,0.0,0.0,4.7,6.0,7.9,27.5542,81.0417,0.2419,1,IMD,ERA5-Land via Open-Meteo Historical API,success,
PH11-00216,1996-06-03,1996,Kerala,Kottayam,9.6287383,76.6455326,district,date,1996-06-02,0.1,0.6,0.7,8.4,16.6,26.2458,91.25,0.4945,1,IMD,ERA5-Land via Open-Meteo Historical API,success,
PH11-00217,1996-06-13,1996,Kerala,Thiruvananthapuram,8.4882267,76.947551,district,date,1996-06-12,1.0,1.5,5.2,12.8,21.7,25.0333,90.6667,0.2926,1,IMD,ERA5-Land via Open-Meteo Historical API,success,
PH11-00218,1996-06-14,1996,Kerala,"Alappuzha, Ernakulam, Idukki, Kannur, Kasaragod, Kottayam, Kozhikode, Malappuram",9.5003416,76.4123364,district,date,1996-06-13,0.7,6.0,13.3,27.3,49.2,25.0333,93.875,0.3889,1,IMD,ERA5-Land via Open-Meteo Historical API,success,
PH11-00219,1996-06-16,1996,Kerala,"Kasaragod, Wayanad, Kozhikode, Malappuram, Palakkad, Thrissur, Idukki, Ernakulam",12.4221964,75.1904446,district,date,1996-06-15,1.8,7.8,17.4,34.3,76.5,23.7208,98.125,0.4861,1,IMD,ERA5-Land via Open-Meteo Historical API,success,
PH11-00220,1996-06-17,1996,Kerala,Thiruvananthapuram,8.4882267,76.947551,district,date,1996-06-16,1.4,4.2,10.2,15.0,33.6,24.9042,90.8333,0.3288,1,IMD,ERA5-Land via Open-Meteo Historical API,success,
PH11-00221,1996-06-20,1996,Kerala,"Kozhikode, Thiruvananthapuram",11.2450558,75.7754716,district,date,1996-06-19,1.8,8.0,17.2,34.6,78.0,25.0292,92.2083,0.3673,1,IMD,ERA5-Land via Open-Meteo Historical API,success,
PH11-00222,1996-07-20,1996,Kerala,"Idukki, Pathanamthitta",9.8154785,76.9991599,district,date,1996-07-19,0.2,0.4,1.6,11.1,40.8,19.5292,99.4167,0.4657,1,IMD,ERA5-Land via Open-Meteo Historical API,success,
PH11-00223,1996-07-24,1996,Kerala,"Idukki, Kozhikode",9.8154785,76.9991599,district,date,1996-07-23,1.8,5.5,10.1,19.6,40.7,20.0208,97.4583,0.4732,1,IMD,ERA5-Land via Open-Meteo Historical API,success,
PH11-00224,1996-08-08,1996,Kerala,Thiruvananthapuram,8.4882267,76.947551,district,date,1996-08-07,0.0,0.0,0.0,0.0,0.0,24.9667,86.0417,0.2195,1,IMD,ERA5-Land via Open-Meteo Historical API,success,
PH11-00225,1996-08-12,1996,Kerala,Idukki,9.8154785,76.9991599,district,date,1996-08-11,0.2,1.1,2.0,3.7,15.0,20.3125,95.5833,0.4715,1,IMD,ERA5-Land via Open-Meteo Historical API,success,
PH11-00226,1996-08-23,1996,Kerala,Kottayam,9.6287383,76.6455326,district,date,1996-08-22,0.0,0.8,1.8,3.9,11.7,24.1708,92.75,0.4719,1,IMD,ERA5-Land via Open-Meteo Historical API,success,
PH11-00227,1996-09-11,1996,Kerala,Idukki,9.8154785,76.9991599,district,date,1996-09-10,0.0,0.0,0.0,0.7,1.5,21.7417,89.7917,0.4823,1,IMD,ERA5-Land via Open-Meteo Historical API,success,
PH11-00228,1996-06-14,1996,Tamil Nadu,"Chennai, Cuddalore, Coimbatore, Thanjavur",13.0836939,80.270186,district,date,1996-06-13,11.1,39.4,83.5,107.0,199.7,25.3417,90.6667,0.4214,1,IMD,ERA5-Land via Open-Meteo Historical API,success,
PH11-00229,1996-10-17,1996,Tamil Nadu,"Chengalpattu,Chennai, Dharmapuri, Dindigul, Kanniyakumariumari, Madurai, Nagapat",12.6840886,79.9836371,district,date,1996-10-16,0.3,0.7,2.2,5.2,10.2,24.9333,91.0833,0.4288,1,IMD,ERA5-Land via Open-Meteo Historical API,success,
PH11-00230,1996-11-17,1996,Tamil Nadu,"Chennai, Nagapattinam,Thanjavur",13.0836939,80.270186,district,date,1996-11-16,0.0,0.0,0.0,0.5,1.6,26.2208,72.1667,0.2065,1,IMD,ERA5-Land via Open-Meteo Historical API,success,
PH11-00231,1996-12-12,1996,Tamil Nadu,"Thiruvallur, Chennai, Krishnagiri, Tiruvannamalai, Dharmapuri, Salem, Erode, The",13.2537619,80.0562572,district,date,1996-12-11,4.0,10.1,14.7,16.8,18.1,24.5208,84.875,0.4172,1,IMD,ERA5-Land via Open-Meteo Historical API,success,
PH11-00232,1997-05-07,1997,Kerala,Kottayam,9.6287383,76.6455326,district,date,1997-05-06,0.0,0.0,0.0,3.1,5.8,26.7333,87.5417,0.4768,1,IMD,ERA5-Land via Open-Meteo Historical API,success,
PH11-00233,1997-06-30,1997,Kerala,Ernakulam,9.9837257,76.2740001,district,date,1997-06-29,4.1,10.1,17.8,26.5,43.7,25.1833,91.2917,0.4333,1,IMD,ERA5-Land via Open-Meteo Historical API,success,
PH11-00234,1997-07-01,1997,Kerala,"Kannur, Kasaragod, Kottayam, Kozhikode, Malappuram, Thiruvananthapuram",11.8763836,75.3737973,district,date,1997-06-30,5.0,19.1,39.5,70.2,110.2,24.9083,92.9583,0.3862,1,IMD,ERA5-Land via Open-Meteo Historical API,success,
PH11-00235,1997-07-20,1997,Kerala,"Idukki, Kottayam",9.8154785,76.9991599,district,date,1997-07-19,0.1,0.2,0.5,0.7,6.0,22.2208,92.8333,0.4912,1,IMD,ERA5-Land via Open-Meteo Historical API,success,
PH11-00236,1997-07-24,1997,Kerala,"Alappuzha, Malappuram",9.5003416,76.4123364,district,date,1997-07-23,3.7,11.4,22.4,25.4,43.1,24.9375,93.1667,0.3812,1,IMD,ERA5-Land via Open-Meteo Historical API,success,
PH11-00237,1997-08-08,1997,Kerala,"Malappuram, Thiruvananthapuram,Thrissur",11.1065685,76.1101742,district,date,1997-08-07,0.7,1.8,3.7,14.3,33.5,22.7667,94.125,0.4825,1,IMD,ERA5-Land via Open-Meteo Historical API,success,
PH11-00238,1997-09-12,1997,Kerala,Kottayam,9.6287383,76.6455326,district,date,1997-09-11,0.0,0.0,0.1,1.1,7.6,24.8458,91.5833,0.494,1,IMD,ERA5-Land via Open-Meteo Historical API,success,
PH11-00239,1997-09-22,1997,Kerala,Thiruvananthapuram,8.4882267,76.947551,district,date,1997-09-21,0.3,1.2,2.0,4.4,11.4,24.7333,89.9167,0.3035,1,IMD,ERA5-Land via Open-Meteo Historical API,success,
PH11-00240,1997-11-03,1997,Kerala,"Alappuzha, Idukki, Kottayam, Malappuram,Pathanamthitta",9.5003416,76.4123364,district,date,1997-11-02,0.0,0.0,0.0,2.3,26.2,25.675,90.5,0.3676,1,IMD,ERA5-Land via Open-Meteo Historical API,success,
PH11-00241,1997-11-28,1997,Kerala,Idukki,9.8154785,76.9991599,district,date,1997-11-27,0.0,0.0,0.0,0.0,6.8,21.2708,92.5,0.4815,1,IMD,ERA5-Land via Open-Meteo Historical API,success,
PH11-00242,1997-12-16,1997,Kerala,Ernakulam,9.9837257,76.2740001,district,date,1997-12-15,0.0,0.0,0.0,0.0,0.1,27.1333,85.4583,0.3456,1,IMD,ERA5-Land via Open-Meteo Historical API,success,
PH11-00243,1997-10-28,1997,Tamil Nadu,"Chennai, Chengalpattu,Dindigul",13.0836939,80.270186,district,date,1997-10-27,0.3,0.4,2.0,2.6,6.1,26.0875,85.4167,0.3709,1,IMD,ERA5-Land via Open-Meteo Historical API,success,
PH11-00244,1997-11-01,1997,Tamil Nadu,"Chengalpattu, Chennai, Nagapattinam, Thanjavur,Tiruchirappalli",12.6840886,79.9836371,district,date,1997-10-31,0.0,0.0,0.0,0.7,7.0,25.6875,87.6667,0.4081,1,IMD,ERA5-Land via Open-Meteo Historical API,success,
PH11-00245,1997-12-05,1997,Tamil Nadu,"Thiruvallur, Chennai, Krishnagiri, Tiruvannamalai, Dharmapuri, Salem, Erode, The",13.2537619,80.0562572,district,date,1997-12-04,0.4,1.0,2.6,4.7,12.4,24.9417,87.4167,0.4005,1,IMD,ERA5-Land via Open-Meteo Historical API,success,
PH11-00246,1998-05-15,1998,Kerala,Thiruvananthapuram,8.4882267,76.947551,district,date,1998-05-14,0.8,1.6,4.1,38.5,52.5,26.2333,90.25,0.3305,1,IMD,ERA5-Land via Open-Meteo Historical API,success,
PH11-00247,1998-06-28,1998,Kerala,Idukki,9.8154785,76.9991599,district,date,1998-06-27,2.6,7.5,22.8,40.4,68.2,20.7208,99.2917,0.4793,1,IMD,ERA5-Land via Open-Meteo Historical API,success,
PH11-00248,1998-07-02,1998,Kerala,"Idukki, Kasaragod, Kottayam, Malappuram, Palakkad, Thiruvananthapuram,Wayanad",9.8154785,76.9991599,district,date,1998-07-01,0.6,2.5,8.5,18.0,37.9,20.4625,99.4583,0.4691,1,IMD,ERA5-Land via Open-Meteo Historical API,success,
PH11-00249,1998-07-12,1998,Kerala,"Ernakulam, Idukki, Malappuram, Pathanamthitta,Thrissur",9.9837257,76.2740001,district,date,1998-07-11,0.4,1.9,2.9,4.4,8.0,25.7458,88.7917,0.4284,1,IMD,ERA5-Land via Open-Meteo Historical API,success,
PH11-00250,1998-10-10,1998,Kerala,"Kollam, Kottayam, Kozhikode, Malappuram, Pathanamthitta, Thiruvananthapuram,Waya",8.8870533,76.5906696,district,date,1998-10-09,1.3,7.6,12.0,16.2,27.1,25.1958,91.2083,0.3516,1,IMD,ERA5-Land via Open-Meteo Historical API,success,
PH11-00251,1998-11-01,1998,Kerala,"Idukki,Thiruvananthapuram",9.8154785,76.9991599,district,date,1998-10-31,0.0,0.1,0.5,0.8,4.8,21.8958,90.7083,0.4845,1,IMD,ERA5-Land via Open-Meteo Historical API,success,
PH11-00252,1998-11-11,1998,Kerala,"Palakkad,Pathanamthitta",10.7873692,76.4742172,district,date,1998-11-10,0.0,0.0,0.0,11.0,16.5,24.65,89.7083,0.4629,1,IMD,ERA5-Land via Open-Meteo Historical API,success,
PH11-00253,1998-10-11,1998,Tamil Nadu,Kanniyakumariumari,11.3323723,78.6098639,district,date,1998-10-10,0.7,2.3,4.4,8.8,11.7,23.225,85.1667,0.4121,1,IMD,ERA5-Land via Open-Meteo Historical API,success,
PH11-00254,1998-11-01,1998,Tamil Nadu,"Thiruvallur, Chennai, Krishnagiri, Tiruvannamalai, Dharmapuri, Salem, Erode, The",13.2537619,80.0562572,district,date,1998-10-31,0.0,0.0,0.0,0.0,0.0,26.7333,76.2917,0.3153,1,IMD,ERA5-Land via Open-Meteo Historical API,success,
PH11-00255,1998-12-04,1998,Tamil Nadu,"Cuddalore, Madurai, Nagapattinam,Perambalur, Thanjavur, Tiruchirappalli, Tirunel",11.5202071,79.3396356,district,date,1998-12-03,0.0,0.0,0.0,0.0,0.2,25.4833,73.7083,0.2777,1,IMD,ERA5-Land via Open-Meteo Historical API,success,
PH11-00256,1999-02-05,1999,Kerala,Kollam,8.8870533,76.5906696,district,date,1999-02-04,0.0,0.0,0.0,0.3,0.3,26.8042,79.5417,0.0781,1,IMD,ERA5-Land via Open-Meteo Historical API,success,
PH11-00257,1999-05-25,1999,Kerala,"Idukki,Kottayam",9.8154785,76.9991599,district,date,1999-05-24,2.1,5.7,10.7,23.0,46.3,20.3667,99.125,0.4825,1,IMD,ERA5-Land via Open-Meteo Historical API,success,
PH11-00258,1999-06-07,1999,Kerala,"Kasaragod, Wayanad, Kozhikode, Malappuram, Palakkad, Thrissur, Idukki, Ernakulam",12.4221964,75.1904446,district,date,1999-06-06,0.0,0.5,1.7,4.9,6.8,25.3375,90.3333,0.5002,1,IMD,ERA5-Land via Open-Meteo Historical API,success,
PH11-00259,1999-06-16,1999,Kerala,"Ernakulam, Idukki, Kasaragod, Kozhikode, Malappuram, Palakkad,Pathanamthitta",9.9837257,76.2740001,district,date,1999-06-15,0.0,0.3,1.9,3.9,13.9,24.8375,90.75,0.4334,1,IMD,ERA5-Land via Open-Meteo Historical API,success,
PH11-00260,1999-07-17,1999,Kerala,"Idukki, Kannur, Kasaragod, Kollam, Palakkad, Pathanamthitta, Thiruvananthapuram,",9.8154785,76.9991599,district,date,1999-07-16,1.0,2.8,4.6,9.1,24.4,20.0333,96.4167,0.4897,1,IMD,ERA5-Land via Open-Meteo Historical API,success,
PH11-00261,1999-08-02,1999,Kerala,"Kasaragod, Kozhikode,Malappuram",12.4221964,75.1904446,district,date,1999-08-01,1.8,5.7,10.3,19.8,38.8,23.3667,95.5833,0.4693,1,IMD,ERA5-Land via Open-Meteo Historical API,success,
PH11-00262,1999-10-09,1999,Kerala,Kannur,11.8763836,75.3737973,district,date,1999-10-08,0.2,2.8,10.0,17.6,23.5,25.55,86.4167,0.2997,1,IMD,ERA5-Land via Open-Meteo Historical API,success,
PH11-00263,1999-10-18,1999,Kerala,"Kasaragod, Wayanad, Kozhikode, Malappuram, Palakkad, Thrissur, Idukki, Ernakulam",12.4221964,75.1904446,district,date,1999-10-17,0.0,0.0,0.0,2.6,11.0,24.75,89.9583,0.4925,1,IMD,ERA5-Land via Open-Meteo Historical API,success,
PH11-00264,1999-05-05,1999,Tamil Nadu,Dindigul,10.4257161,77.8154728,district,date,1999-05-04,0.0,0.0,0.0,0.6,3.0,29.7167,66.2083,0.1754,1,IMD,ERA5-Land via Open-Meteo Historical API,success,
PH11-00265,1999-11-21,1999,Tamil Nadu,"Karur, Nagapattinam, Perambalur, Pudukkottai, Thanjavur,Tiruchirappalli",10.8217671,78.3828654,district,date,1999-11-20,5.8,12.4,17.1,18.8,25.8,23.3167,92.5833,0.3721,1,IMD,ERA5-Land via Open-Meteo Historical API,success,
PH11-00266,2000-04-08,2000,Kerala,Thiruvananthapuram,8.4882267,76.947551,district,date,2000-04-07,0.0,0.0,0.0,2.5,10.9,25.4417,87.3333,0.301,1,IMD,ERA5-Land via Open-Meteo Historical API,success,
PH11-00267,2000-06-08,2000,Kerala,"Alappuzha, Idukki,Kannur",9.5003416,76.4123364,district,date,2000-06-07,0.5,2.2,3.9,11.0,24.5,25.3083,93.4167,0.3771,1,IMD,ERA5-Land via Open-Meteo Historical API,success,
PH11-00268,2000-06-17,2000,Kerala,Alappuzha,9.5003416,76.4123364,district,date,2000-06-16,0.5,1.5,2.5,3.7,5.5,25.7,89.2917,0.3289,1,IMD,ERA5-Land via Open-Meteo Historical API,success,
PH11-00269,2000-07-01,2000,Kerala,Kasaragod,12.4221964,75.1904446,district,date,2000-06-30,1.1,2.0,3.4,10.3,33.5,23.1917,96.2917,0.4907,1,IMD,ERA5-Land via Open-Meteo Historical API,success,
PH11-00270,2000-07-07,2000,Kerala,"Idukki, Kollam, Pathanamthitta,Thiruvananthapuram",9.8154785,76.9991599,district,date,2000-07-06,0.0,0.0,1.2,8.9,22.2,19.5292,96.7083,0.4971,1,IMD,ERA5-Land via Open-Meteo Historical API,success,
PH11-00271,2000-08-08,2000,Kerala,Kottayam,9.6287383,76.6455326,district,date,2000-08-07,0.7,2.5,5.2,8.8,23.4,23.6958,96.3333,0.4931,1,IMD,ERA5-Land via Open-Meteo Historical API,success,
PH11-00272,2000-08-22,2000,Kerala,"Alappuzha, Idukki, Kannur, Kasaragod, Kollam, Kottayam, Kozhikode, Malappuram, P",9.5003416,76.4123364,district,date,2000-08-21,0.0,0.8,2.6,4.6,7.8,24.8208,89.4167,0.3469,1,IMD,ERA5-Land via Open-Meteo Historical API,success,
PH11-00273,2000-02-24,2000,Tamil Nadu,"Chennai,Perambalur",13.0836939,80.270186,district,date,2000-02-23,0.4,0.9,1.6,2.8,7.3,25.3583,85.7917,0.2077,1,IMD,ERA5-Land via Open-Meteo Historical API,success,
PH11-00274,2000-06-08,2000,Tamil Nadu,Kanniyakumariumari,11.3323723,78.6098639,district,date,2000-06-07,0.0,0.0,0.3,2.3,3.9,23.6542,75.125,0.243,1,IMD,ERA5-Land via Open-Meteo Historical API,success,
PH11-00275,2001-04-07,2001,Kerala,"Kottayam,Kozhikode",9.6287383,76.6455326,district,date,2001-04-06,0.6,2.0,3.9,11.7,18.7,26.5208,85.9583,0.4551,1,IMD,ERA5-Land via Open-Meteo Historical API,success,
PH11-00276,2001-05-26,2001,Kerala,"Alappuzha, Kollam,Kozhikode",9.5003416,76.4123364,district,date,2001-05-25,0.6,2.2,2.6,6.7,9.1,26.8417,89.0417,0.3295,1,IMD,ERA5-Land via Open-Meteo Historical API,success,
PH11-00277,2001-06-08,2001,Kerala,Kasaragod,12.4221964,75.1904446,district,date,2001-06-07,2.2,6.4,13.6,20.7,39.8,23.4458,97.75,0.4756,1,IMD,ERA5-Land via Open-Meteo Historical API,success,
PH11-00278,2001-06-15,2001,Kerala,"Alappuzha, Kollam, Kozhikode, Malappuram,Wayanad",9.5003416,76.4123364,district,date,2001-06-14,0.3,1.0,4.1,8.8,24.2,24.8208,93.25,0.3759,1,IMD,ERA5-Land via Open-Meteo Historical API,success,
PH11-00279,2001-07-08,2001,Kerala,"Alappuzha, Idukki, Kollam, Kottayam, Thiruvananthapuram,Thrissur",9.5003416,76.4123364,district,date,2001-07-07,0.3,2.2,4.7,7.0,20.3,25.1833,91.0,0.364,1,IMD,ERA5-Land via Open-Meteo Historical API,success,
PH11-00280,2001-09-22,2001,Kerala,Thiruvananthapuram,8.4882267,76.947551,district,date,2001-09-21,0.0,1.7,2.9,3.8,7.8,25.225,87.0833,0.2338,1,IMD,ERA5-Land via Open-Meteo Historical API,success,
PH11-00281,2001-11-10,2001,Kerala,Thiruvananthapuram,8.4882267,76.947551,district,date,2001-11-09,0.1,0.2,0.4,1.5,4.7,25.9,86.0,0.2484,1,IMD,ERA5-Land via Open-Meteo Historical API,success,
PH11-00282,2001-07-06,2001,Uttarakhand,"Uttar Kashi Kashi, Chamoli, Dehradun, Tehri Garhwal, Rudra Prayag, Pithoragarh, ",30.0417376,79.089691,district,date,2001-07-05,0.0,0.0,0.0,5.3,13.3,19.7417,87.7083,0.4594,1,IMD,ERA5-Land via Open-Meteo Historical API,success,
PH11-00283,2001-07-16,2001,Uttarakhand,"Uttar Kashi Kashi, Chamoli, Dehradun, Tehri Garhwal, Rudra Prayag, Pithoragarh, ",30.0417376,79.089691,district,date,2001-07-15,0.4,0.8,1.0,6.0,14.8,18.675,94.0417,0.4843,1,IMD,ERA5-Land via Open-Meteo Historical API,success,
PH11-00284,2001-07-18,2001,Uttarakhand,Rudra Prayag,30.0417376,79.089691,district,date,2001-07-17,0.0,0.3,1.5,6.4,57.3,17.0583,94.75,0.4802,1,IMD,ERA5-Land via Open-Meteo Historical API,success,
PH11-00285,2001-08-04,2001,Uttarakhand,"Azamgarh,Bahraich",30.0417376,79.089691,district,date,2001-08-03,0.5,1.3,1.3,1.3,5.5,17.7542,94.9583,0.4939,1,IMD,ERA5-Land via Open-Meteo Historical API,success,
PH11-00286,2001-09-01,2001,Uttarakhand,East Uttar Kashi Pradesh,30.0417376,79.089691,district,date,2001-08-31,0.0,0.0,1.1,4.6,11.2,17.4,90.6667,0.4672,1,IMD,ERA5-Land via Open-Meteo Historical API,success,
PH11-00287,2002-06-11,2002,Kerala,"Kollam, Kozhikode,Thrissur",8.8870533,76.5906696,district,date,2002-06-10,0.6,1.2,1.4,4.4,6.0,26.1125,88.0,0.3184,1,IMD,ERA5-Land via Open-Meteo Historical API,success,
PH11-00288,2002-07-12,2002,Kerala,Kannur,11.8763836,75.3737973,district,date,2002-07-11,0.4,1.1,1.6,4.4,13.4,24.9333,90.4583,0.3025,1,IMD,ERA5-Land via Open-Meteo Historical API,success,
PH11-00289,2002-08-16,2002,Kerala,"Kottayam, Kozhikode,Palakkad",9.6287383,76.6455326,district,date,2002-08-15,0.3,1.5,1.9,3.0,6.3,24.5917,91.0417,0.5029,1,IMD,ERA5-Land via Open-Meteo Historical API,success,
PH11-00290,2002-10-12,2002,Kerala,Kasaragod,12.4221964,75.1904446,district,date,2002-10-11,0.9,2.0,3.1,7.5,29.0,23.9292,95.8333,0.4835,1,IMD,ERA5-Land via Open-Meteo Historical API,success,
PH11-00291,2002-10-13,2002,Kerala,"Kannur, Kasaragod, Kozhikode,Thiruvananthapuram",11.8763836,75.3737973,district,date,2002-10-12,7.0,19.0,31.9,57.9,108.4,24.4958,94.4167,0.3911,1,IMD,ERA5-Land via Open-Meteo Historical API,success,
PH11-00292,2002-01-31,2002,Tamil Nadu,"Cuddalore, Nagapattinam, Pudukkottai, Ramanathapuram, Thanjavur, Thiruvarur,Tiru",11.5202071,79.3396356,district,date,2002-01-30,0.0,0.0,0.0,0.0,0.0,24.8042,72.5,0.2083,1,IMD,ERA5-Land via Open-Meteo Historical API,success,
PH11-00293,2002-10-27,2002,Tamil Nadu,Many parts,11.3323723,78.6098639,district,date,2002-10-26,0.2,0.8,2.3,22.0,24.0,23.0875,81.9583,0.308,1,IMD,ERA5-Land via Open-Meteo Historical API,success,
PH11-00294,2002-11-01,2002,Tamil Nadu,"Chennai, Coimbatore, Namakkal, Perambalur, Pudukkottai, Thanjavur, Theni, Thiruv",13.0836939,80.270186,district,date,2002-10-31,1.5,5.2,10.7,21.6,36.0,24.0792,90.125,0.4152,1,IMD,ERA5-Land via Open-Meteo Historical API,success,
PH11-00295,2002-08-11,2002,Uttarakhand,"Tehri Garhwal,Uttar Kashi Kashi",30.4658181,78.4837349,district,date,2002-08-10,1.7,4.3,6.8,10.2,17.5,20.1667,93.4583,0.4907,1,IMD,ERA5-Land via Open-Meteo Historical API,success,
PH11-00296,2002-09-12,2002,Uttarakhand,"Haridwar,Nainital",29.9384473,78.1452985,district,date,2002-09-11,1.5,8.7,18.6,44.1,105.5,23.0875,86.6667,0.4271,1,IMD,ERA5-Land via Open-Meteo Historical API,success,
PH11-00297,2003-06-18,2003,Kerala,"Kannur, Kasaragod, Kozhikode,Thiruvananthapuram",11.8763836,75.3737973,district,date,2003-06-17,0.2,1.8,6.3,12.7,35.2,25.4583,90.7917,0.3597,1,IMD,ERA5-Land via Open-Meteo Historical API,success,
PH11-00298,2003-07-04,2003,Kerala,Kottayam,9.6287383,76.6455326,district,date,2003-07-03,0.3,0.4,0.9,5.0,10.4,24.3083,93.4583,0.4857,1,IMD,ERA5-Land via Open-Meteo Historical API,success,
PH11-00299,2003-07-06,2003,Kerala,"Kasaragod, Kottayam,Palakkad",12.4221964,75.1904446,district,date,2003-07-05,1.3,5.7,15.4,33.2,58.0,23.3167,98.3333,0.4733,1,IMD,ERA5-Land via Open-Meteo Historical API,success,
PH11-00300,2003-07-15,2003,Kerala,Kasaragod,12.4221964,75.1904446,district,date,2003-07-14,2.1,6.9,12.8,22.2,35.0,23.6833,98.125,0.4773,1,IMD,ERA5-Land via Open-Meteo Historical API,success,
PH11-00301,2003-10-02,2003,Kerala,Thrissur,10.5270099,76.214621,district,date,2003-10-01,1.1,6.0,12.2,17.6,44.7,25.7083,88.4583,0.4697,1,IMD,ERA5-Land via Open-Meteo Historical API,success,
PH11-00302,2003-10-05,2003,Kerala,"Idukki, Kollam,Thiruvananthapuram",9.8154785,76.9991599,district,date,2003-10-04,0.1,0.1,0.1,0.4,3.3,21.2208,95.0833,0.4929,1,IMD,ERA5-Land via Open-Meteo Historical API,success,
PH11-00303,2003-10-23,2003,Kerala,Palakkad,10.7873692,76.4742172,district,date,2003-10-22,0.0,0.0,0.8,3.2,9.7,23.7833,95.8333,0.4767,1,IMD,ERA5-Land via Open-Meteo Historical API,success,
PH11-00304,2003-06-25,2003,Tamil Nadu,South Tripura,11.3323723,78.6098639,district,date,2003-06-24,0.0,0.0,0.0,0.0,0.3,25.1292,69.9583,0.2649,1,IMD,ERA5-Land via Open-Meteo Historical API,success,
PH11-00305,2003-07-04,2003,Uttarakhand,"Dehradun,Tehri Garhwal",30.3255646,78.0436813,district,date,2003-07-03,0.2,1.5,3.3,3.6,4.6,26.8458,79.125,0.3088,1,IMD,ERA5-Land via Open-Meteo Historical API,success,
PH11-00306,2003-09-21,2003,Uttarakhand,Pithoragarh,29.585871,80.215167,district,date,2003-09-20,0.2,0.6,0.8,1.3,1.7,20.9833,80.3333,0.4486,1,IMD,ERA5-Land via Open-Meteo Historical API,success,
PH11-00307,2004-06-04,2004,Kerala,"Idukki, Kannur, Kollam, Kottayam, Kozhikode, Malappuram, Palakkad , Thrissur,Thi",9.8154785,76.9991599,district,date,2004-06-03,0.0,0.3,1.1,1.3,12.4,21.1875,95.0417,0.4751,1,IMD,ERA5-Land via Open-Meteo Historical API,success,
PH11-00308,2004-07-04,2004,Kerala,Kannur,11.8763836,75.3737973,district,date,2004-07-03,0.8,2.0,3.7,5.1,9.6,25.1625,88.0833,0.2924,1,IMD,ERA5-Land via Open-Meteo Historical API,success,
PH11-00309,2004-07-07,2004,Kerala,"Thiruvananthapuram,Wayanad",8.4882267,76.947551,district,date,2004-07-06,0.8,1.4,3.1,7.9,11.0,24.7125,87.5,0.2699,1,IMD,ERA5-Land via Open-Meteo Historical API,success,
PH11-00310,2004-07-19,2004,Kerala,Thiruvananthapuram,8.4882267,76.947551,district,date,2004-07-18,0.7,1.6,2.3,5.5,10.2,24.6417,89.75,0.307,1,IMD,ERA5-Land via Open-Meteo Historical API,success,
PH11-00311,2004-08-03,2004,Kerala,"Idukki, Kannur, Kasaragod, Kollam, Kozhikode, Malappuram, Palakkad,Wayanad",9.8154785,76.9991599,district,date,2004-08-02,1.4,4.5,7.0,8.4,11.1,20.8667,93.5,0.4898,1,IMD,ERA5-Land via Open-Meteo Historical API,success,
PH11-00312,2004-10-04,2004,Kerala,"Alappuzha, Ernakulam,Thrissur",9.5003416,76.4123364,district,date,2004-10-03,1.3,2.2,7.2,14.7,38.9,24.1708,94.1667,0.3841,1,IMD,ERA5-Land via Open-Meteo Historical API,success,
PH11-00313,2004-09-20,2004,Tamil Nadu,Chennai,13.0836939,80.270186,district,date,2004-09-19,0.0,0.1,0.4,3.4,3.8,29.0708,77.0,0.2607,1,IMD,ERA5-Land via Open-Meteo Historical API,success,
PH11-00314,2004-10-30,2004,Tamil Nadu,"Thanjavur, Thiruvarur,Viluppuram",10.659037,79.2014278,district,date,2004-10-29,0.8,2.5,6.3,17.6,59.6,23.4375,96.6667,0.427,1,IMD,ERA5-Land via Open-Meteo Historical API,success,
PH11-00315,2004-11-05,2004,Tamil Nadu,Thiruvarur,10.6878621,79.4979437,district,date,2004-11-04,2.3,6.0,8.0,8.0,8.0,25.6792,75.6667,0.381,1,IMD,ERA5-Land via Open-Meteo Historical API,success,
PH11-00316,2004-11-09,2004,Tamil Nadu,Chennai,13.0836939,80.270186,district,date,2004-11-08,0.2,0.2,0.5,1.0,3.9,25.7167,88.8333,0.397,1,IMD,ERA5-Land via Open-Meteo Historical API,success,
PH11-00317,2004-11-23,2004,Tamil Nadu,Nagapattinam,10.6026203,79.7619348,district,date,2004-11-22,0.8,3.0,5.3,12.5,30.9,25.0,88.875,0.3463,1,IMD,ERA5-Land via Open-Meteo Historical API,success,
PH11-00318,2004-05-29,2004,Uttarakhand,Bageshwar,30.0087902,79.9280183,district,date,2004-05-28,0.0,0.0,0.0,0.0,1.4,18.8042,64.125,0.4025,1,IMD,ERA5-Land via Open-Meteo Historical API,success,
PH11-00319,2004-06-01,2004,Uttarakhand,Almora,29.702651,79.4326318,district,date,2004-05-31,0.0,0.0,0.0,0.2,0.2,25.6625,55.9167,0.2726,1,IMD,ERA5-Land via Open-Meteo Historical API,success,
PH11-00320,2004-07-06,2004,Uttarakhand,Chamoli,30.4985956,79.6190537,district,date,2004-07-05,0.4,0.7,1.3,2.3,13.8,19.8125,95.3333,0.4206,1,IMD,ERA5-Land via Open-Meteo Historical API,success,
PH11-00321,2004-07-28,2004,Uttarakhand,"Tehri Garhwal,Uttar Kashi Kashi",30.4658181,78.4837349,district,date,2004-07-27,8.6,26.5,37.3,43.0,52.1,19.125,93.375,0.4779,1,IMD,ERA5-Land via Open-Meteo Historical API,success,
PH11-00322,2004-08-26,2004,Uttarakhand,Udam Singh Nagar,30.0417376,79.089691,district,date,2004-08-25,0.3,0.9,1.7,6.4,17.3,17.7792,91.5417,0.4681,1,IMD,ERA5-Land via Open-Meteo Historical API,success,
PH11-00323,2005-02-01,2005,Kerala,Thiruvananthapuram,8.4882267,76.947551,district,date,2005-01-31,0.0,0.0,0.6,2.2,4.0,25.7375,81.7917,0.1589,1,IMD,ERA5-Land via Open-Meteo Historical API,success,
PH11-00324,2005-03-15,2005,Kerala,Thiruvananthapuram,8.4882267,76.947551,district,date,2005-03-14,0.0,0.0,0.0,3.0,7.9,27.0792,81.9167,0.1583,1,IMD,ERA5-Land via Open-Meteo Historical API,success,
PH11-00325,2005-04-04,2005,Kerala,Southern parts,10.3528744,76.5120396,district,date,2005-04-03,1.6,5.8,12.2,14.0,20.2,27.0875,82.0417,0.4203,1,IMD,ERA5-Land via Open-Meteo Historical API,success,
PH11-00326,2005-04-06,2005,Kerala,"Thiruvananthapuram,Wayanad",8.4882267,76.947551,district,date,2005-04-05,0.8,0.9,1.0,2.4,79.9,25.975,86.1667,0.285,1,IMD,ERA5-Land via Open-Meteo Historical API,success,
PH11-00327,2005-04-12,2005,Kerala,Thiruvananthapuram,8.4882267,76.947551,district,date,2005-04-11,0.7,1.0,1.0,3.5,11.3,25.8708,87.625,0.265,1,IMD,ERA5-Land via Open-Meteo Historical API,success,
PH11-00328,2005-04-15,2005,Kerala,"Thiruvananthapuram,Wayanad",8.4882267,76.947551,district,date,2005-04-14,0.0,0.0,0.0,0.8,4.9,26.3958,85.8333,0.2328,1,IMD,ERA5-Land via Open-Meteo Historical API,success,
PH11-00329,2005-05-02,2005,Kerala,Wayanad,11.7151291,76.1271185,district,date,2005-05-01,0.0,0.0,0.0,0.0,2.0,24.3208,86.9167,0.4599,1,IMD,ERA5-Land via Open-Meteo Historical API,success,
PH11-00330,2005-05-17,2005,Kerala,Thiruvananthapuram,8.4882267,76.947551,district,date,2005-05-16,0.0,0.0,0.0,0.0,0.6,27.55,83.125,0.1922,1,IMD,ERA5-Land via Open-Meteo Historical API,success,
PH11-00331,2005-05-29,2005,Kerala,Wayanad,11.7151291,76.1271185,district,date,2005-05-28,0.0,0.0,0.0,0.0,1.0,23.2208,89.5,0.4671,1,IMD,ERA5-Land via Open-Meteo Historical API,success,
PH11-00332,2005-06-01,2005,Kerala,"Kollam, Thiruvananthapuram,Wayanad",8.8870533,76.5906696,district,date,2005-05-31,0.2,0.4,1.0,1.9,3.8,26.7917,85.5,0.2895,1,IMD,ERA5-Land via Open-Meteo Historical API,success,
PH11-00333,2005-06-15,2005,Kerala,"Alappuzha, Ernakulam, Kannur, Kasaragod, Kollam, Kottayam, Palakkad,Thiruvananth",9.5003416,76.4123364,district,date,2005-06-14,0.0,1.7,6.1,11.9,17.3,26.6208,91.1667,0.3581,1,IMD,ERA5-Land via Open-Meteo Historical API,success,
PH11-00334,2005-07-01,2005,Kerala,Kozhikode,11.2450558,75.7754716,district,date,2005-06-30,2.1,7.7,13.1,38.4,50.4,24.975,91.0,0.3484,1,IMD,ERA5-Land via Open-Meteo Historical API,success,
PH11-00335,2005-07-01,2005,Kerala,Kollam,8.8870533,76.5906696,district,date,2005-06-30,0.5,1.2,1.4,3.0,5.1,25.775,88.75,0.2924,1,IMD,ERA5-Land via Open-Meteo Historical API,success,
PH11-00337,2005-07-07,2005,Kerala,"Kozhikode, Malappuram,Wayanad",11.2450558,75.7754716,district,date,2005-07-06,0.6,2.0,2.5,7.8,13.6,24.9542,90.4167,0.3337,1,IMD,ERA5-Land via Open-Meteo Historical API,success,
PH11-00338,2005-07-20,2005,Kerala,Kozhikode,11.2450558,75.7754716,district,date,2005-07-19,0.3,1.8,2.2,5.9,19.6,24.9542,89.7917,0.3412,1,IMD,ERA5-Land via Open-Meteo Historical API,success,
PH11-00339,2005-07-22,2005,Kerala,"Alappuzha, Ernakulam, Idukki, Kollam, Kottayam, Thiruvananthapuram, Thrissur,Way",9.5003416,76.4123364,district,date,2005-07-21,0.3,1.0,1.0,1.4,4.9,25.8083,87.5417,0.3443,1,IMD,ERA5-Land via Open-Meteo Historical API,success,
PH11-00340,2005-09-07,2005,Kerala,Thiruvananthapuram,8.4882267,76.947551,district,date,2005-09-06,0.9,2.8,6.7,15.6,24.7,24.2417,92.125,0.3406,1,IMD,ERA5-Land via Open-Meteo Historical API,success,
PH11-00341,2005-10-02,2005,Kerala,Wayanad,11.7151291,76.1271185,district,date,2005-10-01,0.0,0.0,0.0,0.0,0.0,22.8042,81.9167,0.4232,1,IMD,ERA5-Land via Open-Meteo Historical API,success,
PH11-00342,2005-10-07,2005,Kerala,Wayanad,11.7151291,76.1271185,district,date,2005-10-06,0.0,0.0,0.0,1.4,2.4,22.9167,89.5,0.4723,1,IMD,ERA5-Land via Open-Meteo Historical API,success,
PH11-00343,2005-10-08,2005,Kerala,"Kollam, Thiruvananthapuram,Wayanad",8.8870533,76.5906696,district,date,2005-10-07,0.0,0.0,0.6,3.4,5.3,26.175,87.2083,0.2798,1,IMD,ERA5-Land via Open-Meteo Historical API,success,
PH11-00344,2005-10-22,2005,Kerala,"Kannur,Wayanad",11.8763836,75.3737973,district,date,2005-10-21,0.0,0.0,0.0,0.7,3.4,25.9417,89.5,0.3085,1,IMD,ERA5-Land via Open-Meteo Historical API,success,
PH11-00345,2005-11-08,2005,Kerala,Ernakulam ant Thiruvananthapuram,10.3528744,76.5120396,district,date,2005-11-07,0.0,0.0,0.0,0.0,0.3,25.5042,80.4583,0.4671,1,IMD,ERA5-Land via Open-Meteo Historical API,success,
PH11-00346,2005-12-08,2005,Kerala,Thiruvananthapuram,8.4882267,76.947551,district,date,2005-12-07,0.0,0.0,0.0,0.0,0.0,25.6083,80.0417,0.2465,1,IMD,ERA5-Land via Open-Meteo Historical API,success,
PH11-00347,2005-04-07,2005,Tamil Nadu,"Kanniyakumariumari, Namakkal, The Nilgiris,Tiruchirappalli",11.3323723,78.6098639,district,date,2005-04-06,0.0,0.5,1.2,1.4,13.5,22.4958,87.75,0.403,1,IMD,ERA5-Land via Open-Meteo Historical API,success,
PH11-00348,2005-10-13,2005,Tamil Nadu,Chennai,13.0836939,80.270186,district,date,2005-10-12,3.9,10.1,17.1,26.3,41.3,24.8833,93.375,0.4147,1,IMD,ERA5-Land via Open-Meteo Historical API,success,
PH11-00349,2005-10-15,2005,Tamil Nadu,"Thiruvallur, Chennai, Krishnagiri, Tiruvannamalai, Dharmapuri, Salem, Erode, The",13.2537619,80.0562572,district,date,2005-10-14,0.0,0.3,0.3,0.3,3.4,26.6542,84.5417,0.3972,1,IMD,ERA5-Land via Open-Meteo Historical API,success,
PH11-00350,2005-11-09,2005,Tamil Nadu,"Chennai, Cuddalore, Kancheepuram, Nagapattinam, Pudukkottai, Tiruchirappalli, Th",13.0836939,80.270186,district,date,2005-11-08,1.5,4.2,12.4,34.3,53.3,25.0417,88.3333,0.4072,1,IMD,ERA5-Land via Open-Meteo Historical API,success,
PH11-00351,2005-11-22,2005,Tamil Nadu,Nagapattinam,10.6026203,79.7619348,district,date,2005-11-21,1.0,2.7,10.5,22.2,43.5,25.0,90.4583,0.3617,1,IMD,ERA5-Land via Open-Meteo Historical API,success,
PH11-00352,2005-11-24,2005,Tamil Nadu,"Thiruvallur, Chennai, Krishnagiri, Tiruvannamalai, Dharmapuri, Salem, Erode, The",13.2537619,80.0562572,district,date,2005-11-23,0.3,1.4,6.1,13.6,36.2,23.8375,94.2083,0.4244,1,IMD,ERA5-Land via Open-Meteo Historical API,success,
PH11-00353,2005-12-03,2005,Tamil Nadu,"Chennai, Kancheepuram,Thiruvallur",13.0836939,80.270186,district,date,2005-12-02,1.1,6.5,13.5,20.2,47.8,24.0625,93.9167,0.412,1,IMD,ERA5-Land via Open-Meteo Historical API,success,
PH11-00354,2005-12-06,2005,Tamil Nadu,Thiruvallur,13.2537619,80.0562572,district,date,2005-12-05,0.0,0.0,0.0,0.0,0.4,24.975,83.5417,0.3902,1,IMD,ERA5-Land via Open-Meteo Historical API,success,
PH11-00355,2005-12-08,2005,Tamil Nadu,"Cuddalore, Nagapattinam, Tiruchirappalli,Thiruvarur",11.5202071,79.3396356,district,date,2005-12-07,0.0,0.0,0.0,0.0,0.0,23.9083,77.5,0.3787,1,IMD,ERA5-Land via Open-Meteo Historical API,success,
PH11-00356,2005-12-11,2005,Tamil Nadu,"Ramanathapuram, Thanjavur,Thiruvarur",9.5205576,78.5184635,district,date,2005-12-10,1.6,4.8,10.1,16.5,34.5,23.3792,89.9167,0.4092,1,IMD,ERA5-Land via Open-Meteo Historical API,success,
PH11-00357,2005-06-30,2005,Uttarakhand,Chamoli,30.4985956,79.6190537,district,date,2005-06-29,0.0,0.3,1.1,1.5,11.6,19.5625,93.4167,0.4162,1,IMD,ERA5-Land via Open-Meteo Historical API,success,
PH11-00358,2005-07-06,2005,Uttarakhand,Banda,30.4746788,78.3126068,district,date,2005-07-05,0.8,4.0,7.8,12.6,55.6,19.1167,90.7917,0.4839,1,IMD,ERA5-Land via Open-Meteo Historical API,success,
PH11-00359,2005-07-14,2005,Uttarakhand,"Uttar Kashi Kashi, Chamoli, Dehradun, Tehri Garhwal, Rudra Prayag, Pithoragarh, ",30.0417376,79.089691,district,date,2005-07-13,0.2,1.1,2.0,4.3,16.2,18.475,91.0833,0.4878,1,IMD,ERA5-Land via Open-Meteo Historical API,success,
PH11-00360,2005-07-21,2005,Uttarakhand,"Uttar Kashi Kashi, Chamoli, Dehradun, Tehri Garhwal, Rudra Prayag, Pithoragarh, ",30.0417376,79.089691,district,date,2005-07-20,1.1,2.9,3.5,4.5,19.2,18.8292,85.4167,0.4559,1,IMD,ERA5-Land via Open-Meteo Historical API,success,
PH11-00361,2005-07-22,2005,Uttarakhand,Tehri Garhwal,30.4658181,78.4837349,district,date,2005-07-21,0.0,0.2,1.0,3.2,11.2,19.5625,91.5,0.4728,1,IMD,ERA5-Land via Open-Meteo Historical API,success,
PH11-00362,2005-08-03,2005,Uttarakhand,Tehri Garhwal,30.4658181,78.4837349,district,date,2005-08-02,0.3,3.8,9.5,9.8,13.7,20.6583,87.2083,0.4879,1,IMD,ERA5-Land via Open-Meteo Historical API,success,
PH11-00363,2005-08-05,2005,Uttarakhand,Pithoragarh,29.585871,80.215167,district,date,2005-08-04,2.5,5.2,7.9,8.7,30.8,20.425,93.9583,0.4946,1,IMD,ERA5-Land via Open-Meteo Historical API,success,
PH11-00364,2005-09-05,2005,Uttarakhand,Bageshwar,30.0087902,79.9280183,district,date,2005-09-04,0.4,3.7,7.6,7.7,8.6,19.1167,87.9167,0.4667,1,IMD,ERA5-Land via Open-Meteo Historical API,success,
PH11-00365,2005-09-25,2005,Uttarakhand,"Dehradun, Haridwar, Moradabad,Muzaffarnagar,Dehradun, Haridwar,Nainital",30.3255646,78.0436813,district,date,2005-09-24,5.5,13.6,20.4,39.4,65.3,21.6458,91.0833,0.4243,1,IMD,ERA5-Land via Open-Meteo Historical API,success,
PH11-00366,2006-03-05,2006,Kerala,Wayanad,11.7151291,76.1271185,district,date,2006-03-04,0.0,0.0,0.0,4.9,5.5,23.0083,86.6667,0.4069,1,IMD,ERA5-Land via Open-Meteo Historical API,success,
PH11-00367,2006-05-23,2006,Kerala,Kozhikode,11.2450558,75.7754716,district,date,2006-05-22,0.0,0.0,0.0,2.8,7.5,26.6833,84.875,0.2232,1,IMD,ERA5-Land via Open-Meteo Historical API,success,
PH11-00368,2006-05-27,2006,Kerala,"Alappuzha, Kannur, Kasaragod, Kollam, Kottayam, Kozhikode, Malappuram, Thiruvana",9.5003416,76.4123364,district,date,2006-05-26,1.5,3.5,4.9,10.5,32.2,25.4792,92.5417,0.3745,1,IMD,ERA5-Land via Open-Meteo Historical API,success,
PH11-00369,2006-06-01,2006,Kerala,"Alappuzha, Ernakulam, Kannur, Kollam, Kozhikode, Palakkad, Thrissur,Wayanad",9.5003416,76.4123364,district,date,2006-05-31,2.2,6.4,11.6,21.3,49.3,25.125,93.9167,0.3869,1,IMD,ERA5-Land via Open-Meteo Historical API,success,
PH11-00370,2006-06-23,2006,Kerala,"Alappuzha, Kozhikode, Malappuram,Thiruvananthapuram",9.5003416,76.4123364,district,date,2006-06-22,3.5,10.7,20.7,33.8,42.8,25.6917,89.0833,0.378,1,IMD,ERA5-Land via Open-Meteo Historical API,success,
PH11-00371,2006-06-29,2006,Kerala,Malappuram,11.1065685,76.1101742,district,date,2006-06-28,2.7,4.7,7.9,11.6,34.6,24.6,91.375,0.4709,1,IMD,ERA5-Land via Open-Meteo Historical API,success,
PH11-00372,2006-07-01,2006,Kerala,"Kannur,Wayanad",11.8763836,75.3737973,district,date,2006-06-30,0.7,1.7,3.5,5.7,15.3,25.7125,88.9583,0.3312,1,IMD,ERA5-Land via Open-Meteo Historical API,success,
PH11-00373,2006-07-04,2006,Kerala,"Malikkeri,Wayanad",10.3528744,76.5120396,district,date,2006-07-03,4.6,7.0,8.3,15.3,24.9,24.95,93.9167,0.4798,1,IMD,ERA5-Land via Open-Meteo Historical API,success,
PH11-00374,2006-07-05,2006,Kerala,Wayanad,11.7151291,76.1271185,district,date,2006-07-04,0.3,0.6,1.3,3.1,10.3,21.6292,95.0833,0.4835,1,IMD,ERA5-Land via Open-Meteo Historical API,success,
PH11-00375,2006-08-13,2006,Kerala,Wayanad,11.7151291,76.1271185,district,date,2006-08-12,0.5,1.0,2.4,4.3,16.9,20.625,98.625,0.4727,1,IMD,ERA5-Land via Open-Meteo Historical API,success,
PH11-00376,2006-09-22,2006,Kerala,Thiruvananthapuram,8.4882267,76.947551,district,date,2006-09-21,0.1,0.1,0.3,0.8,6.3,24.8583,88.375,0.2946,1,IMD,ERA5-Land via Open-Meteo Historical API,success,
PH11-00377,2006-09-25,2006,Kerala,"Kollam, Kottayam, Palakkad, Pathanamthitta,Thiruvananthapuram",8.8870533,76.5906696,district,date,2006-09-24,0.0,0.2,0.4,8.0,20.4,25.225,89.4583,0.3376,1,IMD,ERA5-Land via Open-Meteo Historical API,success,
PH11-00378,2006-10-18,2006,Kerala,Thiruvananthapuram,8.4882267,76.947551,district,date,2006-10-17,0.0,0.0,0.0,0.5,29.0,25.3167,86.875,0.3166,1,IMD,ERA5-Land via Open-Meteo Historical API,success,
PH11-00379,2006-10-28,2006,Kerala,Thiruvananthapuram,8.4882267,76.947551,district,date,2006-10-27,0.6,2.2,6.1,15.2,35.2,24.4083,92.2917,0.3447,1,IMD,ERA5-Land via Open-Meteo Historical API,success,
PH11-00380,2006-11-04,2006,Kerala,Wayanad,11.7151291,76.1271185,district,date,2006-11-03,0.2,0.2,0.4,5.5,8.7,21.7583,92.9167,0.4885,1,IMD,ERA5-Land via Open-Meteo Historical API,success,
PH11-00381,2006-11-08,2006,Kerala,Thiruvananthapuram,8.4882267,76.947551,district,date,2006-11-07,0.1,0.1,0.4,0.9,3.3,25.6625,84.0417,0.294,1,IMD,ERA5-Land via Open-Meteo Historical API,success,
PH11-00382,2006-11-21,2006,Kerala,Thiruvananthapuram,8.4882267,76.947551,district,date,2006-11-20,0.3,0.7,1.0,2.1,20.5,25.2,87.6667,0.3109,1,IMD,ERA5-Land via Open-Meteo Historical API,success,
PH11-00383,2006-11-25,2006,Kerala,Kottayam,9.6287383,76.6455326,district,date,2006-11-24,0.0,0.0,0.0,3.9,15.2,25.0208,90.9583,0.4447,1,IMD,ERA5-Land via Open-Meteo Historical API,success,
PH11-00384,2006-05-13,2006,Tamil Nadu,Salem,11.6469616,78.2106958,district,date,2006-05-12,0.0,0.0,0.0,3.0,3.0,30.4208,60.4583,0.1353,1,IMD,ERA5-Land via Open-Meteo Historical API,success,
PH11-00385,2006-10-22,2006,Tamil Nadu,"Chennai, Madurai, Nagapattinam,Tirunelveli, Tiruvannamalai, Thoothukkudi,Viluppu",13.0836939,80.270186,district,date,2006-10-21,0.0,0.0,0.0,0.7,8.7,26.6833,85.2917,0.3739,1,IMD,ERA5-Land via Open-Meteo Historical API,success,
PH11-00386,2006-11-09,2006,Tamil Nadu,The Nilgiris,11.4,76.7,district,date,2006-11-08,0.5,1.6,3.3,6.4,13.4,14.7958,95.8333,0.4259,1,IMD,ERA5-Land via Open-Meteo Historical API,success,
PH11-00387,2006-11-18,2006,Tamil Nadu,Nagapattinam,10.6026203,79.7619348,district,date,2006-11-17,3.5,9.6,16.3,24.8,28.5,25.3667,88.125,0.3425,1,IMD,ERA5-Land via Open-Meteo Historical API,success,
PH11-00388,2006-06-07,2006,Uttarakhand,Lucknow,30.0417376,79.089691,district,date,2006-06-06,0.0,0.0,0.0,0.0,1.0,18.9,64.25,0.4523,1,IMD,ERA5-Land via Open-Meteo Historical API,success,
PH11-00389,2007-02-26,2007,Kerala,Kollam,8.8870533,76.5906696,district,date,2007-02-25,0.0,0.0,0.0,0.3,0.5,27.2542,74.0833,0.0716,1,IMD,ERA5-Land via Open-Meteo Historical API,success,
PH11-00390,2007-04-21,2007,Kerala,Wayanad,11.7151291,76.1271185,district,date,2007-04-20,0.0,0.0,0.0,0.0,0.8,23.8792,84.875,0.4253,1,IMD,ERA5-Land via Open-Meteo Historical API,success,
PH11-00391,2007-06-07,2007,Kerala,Wayanad,11.7151291,76.1271185,district,date,2007-06-06,0.0,0.7,1.8,3.7,9.3,23.6542,91.5,0.4756,1,IMD,ERA5-Land via Open-Meteo Historical API,success,
PH11-00392,2007-06-10,2007,Kerala,Wayanad,11.7151291,76.1271185,district,date,2007-06-09,0.0,0.0,0.0,0.0,2.7,22.3,93.3333,0.494,1,IMD,ERA5-Land via Open-Meteo Historical API,success,
PH11-00393,2007-06-14,2007,Kerala,Kasaragod,12.4221964,75.1904446,district,date,2007-06-13,0.0,0.0,0.4,1.4,18.1,26.35,86.5417,0.4635,1,IMD,ERA5-Land via Open-Meteo Historical API,success,
PH11-00394,2007-06-22,2007,Kerala,"Alappuzha, Ernakulam,  Idukki, Kannur, Kasaragod, Kottayam, Kozhikode, Malappura",9.5003416,76.4123364,district,date,2007-06-21,3.7,10.5,17.1,28.8,51.9,24.9375,93.9583,0.3899,1,IMD,ERA5-Land via Open-Meteo Historical API,success,
PH11-00395,2007-06-28,2007,Kerala,Wayanad,11.7151291,76.1271185,district,date,2007-06-27,0.3,0.3,1.0,2.3,9.3,21.7417,93.125,0.5012,1,IMD,ERA5-Land via Open-Meteo Historical API,success,
PH11-00396,2007-07-01,2007,Kerala,Idukki,9.8154785,76.9991599,district,date,2007-06-30,1.3,4.0,8.1,14.7,41.9,21.0208,97.2917,0.473,1,IMD,ERA5-Land via Open-Meteo Historical API,success,
PH11-00397,2007-07-02,2007,Kerala,"Ernakulam, Idukki, Kollam, Wayanad",9.9837257,76.2740001,district,date,2007-07-01,1.2,2.2,3.9,11.9,25.6,25.5458,90.625,0.429,1,IMD,ERA5-Land via Open-Meteo Historical API,success,
PH11-00398,2007-07-04,2007,Kerala,Wayanad,11.7151291,76.1271185,district,date,2007-07-03,0.2,0.7,1.6,4.2,14.9,21.4417,97.0417,0.4992,1,IMD,ERA5-Land via Open-Meteo Historical API,success,
PH11-00399,2007-07-14,2007,Kerala,"Alappuzha, Idukki, Kannur, Kottayam, Kozhikode, Malappuram, Pathanamthitta, Thir",9.5003416,76.4123364,district,date,2007-07-13,0.1,0.6,2.0,4.1,7.7,25.725,90.0,0.3507,1,IMD,ERA5-Land via Open-Meteo Historical API,success,
PH11-00400,2007-07-26,2007,Kerala,Wayanad,11.7151291,76.1271185,district,date,2007-07-25,0.0,0.0,0.0,0.0,3.4,21.0208,94.375,0.4729,1,IMD,ERA5-Land via Open-Meteo Historical API,success,
PH11-00401,2007-09-09,2007,Kerala,Thiruvananthapuram,8.4882267,76.947551,district,date,2007-09-08,0.0,0.0,0.0,2.5,9.8,25.425,86.5417,0.2768,1,IMD,ERA5-Land via Open-Meteo Historical API,success,
PH11-00402,2007-10-21,2007,Kerala,Thiruvananthapuram,8.4882267,76.947551,district,date,2007-10-20,0.0,0.1,0.5,5.1,19.3,24.1,87.2917,0.333,1,IMD,ERA5-Land via Open-Meteo Historical API,success,
PH11-00403,2007-11-03,2007,Kerala,"Alappuzha, Malappuram, Pathanamthitta, Thiruvananthapuram,Wayanad",9.5003416,76.4123364,district,date,2007-11-02,0.0,0.0,0.0,3.3,6.8,25.65,88.2083,0.3178,1,IMD,ERA5-Land via Open-Meteo Historical API,success,
PH11-00404,2007-10-24,2007,Tamil Nadu,"Cuddalore,Nagapattinam",11.5202071,79.3396356,district,date,2007-10-23,0.4,0.9,1.7,6.9,38.2,23.6125,95.2917,0.4255,1,IMD,ERA5-Land via Open-Meteo Historical API,success,
PH11-00405,2007-10-29,2007,Tamil Nadu,"Chennai, Kancheepuram, Tiruvannamalai,Viluppuram",13.0836939,80.270186,district,date,2007-10-28,6.2,19.9,39.3,55.7,97.2,24.0333,91.0,0.4205,1,IMD,ERA5-Land via Open-Meteo Historical API,success,
PH11-00406,2007-11-06,2007,Tamil Nadu,Kanniyakumariumari,11.3323723,78.6098639,district,date,2007-11-05,0.0,0.4,0.7,0.7,2.0,22.2042,86.5833,0.4025,1,IMD,ERA5-Land via Open-Meteo Historical API,success,
PH11-00407,2007-12-19,2007,Tamil Nadu,Chennai,13.0836939,80.270186,district,date,2007-12-18,3.2,10.3,25.2,41.8,58.1,24.0542,90.625,0.4027,1,IMD,ERA5-Land via Open-Meteo Historical API,success,
PH11-00408,2008-03-13,2008,Kerala,"Alappuzha, Ernakulam Kannur, Kasaragod,Kollam, Kottayam, Kozhikode, Malappuram, ",9.5003416,76.4123364,district,date,2008-03-12,0.0,0.0,0.0,4.9,5.9,27.45,77.6667,0.1152,1,IMD,ERA5-Land via Open-Meteo Historical API,success,
PH11-00409,2008-04-08,2008,Kerala,Thiruvananthapuram,8.4882267,76.947551,district,date,2008-04-07,0.0,0.0,0.0,1.9,2.6,26.2875,79.8333,0.247,1,IMD,ERA5-Land via Open-Meteo Historical API,success,
PH11-00410,2008-04-23,2008,Kerala,Wayanad,11.7151291,76.1271185,district,date,2008-04-22,0.0,0.0,0.0,0.0,0.1,24.6792,87.1667,0.442,1,IMD,ERA5-Land via Open-Meteo Historical API,success,
PH11-00411,2008-07-11,2008,Kerala,Thiruvananthapuram,8.4882267,76.947551,district,date,2008-07-10,0.0,0.1,0.5,0.6,1.8,25.375,86.4167,0.236,1,IMD,ERA5-Land via Open-Meteo Historical API,success,
PH11-00412,2008-07-28,2008,Kerala,"Alappuzha, Idukki, Kollam, Kottayam, Palakkad, Pathanamthitta, Thiruvananthapura",9.5003416,76.4123364,district,date,2008-07-27,0.9,2.0,4.0,9.8,30.6,24.6167,93.125,0.3727,1,IMD,ERA5-Land via Open-Meteo Historical API,success,
PH11-00413,2008-08-10,2008,Kerala,"Palakkad,Wayanad",10.7873692,76.4742172,district,date,2008-08-09,0.3,0.8,2.4,5.0,8.8,22.8833,94.7917,0.475,1,IMD,ERA5-Land via Open-Meteo Historical API,success,
PH11-00414,2008-08-31,2008,Kerala,Thiruvananthapuram,8.4882267,76.947551,district,date,2008-08-30,0.6,1.6,5.6,10.4,17.8,25.0167,88.375,0.2916,1,IMD,ERA5-Land via Open-Meteo Historical API,success,
PH11-00415,2008-09-01,2008,Kerala,"Malappuram, Pathanamthitta, Thiruvananthapuram",11.1065685,76.1101742,district,date,2008-08-31,0.6,2.6,4.1,11.6,26.2,24.5458,90.4167,0.4814,1,IMD,ERA5-Land via Open-Meteo Historical API,success,
PH11-00416,2008-09-07,2008,Kerala,"Idukki, Kasaragod,Kottayam",9.8154785,76.9991599,district,date,2008-09-06,1.3,9.8,12.9,13.5,21.7,21.5167,93.2083,0.4845,1,IMD,ERA5-Land via Open-Meteo Historical API,success,
PH11-00417,2008-10-19,2008,Kerala,"Alappuzha, Kottayam, Kozhikode, Malappuram, Palakkad, Thiruvananthapuram, Thriss",9.5003416,76.4123364,district,date,2008-10-18,0.0,0.0,0.0,0.0,8.1,26.1083,89.5833,0.3463,1,IMD,ERA5-Land via Open-Meteo Historical API,success,
PH11-00418,2008-03-13,2008,Tamil Nadu,Cuddalore,11.5202071,79.3396356,district,date,2008-03-12,0.0,0.1,0.4,3.3,15.6,23.9958,91.5833,0.2868,1,IMD,ERA5-Land via Open-Meteo Historical API,success,
PH11-00419,2008-05-25,2008,Tamil Nadu,Coimbatore,11.0018115,76.9628425,district,date,2008-05-24,0.0,0.0,0.0,0.0,0.6,26.7833,70.5833,0.1614,1,IMD,ERA5-Land via Open-Meteo Historical API,success,
PH11-00420,2008-11-26,2008,Tamil Nadu,"Ariyalur, Chennai, Cuddalore, Dindigul, Nagapattinam,Thanjavur, Thiruvarur, Thoo",11.1530559,79.2585797,district,date,2008-11-25,3.8,9.5,18.6,47.6,91.8,22.4958,89.2917,0.4864,1,IMD,ERA5-Land via Open-Meteo Historical API,success,
PH11-00421,2008-07-17,2008,Uttarakhand,Champawat,29.235032,80.1023068,district,date,2008-07-16,0.9,2.2,3.5,5.1,17.6,22.4292,96.1667,0.4826,1,IMD,ERA5-Land via Open-Meteo Historical API,success,
PH11-00422,2009-05-26,2009,Kerala,"Alappuzha, Kollam, Kottayam,Thiruvananthapuram",9.5003416,76.4123364,district,date,2009-05-25,1.6,5.2,7.7,8.2,20.2,26.3792,90.7083,0.367,1,IMD,ERA5-Land via Open-Meteo Historical API,success,
PH11-00423,2009-07-05,2009,Kerala,"Kozhikode, Thrissur,Wayanad",11.2450558,75.7754716,district,date,2009-07-04,2.0,6.3,13.8,23.1,53.8,24.1458,93.2917,0.3645,1,IMD,ERA5-Land via Open-Meteo Historical API,success,
PH11-00424,2009-07-11,2009,Kerala,Wayanad,11.7151291,76.1271185,district,date,2009-07-10,0.3,0.4,0.4,0.8,4.8,21.0458,96.5833,0.4829,1,IMD,ERA5-Land via Open-Meteo Historical API,success,
PH11-00425,2009-07-15,2009,Kerala,"Alappuzha, Ernakulam, Idukki, Kannur, Kasaragod, Kollam, Kozhikode, Pathanamthit",9.5003416,76.4123364,district,date,2009-07-14,0.2,1.7,2.1,5.1,11.9,25.5917,91.1667,0.3535,1,IMD,ERA5-Land via Open-Meteo Historical API,success,
PH11-00426,2009-07-20,2009,Kerala,Wayanad,11.7151291,76.1271185,district,date,2009-07-19,0.2,1.2,4.1,8.7,24.4,20.2042,98.9583,0.4749,1,IMD,ERA5-Land via Open-Meteo Historical API,success,
PH11-00427,2009-09-18,2009,Kerala,Kottayam,9.6287383,76.6455326,district,date,2009-09-17,0.0,0.2,0.8,6.7,22.2,24.5167,94.875,0.4777,1,IMD,ERA5-Land via Open-Meteo Historical API,success,
PH11-00428,2009-10-03,2009,Kerala,"Alappuzha, Ernakulam, Kollam, Kozhikode, Malappuram, Pathanamthitta, Thrissur,Th",9.5003416,76.4123364,district,date,2009-10-02,0.7,1.5,1.5,3.6,32.4,25.425,93.0,0.3736,1,IMD,ERA5-Land via Open-Meteo Historical API,success,
PH11-00429,2009-11-07,2009,Kerala,"Idukki, Palakkad,Thiruvananthapuram",9.8154785,76.9991599,district,date,2009-11-06,1.1,2.8,6.2,14.5,38.6,21.5333,97.625,0.4802,1,IMD,ERA5-Land via Open-Meteo Historical API,success,
PH11-00430,2009-12-27,2009,Kerala,Wayanad,11.7151291,76.1271185,district,date,2009-12-26,0.3,0.6,1.1,1.1,1.1,22.8958,83.9167,0.3997,1,IMD,ERA5-Land via Open-Meteo Historical API,success,
PH11-00431,2009-09-16,2009,Tamil Nadu,Vellore,12.9021849,79.061104,district,date,2009-09-15,0.0,0.0,1.0,9.7,9.7,28.1583,73.0,0.3478,1,IMD,ERA5-Land via Open-Meteo Historical API,success,
PH11-00432,2009-09-25,2009,Tamil Nadu,Tiruvannamalai,12.4289282,78.99915,district,date,2009-09-24,0.0,0.0,0.0,7.0,7.0,27.1583,75.5833,0.379,1,IMD,ERA5-Land via Open-Meteo Historical API,success,
PH11-00433,2009-11-06,2009,Tamil Nadu,"The Nilgiris,Kanniyakumariumari,Thiruvallur, Thiruvarur,Tirunelveli",11.4,76.7,district,date,2009-11-05,0.1,0.6,0.9,1.3,3.7,15.4292,91.5833,0.4065,1,IMD,ERA5-Land via Open-Meteo Historical API,success,
PH11-00434,2009-11-16,2009,Tamil Nadu,"Dharmapuri, Kanniyakumariumari, The Nilgiris,Thiruvallur",12.1456131,78.1132217,district,date,2009-11-15,0.0,0.0,0.0,4.2,9.4,22.7417,94.2083,0.4077,1,IMD,ERA5-Land via Open-Meteo Historical API,success,
PH11-00435,2009-07-28,2009,Uttarakhand,Garhwal,30.25,79.333333,district,date,2009-07-27,0.1,0.1,0.1,0.7,4.3,17.3292,90.3333,0.4986,1,IMD,ERA5-Land via Open-Meteo Historical API,success,
PH11-00436,2009-08-08,2009,Uttarakhand,Pithoragarh,29.585871,80.215167,district,date,2009-08-07,0.3,1.5,3.8,6.8,13.1,20.5125,94.0833,0.4908,1,IMD,ERA5-Land via Open-Meteo Historical API,success,
PH11-00437,2010-05-03,2010,Kerala,Wayanad,11.7151291,76.1271185,district,date,2010-05-02,0.2,4.0,4.2,4.4,4.7,24.8542,86.7083,0.4786,1,IMD,ERA5-Land via Open-Meteo Historical API,success,
PH11-00438,2010-05-29,2010,Kerala,Kozhikode,11.2450558,75.7754716,district,date,2010-05-28,0.4,0.4,0.5,2.7,4.0,27.5708,85.5833,0.2979,1,IMD,ERA5-Land via Open-Meteo Historical API,success,
PH11-00439,2010-06-08,2010,Kerala,Idukki,9.8154785,76.9991599,district,date,2010-06-07,0.3,1.8,2.6,3.9,13.7,21.575,97.7083,0.4771,1,IMD,ERA5-Land via Open-Meteo Historical API,success,
PH11-00440,2010-06-11,2010,Kerala,"Alappuzha, Ernakulam, Idukki, Kasaragod, Kochi,Kottayam, Kozhikode, Malappuram, ",9.5003416,76.4123364,district,date,2010-06-10,3.1,8.8,20.6,39.7,57.2,25.3833,94.0833,0.389,1,IMD,ERA5-Land via Open-Meteo Historical API,success,
PH11-00441,2010-07-19,2010,Kerala,Thiruvananthapuram,8.4882267,76.947551,district,date,2010-07-18,0.4,1.4,2.8,4.3,11.5,24.8667,90.7917,0.3164,1,IMD,ERA5-Land via Open-Meteo Historical API,success,
PH11-00442,2010-09-17,2010,Kerala,"Alappuzha, Ernakulam,Kozhikode",9.5003416,76.4123364,district,date,2010-09-16,0.2,0.2,1.3,6.1,19.2,25.0833,91.9583,0.3675,1,IMD,ERA5-Land via Open-Meteo Historical API,success,
PH11-00443,2010-09-24,2010,Kerala,Kottayam,9.6287383,76.6455326,district,date,2010-09-23,3.4,11.9,19.1,23.7,30.5,24.875,93.2083,0.4877,1,IMD,ERA5-Land via Open-Meteo Historical API,success,
PH11-00444,2010-10-03,2010,Kerala,"Alappuzha, Kollam Kozhikode, Malappuram,Thrissur, Thiruvananthapuram,Wayanad",9.5003416,76.4123364,district,date,2010-10-02,1.0,2.2,3.4,9.3,16.3,25.3417,92.4167,0.3631,1,IMD,ERA5-Land via Open-Meteo Historical API,success,
PH11-00445,2010-10-18,2010,Kerala,"Alappuzha, Kottayam, Pathanamthitta,Thiruvananthapuram,Thrissur",9.5003416,76.4123364,district,date,2010-10-17,0.6,1.3,2.8,5.7,7.1,25.7375,87.4583,0.3275,1,IMD,ERA5-Land via Open-Meteo Historical API,success,
PH11-00446,2010-10-22,2010,Kerala,"Kannur, Kasaragod, Kozhikode, Malappuram,Wayanad",11.8763836,75.3737973,district,date,2010-10-21,2.0,6.1,9.3,16.7,32.5,25.1292,90.75,0.327,1,IMD,ERA5-Land via Open-Meteo Historical API,success,
PH11-00447,2010-10-27,2010,Kerala,"Idukki,Thiruvananthapuram",9.8154785,76.9991599,district,date,2010-10-26,0.3,1.2,1.3,1.7,7.9,22.2042,90.2917,0.485,1,IMD,ERA5-Land via Open-Meteo Historical API,success,
PH11-00448,2010-11-08,2010,Kerala,Thiruvananthapuram,8.4882267,76.947551,district,date,2010-11-07,0.1,0.4,1.6,4.3,6.4,24.8875,89.0417,0.2686,1,IMD,ERA5-Land via Open-Meteo Historical API,success,
PH11-00449,2010-11-16,2010,Kerala,Thiruvananthapuram,8.4882267,76.947551,district,date,2010-11-15,0.0,0.3,0.4,1.1,3.8,25.3667,84.375,0.2619,1,IMD,ERA5-Land via Open-Meteo Historical API,success,
PH11-00450,2010-11-20,2010,Kerala,"Kozhikode, Palakkad, Pathanamthitta, Thiruvananthapuram,Wayanad",11.2450558,75.7754716,district,date,2010-11-19,0.0,0.1,0.9,1.6,9.7,25.4375,87.375,0.3008,1,IMD,ERA5-Land via Open-Meteo Historical API,success,
PH11-00451,2010-11-27,2010,Kerala,"Pathanamthitta,Thiruvananthapuram",9.2780841,76.9737443,district,date,2010-11-26,0.6,1.8,4.7,9.1,24.5,21.2292,97.5833,0.4781,1,IMD,ERA5-Land via Open-Meteo Historical API,success,
PH11-00452,2010-12-08,2010,Kerala,Thiruvananthapuram,8.4882267,76.947551,district,date,2010-12-07,0.9,2.5,4.9,8.2,19.7,24.6,90.125,0.3044,1,IMD,ERA5-Land via Open-Meteo Historical API,success,
PH11-00453,2010-05-01,2010,Tamil Nadu,"Kanniyakumariumari, Salem,  Tiruchirappalli,Thoothukkudi",11.3323723,78.6098639,district,date,2010-04-30,0.0,0.3,3.3,16.5,23.4,25.8583,75.7083,0.2464,1,IMD,ERA5-Land via Open-Meteo Historical API,success,
PH11-00454,2010-05-18,2010,Tamil Nadu,"Karur, Tiruchirappalli",10.8217671,78.3828654,district,date,2010-05-17,0.0,0.0,0.0,8.3,8.6,31.8583,63.9583,0.187,1,IMD,ERA5-Land via Open-Meteo Historical API,success,
PH11-00455,2010-07-09,2010,Tamil Nadu,Kancheepuram,12.8796052,79.7042762,district,date,2010-07-08,0.1,0.3,0.3,0.3,4.1,27.0375,82.25,0.3399,1,IMD,ERA5-Land via Open-Meteo Historical API,success,
PH11-00456,2010-08-08,2010,Tamil Nadu,"Cuddalore,Kancheepuram",11.5202071,79.3396356,district,date,2010-08-07,0.0,0.0,0.0,6.0,6.0,30.6292,60.5417,0.1985,1,IMD,ERA5-Land via Open-Meteo Historical API,success,
PH11-00457,2010-08-23,2010,Tamil Nadu,"Cuddalore,Erode",11.5202071,79.3396356,district,date,2010-08-22,0.0,0.3,1.1,2.1,39.1,25.0333,92.5417,0.4216,1,IMD,ERA5-Land via Open-Meteo Historical API,success,
PH11-00458,2010-09-23,2010,Tamil Nadu,Coimbatore,11.0018115,76.9628425,district,date,2010-09-22,0.0,3.0,5.1,6.9,6.9,25.3875,79.25,0.2867,1,IMD,ERA5-Land via Open-Meteo Historical API,success,
PH11-00459,2010-11-07,2010,Tamil Nadu,"Chennai, Cuddalore, Tiruchirappalli,Tiruvannamalai, Vellore,Viluppuram",13.0836939,80.270186,district,date,2010-11-06,4.3,15.4,29.3,37.3,38.6,25.7875,84.7083,0.4005,1,IMD,ERA5-Land via Open-Meteo Historical API,success,
PH11-00460,2010-11-22,2010,Tamil Nadu,Many districts of Tamil Nadu.,11.3323723,78.6098639,district,date,2010-11-21,0.0,0.0,0.1,1.9,6.8,21.5667,88.625,0.41,1,IMD,ERA5-Land via Open-Meteo Historical API,success,
PH11-00461,2010-11-25,2010,Tamil Nadu,"Ariyalur, Madurai, Nagapattinam, Ramanathapuram, Thanjavur, Thoothukkudi,Viluppu",11.1530559,79.2585797,district,date,2010-11-24,0.3,1.0,1.8,2.1,3.1,25.0417,89.0417,0.4711,1,IMD,ERA5-Land via Open-Meteo Historical API,success,
PH11-00462,2010-11-30,2010,Tamil Nadu,Many districts of Tamil Nadu.,11.3323723,78.6098639,district,date,2010-11-29,0.0,0.0,0.0,0.0,1.0,21.1333,83.5833,0.4002,1,IMD,ERA5-Land via Open-Meteo Historical API,success,
PH11-00463,2010-12-01,2010,Tamil Nadu,"Ariyalur, Ramanathapuram, Thanjavur,Thoothukkudi",11.1530559,79.2585797,district,date,2010-11-30,0.7,2.3,3.9,4.8,6.3,25.1792,83.2083,0.4614,1,IMD,ERA5-Land via Open-Meteo Historical API,success,
PH11-00464,2010-12-09,2010,Tamil Nadu,"Kanniyakumariumari,Tirunelveli",11.3323723,78.6098639,district,date,2010-12-08,0.0,0.0,0.0,0.0,0.1,22.1042,81.875,0.3697,1,IMD,ERA5-Land via Open-Meteo Historical API,success,
PH11-00465,2010-12-16,2010,Tamil Nadu,Tiruppur,10.7915267,77.5325466,district,date,2010-12-15,0.4,0.8,1.6,1.6,3.0,23.7125,85.375,0.3324,1,IMD,ERA5-Land via Open-Meteo Historical API,success,
PH11-00466,2010-07-05,2010,Uttarakhand,Mathura,29.2220315,79.5229864,district,date,2010-07-04,0.7,0.7,0.7,0.7,2.4,29.2875,72.4167,0.33,1,IMD,ERA5-Land via Open-Meteo Historical API,success,
PH11-00467,2010-08-18,2010,Uttarakhand,Bageshwar,30.0087902,79.9280183,district,date,2010-08-17,4.0,11.7,23.6,33.8,51.2,19.9833,95.25,0.468,1,IMD,ERA5-Land via Open-Meteo Historical API,success,
PH11-00468,2010-09-18,2010,Uttarakhand,"Almora, Dehradun,Nainital",29.702651,79.4326318,district,date,2010-09-17,6.7,20.0,33.4,72.0,101.3,19.9083,91.125,0.4935,1,IMD,ERA5-Land via Open-Meteo Historical API,success,
PH11-00469,2011-04-14,2011,Kerala,Wayanad,11.7151291,76.1271185,district,date,2011-04-13,0.0,0.0,0.0,0.0,0.0,24.4667,82.0833,0.4167,1,IMD,ERA5-Land via Open-Meteo Historical API,success,
PH11-00470,2011-04-21,2011,Kerala,Wayanad,11.7151291,76.1271185,district,date,2011-04-20,0.0,0.0,0.1,0.2,3.7,23.4042,90.0,0.4538,1,IMD,ERA5-Land via Open-Meteo Historical API,success,
PH11-00471,2011-04-25,2011,Kerala,Alappuzha,9.5003416,76.4123364,district,date,2011-04-24,0.2,1.4,3.6,4.4,11.3,25.6708,90.3333,0.3615,1,IMD,ERA5-Land via Open-Meteo Historical API,success,
PH11-00472,2011-04-28,2011,Kerala,Thiruvananthapuram,8.4882267,76.947551,district,date,2011-04-27,0.0,0.0,1.8,5.4,7.3,26.6375,85.125,0.2716,1,IMD,ERA5-Land via Open-Meteo Historical API,success,
PH11-00473,2011-06-01,2011,Kerala,"Alappuzha, Idukki, Kollam, Kottayam, Kozhikode, Malappuram, Pathanamthitta, Thri",9.5003416,76.4123364,district,date,2011-05-31,1.6,3.7,10.6,21.6,40.9,25.775,92.9167,0.3805,1,IMD,ERA5-Land via Open-Meteo Historical API,success,
PH11-00474,2011-06-05,2011,Kerala,"Alappuzha, Ernakulam, Idukki, Kottayam, Malappuram, Pathanamthitta, Thiruvananth",9.5003416,76.4123364,district,date,2011-06-04,0.4,1.6,3.7,7.0,11.7,26.1833,90.25,0.3553,1,IMD,ERA5-Land via Open-Meteo Historical API,success,
PH11-00475,2011-06-17,2011,Kerala,Wayanad,11.7151291,76.1271185,district,date,2011-06-16,0.2,0.6,1.8,2.2,5.7,20.8667,96.0,0.5004,1,IMD,ERA5-Land via Open-Meteo Historical API,success,
PH11-00476,2011-06-29,2011,Kerala,Kozhikode,11.2450558,75.7754716,district,date,2011-06-28,0.1,0.9,1.2,1.5,4.7,25.6083,86.4583,0.3102,1,IMD,ERA5-Land via Open-Meteo Historical API,success,
PH11-00477,2011-07-16,2011,Kerala,"Malappuram, Kasaragod, Kozhikode,Wayanad",11.1065685,76.1101742,district,date,2011-07-15,2.9,7.3,14.3,28.4,44.5,23.425,94.9583,0.4807,1,IMD,ERA5-Land via Open-Meteo Historical API,success,
PH11-00478,2011-08-06,2011,Kerala,"Idukki, Kannur, Kottayam, Pathanamthitta,Thiruvananthapuram",9.8154785,76.9991599,district,date,2011-08-05,0.6,3.0,8.0,15.1,31.9,20.8792,97.375,0.4847,1,IMD,ERA5-Land via Open-Meteo Historical API,success,
PH11-00479,2011-08-28,2011,Kerala,"Kozhikode, Malappuram, Palakkad, Thiruvananthapuram, Thrissur,Wayanad",11.2450558,75.7754716,district,date,2011-08-27,1.1,4.6,7.7,10.5,16.1,24.6833,90.0833,0.3112,1,IMD,ERA5-Land via Open-Meteo Historical API,success,
PH11-00480,2011-10-10,2011,Kerala,Wayanad,11.7151291,76.1271185,district,date,2011-10-09,0.0,0.0,0.0,0.0,0.9,22.4458,87.7917,0.4037,1,IMD,ERA5-Land via Open-Meteo Historical API,success,
PH11-00481,2011-10-14,2011,Kerala,"Idukki,Wayanad",9.8154785,76.9991599,district,date,2011-10-13,0.5,1.6,1.8,2.0,8.6,22.2167,89.7083,0.469,1,IMD,ERA5-Land via Open-Meteo Historical API,success,
PH11-00482,2011-10-21,2011,Kerala,"Malappuram,Thrissur",11.1065685,76.1101742,district,date,2011-10-20,0.0,0.5,1.7,2.8,7.2,25.2417,86.7083,0.4981,1,IMD,ERA5-Land via Open-Meteo Historical API,success,
PH11-00483,2011-10-31,2011,Kerala,"Kannur, Thiruvananthapuram,Wayanad",11.8763836,75.3737973,district,date,2011-10-30,0.0,0.0,1.9,16.0,23.5,25.7958,88.875,0.3217,1,IMD,ERA5-Land via Open-Meteo Historical API,success,
PH11-00484,2011-11-26,2011,Kerala,Thiruvananthapuram,8.4882267,76.947551,district,date,2011-11-25,1.3,3.4,4.4,6.5,17.3,25.0375,87.5833,0.2036,1,IMD,ERA5-Land via Open-Meteo Historical API,success,
PH11-00485,2011-12-31,2011,Kerala,"Alappuzha, Kollam,Thiruvananthapuram",9.5003416,76.4123364,district,date,2011-12-30,3.1,10.1,22.2,22.7,22.9,26.7458,78.75,0.1354,1,IMD,ERA5-Land via Open-Meteo Historical API,success,
PH11-00486,2011-04-21,2011,Tamil Nadu,The Nilgiris,11.4,76.7,district,date,2011-04-20,0.0,0.0,0.0,0.0,2.8,17.3375,80.2083,0.3695,1,IMD,ERA5-Land via Open-Meteo Historical API,success,
PH11-00487,2011-09-16,2011,Tamil Nadu,Kancheepuram,12.8796052,79.7042762,district,date,2011-09-15,0.0,1.2,3.8,4.6,5.0,28.9708,70.5417,0.3107,1,IMD,ERA5-Land via Open-Meteo Historical API,success,
PH11-00488,2011-10-16,2011,Tamil Nadu,Coimbatore,11.0018115,76.9628425,district,date,2011-10-15,0.5,1.7,4.0,4.5,8.8,24.6917,83.375,0.3609,1,IMD,ERA5-Land via Open-Meteo Historical API,success,
PH11-00489,2011-10-20,2011,Tamil Nadu,Cuddalore,11.5202071,79.3396356,district,date,2011-10-19,0.0,0.0,0.0,0.0,0.0,28.2292,73.625,0.338,1,IMD,ERA5-Land via Open-Meteo Historical API,success,
PH11-00490,2011-10-30,2011,Tamil Nadu,Cuddalore,11.5202071,79.3396356,district,date,2011-10-29,0.5,1.6,2.5,4.4,9.0,24.7417,90.2083,0.3993,1,IMD,ERA5-Land via Open-Meteo Historical API,success,
PH11-00491,2011-11-01,2011,Tamil Nadu,"Districts of Cauvery delta zone, Chennai,Dindigul",11.3323723,78.6098639,district,date,2011-10-31,0.5,1.3,3.8,6.6,7.7,21.1042,92.4583,0.4042,1,IMD,ERA5-Land via Open-Meteo Historical API,success,
PH11-00492,2011-11-24,2011,Tamil Nadu,Districts of Cauvery delta,11.3323723,78.6098639,district,date,2011-11-23,0.0,0.0,0.0,0.0,0.0,21.6208,71.7083,0.2582,1,IMD,ERA5-Land via Open-Meteo Historical API,success,
PH11-00493,2011-07-21,2011,Uttarakhand,Almora,29.702651,79.4326318,district,date,2011-07-20,3.5,10.0,14.1,19.5,31.3,23.2,93.2083,0.4816,1,IMD,ERA5-Land via Open-Meteo Historical API,success,
PH11-00494,2011-08-23,2011,Uttarakhand,Parts of Uttar Kashiakhand,30.0417376,79.089691,district,date,2011-08-22,0.2,0.6,1.5,1.5,4.7,19.3208,86.0417,0.4921,1,IMD,ERA5-Land via Open-Meteo Historical API,success,
PH11-00495,2012-04-07,2012,Kerala,Kollam,8.8870533,76.5906696,district,date,2012-04-06,0.0,0.0,0.0,0.6,4.2,27.8458,79.6667,0.177,1,IMD,ERA5-Land via Open-Meteo Historical API,success,
PH11-00496,2012-04-09,2012,Kerala,Wayanad,11.7151291,76.1271185,district,date,2012-04-08,0.0,0.0,0.0,0.0,2.2,24.775,85.5417,0.4205,1,IMD,ERA5-Land via Open-Meteo Historical API,success,
PH11-00497,2012-04-23,2012,Kerala,Pathanamthitta,9.2780841,76.9737443,district,date,2012-04-22,0.0,0.0,1.6,15.1,24.2,23.7583,91.6667,0.4675,1,IMD,ERA5-Land via Open-Meteo Historical API,success,
PH11-00498,2012-04-24,2012,Kerala,Thrissur,10.5270099,76.214621,district,date,2012-04-23,2.9,3.2,3.2,17.9,19.2,27.8333,85.4167,0.402,1,IMD,ERA5-Land via Open-Meteo Historical API,success,
PH11-00499,2012-06-06,2012,Kerala,Wayanad,11.7151291,76.1271185,district,date,2012-06-05,0.2,0.5,1.3,3.2,5.6,22.3167,94.7083,0.4934,1,IMD,ERA5-Land via Open-Meteo Historical API,success,
PH11-00500,2012-06-12,2012,Kerala,Kottayam,9.6287383,76.6455326,district,date,2012-06-11,0.4,1.0,1.2,1.2,1.5,25.9458,89.0417,0.4858,1,IMD,ERA5-Land via Open-Meteo Historical API,success,
PH11-00501,2012-07-02,2012,Kerala,Thiruvananthapuram,8.4882267,76.947551,district,date,2012-07-01,0.8,4.2,6.7,10.1,17.5,24.5375,89.5417,0.2979,1,IMD,ERA5-Land via Open-Meteo Historical API,success,
PH11-00502,2012-07-28,2012,Kerala,Wayanad,11.7151291,76.1271185,district,date,2012-07-27,0.0,0.0,0.0,0.0,1.6,21.2417,94.0833,0.4911,1,IMD,ERA5-Land via Open-Meteo Historical API,success,
PH11-00503,2012-08-04,2012,Kerala,"Kannur, Kozhikode,Wayanad",11.8763836,75.3737973,district,date,2012-08-03,0.5,1.6,2.4,3.1,5.0,24.9625,89.0833,0.2923,1,IMD,ERA5-Land via Open-Meteo Historical API,success,
PH11-00504,2012-11-17,2012,Kerala,"Ernakulam, Idukki, Kottayam, Pathanamthitta,Thiruvananthapuram",9.9837257,76.2740001,district,date,2012-11-16,0.0,0.0,0.0,0.0,0.0,26.1,77.1667,0.3427,1,IMD,ERA5-Land via Open-Meteo Historical API,success,
PH11-00505,2012-09-04,2012,Kerala,Kollam,8.8870533,76.5906696,district,date,2012-09-03,0.3,1.4,2.7,4.0,6.2,25.775,88.9583,0.3054,1,IMD,ERA5-Land via Open-Meteo Historical API,success,
PH11-00506,2012-11-01,2012,Kerala,"Ernakulam, Kollam,Thiruvananthapuram",9.9837257,76.2740001,district,date,2012-10-31,2.2,4.8,7.8,8.6,8.6,25.9833,83.9583,0.4112,1,IMD,ERA5-Land via Open-Meteo Historical API,success,
PH11-00507,2012-11-11,2012,Kerala,Thiruvananthapuram,8.4882267,76.947551,district,date,2012-11-10,0.0,0.1,0.2,0.5,9.1,25.6625,85.625,0.2923,1,IMD,ERA5-Land via Open-Meteo Historical API,success,
PH11-00508,2012-10-20,2012,Tamil Nadu,Many parts of Tamil Nadu.,11.3323723,78.6098639,district,date,2012-10-19,1.8,4.3,7.5,11.3,18.8,20.8208,93.125,0.4189,1,IMD,ERA5-Land via Open-Meteo Historical API,success,
PH11-00509,2012-11-01,2012,Tamil Nadu,"Chennai, Thiruvarur,Vellore",13.0836939,80.270186,district,date,2012-10-31,0.9,1.8,3.8,7.1,69.4,25.2208,89.7083,0.4172,1,IMD,ERA5-Land via Open-Meteo Historical API,success,
PH11-00510,2012-08-04,2012,Uttarakhand,Chamoli,30.4985956,79.6190537,district,date,2012-08-03,1.1,3.6,12.0,37.4,63.6,20.325,94.0417,0.4269,1,IMD,ERA5-Land via Open-Meteo Historical API,success,
PH11-00511,2012-09-13,2012,Uttarakhand,Rudra Prayag,30.0417376,79.089691,district,date,2012-09-12,0.0,0.0,1.2,1.4,5.4,18.225,89.5417,0.4859,1,IMD,ERA5-Land via Open-Meteo Historical API,success,
PH11-00512,2013-03-09,2013,Kerala,Wayanad,11.7151291,76.1271185,district,date,2013-03-08,0.0,0.0,0.0,0.0,0.0,24.6083,79.25,0.3845,1,IMD,ERA5-Land via Open-Meteo Historical API,success,
PH11-00513,2013-03-12,2013,Kerala,Kannur,11.8763836,75.3737973,district,date,2013-03-11,1.7,4.9,5.3,7.7,11.4,27.1292,84.2917,0.2128,1,IMD,ERA5-Land via Open-Meteo Historical API,success,
PH11-00514,2013-03-26,2013,Kerala,Thiruvananthapuram,8.4882267,76.947551,district,date,2013-03-25,0.0,0.0,0.0,10.3,20.5,26.6042,81.625,0.1856,1,IMD,ERA5-Land via Open-Meteo Historical API,success,
PH11-00515,2013-03-29,2013,Kerala,Wayanad,11.7151291,76.1271185,district,date,2013-03-28,0.0,0.0,0.0,0.0,3.9,24.1125,89.4583,0.4338,1,IMD,ERA5-Land via Open-Meteo Historical API,success,
PH11-00516,2013-04-26,2013,Kerala,Wayanad,11.7151291,76.1271185,district,date,2013-04-25,0.0,0.0,0.2,0.3,3.0,24.5708,81.5,0.3774,1,IMD,ERA5-Land via Open-Meteo Historical API,success,
PH11-00517,2013-05-03,2013,Kerala,Wayanad,11.7151291,76.1271185,district,date,2013-05-02,0.0,0.0,0.0,0.0,0.2,25.225,84.25,0.3848,1,IMD,ERA5-Land via Open-Meteo Historical API,success,
PH11-00518,2013-05-05,2013,Kerala,Thiruvananthapuram,8.4882267,76.947551,district,date,2013-05-04,0.0,0.0,0.1,0.3,1.8,27.5458,85.2083,0.2433,1,IMD,ERA5-Land via Open-Meteo Historical API,success,
PH11-00519,2013-06-02,2013,Kerala,Thiruvananthapuram,8.4882267,76.947551,district,date,2013-06-01,0.6,1.6,3.4,7.9,18.3,25.225,89.25,0.3288,1,IMD,ERA5-Land via Open-Meteo Historical API,success,
PH11-00520,2013-06-08,2013,Kerala,"Thiruvananthapuram,Thrissur",8.4882267,76.947551,district,date,2013-06-07,3.0,11.0,14.7,24.2,41.2,24.8542,91.2917,0.3331,1,IMD,ERA5-Land via Open-Meteo Historical API,success,
PH11-00521,2013-06-08,2013,Kerala,Wayanad,11.7151291,76.1271185,district,date,2013-06-07,0.6,2.7,5.3,10.8,23.4,21.025,98.7083,0.4874,1,IMD,ERA5-Land via Open-Meteo Historical API,success,
PH11-00522,2013-06-11,2013,Kerala,Thiruvananthapuram,8.4882267,76.947551,district,date,2013-06-10,0.2,0.5,1.0,2.3,4.5,25.1917,90.1667,0.2942,1,IMD,ERA5-Land via Open-Meteo Historical API,success,
PH11-00523,2013-06-17,2013,Kerala,Kasaragod,12.4221964,75.1904446,district,date,2013-06-16,1.4,3.0,6.6,14.7,35.6,24.0125,96.2917,0.4786,1,IMD,ERA5-Land via Open-Meteo Historical API,success,
PH11-00524,2013-06-24,2013,Kerala,Kasaragod,12.4221964,75.1904446,district,date,2013-06-23,0.9,3.3,6.8,13.7,30.6,23.5208,96.625,0.468,1,IMD,ERA5-Land via Open-Meteo Historical API,success,
PH11-00525,2013-06-25,2013,Kerala,"Idukki, Ernakulam, Kollam, Kozhikode, Palakkad,Pathanamthitta",9.8154785,76.9991599,district,date,2013-06-24,1.1,4.7,7.8,13.1,29.4,20.3583,96.7917,0.4911,1,IMD,ERA5-Land via Open-Meteo Historical API,success,
PH11-00526,2013-06-27,2013,Kerala,Alappuzha,9.5003416,76.4123364,district,date,2013-06-26,1.2,2.9,3.4,6.0,14.7,25.4667,90.5833,0.3614,1,IMD,ERA5-Land via Open-Meteo Historical API,success,
PH11-00527,2013-07-01,2013,Kerala,Wayanad,11.7151291,76.1271185,district,date,2013-06-30,0.0,0.0,0.0,0.2,2.5,21.4708,93.125,0.4952,1,IMD,ERA5-Land via Open-Meteo Historical API,success,
PH11-00528,2013-07-05,2013,Kerala,"Idukki,Thiruvananthapuram",9.8154785,76.9991599,district,date,2013-07-04,0.0,0.8,1.5,4.9,14.2,20.7333,95.2083,0.4698,1,IMD,ERA5-Land via Open-Meteo Historical API,success,
PH11-00529,2013-07-11,2013,Kerala,Wayanad,11.7151291,76.1271185,district,date,2013-07-10,0.6,2.2,3.5,7.7,17.6,20.675,96.9167,0.4845,1,IMD,ERA5-Land via Open-Meteo Historical API,success,
PH11-00530,2013-07-11,2013,Kerala,"Alappuzha, Ernakulam, Kollam,Kottayam",9.5003416,76.4123364,district,date,2013-07-10,1.3,5.5,8.6,15.7,34.5,24.575,92.4167,0.3793,1,IMD,ERA5-Land via Open-Meteo Historical API,success,
PH11-00531,2013-07-19,2013,Kerala,Thiruvananthapuram,8.4882267,76.947551,district,date,2013-07-18,0.3,1.7,2.2,2.8,6.2,24.3875,89.375,0.2733,1,IMD,ERA5-Land via Open-Meteo Historical API,success,
PH11-00532,2013-07-23,2013,Kerala,Ernakulam,9.9837257,76.2740001,district,date,2013-07-22,0.0,0.6,1.7,5.9,18.2,24.8542,90.75,0.4319,1,IMD,ERA5-Land via Open-Meteo Historical API,success,
PH11-00533,2013-07-29,2013,Kerala,Pathanamthitta,9.2780841,76.9737443,district,date,2013-07-28,0.0,0.0,0.0,0.0,0.6,22.5875,84.2917,0.4556,1,IMD,ERA5-Land via Open-Meteo Historical API,success,
PH11-00534,2013-08-01,2013,Kerala,Wayanad,11.7151291,76.1271185,district,date,2013-07-31,0.3,1.1,2.3,3.9,10.1,21.125,94.625,0.4998,1,IMD,ERA5-Land via Open-Meteo Historical API,success,
PH11-00535,2013-08-02,2013,Kerala,Thiruvananthapuram,8.4882267,76.947551,district,date,2013-08-01,0.8,2.0,3.5,5.6,8.6,25.0833,90.7917,0.2592,1,IMD,ERA5-Land via Open-Meteo Historical API,success,
PH11-00536,2013-08-04,2013,Kerala,"Alappuzha, Ernakulam,Idukki,",9.5003416,76.4123364,district,date,2013-08-03,2.2,5.2,9.5,13.2,23.3,24.8375,92.0417,0.3598,1,IMD,ERA5-Land via Open-Meteo Historical API,success,
PH11-00537,2013-08-10,2013,Kerala,Wayanad,11.7151291,76.1271185,district,date,2013-08-09,0.0,0.0,0.0,0.1,5.4,21.3875,90.875,0.4883,1,IMD,ERA5-Land via Open-Meteo Historical API,success,
PH11-00538,2013-09-01,2013,Kerala,Idukki,9.8154785,76.9991599,district,date,2013-08-31,0.1,0.3,0.3,0.3,8.7,22.5917,90.0833,0.4739,1,IMD,ERA5-Land via Open-Meteo Historical API,success,
PH11-00539,2013-09-12,2013,Kerala,Wayanad,11.7151291,76.1271185,district,date,2013-09-11,0.0,0.0,0.0,0.6,4.6,21.2125,94.2917,0.4972,1,IMD,ERA5-Land via Open-Meteo Historical API,success,
PH11-00540,2013-09-17,2013,Kerala,Thiruvananthapuram,8.4882267,76.947551,district,date,2013-09-16,0.4,1.4,4.5,11.4,22.6,24.9875,88.0833,0.323,1,IMD,ERA5-Land via Open-Meteo Historical API,success,
PH11-00541,2013-09-11,2013,Tamil Nadu,"Chennai,Tiruvannamalai",13.0836939,80.270186,district,date,2013-09-10,0.3,1.3,2.0,7.0,10.3,26.6958,84.5417,0.3993,1,IMD,ERA5-Land via Open-Meteo Historical API,success,
PH11-00542,2013-10-15,2013,Tamil Nadu,"Coimbatore,Cuddalore",11.0018115,76.9628425,district,date,2013-10-14,0.0,0.0,0.0,0.0,0.0,25.5125,73.9583,0.2136,1,IMD,ERA5-Land via Open-Meteo Historical API,success,
PH11-00543,2013-10-20,2013,Tamil Nadu,"Coimbatore,Tiruvannamalai",11.0018115,76.9628425,district,date,2013-10-19,2.9,9.5,15.4,17.6,19.4,24.2667,83.0,0.3605,1,IMD,ERA5-Land via Open-Meteo Historical API,success,
PH11-00544,2013-11-16,2013,Tamil Nadu,"Cuddalore, Dharmapuri,Kanniyakumariumari, Nagapattinam, Thanjavur, Thiruvarur,Vi",11.5202071,79.3396356,district,date,2013-11-15,0.3,0.7,1.2,5.3,5.3,25.1583,73.1667,0.2263,1,IMD,ERA5-Land via Open-Meteo Historical API,success,
PH11-00545,2013-11-25,2013,Tamil Nadu,Pudukkottai,10.2903072,78.8173617,district,date,2013-11-24,0.0,0.0,0.0,3.2,9.5,24.4125,91.2083,0.4712,1,IMD,ERA5-Land via Open-Meteo Historical API,success,
PH11-00546,2013-12-13,2013,Tamil Nadu,Nagapattinam,10.6026203,79.7619348,district,date,2013-12-12,0.5,1.9,3.0,5.3,29.0,24.925,87.1667,0.3094,1,IMD,ERA5-Land via Open-Meteo Historical API,success,
PH11-00547,2013-06-14,2013,Uttarakhand,"Chamoli, Pithoragarh, Rudra Prayag,Uttar Kashi Kashi",30.4985956,79.6190537,district,date,2013-06-13,2.2,6.6,10.6,16.0,35.1,17.9458,96.0417,0.4266,1,IMD,ERA5-Land via Open-Meteo Historical API,success,
PH11-00548,2014-03-07,2014,Kerala,Wayanad,11.7151291,76.1271185,district,date,2014-03-06,0.0,0.0,0.0,0.2,1.5,23.6333,76.9583,0.3654,1,IMD,ERA5-Land via Open-Meteo Historical API,success,
PH11-00549,2014-03-25,2014,Kerala,Wayanad,11.7151291,76.1271185,district,date,2014-03-24,0.0,0.0,0.0,0.0,0.0,26.0458,70.0417,0.291,1,IMD,ERA5-Land via Open-Meteo Historical API,success,
PH11-00550,2014-04-10,2014,Kerala,"Alappuzha, Kasaragod, Kozhikode, Thiruvananthapuram, Thrissur,Wayanad",9.5003416,76.4123364,district,date,2014-04-09,0.0,0.3,1.7,1.9,7.2,28.0917,82.8333,0.2276,1,IMD,ERA5-Land via Open-Meteo Historical API,success,
PH11-00551,2014-04-19,2014,Kerala,"Thiruvananthapuram,Wayanad",8.4882267,76.947551,district,date,2014-04-18,0.0,0.0,0.0,0.0,0.0,27.9042,79.5833,0.16,1,IMD,ERA5-Land via Open-Meteo Historical API,success,
PH11-00552,2014-05-03,2014,Kerala,"Alappuzha, Ernakulam, Kozhikode, Malappuram, Thrissur, Thiruvananthapuram,Wayana",9.5003416,76.4123364,district,date,2014-05-02,0.0,0.5,0.7,6.6,7.8,28.225,84.25,0.2558,1,IMD,ERA5-Land via Open-Meteo Historical API,success,
PH11-00553,2014-06-06,2014,Kerala,Wayanad,11.7151291,76.1271185,district,date,2014-06-05,0.0,0.0,0.0,0.5,1.8,22.9792,91.0833,0.4736,1,IMD,ERA5-Land via Open-Meteo Historical API,success,
PH11-00554,2014-06-12,2014,Kerala,Thiruvananthapuram,8.4882267,76.947551,district,date,2014-06-11,0.6,1.3,1.9,5.6,12.0,25.8292,89.25,0.3111,1,IMD,ERA5-Land via Open-Meteo Historical API,success,
PH11-00555,2014-06-21,2014,Kerala,Idukki,9.8154785,76.9991599,district,date,2014-06-20,0.6,2.1,4.0,7.8,24.0,20.9583,96.8333,0.4854,1,IMD,ERA5-Land via Open-Meteo Historical API,success,
PH11-00556,2014-07-12,2014,Kerala,"Kannur, Kasaragod, Kozhikode, Malappuram,Wayanad",11.8763836,75.3737973,district,date,2014-07-11,0.7,1.7,3.7,6.8,16.5,24.2583,91.25,0.3444,1,IMD,ERA5-Land via Open-Meteo Historical API,success,
PH11-00557,2014-08-01,2014,Kerala,"Alappuzha, Kannur, Kasaragod, Kozhikode, Kottayam, Malappuram, Palakkad, Pathana",9.5003416,76.4123364,district,date,2014-07-31,0.2,2.9,7.9,19.0,35.1,25.5667,91.5417,0.3661,1,IMD,ERA5-Land via Open-Meteo Historical API,success,
PH11-00558,2014-08-22,2014,Kerala,"Kottayam, Pathanamthitta, Thiruvananthapuram,Wayanad",9.6287383,76.6455326,district,date,2014-08-21,1.3,3.7,5.0,7.3,21.0,25.375,90.125,0.4952,1,IMD,ERA5-Land via Open-Meteo Historical API,success,
PH11-00559,2014-09-01,2014,Kerala,Thiruvananthapuram,8.4882267,76.947551,district,date,2014-08-31,0.8,2.3,3.5,5.2,9.0,25.2125,90.125,0.3044,1,IMD,ERA5-Land via Open-Meteo Historical API,success,
PH11-00560,2014-09-26,2014,Kerala,Thiruvananthapuram,8.4882267,76.947551,district,date,2014-09-25,0.0,0.3,1.1,14.1,34.5,25.5083,90.2917,0.2809,1,IMD,ERA5-Land via Open-Meteo Historical API,success,
PH11-00561,2014-03-08,2014,Tamil Nadu,Coimbatore,11.0018115,76.9628425,district,date,2014-03-07,0.0,0.0,0.0,0.0,0.1,25.9417,63.0833,0.228,1,IMD,ERA5-Land via Open-Meteo Historical API,success,
PH11-00562,2014-05-06,2014,Tamil Nadu,"Kanniyakumariumari, Madurai, The Nilgiris,Theni",11.3323723,78.6098639,district,date,2014-05-05,1.2,4.0,6.1,7.0,7.7,24.6708,75.3333,0.1517,1,IMD,ERA5-Land via Open-Meteo Historical API,success,
PH11-00563,2014-05-21,2014,Tamil Nadu,"Coimbatore,Krishnagiri",11.0018115,76.9628425,district,date,2014-05-20,0.0,0.0,0.0,0.0,1.2,27.2417,74.7917,0.2118,1,IMD,ERA5-Land via Open-Meteo Historical API,success,
PH11-00564,2014-08-22,2014,Tamil Nadu,Erode,11.4905282,77.3505274,district,date,2014-08-21,0.0,0.0,0.4,8.7,11.3,27.0583,82.0833,0.3662,1,IMD,ERA5-Land via Open-Meteo Historical API,success,
PH11-00565,2014-09-23,2014,Tamil Nadu,"Dindigul, Erode,Virudhunagar",10.4257161,77.8154728,district,date,2014-09-22,0.0,0.0,0.1,4.2,6.5,27.6458,75.2083,0.2703,1,IMD,ERA5-Land via Open-Meteo Historical API,success,
PH11-00566,2014-07-27,2014,Uttarakhand,Pithoragarh,29.585871,80.215167,district,date,2014-07-26,0.0,0.0,0.1,3.2,8.7,19.6333,94.7083,0.5017,1,IMD,ERA5-Land via Open-Meteo Historical API,success,
PH11-00567,2014-07-31,2014,Uttarakhand,Tehri Garhwal,30.4658181,78.4837349,district,date,2014-07-30,0.2,1.2,2.2,6.6,7.6,20.1417,86.25,0.4851,1,IMD,ERA5-Land via Open-Meteo Historical API,success,
PH11-00568,2014-08-11,2014,Uttarakhand,Parts of Uttar Kashiakhand,30.0417376,79.089691,district,date,2014-08-10,0.0,0.2,0.2,0.2,6.8,19.2833,90.0417,0.472,1,IMD,ERA5-Land via Open-Meteo Historical API,success,
PH11-00569,2015-03-03,2015,Kerala,"Alappuzha, Ernakulam, Kottayam, Malappuram, Thrissur, Pathanamthitta",9.5003416,76.4123364,district,date,2015-03-02,0.0,0.0,0.2,0.5,1.1,27.5708,77.375,0.1059,1,IMD,ERA5-Land via Open-Meteo Historical API,success,
PH11-00570,2015-03-13,2015,Kerala,"Alappuzha, Kottayam, Thrissur, Thiruvananthapuram",9.5003416,76.4123364,district,date,2015-03-12,0.0,0.0,0.3,6.3,6.3,28.3208,74.0833,0.1565,1,IMD,ERA5-Land via Open-Meteo Historical API,success,
PH11-00571,2015-03-27,2015,Kerala,"Alappuzha, Pathanamthitta",9.5003416,76.4123364,district,date,2015-03-26,0.0,0.0,0.0,0.0,0.0,29.6375,68.5833,0.0837,1,IMD,ERA5-Land via Open-Meteo Historical API,success,
PH11-00572,2015-04-06,2015,Kerala,"Alappuzha, Ernakulam, Palakkad, Idukki, Kollam",9.5003416,76.4123364,district,date,2015-04-05,0.0,0.0,0.2,2.4,2.4,30.0,75.25,0.1579,1,IMD,ERA5-Land via Open-Meteo Historical API,success,
PH11-00573,2015-04-11,2015,Kerala,"Ernakulam, Idukki, Kollam, Kozhikode, Malappuram, Pathanamthitta, Thiruvananthap",9.9837257,76.2740001,district,date,2015-04-10,0.0,0.7,1.4,2.5,4.4,27.7042,82.8333,0.3632,1,IMD,ERA5-Land via Open-Meteo Historical API,success,
PH11-00574,2015-04-19,2015,Kerala,"Alappuzha, Idukki, Kasaragod, Kannur, Malappuram, Palakkad, Pathanamthitta, Thir",9.5003416,76.4123364,district,date,2015-04-18,0.0,0.0,0.0,0.0,0.0,28.1875,77.2083,0.2487,1,IMD,ERA5-Land via Open-Meteo Historical API,success,
PH11-00575,2015-04-26,2015,Kerala,"Alappuzha, Ernakulam, Kannur, Kottayam, Malappuram, Pathanamthitta, Thiruvananth",9.5003416,76.4123364,district,date,2015-04-25,0.0,0.0,0.0,0.2,0.4,27.7958,82.1667,0.3185,1,IMD,ERA5-Land via Open-Meteo Historical API,success,
PH11-00576,2015-05-03,2015,Kerala,"Ernakulam, Idukki, Kannur, Palakkad, Thrissur, Thiruvananthapuram",9.9837257,76.2740001,district,date,2015-05-02,0.0,0.0,0.0,0.0,0.7,28.2667,79.875,0.38,1,IMD,ERA5-Land via Open-Meteo Historical API,success,
PH11-00577,2015-05-07,2015,Kerala,"Kottayam, Palakkad, Thrissur",9.6287383,76.6455326,district,date,2015-05-06,0.0,0.0,0.0,0.1,4.2,26.7667,86.9167,0.4693,1,IMD,ERA5-Land via Open-Meteo Historical API,success,
PH11-00578,2015-05-10,2015,Kerala,"Ernakulam, Idukki, Kannur, Kasaragod, Kollam, Kozhikode, Malappuram, Palakkad, T",9.9837257,76.2740001,district,date,2015-05-09,0.0,0.0,1.8,5.2,13.1,26.9708,87.5,0.4284,1,IMD,ERA5-Land via Open-Meteo Historical API,success,
PH11-00579,2015-05-15,2015,Kerala,"Kasaragod, Kollam, Thiruvananthapuram",12.4221964,75.1904446,district,date,2015-05-14,3.9,10.2,12.5,14.8,17.1,26.3792,91.1667,0.4848,1,IMD,ERA5-Land via Open-Meteo Historical API,success,
PH11-00580,2015-06-08,2015,Kerala,"Alappuzha, Kannur, Kollam, Thrissur, Thiruvananthapuram",9.5003416,76.4123364,district,date,2015-06-07,0.7,1.8,2.9,11.9,15.8,27.1917,87.5833,0.3343,1,IMD,ERA5-Land via Open-Meteo Historical API,success,
PH11-00581,2015-06-19,2015,Kerala,"Alappuzha, Ernakulam, Idukki, Kasaragod, Kottayam, Palakkad, Pathanamthitta, Thr",9.5003416,76.4123364,district,date,2015-06-18,0.8,1.5,2.0,4.0,19.1,25.5458,92.5833,0.3659,1,IMD,ERA5-Land via Open-Meteo Historical API,success,
PH11-00582,2015-07-18,2015,Kerala,Kannur,11.8763836,75.3737973,district,date,2015-07-17,1.1,4.1,8.4,13.9,28.4,24.9167,91.5833,0.3366,1,IMD,ERA5-Land via Open-Meteo Historical API,success,
PH11-00583,2015-08-12,2015,Kerala,Kannur,11.8763836,75.3737973,district,date,2015-08-11,0.5,1.4,2.1,4.3,9.6,25.4583,89.9167,0.3139,1,IMD,ERA5-Land via Open-Meteo Historical API,success,
PH11-00584,2015-09-05,2015,Kerala,"Pathanamthitta, Thiruvananthapuram",9.2780841,76.9737443,district,date,2015-09-04,0.3,0.9,1.6,2.2,12.7,22.7958,92.4167,0.4672,1,IMD,ERA5-Land via Open-Meteo Historical API,success,
PH11-00585,2015-09-27,2015,Kerala,"Kannur, Wayanad",11.8763836,75.3737973,district,date,2015-09-26,0.0,0.0,0.0,0.0,0.2,27.4708,82.75,0.2422,1,IMD,ERA5-Land via Open-Meteo Historical API,success,
PH11-00586,2015-10-08,2015,Kerala,Thiruvananthapuram,8.4882267,76.947551,district,date,2015-10-07,0.0,0.7,2.0,4.4,6.5,25.9667,86.75,0.2773,1,IMD,ERA5-Land via Open-Meteo Historical API,success,
PH11-00587,2015-10-30,2015,Kerala,Thiruvananthapuram,8.4882267,76.947551,district,date,2015-10-29,0.0,0.0,0.3,8.0,14.3,25.85,84.375,0.3108,1,IMD,ERA5-Land via Open-Meteo Historical API,success,
PH11-00588,2015-11-01,2015,Kerala,"Ernakulam, Malappuram, Pathanamthitta, Thiruvananthapuram",9.9837257,76.2740001,district,date,2015-10-31,12.1,34.3,43.0,51.8,63.5,25.975,89.2083,0.4285,1,IMD,ERA5-Land via Open-Meteo Historical API,success,
PH11-00589,2015-12-08,2015,Kerala,"Alappuzha, Thiruvananthapuram",9.5003416,76.4123364,district,date,2015-12-07,0.0,0.2,5.6,6.0,18.4,26.3667,90.7083,0.3478,1,IMD,ERA5-Land via Open-Meteo Historical API,success,
PH11-00590,2015-04-12,2015,Tamil Nadu,Virudhunagar,9.4926289,77.8631831,district,date,2015-04-11,0.0,0.0,0.0,0.0,0.0,29.9458,65.125,0.3432,1,IMD,ERA5-Land via Open-Meteo Historical API,success,
PH11-00591,2015-04-21,2015,Tamil Nadu,Thiruvarur,10.6878621,79.4979437,district,date,2015-04-20,0.0,1.5,1.5,1.5,1.7,29.1167,71.6667,0.2358,1,IMD,ERA5-Land via Open-Meteo Historical API,success,
PH11-00592,2015-04-25,2015,Tamil Nadu,Vellore,12.9021849,79.061104,district,date,2015-04-24,0.0,0.0,0.0,15.6,18.9,28.5917,74.5833,0.2791,1,IMD,ERA5-Land via Open-Meteo Historical API,success,
PH11-00593,2015-05-14,2015,Tamil Nadu,"Coimbatore,Pudukkottai",11.0018115,76.9628425,district,date,2015-05-13,0.1,1.0,6.3,19.1,23.4,24.4042,87.25,0.3535,1,IMD,ERA5-Land via Open-Meteo Historical API,success,
PH11-00594,2015-05-17,2015,Tamil Nadu,"Thiruvallur, Virudhunagar",13.2537619,80.0562572,district,date,2015-05-16,0.0,0.0,0.0,0.0,7.3,27.9417,81.0833,0.3138,1,IMD,ERA5-Land via Open-Meteo Historical API,success,
PH11-00595,2015-06-17,2015,Tamil Nadu,Chennai,13.0836939,80.270186,district,date,2015-06-16,0.0,0.0,0.7,2.3,2.3,30.0292,62.7083,0.2027,1,IMD,ERA5-Land via Open-Meteo Historical API,success,
PH11-00596,2015-06-21,2015,Tamil Nadu,The Nilgiris,11.4,76.7,district,date,2015-06-20,0.2,0.7,0.9,1.1,1.9,16.25,83.5833,0.4153,1,IMD,ERA5-Land via Open-Meteo Historical API,success,
PH11-00597,2015-07-17,2015,Tamil Nadu,Chennai,13.0836939,80.270186,district,date,2015-07-16,0.0,0.0,0.0,0.0,0.1,31.1083,61.4167,0.2391,1,IMD,ERA5-Land via Open-Meteo Historical API,success,
PH11-00598,2015-11-09,2015,Tamil Nadu,"Thiruvallur, Chennai, Krishnagiri, Tiruvannamalai, Dharmapuri, Salem, Erode, The",13.2537619,80.0562572,district,date,2015-11-08,6.7,17.5,28.9,45.8,56.8,25.0292,92.8333,0.4254,1,IMD,ERA5-Land via Open-Meteo Historical API,success,
PH11-00599,2015-11-11,2015,Tamil Nadu,"Chennai, Cuddalore, Dharmapuri, Erode, The Nilgiris, Thiruvallur, Thoothukkudi, ",13.0836939,80.270186,district,date,2015-11-10,0.3,0.9,3.4,3.9,4.9,25.4625,80.875,0.387,1,IMD,ERA5-Land via Open-Meteo Historical API,success,
PH11-00600,2015-11-18,2015,Tamil Nadu,"Chennai, Cuddalore, Kancheepuram, Kanniyakumariumari, Krishnagiri, Nagapattinam,",13.0836939,80.270186,district,date,2015-11-17,0.0,0.0,0.0,0.0,0.0,24.2583,84.375,0.3813,1,IMD,ERA5-Land via Open-Meteo Historical API,success,
PH11-00601,2015-11-23,2015,Tamil Nadu,"Thiruvallur, Chennai, Krishnagiri, Tiruvannamalai, Dharmapuri, Salem, Erode, The",13.2537619,80.0562572,district,date,2015-11-22,0.3,1.5,3.2,4.6,12.3,25.2,91.2917,0.421,1,IMD,ERA5-Land via Open-Meteo Historical API,success,
PH11-00602,2015-11-28,2015,Tamil Nadu,"Chennai, Viluppuram",13.0836939,80.270186,district,date,2015-11-27,0.0,0.0,0.0,0.0,0.0,25.2792,80.5,0.3446,1,IMD,ERA5-Land via Open-Meteo Historical API,success,
PH11-00603,2015-12-01,2015,Tamil Nadu,"Thiruvallur, Chennai, Krishnagiri, Tiruvannamalai, Dharmapuri, Salem, Erode, The",13.2537619,80.0562572,district,date,2015-11-30,1.2,3.6,5.6,7.1,14.7,25.0042,90.625,0.4244,1,IMD,ERA5-Land via Open-Meteo Historical API,success,
PH11-00604,2015-12-08,2015,Tamil Nadu,"Thiruvallur, Chennai, Krishnagiri, Tiruvannamalai, Dharmapuri, Salem, Erode, The",13.2537619,80.0562572,district,date,2015-12-07,0.0,0.0,0.0,0.0,0.0,25.9375,74.3333,0.3842,1,IMD,ERA5-Land via Open-Meteo Historical API,success,
PH11-00605,2015-07-26,2015,Uttarakhand,Parts of Uttar Kashiakhand,30.0417376,79.089691,district,date,2015-07-25,0.0,0.4,4.9,7.3,10.9,18.7375,89.1667,0.4763,1,IMD,ERA5-Land via Open-Meteo Historical API,success,
PH11-00606,2016-04-14,2016,Kerala,Kannur,11.8763836,75.3737973,district,date,2016-04-13,0.0,0.0,0.0,0.0,0.0,30.0958,74.9583,0.1046,1,IMD,ERA5-Land via Open-Meteo Historical API,success,
PH11-00607,2016-05-31,2016,Kerala,Kozhikode,11.2450558,75.7754716,district,date,2016-05-30,0.0,1.3,3.3,7.8,26.3,26.1208,89.875,0.3241,1,IMD,ERA5-Land via Open-Meteo Historical API,success,
PH11-00608,2016-06-07,2016,Kerala,"Idukki, Kottayam, Thiruvananthapuram, Wayanad",9.8154785,76.9991599,district,date,2016-06-06,0.4,0.8,1.2,2.3,5.9,22.2167,93.8333,0.499,1,IMD,ERA5-Land via Open-Meteo Historical API,success,
PH11-00609,2016-06-10,2016,Kerala,"Idukki, Kannur, Kollam, Pathanamthitta, Thiruvananthapuram, Wayanad",9.8154785,76.9991599,district,date,2016-06-09,1.0,2.6,5.5,11.1,39.3,21.4208,98.8333,0.4997,1,IMD,ERA5-Land via Open-Meteo Historical API,success,
PH11-00610,2016-06-16,2016,Kerala,"Alappuzha, Ernakulam, Idukki, Kollam, Kottayam, Malappuram, Thrissur, Thiruvanan",9.5003416,76.4123364,district,date,2016-06-15,1.0,3.0,4.1,5.5,10.5,27.1042,86.875,0.3308,1,IMD,ERA5-Land via Open-Meteo Historical API,success,
PH11-00611,2016-06-26,2016,Kerala,"Kasaragod, Malappuram, Wayanad",12.4221964,75.1904446,district,date,2016-06-25,0.2,1.6,3.8,16.8,44.9,23.55,98.5833,0.4715,1,IMD,ERA5-Land via Open-Meteo Historical API,success,
PH11-00612,2016-07-02,2016,Kerala,Wayanad,11.7151291,76.1271185,district,date,2016-07-01,0.0,0.0,0.0,0.0,4.9,22.1583,90.7917,0.4728,1,IMD,ERA5-Land via Open-Meteo Historical API,success,
PH11-00613,2016-07-10,2016,Kerala,"Idukki, Kasaragod, Wayanad",9.8154785,76.9991599,district,date,2016-07-09,1.6,5.3,9.6,17.3,27.9,20.9417,96.3333,0.4912,1,IMD,ERA5-Land via Open-Meteo Historical API,success,
PH11-00614,2016-09-18,2016,Kerala,Kozhikode,11.2450558,75.7754716,district,date,2016-09-17,0.1,0.2,0.2,1.3,4.7,25.2833,89.0833,0.2586,1,IMD,ERA5-Land via Open-Meteo Historical API,success,
PH11-00615,2016-06-11,2016,Tamil Nadu,Kanniyakumariumari,11.3323723,78.6098639,district,date,2016-06-10,0.0,0.0,0.0,0.0,0.1,25.5042,69.5,0.341,1,IMD,ERA5-Land via Open-Meteo Historical API,success,
PH11-00616,2016-07-26,2016,Tamil Nadu,Krishnagiri,12.5152075,78.0093769,district,date,2016-07-25,0.9,1.1,2.9,10.1,10.3,24.125,81.7917,0.4312,1,IMD,ERA5-Land via Open-Meteo Historical API,success,
PH11-00617,2016-05-08,2016,Uttarakhand,Chamoli,30.4985956,79.6190537,district,date,2016-05-07,0.5,3.0,3.6,3.6,7.5,14.1125,86.4583,0.3314,1,IMD,ERA5-Land via Open-Meteo Historical API,success,
PH11-00618,2016-05-22,2016,Uttarakhand,Dehradun,30.3255646,78.0436813,district,date,2016-05-21,0.0,0.0,0.0,0.0,1.7,27.6167,64.625,0.141,1,IMD,ERA5-Land via Open-Meteo Historical API,success,
PH11-00619,2016-05-28,2016,Uttarakhand,"Tehri Garhwal,Uttar Kashi Kashi",30.4658181,78.4837349,district,date,2016-05-27,0.0,0.0,0.0,0.0,0.0,21.4125,49.4583,0.3187,1,IMD,ERA5-Land via Open-Meteo Historical API,success,
PH11-00620,2016-07-03,2016,Uttarakhand,"Chamoli, Pithoragarh",30.4985956,79.6190537,district,date,2016-07-02,1.0,3.9,8.1,12.9,30.9,19.4333,96.0833,0.4277,1,IMD,ERA5-Land via Open-Meteo Historical API,success,
PH11-00621,2016-07-16,2016,Uttarakhand,"Dehradun, Nainital, Tehri Garhwal, Uttar Kashi Kashi",30.3255646,78.0436813,district,date,2016-07-15,6.2,19.2,32.1,37.4,42.5,25.5458,88.375,0.4284,1,IMD,ERA5-Land via Open-Meteo Historical API,success,
PH11-00622,2016-07-21,2016,Uttarakhand,Dehradun,30.3255646,78.0436813,district,date,2016-07-20,0.0,0.0,0.2,0.3,0.9,26.5208,81.625,0.374,1,IMD,ERA5-Land via Open-Meteo Historical API,success,
PH11-00623,2017-03-15,2017,Kerala,Alappuzha,9.5003416,76.4123364,district,date,2017-03-14,0.4,3.4,9.0,11.3,15.2,27.6208,84.4167,0.174,1,IMD,ERA5-Land via Open-Meteo Historical API,success,
PH11-00624,2017-03-06,2017,Kerala,Thiruvananthapuram,8.4882267,76.947551,district,date,2017-03-05,0.0,0.0,10.5,10.5,11.0,27.0625,81.0417,0.0977,1,IMD,ERA5-Land via Open-Meteo Historical API,success,
PH11-00625,2017-05-06,2017,Kerala,Thiruvananthapuram,8.4882267,76.947551,district,date,2017-05-05,0.0,0.0,0.0,0.0,1.6,28.1875,83.3333,0.0719,1,IMD,ERA5-Land via Open-Meteo Historical API,success,
PH11-00626,2017-04-08,2017,Kerala,Pathanamthitta,9.2780841,76.9737443,district,date,2017-04-07,0.0,0.0,0.0,0.0,0.7,25.4042,84.2083,0.4762,1,IMD,ERA5-Land via Open-Meteo Historical API,success,
PH11-00627,2017-06-08,2017,Kerala,Idukki,9.8154785,76.9991599,district,date,2017-06-07,1.3,4.0,5.6,6.6,13.9,21.625,98.75,0.5081,1,IMD,ERA5-Land via Open-Meteo Historical API,success,
PH11-00628,2017-08-28,2017,Kerala,Wayanad,11.7151291,76.1271185,district,date,2017-08-27,2.5,4.3,4.7,6.6,22.7,21.1167,98.75,0.5061,1,IMD,ERA5-Land via Open-Meteo Historical API,success,
PH11-00629,2017-05-09,2017,Kerala,"Thiruvananthapuram, Wayanad",8.4882267,76.947551,district,date,2017-05-08,1.5,4.9,4.9,4.9,7.2,27.4542,84.5833,0.2052,1,IMD,ERA5-Land via Open-Meteo Historical API,success,
PH11-00630,2017-08-09,2017,Kerala,"Idukki, Kozhikode,  Thiruvananthapuram",9.8154785,76.9991599,district,date,2017-08-08,0.3,1.2,2.0,2.8,9.8,21.7917,95.2083,0.5062,1,IMD,ERA5-Land via Open-Meteo Historical API,success,
PH11-00631,2017-09-17,2017,Kerala,"Idukki, Kottayam,  Thiruvananthapuram",9.8154785,76.9991599,district,date,2017-09-16,2.8,13.1,14.6,19.7,30.5,21.4042,96.75,0.5083,1,IMD,ERA5-Land via Open-Meteo Historical API,success,
PH11-00632,2017-09-18,2017,Kerala,"Idukki, Kottayam, Kozhikode,  Thiruvananthapuram, Thrissur, Wayanad",9.8154785,76.9991599,district,date,2017-09-17,3.9,10.6,21.2,33.6,74.6,20.6167,99.5,0.5105,1,IMD,ERA5-Land via Open-Meteo Historical API,success,
PH11-00633,2017-10-22,2017,Kerala,Thiruvananthapuram,8.4882267,76.947551,district,date,2017-10-21,1.0,4.3,8.6,20.5,46.1,25.0458,93.875,0.3587,1,IMD,ERA5-Land via Open-Meteo Historical API,success,
PH11-00634,2017-02-11,2017,Kerala,Thiruvananthapuram,8.4882267,76.947551,district,date,2017-02-10,0.0,0.0,0.0,0.0,0.0,26.2417,65.2917,0.039,1,IMD,ERA5-Land via Open-Meteo Historical API,success,
PH11-00635,2017-05-11,2017,Kerala,"Kozhikode,  Thiruvananthapuram",11.2450558,75.7754716,district,date,2017-05-10,4.4,11.9,19.9,25.2,34.1,27.7,86.4583,0.3135,1,IMD,ERA5-Land via Open-Meteo Historical API,success,
PH11-00636,2017-05-28,2017,Tamil Nadu,Vellore,12.9021849,79.061104,district,date,2017-05-27,0.0,0.0,0.0,0.9,3.3,30.7208,60.875,0.1987,1,IMD,ERA5-Land via Open-Meteo Historical API,success,
PH11-00637,2017-01-09,2017,Tamil Nadu,Thiruvallur,13.2537619,80.0562572,district,date,2017-01-08,0.0,0.0,0.0,0.0,0.0,23.4583,68.9167,0.1657,1,IMD,ERA5-Land via Open-Meteo Historical API,success,
PH11-00638,2017-06-09,2017,Tamil Nadu,"Coimbatore, Nagapattinam, Tiruppur",11.0018115,76.9628425,district,date,2017-06-08,0.0,0.0,0.0,0.0,0.2,26.625,77.3333,0.2042,1,IMD,ERA5-Land via Open-Meteo Historical API,success,
PH11-00639,2017-04-10,2017,Tamil Nadu,Krishnagiri,12.5152075,78.0093769,district,date,2017-04-09,0.0,0.0,0.0,0.0,0.0,29.2292,50.75,0.2405,1,IMD,ERA5-Land via Open-Meteo Historical API,success,
PH11-00640,2017-12-10,2017,Tamil Nadu,Vellore,12.9021849,79.061104,district,date,2017-12-09,0.0,0.0,0.0,0.0,0.0,24.1667,76.625,0.3208,1,IMD,ERA5-Land via Open-Meteo Historical API,success,
PH11-00641,2017-02-11,2017,Tamil Nadu,"Chennai, Cuddalore, Kanniyakumariumari, Karaikal, Nagarkoil, Tirunelveli",13.0836939,80.270186,district,date,2017-02-10,0.0,0.0,0.0,0.0,0.0,23.8875,66.7917,0.1468,1,IMD,ERA5-Land via Open-Meteo Historical API,success,
PH11-00642,2017-05-20,2017,Uttarakhand,Chamoli,30.4985956,79.6190537,district,date,2017-05-19,0.0,0.0,0.0,0.8,5.6,17.6708,63.25,0.2848,1,IMD,ERA5-Land via Open-Meteo Historical API,success,
PH11-00643,2017-08-13,2017,Uttarakhand,Pithoragarh,29.585871,80.215167,district,date,2017-08-12,7.3,8.2,8.5,10.0,13.0,21.1167,89.4167,0.4972,1,IMD,ERA5-Land via Open-Meteo Historical API,success,
PH11-00644,2018-03-18,2018,Kerala,Thiruvananthapuram,8.4882267,76.947551,district,date,2018-03-17,0.0,0.0,0.0,0.0,4.3,27.025,84.1667,0.1455,1,IMD,ERA5-Land via Open-Meteo Historical API,success,
PH11-00645,2018-04-22,2018,Kerala,Wayanad,11.7151291,76.1271185,district,date,2018-04-21,0.0,0.0,0.0,4.3,14.2,24.8917,82.5417,0.4151,1,IMD,ERA5-Land via Open-Meteo Historical API,success,
PH11-00646,2018-05-13,2018,Kerala,Thiruvananthapuram,8.4882267,76.947551,district,date,2018-05-12,0.0,0.3,0.8,4.0,23.3,25.8875,91.5,0.3088,1,IMD,ERA5-Land via Open-Meteo Historical API,success,
PH11-00647,2018-05-16,2018,Kerala,Thiruvananthapuram,8.4882267,76.947551,district,date,2018-05-15,1.5,6.8,16.4,19.2,21.0,26.8708,88.4583,0.2719,1,IMD,ERA5-Land via Open-Meteo Historical API,success,
PH11-00648,2018-05-21,2018,Kerala,Thiruvananthapuram,8.4882267,76.947551,district,date,2018-05-20,0.0,0.0,0.0,3.0,13.3,26.1792,89.125,0.2968,1,IMD,ERA5-Land via Open-Meteo Historical API,success,
PH11-00649,2018-05-29,2018,Kerala,"Alappuzha, Ernakulam, Idukki, Kannur, Kasaragod, Kollam, Kottayam, Kozhikode, Ma",9.5003416,76.4123364,district,date,2018-05-28,0.0,1.7,6.2,13.7,25.0,26.7667,87.0,0.3319,1,IMD,ERA5-Land via Open-Meteo Historical API,success,
PH11-00650,2018-01-08,2018,Kerala,"Alappuzha, Ernakulam, Idukki, Kannur, Kasaragod, Kollam, Kottayam, Kozhikode, Ma",9.5003416,76.4123364,district,date,2018-01-07,0.0,0.1,0.6,0.6,1.0,25.6792,75.4583,0.0443,1,IMD,ERA5-Land via Open-Meteo Historical API,success,
PH11-00651,2018-10-21,2018,Kerala,Malappuram,11.1065685,76.1101742,district,date,2018-10-20,0.6,1.2,1.2,1.4,20.2,24.7667,91.8333,0.5013,1,IMD,ERA5-Land via Open-Meteo Historical API,success,
PH11-00652,2018-11-16,2018,Kerala,"Alappuzha, Idukki",9.5003416,76.4123364,district,date,2018-11-15,1.1,3.2,3.2,3.2,4.1,27.2625,85.625,0.1985,1,IMD,ERA5-Land via Open-Meteo Historical API,success,
PH11-00653,2018-11-17,2018,Kerala,Alappuzha,9.5003416,76.4123364,district,date,2018-11-16,0.0,0.0,0.0,42.7,77.6,24.9417,93.1667,0.3157,1,IMD,ERA5-Land via Open-Meteo Historical API,success,
PH11-00654,2018-12-28,2018,Kerala,Wayanad,11.7151291,76.1271185,district,date,2018-12-27,0.0,0.0,0.0,0.1,0.6,21.8667,84.7917,0.3539,1,IMD,ERA5-Land via Open-Meteo Historical API,success,
PH11-00655,2018-03-14,2018,Tamil Nadu,"Chennai, Thoothukkudi",13.0836939,80.270186,district,date,2018-03-13,0.0,0.0,0.0,0.0,0.6,27.7958,77.8333,0.1401,1,IMD,ERA5-Land via Open-Meteo Historical API,success,
PH11-00656,2018-05-20,2018,Tamil Nadu,Salem,11.6469616,78.2106958,district,date,2018-05-19,0.0,0.0,0.0,0.0,0.6,30.8208,54.0,0.1486,1,IMD,ERA5-Land via Open-Meteo Historical API,success,
PH11-00657,2018-09-15,2018,Tamil Nadu,Sivaganga,9.8486881,78.4870461,district,date,2018-09-14,0.0,0.0,1.8,3.5,5.5,29.6458,70.0833,0.1703,1,IMD,ERA5-Land via Open-Meteo Historical API,success,
PH11-00658,2018-11-22,2018,Tamil Nadu,Viluppuram,12.1166967,79.5989236,district,date,2018-11-21,2.8,9.1,12.7,28.8,63.9,23.8375,93.25,0.4265,1,IMD,ERA5-Land via Open-Meteo Historical API,success,
PH11-00659,2018-11-24,2018,Tamil Nadu,Thanjavur,10.659037,79.2014278,district,date,2018-11-23,5.6,14.0,30.6,31.9,46.9,24.9125,92.2083,0.4287,1,IMD,ERA5-Land via Open-Meteo Historical API,success,
PH11-00660,2018-11-07,2018,Uttarakhand,Dehradun,30.3255646,78.0436813,district,date,2018-11-06,0.0,0.0,0.0,0.0,0.0,19.1583,58.125,0.1726,1,IMD,ERA5-Land via Open-Meteo Historical API,success,
PH11-00661,2018-08-30,2018,Uttarakhand,Tehri Garhwal,30.4658181,78.4837349,district,date,2018-08-29,0.0,0.0,0.0,3.5,12.3,20.2042,91.3333,0.5028,1,IMD,ERA5-Land via Open-Meteo Historical API,success,
PH11-00662,2019-04-19,2019,Kerala,Wayanad,11.7151291,76.1271185,district,date,2019-04-18,0.4,4.4,8.2,18.9,28.5,24.5333,85.5,0.4081,1,IMD,ERA5-Land via Open-Meteo Historical API,success,
PH11-00663,2019-04-24,2019,Kerala,"Malappuram, Thiruvananthapuram, Wayanad",11.1065685,76.1101742,district,date,2019-04-23,0.0,0.0,0.0,0.3,2.9,28.2958,81.375,0.4794,1,IMD,ERA5-Land via Open-Meteo Historical API,success,
PH11-00664,2019-04-28,2019,Kerala,"Thiruvananthapuram, Wayanad",8.4882267,76.947551,district,date,2019-04-27,0.0,0.0,0.0,0.9,2.1,28.7083,84.3333,0.1359,1,IMD,ERA5-Land via Open-Meteo Historical API,success,
PH11-00665,2019-05-16,2019,Kerala,Wayanad,11.7151291,76.1271185,district,date,2019-05-15,0.0,0.0,0.0,0.0,1.5,24.3583,87.2917,0.4526,1,IMD,ERA5-Land via Open-Meteo Historical API,success,
PH11-00666,2019-05-19,2019,Kerala,Wayanad,11.7151291,76.1271185,district,date,2019-05-18,0.0,0.0,0.0,0.0,2.8,25.2583,85.1667,0.4297,1,IMD,ERA5-Land via Open-Meteo Historical API,success,
PH11-00667,2019-05-24,2019,Kerala,Thiruvananthapuram,8.4882267,76.947551,district,date,2019-05-23,0.1,0.7,1.9,5.9,7.3,26.9708,89.0833,0.1746,1,IMD,ERA5-Land via Open-Meteo Historical API,success,
PH11-00668,2019-09-06,2019,Kerala,Thiruvananthapuram,8.4882267,76.947551,district,date,2019-09-05,0.6,2.7,6.0,10.7,15.5,25.5417,92.2917,0.3168,1,IMD,ERA5-Land via Open-Meteo Historical API,success,
PH11-00669,2019-12-06,2019,Kerala,"Ernakulam, Malappuram",9.9837257,76.2740001,district,date,2019-12-05,0.0,0.0,0.0,0.0,0.0,27.4083,81.4167,0.3292,1,IMD,ERA5-Land via Open-Meteo Historical API,success,
PH11-00670,2019-06-14,2019,Kerala,"Malappuram , Wayanad",11.1065685,76.1101742,district,date,2019-06-13,0.9,2.0,2.8,9.0,19.9,25.6917,93.75,0.5115,1,IMD,ERA5-Land via Open-Meteo Historical API,success,
PH11-00671,2019-06-20,2019,Kerala,"Kannur, Kasaragod",11.8763836,75.3737973,district,date,2019-06-19,0.5,1.9,5.3,16.1,24.5,26.2458,92.0,0.3245,1,IMD,ERA5-Land via Open-Meteo Historical API,success,
PH11-00672,2019-10-07,2019,Kerala,Kottayam,9.6287383,76.6455326,district,date,2019-10-06,0.0,1.9,2.2,2.2,7.9,25.35,91.7917,0.4996,1,IMD,ERA5-Land via Open-Meteo Historical API,success,
PH11-00673,2019-07-18,2019,Kerala,"Alappuzha , Ernakulam, Idukki, Kannur, Kasaragod, Kollam, Kottayam, Kozhikode, P",9.5003416,76.4123364,district,date,2019-07-17,0.3,2.7,4.3,9.7,36.0,25.5708,93.0,0.3458,1,IMD,ERA5-Land via Open-Meteo Historical API,success,
PH11-00674,2019-07-28,2019,Kerala,Idukki,9.8154785,76.9991599,district,date,2019-07-27,0.4,1.3,2.0,3.8,9.2,21.8792,93.7917,0.5042,1,IMD,ERA5-Land via Open-Meteo Historical API,success,
PH11-00675,2019-04-08,2019,Kerala,Wayanad,11.7151291,76.1271185,district,date,2019-04-07,0.0,0.5,0.5,0.5,1.6,25.8583,76.1667,0.328,1,IMD,ERA5-Land via Open-Meteo Historical API,success,
PH11-00676,2019-07-08,2019,Kerala,Thiruvananthapuram,8.4882267,76.947551,district,date,2019-07-07,0.5,2.3,4.1,5.7,7.1,27.0292,89.5,0.26,1,IMD,ERA5-Land via Open-Meteo Historical API,success,
PH11-00677,2019-08-08,2019,Kerala,"Ernakulam, Idukki, Kannur, Kasaragod, Kozhikode, Malappuram, Palakkad, Thiruvana",9.9837257,76.2740001,district,date,2019-08-07,2.0,4.4,10.6,25.6,39.9,25.7667,91.7917,0.4349,1,IMD,ERA5-Land via Open-Meteo Historical API,success,
PH11-00678,2019-09-08,2019,Kerala,"Ernakulam, Idukki, Kannur, Malappuram, Palakkad, Thiruvananthapuram, Thrissur, W",9.9837257,76.2740001,district,date,2019-09-07,0.5,2.9,4.1,5.9,9.8,26.1333,90.9167,0.4219,1,IMD,ERA5-Land via Open-Meteo Historical API,success,
PH11-00679,2019-10-08,2019,Kerala,"Alappuzha, Ernakulam, Idukki, Kannur, Kasaragod, Kollam, Kottayam, Kozhikode, Ma",9.5003416,76.4123364,district,date,2019-10-07,0.0,0.0,0.0,0.7,5.1,25.6458,91.875,0.2941,1,IMD,ERA5-Land via Open-Meteo Historical API,success,
PH11-00680,2019-11-08,2019,Kerala,"Alappuzha, Idukki, Kollam, Malappuram, Thiruvananthapuram, Wayanad",9.5003416,76.4123364,district,date,2019-11-07,0.1,0.6,1.3,4.2,7.7,26.8875,89.2917,0.2293,1,IMD,ERA5-Land via Open-Meteo Historical API,success,
PH11-00681,2019-08-19,2019,Kerala,"Alappuzha, Thiruvananthapuram, Wayanad",9.5003416,76.4123364,district,date,2019-08-18,2.2,4.0,4.9,6.4,12.9,25.8958,91.4167,0.2983,1,IMD,ERA5-Land via Open-Meteo Historical API,success,
PH11-00682,2019-08-22,2019,Kerala,Wayanad,11.7151291,76.1271185,district,date,2019-08-21,0.2,0.6,2.8,11.2,27.8,21.5167,96.25,0.5072,1,IMD,ERA5-Land via Open-Meteo Historical API,success,
PH11-00683,2019-03-09,2019,Kerala,Wayanad,11.7151291,76.1271185,district,date,2019-03-08,0.0,0.0,0.0,0.0,0.0,24.0708,75.4167,0.3147,1,IMD,ERA5-Land via Open-Meteo Historical API,success,
PH11-00684,2019-12-09,2019,Kerala,Malappuram,11.1065685,76.1101742,district,date,2019-12-08,0.1,0.3,0.3,0.3,0.3,26.35,79.75,0.3742,1,IMD,ERA5-Land via Open-Meteo Historical API,success,
PH11-00685,2019-09-26,2019,Kerala,Thiruvananthapuram,8.4882267,76.947551,district,date,2019-09-25,1.7,4.0,7.7,9.5,14.4,25.6875,91.2083,0.3142,1,IMD,ERA5-Land via Open-Meteo Historical API,success,
PH11-00686,2019-10-17,2019,Kerala,Thiruvananthapuram,8.4882267,76.947551,district,date,2019-10-16,0.1,0.3,1.3,18.9,34.8,24.7958,94.1667,0.343,1,IMD,ERA5-Land via Open-Meteo Historical API,success,
PH11-00687,2019-10-21,2019,Kerala,"Alappuzha, Ernakulam, Idukki, Kannur, Kasaragod, Kollam, Kottayam, Kozhikode, Ma",9.5003416,76.4123364,district,date,2019-10-20,4.1,9.6,13.4,24.8,33.3,25.6083,93.25,0.3405,1,IMD,ERA5-Land via Open-Meteo Historical API,success,
PH11-00688,2019-10-22,2019,Kerala,Thiruvananthapuram,8.4882267,76.947551,district,date,2019-10-21,0.0,0.0,0.1,1.8,18.3,24.3167,94.625,0.3296,1,IMD,ERA5-Land via Open-Meteo Historical API,success,
PH11-00689,2019-10-30,2019,Kerala,Thiruvananthapuram,8.4882267,76.947551,district,date,2019-10-29,1.1,4.0,4.5,6.0,25.8,25.3083,94.125,0.3238,1,IMD,ERA5-Land via Open-Meteo Historical API,success,
PH11-00690,2019-01-11,2019,Kerala,"Alappuzha, Idukki, Thiruvananthapuram",9.5003416,76.4123364,district,date,2019-01-10,0.0,0.0,0.0,0.0,0.0,25.3833,70.25,0.0312,1,IMD,ERA5-Land via Open-Meteo Historical API,success,
PH11-00691,2019-10-11,2019,Kerala,Wayanad,11.7151291,76.1271185,district,date,2019-10-10,0.0,0.0,0.0,0.6,14.4,22.2333,92.3333,0.4855,1,IMD,ERA5-Land via Open-Meteo Historical API,success,
PH11-00692,2019-11-11,2019,Kerala,Thiruvananthapuram,8.4882267,76.947551,district,date,2019-11-10,0.1,0.6,1.0,4.9,6.8,25.6208,92.2083,0.2671,1,IMD,ERA5-Land via Open-Meteo Historical API,success,
PH11-00693,2019-11-20,2019,Kerala,"Kannur, Malappuram, Thiruvananthapuram",11.8763836,75.3737973,district,date,2019-11-19,0.5,1.6,4.0,4.0,6.9,26.7458,89.75,0.2791,1,IMD,ERA5-Land via Open-Meteo Historical API,success,
PH11-00694,2019-03-12,2019,Kerala,Wayanad,11.7151291,76.1271185,district,date,2019-03-11,0.0,0.0,0.1,0.1,0.6,24.4042,76.75,0.3144,1,IMD,ERA5-Land via Open-Meteo Historical API,success,
PH11-00695,2019-01-05,2019,Tamil Nadu,Coimbatore,11.0018115,76.9628425,district,date,2019-01-04,0.0,0.0,0.0,0.0,0.0,23.2708,56.5833,0.1548,1,IMD,ERA5-Land via Open-Meteo Historical API,success,
PH11-00696,2019-11-30,2019,Tamil Nadu,Thanjavur,10.659037,79.2014278,district,date,2019-11-29,0.1,1.4,3.9,4.6,12.4,25.6625,89.625,0.3777,1,IMD,ERA5-Land via Open-Meteo Historical API,success,
PH11-00697,2019-01-12,2019,Tamil Nadu,Tirunelveli,8.5495014,77.5805178,district,date,2019-01-11,0.0,0.0,0.0,0.0,0.0,24.6542,71.2083,0.1958,1,IMD,ERA5-Land via Open-Meteo Historical API,success,
PH11-00698,2019-02-12,2019,Tamil Nadu,"Chennai, Coimbatore, Cuddalore, Thoothukkudi, Tirunelveli",13.0836939,80.270186,district,date,2019-02-11,0.0,0.0,0.0,0.0,0.8,26.6083,72.75,0.1566,1,IMD,ERA5-Land via Open-Meteo Historical API,success,
PH11-00699,2019-02-06,2019,Uttarakhand,"Almora, Chamoli",29.702651,79.4326318,district,date,2019-02-05,0.0,0.0,0.0,0.0,0.0,12.3333,64.4583,0.4245,1,IMD,ERA5-Land via Open-Meteo Historical API,success,
PH11-00700,2019-06-21,2019,Uttarakhand,Uttar Kashi Kashi,30.0417376,79.089691,district,date,2019-06-20,0.0,0.0,0.0,1.3,5.3,17.9375,77.4167,0.2487,1,IMD,ERA5-Land via Open-Meteo Historical API,success,
PH11-00701,2019-06-23,2019,Uttarakhand,Garhwal,30.25,79.333333,district,date,2019-06-22,0.0,0.0,0.6,0.6,0.8,18.3583,59.7917,0.4163,1,IMD,ERA5-Land via Open-Meteo Historical API,success,
PH11-00702,2019-04-07,2019,Uttarakhand,Rudra Prayag,30.0417376,79.089691,district,date,2019-04-06,0.0,0.0,0.0,0.0,5.2,14.1333,73.0417,0.3687,1,IMD,ERA5-Land via Open-Meteo Historical API,success,
PH11-00703,2019-06-08,2019,Uttarakhand,"Chamoli, Garhwal, Uttar Kashi Kashi",30.4985956,79.6190537,district,date,2019-06-07,0.0,0.0,0.0,0.0,0.1,20.6708,48.375,0.1831,1,IMD,ERA5-Land via Open-Meteo Historical API,success,
PH11-00704,2019-08-08,2019,Uttarakhand,"Chamoli, Garhwal, Rudra Prayag, Tehri Garhwal",30.4985956,79.6190537,district,date,2019-08-07,0.5,2.3,2.6,2.6,5.9,21.1542,82.1667,0.4158,1,IMD,ERA5-Land via Open-Meteo Historical API,success,
PH11-00705,2019-12-08,2019,Uttarakhand,"Bageshwar, Chamoli",30.0087902,79.9280183,district,date,2019-12-07,0.0,0.0,0.0,0.0,0.0,10.9875,49.4583,0.3273,1,IMD,ERA5-Land via Open-Meteo Historical API,success,
PH11-00706,2019-08-18,2019,Uttarakhand,"Dehradun, Garhwal, Tehri Garhwal, Uttar Kashi Kashi",30.3255646,78.0436813,district,date,2019-08-17,11.8,34.9,43.7,54.9,73.1,25.0333,90.375,0.4311,1,IMD,ERA5-Land via Open-Meteo Historical API,success,
PH11-00707,2019-02-09,2019,Uttarakhand,Almora,29.702651,79.4326318,district,date,2019-02-08,0.0,0.0,0.0,1.2,6.7,8.275,81.0,0.4958,1,IMD,ERA5-Land via Open-Meteo Historical API,success,
PH11-00708,2019-06-09,2019,Uttarakhand,"Chamoli, Pithoragarh",30.4985956,79.6190537,district,date,2019-06-08,0.0,0.0,0.0,0.0,0.2,20.0958,50.2083,0.1855,1,IMD,ERA5-Land via Open-Meteo Historical API,success,
PH11-00709,2019-09-27,2019,Uttarakhand,Dehradun,30.3255646,78.0436813,district,date,2019-09-26,0.0,1.3,4.5,5.0,8.4,23.8333,86.2083,0.3282,1,IMD,ERA5-Land via Open-Meteo Historical API,success,
PH11-00710,2020-02-01,2020,Kerala,"Malappuram, Thiruvananthapuram",11.1065685,76.1101742,district,date,2020-01-31,0.0,0.0,0.0,0.0,0.0,28.1,66.2917,0.2145,1,IMD,ERA5-Land via Open-Meteo Historical API,success,
PH11-00711,2020-04-24,2020,Kerala,Thiruvananthapuram,8.4882267,76.947551,district,date,2020-04-23,0.2,0.2,0.2,0.5,2.0,27.7917,83.9167,0.1187,1,IMD,ERA5-Land via Open-Meteo Historical API,success,
PH11-00712,2020-03-05,2020,Kerala,Pathanamthitta,9.2780841,76.9737443,district,date,2020-03-04,3.0,5.0,5.0,5.2,7.1,25.125,82.7917,0.4514,1,IMD,ERA5-Land via Open-Meteo Historical API,success,
PH11-00713,2020-07-05,2020,Kerala,Thiruvananthapuram,8.4882267,76.947551,district,date,2020-07-04,1.6,4.8,8.0,8.7,10.7,25.9417,91.4167,0.2685,1,IMD,ERA5-Land via Open-Meteo Historical API,success,
PH11-00714,2020-05-16,2020,Kerala,Thiruvananthapuram,8.4882267,76.947551,district,date,2020-05-15,0.0,0.2,2.9,12.7,15.4,27.0667,88.75,0.2895,1,IMD,ERA5-Land via Open-Meteo Historical API,success,
PH11-00715,2020-05-22,2020,Kerala,Thiruvananthapuram,8.4882267,76.947551,district,date,2020-05-21,3.1,5.4,10.3,13.8,29.8,25.5625,96.625,0.3282,1,IMD,ERA5-Land via Open-Meteo Historical API,success,
PH11-00716,2020-02-06,2020,Kerala,Thiruvananthapuram,8.4882267,76.947551,district,date,2020-02-05,0.0,0.0,0.0,0.0,0.2,27.4042,68.2917,0.0532,1,IMD,ERA5-Land via Open-Meteo Historical API,success,
PH11-00717,2020-03-07,2020,Kerala,Kozhikode,11.2450558,75.7754716,district,date,2020-03-06,0.2,0.5,0.5,0.5,0.5,27.8917,73.9167,0.1038,1,IMD,ERA5-Land via Open-Meteo Historical API,success,
PH11-00718,2020-05-08,2020,Kerala,Wayanad,11.7151291,76.1271185,district,date,2020-05-07,0.0,0.0,0.0,0.3,1.6,25.4125,81.875,0.4025,1,IMD,ERA5-Land via Open-Meteo Historical API,success,
PH11-00719,2020-06-08,2020,Kerala,Idukki,9.8154785,76.9991599,district,date,2020-06-07,0.1,1.2,11.1,20.5,28.1,21.4458,96.8333,0.5096,1,IMD,ERA5-Land via Open-Meteo Historical API,success,
PH11-00720,2020-06-08,2020,Kerala,Wayanad,11.7151291,76.1271185,district,date,2020-06-07,0.0,0.2,1.0,1.7,50.9,21.875,94.625,0.5055,1,IMD,ERA5-Land via Open-Meteo Historical API,success,
PH11-00721,2020-07-08,2020,Kerala,Alappuzha,9.5003416,76.4123364,district,date,2020-07-07,0.0,0.0,0.0,0.6,6.1,26.25,91.75,0.3053,1,IMD,ERA5-Land via Open-Meteo Historical API,success,
PH11-00722,2020-08-08,2020,Kerala,"Thiruvananthapuram, Wayanad",8.4882267,76.947551,district,date,2020-08-07,0.1,0.4,2.2,19.3,34.3,24.375,96.3333,0.3524,1,IMD,ERA5-Land via Open-Meteo Historical API,success,
PH11-00723,2020-09-08,2020,Kerala,"Alappuzha, Ernakulam, Kollam, Kottayam",9.5003416,76.4123364,district,date,2020-09-07,0.7,1.4,2.3,6.4,31.4,25.4208,93.5417,0.3303,1,IMD,ERA5-Land via Open-Meteo Historical API,success,
PH11-00724,2020-10-08,2020,Kerala,"Pathanamthitta, Wayanad",9.2780841,76.9737443,district,date,2020-10-07,0.1,0.1,0.1,2.1,7.5,23.4,91.2917,0.5015,1,IMD,ERA5-Land via Open-Meteo Historical API,success,
PH11-00725,2020-11-08,2020,Kerala,Kozhikode,11.2450558,75.7754716,district,date,2020-11-07,0.1,0.1,0.9,5.6,6.5,26.875,87.2083,0.2714,1,IMD,ERA5-Land via Open-Meteo Historical API,success,
PH11-00726,2020-12-08,2020,Kerala,"Alappuzha, Kottayam, Pathanamthitta",9.5003416,76.4123364,district,date,2020-12-07,0.0,0.0,0.0,2.4,8.4,25.2875,90.4583,0.284,1,IMD,ERA5-Land via Open-Meteo Historical API,success,
PH11-00727,2020-06-09,2020,Kerala,Alappuzha,9.5003416,76.4123364,district,date,2020-06-08,0.2,0.6,1.1,1.1,2.5,26.5125,89.6667,0.2886,1,IMD,ERA5-Land via Open-Meteo Historical API,success,
PH11-00728,2020-06-09,2020,Kerala,Thiruvananthapuram,8.4882267,76.947551,district,date,2020-06-08,0.1,0.1,0.3,0.4,1.5,26.9875,85.3333,0.2896,1,IMD,ERA5-Land via Open-Meteo Historical API,success,
PH11-00729,2020-11-09,2020,Kerala,"Malappuram, Thiruvananthapuram",11.1065685,76.1101742,district,date,2020-11-08,0.0,0.3,1.3,10.4,19.0,26.625,85.7917,0.4641,1,IMD,ERA5-Land via Open-Meteo Historical API,success,
PH11-00730,2020-09-20,2020,Kerala,"Ernakulam, Kannur, Thrissur, Wayanad",9.9837257,76.2740001,district,date,2020-09-19,1.0,5.0,11.8,23.4,38.0,25.3333,91.25,0.4347,1,IMD,ERA5-Land via Open-Meteo Historical API,success,
PH11-00731,2020-09-21,2020,Kerala,"Kannur, Kasaragod, Palakkad",11.8763836,75.3737973,district,date,2020-09-20,1.8,4.0,7.2,12.1,56.0,25.1708,92.25,0.3613,1,IMD,ERA5-Land via Open-Meteo Historical API,success,
PH11-00732,2020-09-22,2020,Kerala,"Kollam, Thiruvananthapuram",8.8870533,76.5906696,district,date,2020-09-21,0.8,2.0,4.8,6.6,12.4,25.7208,89.125,0.3131,1,IMD,ERA5-Land via Open-Meteo Historical API,success,
PH11-00733,2020-09-23,2020,Kerala,Thiruvananthapuram,8.4882267,76.947551,district,date,2020-09-22,1.0,2.6,4.8,8.4,31.3,25.0125,93.6667,0.3423,1,IMD,ERA5-Land via Open-Meteo Historical API,success,
PH11-00734,2020-09-10,2020,Kerala,Thiruvananthapuram,8.4882267,76.947551,district,date,2020-09-09,1.9,5.5,11.3,18.9,40.4,24.8208,94.625,0.3528,1,IMD,ERA5-Land via Open-Meteo Historical API,success,
PH11-00735,2020-10-29,2020,Kerala,Thiruvananthapuram,8.4882267,76.947551,district,date,2020-10-28,0.0,0.0,0.0,1.1,10.1,26.0,88.875,0.2094,1,IMD,ERA5-Land via Open-Meteo Historical API,success,
PH11-00736,2020-07-15,2020,Uttarakhand,Dehradun,30.3255646,78.0436813,district,date,2020-07-14,9.2,20.8,22.0,23.1,25.2,26.9708,83.5,0.3782,1,IMD,ERA5-Land via Open-Meteo Historical API,success,
PH11-00737,2020-07-18,2020,Uttarakhand,Pithoragarh,29.585871,80.215167,district,date,2020-07-17,0.2,0.7,1.3,1.7,6.8,21.8458,89.625,0.5016,1,IMD,ERA5-Land via Open-Meteo Historical API,success,
PH11-00738,2020-08-25,2020,Uttarakhand,Chamoli,30.4985956,79.6190537,district,date,2020-08-24,1.2,2.0,2.5,2.6,5.0,20.6417,87.375,0.3902,1,IMD,ERA5-Land via Open-Meteo Historical API,success,
PH11-00739,2021-01-03,2021,Kerala,Kasaragod,12.4221964,75.1904446,district,date,2021-01-02,0.0,0.0,0.0,0.0,0.0,25.3333,63.5,0.326,1,IMD,ERA5-Land via Open-Meteo Historical API,success,
PH11-00740,2021-01-10,2021,Kerala,Wayanad,11.7151291,76.1271185,district,date,2021-01-09,0.0,0.0,0.0,0.2,3.2,21.875,89.7083,0.4683,1,IMD,ERA5-Land via Open-Meteo Historical API,success,
PH11-00741,2021-04-02,2021,Kerala,Thiruvananthapuram,8.4882267,76.947551,district,date,2021-04-01,0.0,0.0,0.0,3.0,8.9,27.2958,85.2917,0.1395,1,IMD,ERA5-Land via Open-Meteo Historical API,success,
PH11-00742,2021-04-10,2021,Kerala,Kozhikode,11.2450558,75.7754716,district,date,2021-04-09,0.4,0.8,1.4,1.4,5.1,27.6208,88.2917,0.2604,1,IMD,ERA5-Land via Open-Meteo Historical API,success,
PH11-00743,2021-04-11,2021,Kerala,Thiruvananthapuram,8.4882267,76.947551,district,date,2021-04-10,0.1,0.6,0.6,2.3,3.9,27.0333,84.625,0.1445,1,IMD,ERA5-Land via Open-Meteo Historical API,success,
PH11-00744,2021-04-13,2021,Kerala,Ernakulam,9.9837257,76.2740001,district,date,2021-04-12,0.1,0.1,0.1,8.9,9.2,27.1333,86.4167,0.3168,1,IMD,ERA5-Land via Open-Meteo Historical API,success,
PH11-00745,2021-04-18,2021,Kerala,Wayanad,11.7151291,76.1271185,district,date,2021-04-17,0.0,0.0,0.0,0.0,1.1,23.8208,85.0,0.42,1,IMD,ERA5-Land via Open-Meteo Historical API,success,
PH11-00746,2021-04-19,2021,Kerala,Kozhikode,11.2450558,75.7754716,district,date,2021-04-18,0.0,0.0,4.2,8.4,21.0,26.3417,90.0417,0.3057,1,IMD,ERA5-Land via Open-Meteo Historical API,success,
PH11-00747,2021-04-20,2021,Kerala,Wayanad,11.7151291,76.1271185,district,date,2021-04-19,0.0,0.6,0.8,1.3,8.0,23.8917,86.5833,0.4323,1,IMD,ERA5-Land via Open-Meteo Historical API,success,
PH11-00748,2021-04-22,2021,Kerala,Palakkad,10.7873692,76.4742172,district,date,2021-04-21,0.0,0.0,0.1,8.7,12.8,27.4917,84.9167,0.4518,1,IMD,ERA5-Land via Open-Meteo Historical API,success,
PH11-00749,2021-05-12,2021,Kerala,Thiruvananthapuram,8.4882267,76.947551,district,date,2021-05-11,0.1,4.9,14.6,18.9,27.9,26.475,91.375,0.2968,1,IMD,ERA5-Land via Open-Meteo Historical API,success,
PH11-00750,2021-05-18,2021,Kerala,Thiruvananthapuram,8.4882267,76.947551,district,date,2021-05-17,0.3,1.3,2.3,2.7,3.6,27.2292,88.4583,0.2825,1,IMD,ERA5-Land via Open-Meteo Historical API,success,
PH11-00751,2021-05-20,2021,Kerala,Idukki,9.8154785,76.9991599,district,date,2021-05-19,0.1,0.4,1.4,4.1,15.1,23.0,94.4583,0.5017,1,IMD,ERA5-Land via Open-Meteo Historical API,success,
PH11-00752,2021-05-23,2021,Kerala,Thiruvananthapuram,8.4882267,76.947551,district,date,2021-05-22,2.6,6.9,9.1,17.2,31.6,25.6958,93.8333,0.3457,1,IMD,ERA5-Land via Open-Meteo Historical API,success,
PH11-00753,2021-06-05,2021,Kerala,Thiruvananthapuram,8.4882267,76.947551,district,date,2021-06-04,0.2,1.7,1.9,2.6,9.3,25.9208,92.4167,0.2925,1,IMD,ERA5-Land via Open-Meteo Historical API,success,
PH11-00754,2021-06-16,2021,Kerala,Wayanad,11.7151291,76.1271185,district,date,2021-06-15,0.9,2.5,4.7,8.8,15.6,21.7042,95.0833,0.5094,1,IMD,ERA5-Land via Open-Meteo Historical API,success,
PH11-00755,2021-06-21,2021,Kerala,Wayanad,11.7151291,76.1271185,district,date,2021-06-20,0.0,0.0,0.0,0.2,4.4,22.0792,87.2083,0.494,1,IMD,ERA5-Land via Open-Meteo Historical API,success,
PH11-00756,2021-07-14,2021,Kerala,Wayanad,11.7151291,76.1271185,district,date,2021-07-13,0.2,1.2,1.9,3.8,19.4,21.2208,97.9167,0.5084,1,IMD,ERA5-Land via Open-Meteo Historical API,success,
PH11-00757,2021-07-17,2021,Kerala,Wayanad,11.7151291,76.1271185,district,date,2021-07-16,1.0,2.8,3.9,5.3,73.7,20.925,98.5417,0.5074,1,IMD,ERA5-Land via Open-Meteo Historical API,success,
PH11-00758,2021-07-21,2021,Kerala,Wayanad,11.7151291,76.1271185,district,date,2021-07-20,0.3,1.2,2.3,3.7,9.5,21.65,91.1667,0.5047,1,IMD,ERA5-Land via Open-Meteo Historical API,success,
PH11-00759,2021-08-03,2021,Kerala,Idukki,9.8154785,76.9991599,district,date,2021-08-02,0.4,1.7,3.9,6.1,12.8,21.1375,95.0417,0.5071,1,IMD,ERA5-Land via Open-Meteo Historical API,success,
PH11-00760,2021-09-27,2021,Kerala,"Idukki, Thiruvananthapuram",9.8154785,76.9991599,district,date,2021-09-26,4.4,10.6,14.7,19.4,26.9,21.9292,95.0833,0.5103,1,IMD,ERA5-Land via Open-Meteo Historical API,success,
PH11-00761,2021-10-02,2021,Kerala,Thrissur,10.5270099,76.214621,district,date,2021-10-01,0.4,4.0,5.6,11.8,14.5,26.1708,88.5833,0.5062,1,IMD,ERA5-Land via Open-Meteo Historical API,success,
PH11-00762,2021-10-05,2021,Kerala,Thiruvananthapuram,8.4882267,76.947551,district,date,2021-10-04,0.3,2.0,3.4,3.5,6.8,25.6375,90.9583,0.2631,1,IMD,ERA5-Land via Open-Meteo Historical API,success,
PH11-00763,2021-10-09,2021,Kerala,"Alappuzha, Thiruvananthapuram",9.5003416,76.4123364,district,date,2021-10-08,2.7,5.3,7.4,12.4,22.7,26.0583,92.5,0.3178,1,IMD,ERA5-Land via Open-Meteo Historical API,success,
PH11-00764,2021-10-11,2021,Kerala,Kollam,8.8870533,76.5906696,district,date,2021-10-10,0.3,2.6,4.8,7.3,10.7,26.0583,88.9583,0.3071,1,IMD,ERA5-Land via Open-Meteo Historical API,success,
PH11-00765,2021-10-11,2021,Kerala,Malappuram,11.1065685,76.1101742,district,date,2021-10-10,0.5,2.0,2.4,9.2,21.2,25.2167,92.5417,0.5071,1,IMD,ERA5-Land via Open-Meteo Historical API,success,
PH11-00766,2021-10-12,2021,Kerala,"Ernakulam, Kannur, Kottayam, Kozhikode, Palakkad, Pathanamthitta, Thiruvananthap",9.9837257,76.2740001,district,date,2021-10-11,3.2,8.2,17.4,28.8,51.9,25.2917,92.375,0.4352,1,IMD,ERA5-Land via Open-Meteo Historical API,success,
PH11-00767,2021-10-12,2021,Kerala,Ernakulam,9.9837257,76.2740001,district,date,2021-10-11,3.2,8.2,17.4,28.8,51.9,25.2917,92.375,0.4352,1,IMD,ERA5-Land via Open-Meteo Historical API,success,
PH11-00768,2021-10-12,2021,Kerala,Kannur,11.8763836,75.3737973,district,date,2021-10-11,0.6,2.0,5.7,11.7,28.0,25.5417,91.5833,0.3372,1,IMD,ERA5-Land via Open-Meteo Historical API,success,
PH11-00769,2021-10-12,2021,Kerala,Kottayam,9.6287383,76.6455326,district,date,2021-10-11,2.2,9.6,19.7,30.3,74.8,23.9667,98.9583,0.5062,1,IMD,ERA5-Land via Open-Meteo Historical API,success,
PH11-00770,2021-10-12,2021,Kerala,Kozhikode,11.2450558,75.7754716,district,date,2021-10-11,1.8,2.8,6.2,9.0,24.3,25.575,92.4583,0.3376,1,IMD,ERA5-Land via Open-Meteo Historical API,success,
PH11-00771,2021-10-12,2021,Kerala,Palakkad,10.7873692,76.4742172,district,date,2021-10-11,1.2,3.3,5.6,13.6,25.4,24.7167,93.0,0.5112,1,IMD,ERA5-Land via Open-Meteo Historical API,success,
PH11-00772,2021-10-12,2021,Kerala,Pathanamthitta,9.2780841,76.9737443,district,date,2021-10-11,2.1,8.1,16.3,27.3,75.0,21.5708,99.9583,0.5111,1,IMD,ERA5-Land via Open-Meteo Historical API,success,
PH11-00773,2021-10-12,2021,Kerala,Thiruvananthapuram,8.4882267,76.947551,district,date,2021-10-11,0.3,2.7,10.1,19.3,43.9,24.6667,96.0,0.357,1,IMD,ERA5-Land via Open-Meteo Historical API,success,
PH11-00774,2021-10-12,2021,Kerala,Thrissur,10.5270099,76.214621,district,date,2021-10-11,1.5,4.8,8.4,15.8,32.7,25.025,93.6667,0.509,1,IMD,ERA5-Land via Open-Meteo Historical API,success,
PH11-00775,2021-10-16,2021,Kerala,"Alappuzha, Ernakulam, Idukki, Kollam, Kottayam, Palakkad, Thiruvananthapuram",9.5003416,76.4123364,district,date,2021-10-15,6.4,10.9,13.5,14.2,16.0,25.8042,91.125,0.2733,1,IMD,ERA5-Land via Open-Meteo Historical API,success,
PH11-00776,2021-10-16,2021,Kerala,Alappuzha,9.5003416,76.4123364,district,date,2021-10-15,6.4,10.9,13.5,14.2,16.0,25.8042,91.125,0.2733,1,IMD,ERA5-Land via Open-Meteo Historical API,success,
PH11-00777,2021-10-16,2021,Kerala,Ernakulam,9.9837257,76.2740001,district,date,2021-10-15,6.7,7.4,8.5,9.1,10.4,26.0375,88.9167,0.4017,1,IMD,ERA5-Land via Open-Meteo Historical API,success,
PH11-00778,2021-10-16,2021,Kerala,Idukki,9.8154785,76.9991599,district,date,2021-10-15,0.3,2.0,2.0,2.1,4.9,22.5042,92.1667,0.5001,1,IMD,ERA5-Land via Open-Meteo Historical API,success,
PH11-00779,2021-10-16,2021,Kerala,Kollam,8.8870533,76.5906696,district,date,2021-10-15,4.1,8.2,21.0,24.2,29.0,26.1583,88.0,0.3,1,IMD,ERA5-Land via Open-Meteo Historical API,success,
PH11-00780,2021-10-16,2021,Kerala,Kottayam,9.6287383,76.6455326,district,date,2021-10-15,5.1,12.5,12.7,13.5,20.8,25.3167,91.7917,0.4965,1,IMD,ERA5-Land via Open-Meteo Historical API,success,
PH11-00781,2021-10-16,2021,Kerala,Palakkad,10.7873692,76.4742172,district,date,2021-10-15,0.4,2.3,2.9,3.0,9.0,26.05,88.3333,0.4986,1,IMD,ERA5-Land via Open-Meteo Historical API,success,
PH11-00782,2021-10-16,2021,Kerala,Thiruvananthapuram,8.4882267,76.947551,district,date,2021-10-15,9.8,11.6,17.0,20.9,23.9,25.9792,89.625,0.2954,1,IMD,ERA5-Land via Open-Meteo Historical API,success,
PH11-00783,2021-10-17,2021,Kerala,Thrissur,10.5270099,76.214621,district,date,2021-10-16,2.1,39.0,69.4,74.2,91.9,25.2208,92.7917,0.5078,1,IMD,ERA5-Land via Open-Meteo Historical API,success,
PH11-00784,2021-10-18,2021,Kerala,Thiruvananthapuram,8.4882267,76.947551,district,date,2021-10-17,0.0,0.0,0.0,0.8,15.5,26.0667,85.125,0.3262,1,IMD,ERA5-Land via Open-Meteo Historical API,success,
PH11-00785,2021-10-11,2021,Kerala,"Alappuzha, Idukki, Ernakulam, Kannur, Kottayam, Kollam, Kozhikode, Malappuram, P",9.5003416,76.4123364,district,date,2021-10-10,3.0,4.1,5.1,10.8,29.7,25.6125,93.6667,0.3397,1,IMD,ERA5-Land via Open-Meteo Historical API,success,
PH11-00786,2021-10-11,2021,Kerala,Alappuzha,9.5003416,76.4123364,district,date,2021-10-10,3.0,4.1,5.1,10.8,29.7,25.6125,93.6667,0.3397,1,IMD,ERA5-Land via Open-Meteo Historical API,success,
PH11-00787,2021-10-11,2021,Kerala,Kannur,11.8763836,75.3737973,district,date,2021-10-10,0.1,1.8,4.2,13.0,16.6,25.3542,92.3333,0.3255,1,IMD,ERA5-Land via Open-Meteo Historical API,success,
PH11-00788,2021-10-11,2021,Kerala,Thrissur,10.5270099,76.214621,district,date,2021-10-10,0.8,2.1,5.3,11.1,23.2,25.2542,93.2917,0.5096,1,IMD,ERA5-Land via Open-Meteo Historical API,success,
PH11-00789,2021-10-20,2021,Kerala,Malappuram,11.1065685,76.1101742,district,date,2021-10-19,0.0,0.0,0.0,2.4,3.0,26.1708,85.9167,0.4714,1,IMD,ERA5-Land via Open-Meteo Historical API,success,
PH11-00790,2021-10-20,2021,Kerala,Palakkad,10.7873692,76.4742172,district,date,2021-10-19,0.1,0.2,0.6,1.1,4.1,26.1042,87.0417,0.486,1,IMD,ERA5-Land via Open-Meteo Historical API,success,
PH11-00791,2021-10-20,2021,Kerala,Thiruvananthapuram,8.4882267,76.947551,district,date,2021-10-19,0.0,0.0,0.0,0.2,2.2,26.1042,88.0417,0.2514,1,IMD,ERA5-Land via Open-Meteo Historical API,success,
PH11-00792,2021-10-23,2021,Kerala,Kottayam,9.6287383,76.6455326,district,date,2021-10-22,3.0,3.2,6.5,6.7,11.2,25.2917,92.2083,0.4969,1,IMD,ERA5-Land via Open-Meteo Historical API,success,
PH11-00793,2021-10-23,2021,Kerala,Pathanamthitta,9.2780841,76.9737443,district,date,2021-10-22,1.2,1.4,2.1,3.7,5.9,23.6083,89.125,0.5022,1,IMD,ERA5-Land via Open-Meteo Historical API,success,
PH11-00794,2021-11-02,2021,Kerala,Kozhikode,11.2450558,75.7754716,district,date,2021-11-01,0.0,0.0,0.0,11.2,14.2,25.5375,90.7917,0.2934,1,IMD,ERA5-Land via Open-Meteo Historical API,success,
PH11-00795,2021-11-05,2021,Kerala,"Alappuzha, Kottayam",9.5003416,76.4123364,district,date,2021-11-04,2.9,5.7,10.4,20.9,35.7,24.5042,94.875,0.3446,1,IMD,ERA5-Land via Open-Meteo Historical API,success,
PH11-00796,2021-11-13,2021,Kerala,"Alappuzha, Thiruvananthapuram",9.5003416,76.4123364,district,date,2021-11-12,0.3,1.0,1.9,4.0,6.1,25.2167,91.8333,0.2819,1,IMD,ERA5-Land via Open-Meteo Historical API,success,
PH11-00797,2021-11-14,2021,Kerala,Kannur,11.8763836,75.3737973,district,date,2021-11-13,7.9,15.7,22.5,31.5,32.4,25.3292,90.0833,0.2768,1,IMD,ERA5-Land via Open-Meteo Historical API,success,
PH11-00798,2021-11-14,2021,Kerala,Thiruvananthapuram,8.4882267,76.947551,district,date,2021-11-13,0.8,2.0,5.2,17.8,54.1,24.3167,95.25,0.3624,1,IMD,ERA5-Land via Open-Meteo Historical API,success,
PH11-00799,2021-11-14,2021,Kerala,Thrissur,10.5270099,76.214621,district,date,2021-11-13,3.0,15.5,20.9,32.9,60.9,24.15,95.5417,0.5065,1,IMD,ERA5-Land via Open-Meteo Historical API,success,
PH11-00800,2021-11-10,2021,Kerala,"Ernakulam, Kannur, Kollam, Kottayam, Thiruvananthapuram, Thrissur",9.9837257,76.2740001,district,date,2021-11-09,0.0,0.2,0.2,1.7,2.1,25.1667,87.5417,0.3967,1,IMD,ERA5-Land via Open-Meteo Historical API,success,
PH11-00801,2021-11-10,2021,Kerala,Ernakulam,9.9837257,76.2740001,district,date,2021-11-09,0.0,0.2,0.2,1.7,2.1,25.1667,87.5417,0.3967,1,IMD,ERA5-Land via Open-Meteo Historical API,success,
PH11-00802,2021-11-15,2021,Kerala,"Alappuzha, Thiruvananthapuram, Thrissur",9.5003416,76.4123364,district,date,2021-11-14,2.8,9.9,26.9,52.7,74.7,24.2458,96.75,0.3665,1,IMD,ERA5-Land via Open-Meteo Historical API,success,
PH11-00803,2021-11-15,2021,Kerala,Thiruvananthapuram,8.4882267,76.947551,district,date,2021-11-14,3.2,7.3,11.3,32.4,44.5,24.7792,93.4167,0.3547,1,IMD,ERA5-Land via Open-Meteo Historical API,success,
PH11-00804,2021-11-17,2021,Kerala,Thiruvananthapuram,8.4882267,76.947551,district,date,2021-11-16,0.0,0.0,0.0,0.3,3.5,25.3,88.1667,0.2971,1,IMD,ERA5-Land via Open-Meteo Historical API,success,
PH11-00805,2021-11-17,2021,Kerala,Thrissur,10.5270099,76.214621,district,date,2021-11-16,0.0,0.4,2.6,4.4,17.0,24.5542,92.6667,0.5019,1,IMD,ERA5-Land via Open-Meteo Historical API,success,
PH11-00806,2021-11-30,2021,Kerala,Thiruvananthapuram,8.4882267,76.947551,district,date,2021-11-29,0.3,0.6,5.2,11.5,26.8,24.6833,94.9167,0.3415,1,IMD,ERA5-Land via Open-Meteo Historical API,success,
PH11-00807,2021-07-17,2021,Tamil Nadu,Tiruvannamalai,12.4289282,78.99915,district,date,2021-07-16,0.0,0.0,0.0,0.0,1.4,26.0333,80.9583,0.3423,1,IMD,ERA5-Land via Open-Meteo Historical API,success,
PH11-00808,2021-09-17,2021,Tamil Nadu,Pudukkottai,10.2903072,78.8173617,district,date,2021-09-16,0.9,0.9,0.9,1.3,7.6,29.6917,70.2083,0.343,1,IMD,ERA5-Land via Open-Meteo Historical API,success,
PH11-00809,2021-11-06,2021,Tamil Nadu,Chennai,13.0836939,80.270186,district,date,2021-11-05,0.0,0.0,0.3,8.4,26.0,24.9917,89.9167,0.423,1,IMD,ERA5-Land via Open-Meteo Historical API,success,
PH11-00810,2021-11-06,2021,Tamil Nadu,Kallakurichi,11.7946847,79.0388211,district,date,2021-11-05,0.2,0.7,4.6,7.8,18.4,25.2,89.5417,0.4208,1,IMD,ERA5-Land via Open-Meteo Historical API,success,
PH11-00811,2021-11-06,2021,Tamil Nadu,Krishnagiri,12.5152075,78.0093769,district,date,2021-11-05,0.0,0.0,0.3,5.6,6.5,22.7875,88.125,0.4973,1,IMD,ERA5-Land via Open-Meteo Historical API,success,
PH11-00812,2021-11-06,2021,Tamil Nadu,Madurai,9.9261153,78.1140983,district,date,2021-11-05,0.0,0.0,0.0,1.3,24.9,25.0667,89.0833,0.412,1,IMD,ERA5-Land via Open-Meteo Historical API,success,
PH11-00813,2021-11-06,2021,Tamil Nadu,Thanjavur,10.659037,79.2014278,district,date,2021-11-05,0.1,2.4,3.9,9.1,13.0,25.2708,89.2917,0.4171,1,IMD,ERA5-Land via Open-Meteo Historical API,success,
PH11-00814,2021-11-06,2021,Tamil Nadu,Theni,9.8692558,77.4222974,district,date,2021-11-05,0.0,0.0,0.3,0.5,23.7,24.4,86.8333,0.3925,1,IMD,ERA5-Land via Open-Meteo Historical API,success,
PH11-00815,2021-11-06,2021,Tamil Nadu,Tiruvannamalai,12.4289282,78.99915,district,date,2021-11-05,0.0,0.0,0.0,13.5,30.3,23.6083,90.6667,0.4203,1,IMD,ERA5-Land via Open-Meteo Historical API,success,
PH11-00816,2021-11-06,2021,Tamil Nadu,Vellore,12.9021849,79.061104,district,date,2021-11-05,0.0,0.0,0.1,13.0,29.6,23.6917,91.875,0.4199,1,IMD,ERA5-Land via Open-Meteo Historical API,success,
PH11-00817,2021-11-06,2021,Tamil Nadu,Viluppuram,12.1166967,79.5989236,district,date,2021-11-05,0.0,0.0,0.0,9.1,16.3,25.2833,88.9167,0.4199,1,IMD,ERA5-Land via Open-Meteo Historical API,success,
PH11-00818,2021-11-07,2021,Tamil Nadu,Chennai,13.0836939,80.270186,district,date,2021-11-06,2.1,11.5,23.8,34.5,37.6,25.3667,89.1667,0.4212,1,IMD,ERA5-Land via Open-Meteo Historical API,success,
PH11-00819,2021-11-10,2021,Tamil Nadu,Thanjavur,10.659037,79.2014278,district,date,2021-11-09,0.0,0.7,3.1,17.4,40.0,23.275,91.5833,0.4317,1,IMD,ERA5-Land via Open-Meteo Historical API,success,
PH11-00820,2021-11-18,2021,Tamil Nadu,Vellore,12.9021849,79.061104,district,date,2021-11-17,5.7,15.4,24.5,32.1,38.8,24.1292,90.5833,0.4226,1,IMD,ERA5-Land via Open-Meteo Historical API,success,
PH11-00821,2021-11-19,2021,Tamil Nadu,Viluppuram,12.1166967,79.5989236,district,date,2021-11-18,1.3,3.8,6.5,20.9,77.7,23.825,93.1667,0.4292,1,IMD,ERA5-Land via Open-Meteo Historical API,success,
PH11-00822,2021-11-19,2021,Tamil Nadu,"Krishnagiri, Tiruvannamalai",12.5152075,78.0093769,district,date,2021-11-18,0.1,2.5,13.4,47.0,112.1,21.6167,91.7917,0.5107,1,IMD,ERA5-Land via Open-Meteo Historical API,success,
PH11-00823,2021-11-19,2021,Tamil Nadu,"Krishnagiri, Tiruvannamalai",12.5152075,78.0093769,district,date,2021-11-18,0.1,2.5,13.4,47.0,112.1,21.6167,91.7917,0.5107,1,IMD,ERA5-Land via Open-Meteo Historical API,success,
PH11-00824,2021-11-21,2021,Tamil Nadu,Kallakurichi,11.7946847,79.0388211,district,date,2021-11-20,0.0,0.0,0.0,0.4,14.8,25.5708,90.25,0.4196,1,IMD,ERA5-Land via Open-Meteo Historical API,success,
PH11-00825,2021-12-30,2021,Tamil Nadu,Chennai,13.0836939,80.270186,district,date,2021-12-29,0.2,0.3,0.3,0.3,0.9,25.5667,77.875,0.2503,1,IMD,ERA5-Land via Open-Meteo Historical API,success,
PH11-00826,2021-02-07,2021,Uttarakhand,Chamoli,30.4985956,79.6190537,district,date,2021-02-06,0.0,0.0,0.0,0.0,0.0,2.9583,34.6667,0.3132,1,IMD,ERA5-Land via Open-Meteo Historical API,success,
PH11-00827,2021-05-29,2021,Uttarakhand,Uttar Kashi Kashi,30.0417376,79.089691,district,date,2021-05-28,0.0,0.0,0.0,0.8,2.3,17.6375,86.625,0.386,1,IMD,ERA5-Land via Open-Meteo Historical API,success,
PH11-00828,2021-07-11,2021,Uttarakhand,Bageshwar,30.0087902,79.9280183,district,date,2021-07-10,4.0,5.3,5.6,5.7,10.7,20.9,87.5417,0.504,1,IMD,ERA5-Land via Open-Meteo Historical API,success,
PH11-00829,2021-07-11,2021,Uttarakhand,Chamoli,30.4985956,79.6190537,district,date,2021-07-10,0.2,0.5,0.6,0.7,1.3,21.2917,81.5,0.3157,1,IMD,ERA5-Land via Open-Meteo Historical API,success,
PH11-00830,2021-07-19,2021,Uttarakhand,Uttar Kashi Kashi,30.0417376,79.089691,district,date,2021-07-18,0.4,3.0,6.2,25.8,53.7,18.9333,98.25,0.5136,1,IMD,ERA5-Land via Open-Meteo Historical API,success,
PH11-00831,2021-08-29,2021,Uttarakhand,Pithoragarh,29.585871,80.215167,district,date,2021-08-28,0.0,0.3,1.1,1.2,11.0,19.0958,93.7917,0.5014,1,IMD,ERA5-Land via Open-Meteo Historical API,success,
PH11-00832,2021-10-16,2021,Uttarakhand,"Almora, Bageshwar, Chamoli, Champawat, Nainital, Garhwal, Pithoragarh, Udam Sing",29.702651,79.4326318,district,date,2021-10-15,0.0,0.0,0.0,0.0,0.0,22.5625,63.75,0.296,1,IMD,ERA5-Land via Open-Meteo Historical API,success,
PH11-00833,2022-03-23,2022,Kerala,Palakkad,10.7873692,76.4742172,district,date,2022-03-22,0.3,0.6,0.7,0.7,1.5,29.4333,70.1667,0.2955,1,IMD,ERA5-Land via Open-Meteo Historical API,success,
PH11-00834,2022-03-24,2022,Kerala,Kannur,11.8763836,75.3737973,district,date,2022-03-23,0.0,0.5,2.6,3.3,5.0,27.5792,81.875,0.1058,1,IMD,ERA5-Land via Open-Meteo Historical API,success,
PH11-00835,2022-03-24,2022,Kerala,Kasaragod,12.4221964,75.1904446,district,date,2022-03-23,0.0,0.0,0.0,16.1,19.5,26.6458,84.0,0.4121,1,IMD,ERA5-Land via Open-Meteo Historical API,success,
PH11-00836,2022-03-27,2022,Kerala,Kottayam,9.6287383,76.6455326,district,date,2022-03-26,0.0,0.0,0.0,0.8,1.4,27.5583,80.9167,0.4001,1,IMD,ERA5-Land via Open-Meteo Historical API,success,
PH11-00837,2022-05-17,2022,Kerala,Thrissur,10.5270099,76.214621,district,date,2022-05-16,4.7,20.7,118.5,144.2,175.4,24.5958,96.3333,0.5121,1,IMD,ERA5-Land via Open-Meteo Historical API,success,
PH11-00838,2022-05-18,2022,Kerala,Ernakulam,9.9837257,76.2740001,district,date,2022-05-17,8.4,15.9,18.3,27.5,132.2,25.1958,94.3333,0.4357,1,IMD,ERA5-Land via Open-Meteo Historical API,success,
PH11-00839,2022-05-18,2022,Kerala,Kozhikode,11.2450558,75.7754716,district,date,2022-05-17,0.4,1.6,4.5,12.7,30.6,25.0417,94.125,0.3496,1,IMD,ERA5-Land via Open-Meteo Historical API,success,
PH11-00840,2022-05-20,2022,Kerala,Idukki,9.8154785,76.9991599,district,date,2022-05-19,0.5,1.1,2.6,10.4,24.8,21.1667,98.8333,0.5113,1,IMD,ERA5-Land via Open-Meteo Historical API,success,
PH11-00841,2022-05-20,2022,Kerala,Thrissur,10.5270099,76.214621,district,date,2022-05-19,3.5,9.0,24.5,27.1,71.8,24.4042,94.0833,0.5114,1,IMD,ERA5-Land via Open-Meteo Historical API,success,
PH11-00842,2022-06-16,2022,Kerala,Wayanad,11.7151291,76.1271185,district,date,2022-06-15,0.0,0.0,0.0,1.5,14.6,22.5417,91.5833,0.4735,1,IMD,ERA5-Land via Open-Meteo Historical API,success,
PH11-00843,2022-07-01,2022,Kerala,Kannur,11.8763836,75.3737973,district,date,2022-06-30,4.4,5.6,9.8,17.2,37.5,24.4292,92.0,0.3499,1,IMD,ERA5-Land via Open-Meteo Historical API,success,
PH11-00844,2022-07-02,2022,Kerala,Kannur,11.8763836,75.3737973,district,date,2022-07-01,0.2,0.7,3.4,4.2,17.0,25.2583,89.875,0.3358,1,IMD,ERA5-Land via Open-Meteo Historical API,success,
PH11-00845,2022-07-04,2022,Kerala,Idukki,9.8154785,76.9991599,district,date,2022-07-03,0.2,3.0,10.3,29.0,43.2,20.775,98.9583,0.5115,1,IMD,ERA5-Land via Open-Meteo Historical API,success,
PH11-00846,2022-07-05,2022,Kerala,Idukki,9.8154785,76.9991599,district,date,2022-07-04,0.9,4.3,11.9,24.0,30.0,20.7708,95.0833,0.5051,1,IMD,ERA5-Land via Open-Meteo Historical API,success,
PH11-00847,2022-07-07,2022,Kerala,Kannur,11.8763836,75.3737973,district,date,2022-07-06,0.3,2.3,6.9,12.5,32.0,24.2667,93.1667,0.3526,1,IMD,ERA5-Land via Open-Meteo Historical API,success,
PH11-00848,2022-07-10,2022,Kerala,Ernakulam,9.9837257,76.2740001,district,date,2022-07-09,0.3,0.5,1.5,4.2,16.4,25.0625,89.1667,0.4306,1,IMD,ERA5-Land via Open-Meteo Historical API,success,
PH11-00849,2022-07-15,2022,Kerala,Idukki,9.8154785,76.9991599,district,date,2022-07-14,1.0,6.1,8.3,16.2,49.3,20.0,99.0833,0.5095,1,IMD,ERA5-Land via Open-Meteo Historical API,success,
PH11-00850,2022-07-16,2022,Kerala,"Kasaragod, Wayanad, Kozhikode, Malappuram, Palakkad, Thrissur, Idukki, Ernakulam",12.4221964,75.1904446,district,date,2022-07-15,0.5,4.0,9.7,19.7,45.7,23.0917,97.125,0.507,1,IMD,ERA5-Land via Open-Meteo Historical API,success,
PH11-00851,2022-07-16,2022,Kerala,Palakkad,10.7873692,76.4742172,district,date,2022-07-15,0.3,0.7,2.2,3.7,27.1,23.9792,92.875,0.5109,1,IMD,ERA5-Land via Open-Meteo Historical API,success,
PH11-00852,2022-07-16,2022,Kerala,Thrissur,10.5270099,76.214621,district,date,2022-07-15,0.3,1.0,3.6,4.4,34.0,24.9417,91.1667,0.5049,1,IMD,ERA5-Land via Open-Meteo Historical API,success,
PH11-00853,2022-07-19,2022,Kerala,Malappuram,11.1065685,76.1101742,district,date,2022-07-18,2.1,3.0,3.1,3.5,18.6,25.4208,86.6667,0.4976,1,IMD,ERA5-Land via Open-Meteo Historical API,success,
PH11-00854,2022-07-20,2022,Kerala,Malappuram,11.1065685,76.1101742,district,date,2022-07-19,0.0,0.0,0.0,0.2,1.2,25.6375,86.5833,0.4905,1,IMD,ERA5-Land via Open-Meteo Historical API,success,
PH11-00855,2022-07-28,2022,Kerala,Ernakulam,9.9837257,76.2740001,district,date,2022-07-27,0.2,0.7,3.0,3.2,4.6,25.7458,89.4583,0.4006,1,IMD,ERA5-Land via Open-Meteo Historical API,success,
PH11-00856,2022-08-01,2022,Kerala,Kollam,8.8870533,76.5906696,district,date,2022-07-31,4.3,7.2,14.9,31.9,41.0,25.35,90.9583,0.2869,1,IMD,ERA5-Land via Open-Meteo Historical API,success,
PH11-00857,2022-08-01,2022,Kerala,Kottayam,9.6287383,76.6455326,district,date,2022-07-31,0.9,5.2,12.9,21.6,29.1,25.4333,92.0,0.5019,1,IMD,ERA5-Land via Open-Meteo Historical API,success,
PH11-00858,2022-08-01,2022,Kerala,Malappuram,11.1065685,76.1101742,district,date,2022-07-31,3.3,8.4,15.1,23.9,44.7,25.9833,88.9583,0.5018,1,IMD,ERA5-Land via Open-Meteo Historical API,success,
PH11-00859,2022-08-01,2022,Kerala,Pathanamthitta,9.2780841,76.9737443,district,date,2022-07-31,0.6,7.2,21.6,43.0,54.9,22.9417,92.8333,0.5014,1,IMD,ERA5-Land via Open-Meteo Historical API,success,
PH11-00860,2022-08-01,2022,Kerala,Thiruvananthapuram,8.4882267,76.947551,district,date,2022-07-31,0.4,3.7,8.4,32.5,34.6,25.0542,91.625,0.2756,1,IMD,ERA5-Land via Open-Meteo Historical API,success,
PH11-00861,2022-08-01,2022,Kerala,Kottayam,9.6287383,76.6455326,district,date,2022-07-31,0.9,5.2,12.9,21.6,29.1,25.4333,92.0,0.5019,1,IMD,ERA5-Land via Open-Meteo Historical API,success,
PH11-00862,2022-08-01,2022,Kerala,Kannur,11.8763836,75.3737973,district,date,2022-07-31,4.0,11.5,22.0,24.7,37.1,26.4542,88.0833,0.3068,1,IMD,ERA5-Land via Open-Meteo Historical API,success,
PH11-00863,2022-08-02,2022,Kerala,Alappuzha,9.5003416,76.4123364,district,date,2022-08-01,3.6,7.9,15.4,53.1,88.4,24.4208,95.5,0.37,1,IMD,ERA5-Land via Open-Meteo Historical API,success,
PH11-00864,2022-08-02,2022,Kerala,Ernakulam,9.9837257,76.2740001,district,date,2022-08-01,1.3,6.1,18.8,59.2,83.0,24.9917,91.1667,0.4336,1,IMD,ERA5-Land via Open-Meteo Historical API,success,
PH11-00866,2022-08-02,2022,Kerala,Kannur,11.8763836,75.3737973,district,date,2022-08-01,3.4,10.5,18.1,26.9,41.8,25.4333,90.2083,0.35,1,IMD,ERA5-Land via Open-Meteo Historical API,success,
PH11-00867,2022-08-02,2022,Kerala,Kollam,8.8870533,76.5906696,district,date,2022-08-01,0.1,1.5,7.4,12.4,86.1,24.4,92.8333,0.3615,1,IMD,ERA5-Land via Open-Meteo Historical API,success,
PH11-00868,2022-08-02,2022,Kerala,Kottayam,9.6287383,76.6455326,district,date,2022-08-01,1.6,5.5,12.9,63.8,98.4,23.8833,97.6667,0.5108,1,IMD,ERA5-Land via Open-Meteo Historical API,success,
PH11-00869,2022-08-02,2022,Kerala,Malappuram,11.1065685,76.1101742,district,date,2022-08-01,7.1,18.4,29.0,42.7,59.9,24.8542,91.7083,0.5102,1,IMD,ERA5-Land via Open-Meteo Historical API,success,
PH11-00870,2022-08-02,2022,Kerala,Pathanamthitta,9.2780841,76.9737443,district,date,2022-08-01,1.6,6.3,14.0,21.1,55.5,21.6208,99.25,0.5137,1,IMD,ERA5-Land via Open-Meteo Historical API,success,
PH11-00871,2022-08-02,2022,Kerala,Thiruvananthapuram,8.4882267,76.947551,district,date,2022-08-01,0.1,0.3,4.6,6.9,42.1,24.2875,93.4583,0.3182,1,IMD,ERA5-Land via Open-Meteo Historical API,success,
PH11-00872,2022-08-02,2022,Kerala,Thrissur,10.5270099,76.214621,district,date,2022-08-01,2.2,11.6,17.0,38.3,60.6,24.3833,93.2917,0.5095,1,IMD,ERA5-Land via Open-Meteo Historical API,success,
PH11-00873,2022-08-02,2022,Kerala,Wayanad,11.7151291,76.1271185,district,date,2022-08-01,3.8,6.8,14.1,22.9,40.3,21.8,94.5833,0.5072,1,IMD,ERA5-Land via Open-Meteo Historical API,success,
PH11-00874,2022-08-29,2022,Kerala,Idukki,9.8154785,76.9991599,district,date,2022-08-28,0.2,0.4,0.8,4.2,11.3,21.3833,94.0417,0.5013,1,IMD,ERA5-Land via Open-Meteo Historical API,success,
PH11-00875,2022-09-04,2022,Kerala,Thiruvananthapuram,8.4882267,76.947551,district,date,2022-09-03,0.0,0.5,2.2,2.4,5.5,25.2792,89.4167,0.2818,1,IMD,ERA5-Land via Open-Meteo Historical API,success,
PH11-00876,2022-10-21,2022,Tamil Nadu,Erode,11.4905282,77.3505274,district,date,2022-10-20,0.0,0.0,1.8,6.9,8.3,24.8125,87.625,0.3661,1,IMD,ERA5-Land via Open-Meteo Historical API,success,
PH11-00877,2022-11-01,2022,Tamil Nadu,Chennai,13.0836939,80.270186,district,date,2022-10-31,2.2,7.6,14.7,25.6,50.0,24.6042,92.2083,0.4092,1,IMD,ERA5-Land via Open-Meteo Historical API,success,
PH11-00878,2022-11-01,2022,Tamil Nadu,Ranipet,12.9186243,79.4081921,district,date,2022-10-31,3.0,9.0,9.3,12.4,16.0,24.1333,85.5,0.3458,1,IMD,ERA5-Land via Open-Meteo Historical API,success,
PH11-00879,2022-11-01,2022,Tamil Nadu,Tiruvannamalai,12.4289282,78.99915,district,date,2022-10-31,1.1,3.5,3.5,3.6,7.9,23.2792,84.7917,0.288,1,IMD,ERA5-Land via Open-Meteo Historical API,success,
PH11-00880,2022-07-19,2022,Uttarakhand,Rudra Prayag,30.0417376,79.089691,district,date,2022-07-18,0.0,1.1,2.3,2.7,4.9,19.8292,88.5417,0.4768,1,IMD,ERA5-Land via Open-Meteo Historical API,success,
PH11-00881,2022-08-19,2022,Uttarakhand,"Dehradun,",30.3255646,78.0436813,district,date,2022-08-18,0.4,1.1,2.2,2.4,3.4,26.3875,83.5833,0.3722,1,IMD,ERA5-Land via Open-Meteo Historical API,success,
PH11-00882,2022-08-19,2022,Uttarakhand,Garhwal,30.25,79.333333,district,date,2022-08-18,0.2,0.2,0.2,0.8,1.7,17.9,81.8333,0.4662,1,IMD,ERA5-Land via Open-Meteo Historical API,success,
PH11-00883,2022-08-19,2022,Uttarakhand,Tehri Garhwal,30.4658181,78.4837349,district,date,2022-08-18,0.1,0.3,0.4,0.7,1.5,21.5917,83.875,0.4392,1,IMD,ERA5-Land via Open-Meteo Historical API,success,
PH11-00884,2022-08-28,2022,Uttarakhand,Dehradun,30.3255646,78.0436813,district,date,2022-08-27,0.1,0.1,0.1,0.9,1.9,26.2333,86.4167,0.3542,1,IMD,ERA5-Land via Open-Meteo Historical API,success,
PH11-00885,2022-09-22,2022,Uttarakhand,"Dehradun,",30.3255646,78.0436813,district,date,2022-09-21,0.0,0.1,0.3,0.7,13.2,25.925,75.8333,0.396,1,IMD,ERA5-Land via Open-Meteo Historical API,success,
PH11-00886,2022-09-22,2022,Uttarakhand,Uttar Kashi Kashi,30.0417376,79.089691,district,date,2022-09-21,0.0,0.0,0.0,0.0,10.1,18.0,83.25,0.4771,1,IMD,ERA5-Land via Open-Meteo Historical API,success,
PH11-00887,2023-07-03,2023,Kerala,Alappuzha,9.5003416,76.4123364,district,date,2023-07-02,6.0,7.3,13.7,34.8,41.0,25.125,93.2917,0.314,1,IMD,ERA5-Land via Open-Meteo Historical API,success,
PH11-00888,2023-07-03,2023,Kerala,Kannur,11.8763836,75.3737973,district,date,2023-07-02,5.1,5.3,6.7,24.8,33.3,25.8042,88.75,0.3215,1,IMD,ERA5-Land via Open-Meteo Historical API,success,
PH11-00889,2023-07-03,2023,Kerala,Kottayam,9.6287383,76.6455326,district,date,2023-07-02,0.7,1.1,5.7,24.3,27.0,24.6792,93.1667,0.5014,1,IMD,ERA5-Land via Open-Meteo Historical API,success,
PH11-00890,2023-07-03,2023,Kerala,Kozhikode,11.2450558,75.7754716,district,date,2023-07-02,3.0,3.0,3.2,15.3,18.3,26.2208,87.875,0.3083,1,IMD,ERA5-Land via Open-Meteo Historical API,success,
PH11-00891,2023-07-03,2023,Kerala,Pathanamthitta,9.2780841,76.9737443,district,date,2023-07-02,0.3,0.4,1.6,7.0,14.7,22.6417,95.25,0.4952,1,IMD,ERA5-Land via Open-Meteo Historical API,success,
PH11-00893,2023-07-10,2023,Kerala,Malappuram,11.1065685,76.1101742,district,date,2023-07-09,0.0,0.0,0.0,0.0,0.5,26.3083,85.125,0.4773,1,IMD,ERA5-Land via Open-Meteo Historical API,success,
PH11-00894,2023-07-23,2023,Kerala,Thrissur,10.5270099,76.214621,district,date,2023-07-22,0.1,0.3,3.7,14.3,20.0,25.2542,89.2917,0.5075,1,IMD,ERA5-Land via Open-Meteo Historical API,success,
PH11-00895,2023-07-23,2023,Kerala,Wayanad,11.7151291,76.1271185,district,date,2023-07-22,0.5,1.3,4.2,14.7,31.2,21.1917,95.5833,0.5117,1,IMD,ERA5-Land via Open-Meteo Historical API,success,
PH11-00896,2023-06-25,2023,Uttarakhand,Rudra Prayag,30.0417376,79.089691,district,date,2023-06-24,0.6,2.5,2.6,3.1,9.0,19.5792,90.625,0.5034,1,IMD,ERA5-Land via Open-Meteo Historical API,success,
PH11-00897,2023-06-25,2023,Uttarakhand,Uttar Kashi Kashi,30.0417376,79.089691,district,date,2023-06-24,0.6,2.5,2.6,3.1,9.0,19.5792,90.625,0.5034,1,IMD,ERA5-Land via Open-Meteo Historical API,success,
PH11-00898,2023-07-09,2023,Uttarakhand,Dehradun,30.3255646,78.0436813,district,date,2023-07-08,1.8,4.0,8.4,17.4,32.5,25.0958,89.9167,0.4274,1,IMD,ERA5-Land via Open-Meteo Historical API,success,
PH11-00899,2023-07-09,2023,Uttarakhand,Udam Singh Nagar,30.0417376,79.089691,district,date,2023-07-08,0.9,5.9,10.7,15.3,27.3,18.4833,92.625,0.5044,1,IMD,ERA5-Land via Open-Meteo Historical API,success,
PH11-00900,2023-07-10,2023,Uttarakhand,Uttar Kashi Kashi,30.0417376,79.089691,district,date,2023-07-09,0.2,0.2,0.2,0.3,15.5,18.2292,93.375,0.5013,1,IMD,ERA5-Land via Open-Meteo Historical API,success,
PH11-00901,2023-07-11,2023,Uttarakhand,Pithoragarh,29.585871,80.215167,district,date,2023-07-10,0.0,0.0,0.1,8.2,10.6,21.4833,87.375,0.4964,1,IMD,ERA5-Land via Open-Meteo Historical API,success,
PH11-00902,2023-07-11,2023,Uttarakhand,Rudra Prayag,30.0417376,79.089691,district,date,2023-07-10,0.4,1.0,1.1,5.3,12.7,19.5417,86.75,0.4923,1,IMD,ERA5-Land via Open-Meteo Historical API,success,
PH11-00903,2023-07-16,2023,Uttarakhand,Chamoli,30.4985956,79.6190537,district,date,2023-07-15,0.2,5.1,10.7,11.9,16.6,20.85,88.875,0.3976,1,IMD,ERA5-Land via Open-Meteo Historical API,success,
PH11-00904,2023-07-16,2023,Uttarakhand,Rudra Prayag,30.0417376,79.089691,district,date,2023-07-15,0.1,5.7,14.8,17.1,32.0,18.8958,92.9583,0.5024,1,IMD,ERA5-Land via Open-Meteo Historical API,success,
PH11-00905,2023-07-17,2023,Uttarakhand,Rudra Prayag,30.0417376,79.089691,district,date,2023-07-16,0.0,0.0,0.1,0.5,6.2,19.1208,89.0833,0.4932,1,IMD,ERA5-Land via Open-Meteo Historical API,success,
PH11-00906,2023-08-04,2023,Uttarakhand,Rudra Prayag,30.0417376,79.089691,district,date,2023-08-03,0.0,0.0,0.2,1.7,11.9,19.1,90.0,0.4972,1,IMD,ERA5-Land via Open-Meteo Historical API,success,
PH11-00907,2023-08-06,2023,Uttarakhand,Tehri Garhwal,30.4658181,78.4837349,district,date,2023-08-05,0.0,0.0,0.0,1.1,5.0,21.525,84.4167,0.4777,1,IMD,ERA5-Land via Open-Meteo Historical API,success,
PH11-00908,2023-08-07,2023,Uttarakhand,Rudra Prayag,30.0417376,79.089691,district,date,2023-08-06,0.1,0.6,2.3,3.3,11.1,19.1208,92.5833,0.5017,1,IMD,ERA5-Land via Open-Meteo Historical API,success,
PH11-00909,2023-08-09,2023,Uttarakhand,Rudra Prayag,30.0417376,79.089691,district,date,2023-08-08,0.0,0.0,0.8,2.8,5.9,19.0667,90.9583,0.5007,1,IMD,ERA5-Land via Open-Meteo Historical API,success,
PH11-00910,2023-08-10,2023,Uttarakhand,Garhwal,30.25,79.333333,district,date,2023-08-09,0.1,0.2,0.2,0.8,9.1,17.3375,91.5,0.5016,1,IMD,ERA5-Land via Open-Meteo Historical API,success,
PH11-00911,2023-08-10,2023,Uttarakhand,Rudra Prayag,30.0417376,79.089691,district,date,2023-08-09,0.0,0.0,0.6,2.6,5.2,18.8792,93.1667,0.5011,1,IMD,ERA5-Land via Open-Meteo Historical API,success,
PH11-00912,2023-08-14,2023,Uttarakhand,Dehradun,30.3255646,78.0436813,district,date,2023-08-13,5.5,13.1,17.6,26.5,53.8,24.9625,94.4167,0.4327,1,IMD,ERA5-Land via Open-Meteo Historical API,success,
PH11-00913,2023-08-14,2023,Uttarakhand,Tehri Garhwal,30.4658181,78.4837349,district,date,2023-08-13,0.9,1.3,4.0,19.0,27.4,20.7583,93.5833,0.5067,1,IMD,ERA5-Land via Open-Meteo Historical API,success,
PH11-00914,2023-08-15,2023,Uttarakhand,Chamoli,30.4985956,79.6190537,district,date,2023-08-14,0.1,0.3,1.9,3.0,13.8,19.5125,92.625,0.4185,1,IMD,ERA5-Land via Open-Meteo Historical API,success,
PH11-00915,2023-08-21,2023,Uttarakhand,Tehri Garhwal,30.4658181,78.4837349,district,date,2023-08-20,0.5,1.2,1.4,2.8,3.4,22.1833,83.8333,0.4467,1,IMD,ERA5-Land via Open-Meteo Historical API,success,
PH11-00916,2023-08-23,2023,Uttarakhand,Garhwal,30.25,79.333333,district,date,2023-08-22,0.9,2.5,2.9,3.3,7.2,18.3583,91.125,0.4924,1,IMD,ERA5-Land via Open-Meteo Historical API,success,
PH11-00917,2023-08-26,2023,Uttarakhand,Chamoli,30.4985956,79.6190537,district,date,2023-08-25,0.0,0.1,0.9,1.3,1.7,20.2667,82.9167,0.3683,1,IMD,ERA5-Land via Open-Meteo Historical API,success,
