event_id,date,state,district,latitude,longitude,coordinate_precision,flood_occurred,rain_1h_mm,rain_3h_mm,rain_6h_mm,rain_12h_mm,rain_24h_mm,temperature_c,humidity_percent,soil_moisture_m3m3,elevation_m,slope_deg,local_relief_m,gpm_rain_3h_mm,gpm_rain_12h_mm,gpm_rain_24h_mm,nearest_landslide_km,landslide_count_10km,meteorological_source,terrain_source,landslide_source,gpm_source,label_source,geocoding_method,feature_acquisition_status,slope_missing_reason,local_relief_missing_reason,landslide_missing_reason,gpm_missing_reason
V2-POS-0001,2022-07-16,Kerala,Palakkad,10.7873692,76.4742172,district,1,0.3,0.7,2.2,3.7,27.1,23.98,92.88,0.51,83.0,,,,,,,,Open-Meteo ERA5-Land Reanalysis,Copernicus DEM GLO-90 (Open-Meteo API Fallback) - Slope/relief unavailable due to API rate limits,GSI landslide inventory only available for Tamil Nadu,NASA Earthdata authentication/HDF5 download required for historical GPM IMERG reanalysis,India_Flood_Inventory_v3 (UEI: UEI-IMD-FL-2022-0553),OSM Nominatim Geocoding,success,Copernicus DEM GLO-90 (Open-Meteo API Fallback) - Slope/relief unavailable due to API rate limits,Copernicus DEM GLO-90 (Open-Meteo API Fallback) - Slope/relief unavailable due to API rate limits,GSI landslide inventory only available for Tamil Nadu,NASA Earthdata authentication/HDF5 download required for historical GPM IMERG reanalysis
V2-POS-0002,2022-08-11,Himachal Pradesh,Shimla,31.1040393,77.1707923,town,1,0.4,1.1,1.1,1.1,1.1,19.35,80.29,0.47,2119.0,,,,,,,,Open-Meteo ERA5-Land Reanalysis,Copernicus DEM GLO-90 (Open-Meteo API Fallback) - Slope/relief unavailable due to API rate limits,GSI landslide inventory only available for Tamil Nadu,NASA Earthdata authentication/HDF5 download required for historical GPM IMERG reanalysis,India_Flood_Inventory_v3 (UEI: UEI-IMD-FL-2022-0465),OSM Nominatim Geocoding,success,Copernicus DEM GLO-90 (Open-Meteo API Fallback) - Slope/relief unavailable due to API rate limits,Copernicus DEM GLO-90 (Open-Meteo API Fallback) - Slope/relief unavailable due to API rate limits,GSI landslide inventory only available for Tamil Nadu,NASA Earthdata authentication/HDF5 download required for historical GPM IMERG reanalysis
V2-POS-0003,1985-08-06,Himachal Pradesh,Una,31.4684,76.2708,district,1,0.9,1.7,1.7,1.7,3.9,26.41,91.46,0.31,377.0,,,,,,,,Open-Meteo ERA5-Land Reanalysis,Copernicus DEM GLO-90 (Open-Meteo API Fallback) - Slope/relief unavailable due to API rate limits,GSI landslide inventory only available for Tamil Nadu,NASA Earthdata authentication/HDF5 download required for historical GPM IMERG reanalysis,India_Flood_Inventory_v3 (UEI: UEI-IMD-FL-1985-0018),OSM Nominatim Geocoding,success,Copernicus DEM GLO-90 (Open-Meteo API Fallback) - Slope/relief unavailable due to API rate limits,Copernicus DEM GLO-90 (Open-Meteo API Fallback) - Slope/relief unavailable due to API rate limits,GSI landslide inventory only available for Tamil Nadu,NASA Earthdata authentication/HDF5 download required for historical GPM IMERG reanalysis
V2-POS-0004,2020-07-05,Kerala,Thiruvananthapuram,8.4882267,76.947551,district,1,1.6,4.8,8.0,8.7,10.7,25.94,91.42,0.27,18.0,,,,,,,,Open-Meteo ERA5-Land Reanalysis,Copernicus DEM GLO-90 (Open-Meteo API Fallback) - Slope/relief unavailable due to API rate limits,GSI landslide inventory only available for Tamil Nadu,NASA Earthdata authentication/HDF5 download required for historical GPM IMERG reanalysis,India_Flood_Inventory_v3 (UEI: UEI-IMD-FL-2020-0047),OSM Nominatim Geocoding,success,Copernicus DEM GLO-90 (Open-Meteo API Fallback) - Slope/relief unavailable due to API rate limits,Copernicus DEM GLO-90 (Open-Meteo API Fallback) - Slope/relief unavailable due to API rate limits,GSI landslide inventory only available for Tamil Nadu,NASA Earthdata authentication/HDF5 download required for historical GPM IMERG reanalysis
V2-POS-0005,1985-08-22,Himachal Pradesh,Mandi,31.5892,76.9182,district,1,0.5,2.2,4.9,6.2,17.6,24.94,93.96,0.42,812.0,,,,,,,,Open-Meteo ERA5-Land Reanalysis,Copernicus DEM GLO-90 (Open-Meteo API Fallback) - Slope/relief unavailable due to API rate limits,GSI landslide inventory only available for Tamil Nadu,NASA Earthdata authentication/HDF5 download required for historical GPM IMERG reanalysis,India_Flood_Inventory_v3 (UEI: UEI-IMD-FL-1985-0021),OSM Nominatim Geocoding,success,Copernicus DEM GLO-90 (Open-Meteo API Fallback) - Slope/relief unavailable due to API rate limits,Copernicus DEM GLO-90 (Open-Meteo API Fallback) - Slope/relief unavailable due to API rate limits,GSI landslide inventory only available for Tamil Nadu,NASA Earthdata authentication/HDF5 download required for historical GPM IMERG reanalysis
V2-POS-0006,2021-11-06,Tamil Nadu,Kallakurichi,11.7946847,79.0388211,district,1,0.2,0.7,4.6,7.8,18.4,25.2,89.54,0.42,118.0,,,,,,83.69,0.0,Open-Meteo ERA5-Land Reanalysis,Copernicus DEM GLO-90 (Open-Meteo API Fallback) - Slope/relief unavailable due to API rate limits,Tamil Nadu GSI Landslide Inventory,NASA Earthdata authentication/HDF5 download required for historical GPM IMERG reanalysis,India_Flood_Inventory_v3 (UEI: UEI-IMD-FL-2021-0261),OSM Nominatim Geocoding,success,Copernicus DEM GLO-90 (Open-Meteo API Fallback) - Slope/relief unavailable due to API rate limits,Copernicus DEM GLO-90 (Open-Meteo API Fallback) - Slope/relief unavailable due to API rate limits,,NASA Earthdata authentication/HDF5 download required for historical GPM IMERG reanalysis
V2-POS-0007,2009-08-08,Uttarakhand,Pithoragarh,29.585871,80.215167,district,1,0.3,1.5,3.8,6.8,13.1,20.51,94.08,0.49,1602.0,,,,,,,,Open-Meteo ERA5-Land Reanalysis,Copernicus DEM GLO-90 (Open-Meteo API Fallback) - Slope/relief unavailable due to API rate limits,GSI landslide inventory only available for Tamil Nadu,NASA Earthdata authentication/HDF5 download required for historical GPM IMERG reanalysis,India_Flood_Inventory_v3 (UEI: UEI-IMD-FL-2009-0076),OSM Nominatim Geocoding,success,Copernicus DEM GLO-90 (Open-Meteo API Fallback) - Slope/relief unavailable due to API rate limits,Copernicus DEM GLO-90 (Open-Meteo API Fallback) - Slope/relief unavailable due to API rate limits,GSI landslide inventory only available for Tamil Nadu,NASA Earthdata authentication/HDF5 download required for historical GPM IMERG reanalysis
V2-POS-0008,2018-05-20,Tamil Nadu,Salem,11.5838413,77.8347612,town,1,0.0,0.0,0.0,0.2,0.2,31.83,52.83,0.09,211.0,,,,,,41.634,0.0,Open-Meteo ERA5-Land Reanalysis,Copernicus DEM GLO-90 (Open-Meteo API Fallback) - Slope/relief unavailable due to API rate limits,Tamil Nadu GSI Landslide Inventory,NASA Earthdata authentication/HDF5 download required for historical GPM IMERG reanalysis,India_Flood_Inventory_v3 (UEI: UEI-IMD-FL-2018-0078),OSM Nominatim Geocoding,success,Copernicus DEM GLO-90 (Open-Meteo API Fallback) - Slope/relief unavailable due to API rate limits,Copernicus DEM GLO-90 (Open-Meteo API Fallback) - Slope/relief unavailable due to API rate limits,,NASA Earthdata authentication/HDF5 download required for historical GPM IMERG reanalysis
V2-POS-0009,2023-08-15,Himachal Pradesh,Shimla,31.1040393,77.1707923,town,1,0.0,0.0,0.4,3.3,42.7,16.39,96.75,0.51,2119.0,,,,,,,,Open-Meteo ERA5-Land Reanalysis,Copernicus DEM GLO-90 (Open-Meteo API Fallback) - Slope/relief unavailable due to API rate limits,GSI landslide inventory only available for Tamil Nadu,NASA Earthdata authentication/HDF5 download required for historical GPM IMERG reanalysis,India_Flood_Inventory_v3 (UEI: UEI-IMD-FL-2023-0320),OSM Nominatim Geocoding,success,Copernicus DEM GLO-90 (Open-Meteo API Fallback) - Slope/relief unavailable due to API rate limits,Copernicus DEM GLO-90 (Open-Meteo API Fallback) - Slope/relief unavailable due to API rate limits,GSI landslide inventory only available for Tamil Nadu,NASA Earthdata authentication/HDF5 download required for historical GPM IMERG reanalysis
V2-POS-0010,2016-04-14,Kerala,Kannur,11.8763836,75.3737973,district,1,0.0,0.0,0.0,0.0,0.0,30.1,74.96,0.1,23.0,,,,,,,,Open-Meteo ERA5-Land Reanalysis,Copernicus DEM GLO-90 (Open-Meteo API Fallback) - Slope/relief unavailable due to API rate limits,GSI landslide inventory only available for Tamil Nadu,NASA Earthdata authentication/HDF5 download required for historical GPM IMERG reanalysis,India_Flood_Inventory_v3 (UEI: UEI-IMD-FL-2016-0076),OSM Nominatim Geocoding,success,Copernicus DEM GLO-90 (Open-Meteo API Fallback) - Slope/relief unavailable due to API rate limits,Copernicus DEM GLO-90 (Open-Meteo API Fallback) - Slope/relief unavailable due to API rate limits,GSI landslide inventory only available for Tamil Nadu,NASA Earthdata authentication/HDF5 download required for historical GPM IMERG reanalysis
V2-POS-0011,1985-08-13,Himachal Pradesh,Una,31.4684,76.2708,district,1,0.0,0.0,0.0,0.4,8.4,27.01,89.17,0.29,377.0,,,,,,,,Open-Meteo ERA5-Land Reanalysis,Copernicus DEM GLO-90 (Open-Meteo API Fallback) - Slope/relief unavailable due to API rate limits,GSI landslide inventory only available for Tamil Nadu,NASA Earthdata authentication/HDF5 download required for historical GPM IMERG reanalysis,India_Flood_Inventory_v3 (UEI: UEI-IMD-FL-1985-0020),OSM Nominatim Geocoding,success,Copernicus DEM GLO-90 (Open-Meteo API Fallback) - Slope/relief unavailable due to API rate limits,Copernicus DEM GLO-90 (Open-Meteo API Fallback) - Slope/relief unavailable due to API rate limits,GSI landslide inventory only available for Tamil Nadu,NASA Earthdata authentication/HDF5 download required for historical GPM IMERG reanalysis
V2-POS-0012,2006-08-12,Himachal Pradesh,Shimla,31.1048,77.1734,district,1,0.0,0.0,0.0,0.0,3.5,18.19,78.54,0.44,2195.0,,,,,,,,Open-Meteo ERA5-Land Reanalysis,Copernicus DEM GLO-90 (Open-Meteo API Fallback) - Slope/relief unavailable due to API rate limits,GSI landslide inventory only available for Tamil Nadu,NASA Earthdata authentication/HDF5 download required for historical GPM IMERG reanalysis,India_Flood_Inventory_v3 (UEI: UEI-IMD-FL-2006-0031),OSM Nominatim Geocoding,success,Copernicus DEM GLO-90 (Open-Meteo API Fallback) - Slope/relief unavailable due to API rate limits,Copernicus DEM GLO-90 (Open-Meteo API Fallback) - Slope/relief unavailable due to API rate limits,GSI landslide inventory only available for Tamil Nadu,NASA Earthdata authentication/HDF5 download required for historical GPM IMERG reanalysis
V2-POS-0013,2021-02-07,Uttarakhand,Chamoli,30.4985956,79.6190537,district,1,0.0,0.0,0.0,0.0,0.0,2.96,34.67,0.31,1898.0,,,,,,,,Open-Meteo ERA5-Land Reanalysis,Copernicus DEM GLO-90 (Open-Meteo API Fallback) - Slope/relief unavailable due to API rate limits,GSI landslide inventory only available for Tamil Nadu,NASA Earthdata authentication/HDF5 download required for historical GPM IMERG reanalysis,India_Flood_Inventory_v3 (UEI: UEI-IMD-FL-2021-0306),OSM Nominatim Geocoding,success,Copernicus DEM GLO-90 (Open-Meteo API Fallback) - Slope/relief unavailable due to API rate limits,Copernicus DEM GLO-90 (Open-Meteo API Fallback) - Slope/relief unavailable due to API rate limits,GSI landslide inventory only available for Tamil Nadu,NASA Earthdata authentication/HDF5 download required for historical GPM IMERG reanalysis
V2-POS-0014,1985-06-15,Kerala,Kozhikode,11.2450558,75.7754716,district,1,0.6,2.4,4.8,13.2,44.5,24.63,91.12,0.35,9.0,,,,,,,,Open-Meteo ERA5-Land Reanalysis,Copernicus DEM GLO-90 (Open-Meteo API Fallback) - Slope/relief unavailable due to API rate limits,GSI landslide inventory only available for Tamil Nadu,NASA Earthdata authentication/HDF5 download required for historical GPM IMERG reanalysis,India_Flood_Inventory_v3 (UEI: UEI-IMD-FL-1985-0029),OSM Nominatim Geocoding,success,Copernicus DEM GLO-90 (Open-Meteo API Fallback) - Slope/relief unavailable due to API rate limits,Copernicus DEM GLO-90 (Open-Meteo API Fallback) - Slope/relief unavailable due to API rate limits,GSI landslide inventory only available for Tamil Nadu,NASA Earthdata authentication/HDF5 download required for historical GPM IMERG reanalysis
V2-POS-0015,2008-06-13,Himachal Pradesh,Bilaspur,31.326,76.76,district,1,0.6,2.4,6.3,6.5,8.6,27.33,80.42,0.36,543.0,,,,,,,,Open-Meteo ERA5-Land Reanalysis,Copernicus DEM GLO-90 (Open-Meteo API Fallback) - Slope/relief unavailable due to API rate limits,GSI landslide inventory only available for Tamil Nadu,NASA Earthdata authentication/HDF5 download required for historical GPM IMERG reanalysis,India_Flood_Inventory_v3 (UEI: UEI-IMD-FL-2008-0037),OSM Nominatim Geocoding,success,Copernicus DEM GLO-90 (Open-Meteo API Fallback) - Slope/relief unavailable due to API rate limits,Copernicus DEM GLO-90 (Open-Meteo API Fallback) - Slope/relief unavailable due to API rate limits,GSI landslide inventory only available for Tamil Nadu,NASA Earthdata authentication/HDF5 download required for historical GPM IMERG reanalysis
V2-POS-0016,2012-09-04,Kerala,Kollam,8.8870533,76.5906696,district,1,0.3,1.4,2.7,4.0,6.2,25.78,88.96,0.31,11.0,,,,,,,,Open-Meteo ERA5-Land Reanalysis,Copernicus DEM GLO-90 (Open-Meteo API Fallback) - Slope/relief unavailable due to API rate limits,GSI landslide inventory only available for Tamil Nadu,NASA Earthdata authentication/HDF5 download required for historical GPM IMERG reanalysis,India_Flood_Inventory_v3 (UEI: UEI-IMD-FL-2012-0055),OSM Nominatim Geocoding,success,Copernicus DEM GLO-90 (Open-Meteo API Fallback) - Slope/relief unavailable due to API rate limits,Copernicus DEM GLO-90 (Open-Meteo API Fallback) - Slope/relief unavailable due to API rate limits,GSI landslide inventory only available for Tamil Nadu,NASA Earthdata authentication/HDF5 download required for historical GPM IMERG reanalysis
V2-POS-0017,2004-07-19,Kerala,Thiruvananthapuram,8.4882267,76.947551,district,1,0.7,1.6,2.3,5.5,10.2,24.64,89.75,0.31,18.0,,,,,,,,Open-Meteo ERA5-Land Reanalysis,Copernicus DEM GLO-90 (Open-Meteo API Fallback) - Slope/relief unavailable due to API rate limits,GSI landslide inventory only available for Tamil Nadu,NASA Earthdata authentication/HDF5 download required for historical GPM IMERG reanalysis,India_Flood_Inventory_v3 (UEI: UEI-IMD-FL-2004-0037),OSM Nominatim Geocoding,success,Copernicus DEM GLO-90 (Open-Meteo API Fallback) - Slope/relief unavailable due to API rate limits,Copernicus DEM GLO-90 (Open-Meteo API Fallback) - Slope/relief unavailable due to API rate limits,GSI landslide inventory only available for Tamil Nadu,NASA Earthdata authentication/HDF5 download required for historical GPM IMERG reanalysis
V2-POS-0018,2011-10-10,Kerala,Wayanad,11.7151291,76.1271185,district,1,0.0,0.0,0.0,0.0,0.9,22.45,87.79,0.4,747.0,,,,,,,,Open-Meteo ERA5-Land Reanalysis,Copernicus DEM GLO-90 (Open-Meteo API Fallback) - Slope/relief unavailable due to API rate limits,GSI landslide inventory only available for Tamil Nadu,NASA Earthdata authentication/HDF5 download required for historical GPM IMERG reanalysis,India_Flood_Inventory_v3 (UEI: UEI-IMD-FL-2011-0051),OSM Nominatim Geocoding,success,Copernicus DEM GLO-90 (Open-Meteo API Fallback) - Slope/relief unavailable due to API rate limits,Copernicus DEM GLO-90 (Open-Meteo API Fallback) - Slope/relief unavailable due to API rate limits,GSI landslide inventory only available for Tamil Nadu,NASA Earthdata authentication/HDF5 download required for historical GPM IMERG reanalysis
V2-POS-0019,2021-11-14,Kerala,Kannur,11.8763836,75.3737973,district,1,7.9,15.7,22.5,31.5,32.4,25.33,90.08,0.28,23.0,,,,,,,,Open-Meteo ERA5-Land Reanalysis,Copernicus DEM GLO-90 (Open-Meteo API Fallback) - Slope/relief unavailable due to API rate limits,GSI landslide inventory only available for Tamil Nadu,NASA Earthdata authentication/HDF5 download required for historical GPM IMERG reanalysis,India_Flood_Inventory_v3 (UEI: UEI-IMD-FL-2021-0120),OSM Nominatim Geocoding,success,Copernicus DEM GLO-90 (Open-Meteo API Fallback) - Slope/relief unavailable due to API rate limits,Copernicus DEM GLO-90 (Open-Meteo API Fallback) - Slope/relief unavailable due to API rate limits,GSI landslide inventory only available for Tamil Nadu,NASA Earthdata authentication/HDF5 download required for historical GPM IMERG reanalysis
V2-POS-0020,2019-02-09,Uttarakhand,Almora,29.596,79.6467,district,1,0.0,0.0,0.0,0.6,1.1,5.96,87.71,0.49,1419.0,,,,,,,,Open-Meteo ERA5-Land Reanalysis,Copernicus DEM GLO-90 (Open-Meteo API Fallback) - Slope/relief unavailable due to API rate limits,GSI landslide inventory only available for Tamil Nadu,NASA Earthdata authentication/HDF5 download required for historical GPM IMERG reanalysis,India_Flood_Inventory_v3 (UEI: UEI-IMD-FL-2019-0155),OSM Nominatim Geocoding,success,Copernicus DEM GLO-90 (Open-Meteo API Fallback) - Slope/relief unavailable due to API rate limits,Copernicus DEM GLO-90 (Open-Meteo API Fallback) - Slope/relief unavailable due to API rate limits,GSI landslide inventory only available for Tamil Nadu,NASA Earthdata authentication/HDF5 download required for historical GPM IMERG reanalysis
V2-POS-0021,2022-07-07,Himachal Pradesh,Bilaspur,31.3380959,76.7611631,town,1,0.0,0.0,0.0,0.0,0.4,28.15,83.83,0.38,564.0,,,,,,,,Open-Meteo ERA5-Land Reanalysis,Copernicus DEM GLO-90 (Open-Meteo API Fallback) - Slope/relief unavailable due to API rate limits,GSI landslide inventory only available for Tamil Nadu,NASA Earthdata authentication/HDF5 download required for historical GPM IMERG reanalysis,India_Flood_Inventory_v3 (UEI: UEI-IMD-FL-2022-0456),OSM Nominatim Geocoding,success,Copernicus DEM GLO-90 (Open-Meteo API Fallback) - Slope/relief unavailable due to API rate limits,Copernicus DEM GLO-90 (Open-Meteo API Fallback) - Slope/relief unavailable due to API rate limits,GSI landslide inventory only available for Tamil Nadu,NASA Earthdata authentication/HDF5 download required for historical GPM IMERG reanalysis
V2-POS-0022,2020-08-14,Himachal Pradesh,Mandi,31.5892,76.9182,district,1,0.8,1.2,2.8,3.1,4.7,25.32,90.42,0.41,812.0,,,,,,,,Open-Meteo ERA5-Land Reanalysis,Copernicus DEM GLO-90 (Open-Meteo API Fallback) - Slope/relief unavailable due to API rate limits,GSI landslide inventory only available for Tamil Nadu,NASA Earthdata authentication/HDF5 download required for historical GPM IMERG reanalysis,India_Flood_Inventory_v3 (UEI: UEI-IMD-FL-2020-0031),OSM Nominatim Geocoding,success,Copernicus DEM GLO-90 (Open-Meteo API Fallback) - Slope/relief unavailable due to API rate limits,Copernicus DEM GLO-90 (Open-Meteo API Fallback) - Slope/relief unavailable due to API rate limits,GSI landslide inventory only available for Tamil Nadu,NASA Earthdata authentication/HDF5 download required for historical GPM IMERG reanalysis
V2-POS-0023,2021-11-06,Tamil Nadu,Krishnagiri,12.5152075,78.0093769,district,1,0.0,0.0,0.3,5.6,6.5,22.79,88.12,0.5,705.0,,,,,,85.71,0.0,Open-Meteo ERA5-Land Reanalysis,Copernicus DEM GLO-90 (Open-Meteo API Fallback) - Slope/relief unavailable due to API rate limits,Tamil Nadu GSI Landslide Inventory,NASA Earthdata authentication/HDF5 download required for historical GPM IMERG reanalysis,India_Flood_Inventory_v3 (UEI: UEI-IMD-FL-2021-0262),OSM Nominatim Geocoding,success,Copernicus DEM GLO-90 (Open-Meteo API Fallback) - Slope/relief unavailable due to API rate limits,Copernicus DEM GLO-90 (Open-Meteo API Fallback) - Slope/relief unavailable due to API rate limits,,NASA Earthdata authentication/HDF5 download required for historical GPM IMERG reanalysis
V2-POS-0024,2022-11-01,Tamil Nadu,Ranipet,12.9186243,79.4081921,district,1,3.0,9.0,9.3,12.4,16.0,24.13,85.5,0.35,186.0,,,,,,176.981,0.0,Open-Meteo ERA5-Land Reanalysis,Copernicus DEM GLO-90 (Open-Meteo API Fallback) - Slope/relief unavailable due to API rate limits,Tamil Nadu GSI Landslide Inventory,NASA Earthdata authentication/HDF5 download required for historical GPM IMERG reanalysis,India_Flood_Inventory_v3 (UEI: UEI-IMD-FL-2022-0837),OSM Nominatim Geocoding,success,Copernicus DEM GLO-90 (Open-Meteo API Fallback) - Slope/relief unavailable due to API rate limits,Copernicus DEM GLO-90 (Open-Meteo API Fallback) - Slope/relief unavailable due to API rate limits,,NASA Earthdata authentication/HDF5 download required for historical GPM IMERG reanalysis
V2-POS-0025,2010-11-22,Tamil Nadu,Many districts of Tamil Nadu.,11.3323723,78.6098639,district,1,0.0,0.0,0.1,1.9,6.8,21.57,88.62,0.41,741.0,,,,,,61.637,0.0,Open-Meteo ERA5-Land Reanalysis,Copernicus DEM GLO-90 (Open-Meteo API Fallback) - Slope/relief unavailable due to API rate limits,Tamil Nadu GSI Landslide Inventory,NASA Earthdata authentication/HDF5 download required for historical GPM IMERG reanalysis,India_Flood_Inventory_v3 (UEI: UEI-IMD-FL-2010-0127),OSM Nominatim Geocoding,success,Copernicus DEM GLO-90 (Open-Meteo API Fallback) - Slope/relief unavailable due to API rate limits,Copernicus DEM GLO-90 (Open-Meteo API Fallback) - Slope/relief unavailable due to API rate limits,,NASA Earthdata authentication/HDF5 download required for historical GPM IMERG reanalysis
V2-POS-0026,1980-11-12,Tamil Nadu,Chengalpattu,12.6840886,79.9836371,district,1,0.7,1.8,5.1,15.7,28.4,24.4,92.71,0.38,45.0,,,,,,211.631,0.0,Open-Meteo ERA5-Land Reanalysis,Copernicus DEM GLO-90 (Open-Meteo API Fallback) - Slope/relief unavailable due to API rate limits,Tamil Nadu GSI Landslide Inventory,NASA Earthdata authentication/HDF5 download required for historical GPM IMERG reanalysis,India_Flood_Inventory_v3 (UEI: UEI-IMD-FL-1980-0053),OSM Nominatim Geocoding,success,Copernicus DEM GLO-90 (Open-Meteo API Fallback) - Slope/relief unavailable due to API rate limits,Copernicus DEM GLO-90 (Open-Meteo API Fallback) - Slope/relief unavailable due to API rate limits,,NASA Earthdata authentication/HDF5 download required for historical GPM IMERG reanalysis
V2-POS-0027,2005-03-15,Kerala,Thiruvananthapuram,8.4882267,76.947551,district,1,0.0,0.0,0.0,3.0,7.9,27.08,81.92,0.16,18.0,,,,,,,,Open-Meteo ERA5-Land Reanalysis,Copernicus DEM GLO-90 (Open-Meteo API Fallback) - Slope/relief unavailable due to API rate limits,GSI landslide inventory only available for Tamil Nadu,NASA Earthdata authentication/HDF5 download required for historical GPM IMERG reanalysis,India_Flood_Inventory_v3 (UEI: UEI-IMD-FL-2005-0067),OSM Nominatim Geocoding,success,Copernicus DEM GLO-90 (Open-Meteo API Fallback) - Slope/relief unavailable due to API rate limits,Copernicus DEM GLO-90 (Open-Meteo API Fallback) - Slope/relief unavailable due to API rate limits,GSI landslide inventory only available for Tamil Nadu,NASA Earthdata authentication/HDF5 download required for historical GPM IMERG reanalysis
V2-POS-0028,2021-07-11,Uttarakhand,Bageshwar,30.0087902,79.9280183,district,1,4.0,5.3,5.6,5.7,10.7,20.9,87.54,0.5,1797.0,,,,,,,,Open-Meteo ERA5-Land Reanalysis,Copernicus DEM GLO-90 (Open-Meteo API Fallback) - Slope/relief unavailable due to API rate limits,GSI landslide inventory only available for Tamil Nadu,NASA Earthdata authentication/HDF5 download required for historical GPM IMERG reanalysis,India_Flood_Inventory_v3 (UEI: UEI-IMD-FL-2021-0308),OSM Nominatim Geocoding,success,Copernicus DEM GLO-90 (Open-Meteo API Fallback) - Slope/relief unavailable due to API rate limits,Copernicus DEM GLO-90 (Open-Meteo API Fallback) - Slope/relief unavailable due to API rate limits,GSI landslide inventory only available for Tamil Nadu,NASA Earthdata authentication/HDF5 download required for historical GPM IMERG reanalysis
V2-POS-0029,2023-07-18,Himachal Pradesh,Shimla,31.1040393,77.1707923,town,1,0.0,0.0,0.0,0.4,4.8,18.15,89.58,0.49,2119.0,,,,,,,,Open-Meteo ERA5-Land Reanalysis,Copernicus DEM GLO-90 (Open-Meteo API Fallback) - Slope/relief unavailable due to API rate limits,GSI landslide inventory only available for Tamil Nadu,NASA Earthdata authentication/HDF5 download required for historical GPM IMERG reanalysis,India_Flood_Inventory_v3 (UEI: UEI-IMD-FL-2023-0304),OSM Nominatim Geocoding,success,Copernicus DEM GLO-90 (Open-Meteo API Fallback) - Slope/relief unavailable due to API rate limits,Copernicus DEM GLO-90 (Open-Meteo API Fallback) - Slope/relief unavailable due to API rate limits,GSI landslide inventory only available for Tamil Nadu,NASA Earthdata authentication/HDF5 download required for historical GPM IMERG reanalysis
V2-POS-0030,2021-05-18,Kerala,Thiruvananthapuram,8.4882267,76.947551,district,1,0.3,1.3,2.3,2.7,3.6,27.23,88.46,0.28,18.0,,,,,,,,Open-Meteo ERA5-Land Reanalysis,Copernicus DEM GLO-90 (Open-Meteo API Fallback) - Slope/relief unavailable due to API rate limits,GSI landslide inventory only available for Tamil Nadu,NASA Earthdata authentication/HDF5 download required for historical GPM IMERG reanalysis,India_Flood_Inventory_v3 (UEI: UEI-IMD-FL-2021-0073),OSM Nominatim Geocoding,success,Copernicus DEM GLO-90 (Open-Meteo API Fallback) - Slope/relief unavailable due to API rate limits,Copernicus DEM GLO-90 (Open-Meteo API Fallback) - Slope/relief unavailable due to API rate limits,GSI landslide inventory only available for Tamil Nadu,NASA Earthdata authentication/HDF5 download required for historical GPM IMERG reanalysis
V2-POS-0031,2001-09-22,Kerala,Thiruvananthapuram,8.4882267,76.947551,district,1,0.0,1.7,2.9,3.8,7.8,25.22,87.08,0.23,18.0,,,,,,,,Open-Meteo ERA5-Land Reanalysis,Copernicus DEM GLO-90 (Open-Meteo API Fallback) - Slope/relief unavailable due to API rate limits,GSI landslide inventory only available for Tamil Nadu,NASA Earthdata authentication/HDF5 download required for historical GPM IMERG reanalysis,India_Flood_Inventory_v3 (UEI: UEI-IMD-FL-2001-0053),OSM Nominatim Geocoding,success,Copernicus DEM GLO-90 (Open-Meteo API Fallback) - Slope/relief unavailable due to API rate limits,Copernicus DEM GLO-90 (Open-Meteo API Fallback) - Slope/relief unavailable due to API rate limits,GSI landslide inventory only available for Tamil Nadu,NASA Earthdata authentication/HDF5 download required for historical GPM IMERG reanalysis
V2-POS-0032,1987-08-12,Himachal Pradesh,Shimla,31.1040393,77.1707923,town,1,0.8,2.2,4.5,5.0,9.1,19.04,82.88,0.4,2119.0,,,,,,,,Open-Meteo ERA5-Land Reanalysis,Copernicus DEM GLO-90 (Open-Meteo API Fallback) - Slope/relief unavailable due to API rate limits,GSI landslide inventory only available for Tamil Nadu,NASA Earthdata authentication/HDF5 download required for historical GPM IMERG reanalysis,India_Flood_Inventory_v3 (UEI: UEI-IMD-FL-1987-0010),OSM Nominatim Geocoding,success,Copernicus DEM GLO-90 (Open-Meteo API Fallback) - Slope/relief unavailable due to API rate limits,Copernicus DEM GLO-90 (Open-Meteo API Fallback) - Slope/relief unavailable due to API rate limits,GSI landslide inventory only available for Tamil Nadu,NASA Earthdata authentication/HDF5 download required for historical GPM IMERG reanalysis
V2-POS-0033,2021-07-21,Kerala,Wayanad,11.7151291,76.1271185,district,1,0.3,1.2,2.3,3.7,9.5,21.65,91.17,0.5,747.0,,,,,,,,Open-Meteo ERA5-Land Reanalysis,Copernicus DEM GLO-90 (Open-Meteo API Fallback) - Slope/relief unavailable due to API rate limits,GSI landslide inventory only available for Tamil Nadu,NASA Earthdata authentication/HDF5 download required for historical GPM IMERG reanalysis,India_Flood_Inventory_v3 (UEI: UEI-IMD-FL-2021-0081),OSM Nominatim Geocoding,success,Copernicus DEM GLO-90 (Open-Meteo API Fallback) - Slope/relief unavailable due to API rate limits,Copernicus DEM GLO-90 (Open-Meteo API Fallback) - Slope/relief unavailable due to API rate limits,GSI landslide inventory only available for Tamil Nadu,NASA Earthdata authentication/HDF5 download required for historical GPM IMERG reanalysis
V2-POS-0034,2011-10-30,Tamil Nadu,Cuddalore,11.5202071,79.3396356,district,1,0.5,1.6,2.5,4.4,9.0,24.74,90.21,0.4,54.0,,,,,,119.889,0.0,Open-Meteo ERA5-Land Reanalysis,Copernicus DEM GLO-90 (Open-Meteo API Fallback) - Slope/relief unavailable due to API rate limits,Tamil Nadu GSI Landslide Inventory,NASA Earthdata authentication/HDF5 download required for historical GPM IMERG reanalysis,India_Flood_Inventory_v3 (UEI: UEI-IMD-FL-2011-0090),OSM Nominatim Geocoding,success,Copernicus DEM GLO-90 (Open-Meteo API Fallback) - Slope/relief unavailable due to API rate limits,Copernicus DEM GLO-90 (Open-Meteo API Fallback) - Slope/relief unavailable due to API rate limits,,NASA Earthdata authentication/HDF5 download required for historical GPM IMERG reanalysis
V2-POS-0035,1982-07-30,Kerala,Kannur,12.306618,75.1057774,village,1,4.3,12.3,17.5,33.5,73.0,24.53,92.83,0.44,18.0,,,,,,,,Open-Meteo ERA5-Land Reanalysis,Copernicus DEM GLO-90 (Open-Meteo API Fallback) - Slope/relief unavailable due to API rate limits,GSI landslide inventory only available for Tamil Nadu,NASA Earthdata authentication/HDF5 download required for historical GPM IMERG reanalysis,India_Flood_Inventory_v3 (UEI: UEI-IMD-FL-1982-0021),OSM Nominatim Geocoding,success,Copernicus DEM GLO-90 (Open-Meteo API Fallback) - Slope/relief unavailable due to API rate limits,Copernicus DEM GLO-90 (Open-Meteo API Fallback) - Slope/relief unavailable due to API rate limits,GSI landslide inventory only available for Tamil Nadu,NASA Earthdata authentication/HDF5 download required for historical GPM IMERG reanalysis
V2-POS-0036,1979-11-12,Tamil Nadu,Tirunelveli,8.5495014,77.5805178,district,1,0.3,0.7,1.3,12.6,26.7,24.78,89.58,0.42,109.0,,,,,,12.198,0.0,Open-Meteo ERA5-Land Reanalysis,Copernicus DEM GLO-90 (Open-Meteo API Fallback) - Slope/relief unavailable due to API rate limits,Tamil Nadu GSI Landslide Inventory,NASA Earthdata authentication/HDF5 download required for historical GPM IMERG reanalysis,India_Flood_Inventory_v3 (UEI: UEI-IMD-FL-1979-0056),OSM Nominatim Geocoding,success,Copernicus DEM GLO-90 (Open-Meteo API Fallback) - Slope/relief unavailable due to API rate limits,Copernicus DEM GLO-90 (Open-Meteo API Fallback) - Slope/relief unavailable due to API rate limits,,NASA Earthdata authentication/HDF5 download required for historical GPM IMERG reanalysis
V2-POS-0037,2022-07-05,Kerala,Idukki,9.8154785,76.9991599,district,1,0.9,4.3,11.9,24.0,30.0,20.77,95.08,0.51,725.0,,,,,,,,Open-Meteo ERA5-Land Reanalysis,Copernicus DEM GLO-90 (Open-Meteo API Fallback) - Slope/relief unavailable due to API rate limits,GSI landslide inventory only available for Tamil Nadu,NASA Earthdata authentication/HDF5 download required for historical GPM IMERG reanalysis,India_Flood_Inventory_v3 (UEI: UEI-IMD-FL-2022-0548),OSM Nominatim Geocoding,success,Copernicus DEM GLO-90 (Open-Meteo API Fallback) - Slope/relief unavailable due to API rate limits,Copernicus DEM GLO-90 (Open-Meteo API Fallback) - Slope/relief unavailable due to API rate limits,GSI landslide inventory only available for Tamil Nadu,NASA Earthdata authentication/HDF5 download required for historical GPM IMERG reanalysis
V2-POS-0038,2012-08-04,Uttarakhand,Chamoli,30.4985956,79.6190537,district,1,1.1,3.6,12.0,37.4,63.6,20.32,94.04,0.43,1898.0,,,,,,,,Open-Meteo ERA5-Land Reanalysis,Copernicus DEM GLO-90 (Open-Meteo API Fallback) - Slope/relief unavailable due to API rate limits,GSI landslide inventory only available for Tamil Nadu,NASA Earthdata authentication/HDF5 download required for historical GPM IMERG reanalysis,India_Flood_Inventory_v3 (UEI: UEI-IMD-FL-2012-0077),OSM Nominatim Geocoding,success,Copernicus DEM GLO-90 (Open-Meteo API Fallback) - Slope/relief unavailable due to API rate limits,Copernicus DEM GLO-90 (Open-Meteo API Fallback) - Slope/relief unavailable due to API rate limits,GSI landslide inventory only available for Tamil Nadu,NASA Earthdata authentication/HDF5 download required for historical GPM IMERG reanalysis
V2-POS-0039,2023-08-15,Uttarakhand,Chamoli,30.4985956,79.6190537,district,1,0.1,0.3,1.9,3.0,13.8,19.51,92.62,0.42,1898.0,,,,,,,,Open-Meteo ERA5-Land Reanalysis,Copernicus DEM GLO-90 (Open-Meteo API Fallback) - Slope/relief unavailable due to API rate limits,GSI landslide inventory only available for Tamil Nadu,NASA Earthdata authentication/HDF5 download required for historical GPM IMERG reanalysis,India_Flood_Inventory_v3 (UEI: UEI-IMD-FL-2023-0592),OSM Nominatim Geocoding,success,Copernicus DEM GLO-90 (Open-Meteo API Fallback) - Slope/relief unavailable due to API rate limits,Copernicus DEM GLO-90 (Open-Meteo API Fallback) - Slope/relief unavailable due to API rate limits,GSI landslide inventory only available for Tamil Nadu,NASA Earthdata authentication/HDF5 download required for historical GPM IMERG reanalysis
V2-POS-0040,2023-07-09,Himachal Pradesh,Mandi,31.5892,76.9182,district,1,3.9,9.9,17.6,35.5,48.2,23.24,87.04,0.43,812.0,,,,,,,,Open-Meteo ERA5-Land Reanalysis,Copernicus DEM GLO-90 (Open-Meteo API Fallback) - Slope/relief unavailable due to API rate limits,GSI landslide inventory only available for Tamil Nadu,NASA Earthdata authentication/HDF5 download required for historical GPM IMERG reanalysis,India_Flood_Inventory_v3 (UEI: UEI-IMD-FL-2023-0299),OSM Nominatim Geocoding,success,Copernicus DEM GLO-90 (Open-Meteo API Fallback) - Slope/relief unavailable due to API rate limits,Copernicus DEM GLO-90 (Open-Meteo API Fallback) - Slope/relief unavailable due to API rate limits,GSI landslide inventory only available for Tamil Nadu,NASA Earthdata authentication/HDF5 download required for historical GPM IMERG reanalysis
V2-POS-0041,1994-07-11,Himachal Pradesh,Kullu,31.9578974,77.1089232,town,1,1.5,2.7,2.8,2.8,12.8,23.44,94.0,0.47,1235.0,,,,,,,,Open-Meteo ERA5-Land Reanalysis,Copernicus DEM GLO-90 (Open-Meteo API Fallback) - Slope/relief unavailable due to API rate limits,GSI landslide inventory only available for Tamil Nadu,NASA Earthdata authentication/HDF5 download required for historical GPM IMERG reanalysis,India_Flood_Inventory_v3 (UEI: UEI-IMD-FL-1994-0021),OSM Nominatim Geocoding,success,Copernicus DEM GLO-90 (Open-Meteo API Fallback) - Slope/relief unavailable due to API rate limits,Copernicus DEM GLO-90 (Open-Meteo API Fallback) - Slope/relief unavailable due to API rate limits,GSI landslide inventory only available for Tamil Nadu,NASA Earthdata authentication/HDF5 download required for historical GPM IMERG reanalysis
V2-POS-0042,2004-06-01,Uttarakhand,Almora,29.702651,79.4326318,district,1,0.0,0.0,0.0,0.2,0.2,25.66,55.92,0.27,1140.0,,,,,,,,Open-Meteo ERA5-Land Reanalysis,Copernicus DEM GLO-90 (Open-Meteo API Fallback) - Slope/relief unavailable due to API rate limits,GSI landslide inventory only available for Tamil Nadu,NASA Earthdata authentication/HDF5 download required for historical GPM IMERG reanalysis,India_Flood_Inventory_v3 (UEI: UEI-IMD-FL-2004-0063),OSM Nominatim Geocoding,success,Copernicus DEM GLO-90 (Open-Meteo API Fallback) - Slope/relief unavailable due to API rate limits,Copernicus DEM GLO-90 (Open-Meteo API Fallback) - Slope/relief unavailable due to API rate limits,GSI landslide inventory only available for Tamil Nadu,NASA Earthdata authentication/HDF5 download required for historical GPM IMERG reanalysis
V2-POS-0043,1996-08-12,Kerala,Idukki,9.8154785,76.9991599,district,1,0.2,1.1,2.0,3.7,15.0,20.31,95.58,0.47,725.0,,,,,,,,Open-Meteo ERA5-Land Reanalysis,Copernicus DEM GLO-90 (Open-Meteo API Fallback) - Slope/relief unavailable due to API rate limits,GSI landslide inventory only available for Tamil Nadu,NASA Earthdata authentication/HDF5 download required for historical GPM IMERG reanalysis,India_Flood_Inventory_v3 (UEI: UEI-IMD-FL-1996-0059),OSM Nominatim Geocoding,success,Copernicus DEM GLO-90 (Open-Meteo API Fallback) - Slope/relief unavailable due to API rate limits,Copernicus DEM GLO-90 (Open-Meteo API Fallback) - Slope/relief unavailable due to API rate limits,GSI landslide inventory only available for Tamil Nadu,NASA Earthdata authentication/HDF5 download required for historical GPM IMERG reanalysis
V2-POS-0044,2007-11-06,Tamil Nadu,Kanniyakumariumari,11.3323723,78.6098639,district,1,0.0,0.4,0.7,0.7,2.0,22.2,86.58,0.4,741.0,,,,,,61.637,0.0,Open-Meteo ERA5-Land Reanalysis,Copernicus DEM GLO-90 (Open-Meteo API Fallback) - Slope/relief unavailable due to API rate limits,Tamil Nadu GSI Landslide Inventory,NASA Earthdata authentication/HDF5 download required for historical GPM IMERG reanalysis,India_Flood_Inventory_v3 (UEI: UEI-IMD-FL-2007-0127),OSM Nominatim Geocoding,success,Copernicus DEM GLO-90 (Open-Meteo API Fallback) - Slope/relief unavailable due to API rate limits,Copernicus DEM GLO-90 (Open-Meteo API Fallback) - Slope/relief unavailable due to API rate limits,,NASA Earthdata authentication/HDF5 download required for historical GPM IMERG reanalysis
V2-POS-0045,2021-10-16,Kerala,Kollam,8.8870533,76.5906696,district,1,4.1,8.2,21.0,24.2,29.0,26.16,88.0,0.3,11.0,,,,,,,,Open-Meteo ERA5-Land Reanalysis,Copernicus DEM GLO-90 (Open-Meteo API Fallback) - Slope/relief unavailable due to API rate limits,GSI landslide inventory only available for Tamil Nadu,NASA Earthdata authentication/HDF5 download required for historical GPM IMERG reanalysis,India_Flood_Inventory_v3 (UEI: UEI-IMD-FL-2021-0102),OSM Nominatim Geocoding,success,Copernicus DEM GLO-90 (Open-Meteo API Fallback) - Slope/relief unavailable due to API rate limits,Copernicus DEM GLO-90 (Open-Meteo API Fallback) - Slope/relief unavailable due to API rate limits,GSI landslide inventory only available for Tamil Nadu,NASA Earthdata authentication/HDF5 download required for historical GPM IMERG reanalysis
V2-POS-0046,2019-04-07,Uttarakhand,Rudra Prayag,30.0417376,79.089691,district,1,0.0,0.0,0.0,0.0,5.2,14.13,73.04,0.37,2080.0,,,,,,,,Open-Meteo ERA5-Land Reanalysis,Copernicus DEM GLO-90 (Open-Meteo API Fallback) - Slope/relief unavailable due to API rate limits,GSI landslide inventory only available for Tamil Nadu,NASA Earthdata authentication/HDF5 download required for historical GPM IMERG reanalysis,India_Flood_Inventory_v3 (UEI: UEI-IMD-FL-2019-0150),OSM Nominatim Geocoding,success,Copernicus DEM GLO-90 (Open-Meteo API Fallback) - Slope/relief unavailable due to API rate limits,Copernicus DEM GLO-90 (Open-Meteo API Fallback) - Slope/relief unavailable due to API rate limits,GSI landslide inventory only available for Tamil Nadu,NASA Earthdata authentication/HDF5 download required for historical GPM IMERG reanalysis
V2-POS-0047,2013-09-01,Kerala,Idukki,9.8154785,76.9991599,district,1,0.1,0.3,0.3,0.3,8.7,22.59,90.08,0.47,725.0,,,,,,,,Open-Meteo ERA5-Land Reanalysis,Copernicus DEM GLO-90 (Open-Meteo API Fallback) - Slope/relief unavailable due to API rate limits,GSI landslide inventory only available for Tamil Nadu,NASA Earthdata authentication/HDF5 download required for historical GPM IMERG reanalysis,India_Flood_Inventory_v3 (UEI: UEI-IMD-FL-2013-0087),OSM Nominatim Geocoding,success,Copernicus DEM GLO-90 (Open-Meteo API Fallback) - Slope/relief unavailable due to API rate limits,Copernicus DEM GLO-90 (Open-Meteo API Fallback) - Slope/relief unavailable due to API rate limits,GSI landslide inventory only available for Tamil Nadu,NASA Earthdata authentication/HDF5 download required for historical GPM IMERG reanalysis
V2-POS-0048,2021-10-16,Kerala,Kottayam,9.6287383,76.6455326,district,1,5.1,12.5,12.7,13.5,20.8,25.32,91.79,0.5,51.0,,,,,,,,Open-Meteo ERA5-Land Reanalysis,Copernicus DEM GLO-90 (Open-Meteo API Fallback) - Slope/relief unavailable due to API rate limits,GSI landslide inventory only available for Tamil Nadu,NASA Earthdata authentication/HDF5 download required for historical GPM IMERG reanalysis,India_Flood_Inventory_v3 (UEI: UEI-IMD-FL-2021-0103),OSM Nominatim Geocoding,success,Copernicus DEM GLO-90 (Open-Meteo API Fallback) - Slope/relief unavailable due to API rate limits,Copernicus DEM GLO-90 (Open-Meteo API Fallback) - Slope/relief unavailable due to API rate limits,GSI landslide inventory only available for Tamil Nadu,NASA Earthdata authentication/HDF5 download required for historical GPM IMERG reanalysis
V2-POS-0049,2021-10-20,Kerala,Malappuram,11.1065685,76.1101742,district,1,0.0,0.0,0.0,2.4,3.0,26.17,85.92,0.47,44.0,,,,,,,,Open-Meteo ERA5-Land Reanalysis,Copernicus DEM GLO-90 (Open-Meteo API Fallback) - Slope/relief unavailable due to API rate limits,GSI landslide inventory only available for Tamil Nadu,NASA Earthdata authentication/HDF5 download required for historical GPM IMERG reanalysis,India_Flood_Inventory_v3 (UEI: UEI-IMD-FL-2021-0112),OSM Nominatim Geocoding,success,Copernicus DEM GLO-90 (Open-Meteo API Fallback) - Slope/relief unavailable due to API rate limits,Copernicus DEM GLO-90 (Open-Meteo API Fallback) - Slope/relief unavailable due to API rate limits,GSI landslide inventory only available for Tamil Nadu,NASA Earthdata authentication/HDF5 download required for historical GPM IMERG reanalysis
V2-POS-0050,2020-05-16,Kerala,Thiruvananthapuram,8.4882267,76.947551,district,1,0.0,0.2,2.9,12.7,15.4,27.07,88.75,0.29,18.0,,,,,,,,Open-Meteo ERA5-Land Reanalysis,Copernicus DEM GLO-90 (Open-Meteo API Fallback) - Slope/relief unavailable due to API rate limits,GSI landslide inventory only available for Tamil Nadu,NASA Earthdata authentication/HDF5 download required for historical GPM IMERG reanalysis,India_Flood_Inventory_v3 (UEI: UEI-IMD-FL-2020-0048),OSM Nominatim Geocoding,success,Copernicus DEM GLO-90 (Open-Meteo API Fallback) - Slope/relief unavailable due to API rate limits,Copernicus DEM GLO-90 (Open-Meteo API Fallback) - Slope/relief unavailable due to API rate limits,GSI landslide inventory only available for Tamil Nadu,NASA Earthdata authentication/HDF5 download required for historical GPM IMERG reanalysis
V2-POS-0051,2005-05-29,Kerala,Wayanad,11.7151291,76.1271185,district,1,0.0,0.0,0.0,0.0,1.0,23.22,89.5,0.47,747.0,,,,,,,,Open-Meteo ERA5-Land Reanalysis,Copernicus DEM GLO-90 (Open-Meteo API Fallback) - Slope/relief unavailable due to API rate limits,GSI landslide inventory only available for Tamil Nadu,NASA Earthdata authentication/HDF5 download required for historical GPM IMERG reanalysis,India_Flood_Inventory_v3 (UEI: UEI-IMD-FL-2005-0074),OSM Nominatim Geocoding,success,Copernicus DEM GLO-90 (Open-Meteo API Fallback) - Slope/relief unavailable due to API rate limits,Copernicus DEM GLO-90 (Open-Meteo API Fallback) - Slope/relief unavailable due to API rate limits,GSI landslide inventory only available for Tamil Nadu,NASA Earthdata authentication/HDF5 download required for historical GPM IMERG reanalysis
V2-POS-0052,1991-08-04,Himachal Pradesh,Hamirpur,31.6862,76.5213,district,1,1.1,2.9,2.9,3.9,5.1,25.29,85.83,0.38,779.0,,,,,,,,Open-Meteo ERA5-Land Reanalysis,Copernicus DEM GLO-90 (Open-Meteo API Fallback) - Slope/relief unavailable due to API rate limits,GSI landslide inventory only available for Tamil Nadu,NASA Earthdata authentication/HDF5 download required for historical GPM IMERG reanalysis,India_Flood_Inventory_v3 (UEI: UEI-IMD-FL-1991-0023),OSM Nominatim Geocoding,success,Copernicus DEM GLO-90 (Open-Meteo API Fallback) - Slope/relief unavailable due to API rate limits,Copernicus DEM GLO-90 (Open-Meteo API Fallback) - Slope/relief unavailable due to API rate limits,GSI landslide inventory only available for Tamil Nadu,NASA Earthdata authentication/HDF5 download required for historical GPM IMERG reanalysis
V2-POS-0053,2022-08-11,Himachal Pradesh,Chamba,32.6923316,76.1631552,district,1,0.2,0.4,0.4,0.4,0.4,18.12,81.71,0.44,2393.0,,,,,,,,Open-Meteo ERA5-Land Reanalysis,Copernicus DEM GLO-90 (Open-Meteo API Fallback) - Slope/relief unavailable due to API rate limits,GSI landslide inventory only available for Tamil Nadu,NASA Earthdata authentication/HDF5 download required for historical GPM IMERG reanalysis,India_Flood_Inventory_v3 (UEI: UEI-IMD-FL-2022-0464),OSM Nominatim Geocoding,success,Copernicus DEM GLO-90 (Open-Meteo API Fallback) - Slope/relief unavailable due to API rate limits,Copernicus DEM GLO-90 (Open-Meteo API Fallback) - Slope/relief unavailable due to API rate limits,GSI landslide inventory only available for Tamil Nadu,NASA Earthdata authentication/HDF5 download required for historical GPM IMERG reanalysis
V2-POS-0054,2006-10-18,Kerala,Thiruvananthapuram,8.4882267,76.947551,district,1,0.0,0.0,0.0,0.5,29.0,25.32,86.88,0.32,18.0,,,,,,,,Open-Meteo ERA5-Land Reanalysis,Copernicus DEM GLO-90 (Open-Meteo API Fallback) - Slope/relief unavailable due to API rate limits,GSI landslide inventory only available for Tamil Nadu,NASA Earthdata authentication/HDF5 download required for historical GPM IMERG reanalysis,India_Flood_Inventory_v3 (UEI: UEI-IMD-FL-2006-0058),OSM Nominatim Geocoding,success,Copernicus DEM GLO-90 (Open-Meteo API Fallback) - Slope/relief unavailable due to API rate limits,Copernicus DEM GLO-90 (Open-Meteo API Fallback) - Slope/relief unavailable due to API rate limits,GSI landslide inventory only available for Tamil Nadu,NASA Earthdata authentication/HDF5 download required for historical GPM IMERG reanalysis
V2-POS-0055,2008-05-25,Tamil Nadu,Coimbatore,11.0018115,76.9628425,district,1,0.0,0.0,0.0,0.0,0.6,26.78,70.58,0.16,421.0,,,,,,30.026,0.0,Open-Meteo ERA5-Land Reanalysis,Copernicus DEM GLO-90 (Open-Meteo API Fallback) - Slope/relief unavailable due to API rate limits,Tamil Nadu GSI Landslide Inventory,NASA Earthdata authentication/HDF5 download required for historical GPM IMERG reanalysis,India_Flood_Inventory_v3 (UEI: UEI-IMD-FL-2008-0110),OSM Nominatim Geocoding,success,Copernicus DEM GLO-90 (Open-Meteo API Fallback) - Slope/relief unavailable due to API rate limits,Copernicus DEM GLO-90 (Open-Meteo API Fallback) - Slope/relief unavailable due to API rate limits,,NASA Earthdata authentication/HDF5 download required for historical GPM IMERG reanalysis
V2-POS-0056,2011-07-20,Himachal Pradesh,Kullu,32.4018552,77.1484726,district,1,0.0,0.0,0.0,0.0,0.0,1.88,85.04,0.41,4468.0,,,,,,,,Open-Meteo ERA5-Land Reanalysis,Copernicus DEM GLO-90 (Open-Meteo API Fallback) - Slope/relief unavailable due to API rate limits,GSI landslide inventory only available for Tamil Nadu,NASA Earthdata authentication/HDF5 download required for historical GPM IMERG reanalysis,India_Flood_Inventory_v3 (UEI: UEI-IMD-FL-2011-0022),OSM Nominatim Geocoding,success,Copernicus DEM GLO-90 (Open-Meteo API Fallback) - Slope/relief unavailable due to API rate limits,Copernicus DEM GLO-90 (Open-Meteo API Fallback) - Slope/relief unavailable due to API rate limits,GSI landslide inventory only available for Tamil Nadu,NASA Earthdata authentication/HDF5 download required for historical GPM IMERG reanalysis
V2-POS-0057,2015-10-08,Kerala,Thiruvananthapuram,8.4882267,76.947551,district,1,0.0,0.7,2.0,4.4,6.5,25.97,86.75,0.28,18.0,,,,,,,,Open-Meteo ERA5-Land Reanalysis,Copernicus DEM GLO-90 (Open-Meteo API Fallback) - Slope/relief unavailable due to API rate limits,GSI landslide inventory only available for Tamil Nadu,NASA Earthdata authentication/HDF5 download required for historical GPM IMERG reanalysis,India_Flood_Inventory_v3 (UEI: UEI-IMD-FL-2015-0061),OSM Nominatim Geocoding,success,Copernicus DEM GLO-90 (Open-Meteo API Fallback) - Slope/relief unavailable due to API rate limits,Copernicus DEM GLO-90 (Open-Meteo API Fallback) - Slope/relief unavailable due to API rate limits,GSI landslide inventory only available for Tamil Nadu,NASA Earthdata authentication/HDF5 download required for historical GPM IMERG reanalysis
V2-POS-0058,2008-07-11,Kerala,Thiruvananthapuram,8.4882267,76.947551,district,1,0.0,0.1,0.5,0.6,1.8,25.38,86.42,0.24,18.0,,,,,,,,Open-Meteo ERA5-Land Reanalysis,Copernicus DEM GLO-90 (Open-Meteo API Fallback) - Slope/relief unavailable due to API rate limits,GSI landslide inventory only available for Tamil Nadu,NASA Earthdata authentication/HDF5 download required for historical GPM IMERG reanalysis,India_Flood_Inventory_v3 (UEI: UEI-IMD-FL-2008-0065),OSM Nominatim Geocoding,success,Copernicus DEM GLO-90 (Open-Meteo API Fallback) - Slope/relief unavailable due to API rate limits,Copernicus DEM GLO-90 (Open-Meteo API Fallback) - Slope/relief unavailable due to API rate limits,GSI landslide inventory only available for Tamil Nadu,NASA Earthdata authentication/HDF5 download required for historical GPM IMERG reanalysis
V2-POS-0059,1999-05-05,Tamil Nadu,Dindigul,10.4257161,77.8154728,district,1,0.0,0.0,0.0,0.6,3.0,29.72,66.21,0.18,302.0,,,,,,8.738,18.0,Open-Meteo ERA5-Land Reanalysis,Copernicus DEM GLO-90 (Open-Meteo API Fallback) - Slope/relief unavailable due to API rate limits,Tamil Nadu GSI Landslide Inventory,NASA Earthdata authentication/HDF5 download required for historical GPM IMERG reanalysis,India_Flood_Inventory_v3 (UEI: UEI-IMD-FL-1999-0073),OSM Nominatim Geocoding,success,Copernicus DEM GLO-90 (Open-Meteo API Fallback) - Slope/relief unavailable due to API rate limits,Copernicus DEM GLO-90 (Open-Meteo API Fallback) - Slope/relief unavailable due to API rate limits,,NASA Earthdata authentication/HDF5 download required for historical GPM IMERG reanalysis
V2-POS-0060,1996-08-03,Himachal Pradesh,Hamirpur,31.6539866,76.5403633,district,1,0.4,5.2,11.9,12.7,16.9,24.33,90.04,0.42,755.0,,,,,,,,Open-Meteo ERA5-Land Reanalysis,Copernicus DEM GLO-90 (Open-Meteo API Fallback) - Slope/relief unavailable due to API rate limits,GSI landslide inventory only available for Tamil Nadu,NASA Earthdata authentication/HDF5 download required for historical GPM IMERG reanalysis,India_Flood_Inventory_v3 (UEI: UEI-IMD-FL-1996-0034),OSM Nominatim Geocoding,success,Copernicus DEM GLO-90 (Open-Meteo API Fallback) - Slope/relief unavailable due to API rate limits,Copernicus DEM GLO-90 (Open-Meteo API Fallback) - Slope/relief unavailable due to API rate limits,GSI landslide inventory only available for Tamil Nadu,NASA Earthdata authentication/HDF5 download required for historical GPM IMERG reanalysis
V2-POS-0061,2022-07-19,Uttarakhand,Rudra Prayag,30.0417376,79.089691,district,1,0.0,1.1,2.3,2.7,4.9,19.83,88.54,0.48,2080.0,,,,,,,,Open-Meteo ERA5-Land Reanalysis,Copernicus DEM GLO-90 (Open-Meteo API Fallback) - Slope/relief unavailable due to API rate limits,GSI landslide inventory only available for Tamil Nadu,NASA Earthdata authentication/HDF5 download required for historical GPM IMERG reanalysis,India_Flood_Inventory_v3 (UEI: UEI-IMD-FL-2022-1098),OSM Nominatim Geocoding,success,Copernicus DEM GLO-90 (Open-Meteo API Fallback) - Slope/relief unavailable due to API rate limits,Copernicus DEM GLO-90 (Open-Meteo API Fallback) - Slope/relief unavailable due to API rate limits,GSI landslide inventory only available for Tamil Nadu,NASA Earthdata authentication/HDF5 download required for historical GPM IMERG reanalysis
V2-POS-0062,2022-07-06,Himachal Pradesh,Shimla,31.1040393,77.1707923,town,1,0.1,1.8,2.0,2.4,7.3,19.34,86.04,0.49,2119.0,,,,,,,,Open-Meteo ERA5-Land Reanalysis,Copernicus DEM GLO-90 (Open-Meteo API Fallback) - Slope/relief unavailable due to API rate limits,GSI landslide inventory only available for Tamil Nadu,NASA Earthdata authentication/HDF5 download required for historical GPM IMERG reanalysis,India_Flood_Inventory_v3 (UEI: UEI-IMD-FL-2022-0453),OSM Nominatim Geocoding,success,Copernicus DEM GLO-90 (Open-Meteo API Fallback) - Slope/relief unavailable due to API rate limits,Copernicus DEM GLO-90 (Open-Meteo API Fallback) - Slope/relief unavailable due to API rate limits,GSI landslide inventory only available for Tamil Nadu,NASA Earthdata authentication/HDF5 download required for historical GPM IMERG reanalysis
V2-POS-0063,2007-05-16,Himachal Pradesh,Shimla,31.1040393,77.1707923,town,1,0.0,0.0,0.0,0.0,0.0,18.6,59.92,0.33,2119.0,,,,,,,,Open-Meteo ERA5-Land Reanalysis,Copernicus DEM GLO-90 (Open-Meteo API Fallback) - Slope/relief unavailable due to API rate limits,GSI landslide inventory only available for Tamil Nadu,NASA Earthdata authentication/HDF5 download required for historical GPM IMERG reanalysis,India_Flood_Inventory_v3 (UEI: UEI-IMD-FL-2007-0039),OSM Nominatim Geocoding,success,Copernicus DEM GLO-90 (Open-Meteo API Fallback) - Slope/relief unavailable due to API rate limits,Copernicus DEM GLO-90 (Open-Meteo API Fallback) - Slope/relief unavailable due to API rate limits,GSI landslide inventory only available for Tamil Nadu,NASA Earthdata authentication/HDF5 download required for historical GPM IMERG reanalysis
V2-POS-0064,2003-08-03,Himachal Pradesh,Kangra,32.2143039,76.3196717,town,1,2.5,3.7,3.8,5.0,7.9,21.75,88.75,0.46,1321.0,,,,,,,,Open-Meteo ERA5-Land Reanalysis,Copernicus DEM GLO-90 (Open-Meteo API Fallback) - Slope/relief unavailable due to API rate limits,GSI landslide inventory only available for Tamil Nadu,NASA Earthdata authentication/HDF5 download required for historical GPM IMERG reanalysis,India_Flood_Inventory_v3 (UEI: UEI-IMD-FL-2003-0034),OSM Nominatim Geocoding,success,Copernicus DEM GLO-90 (Open-Meteo API Fallback) - Slope/relief unavailable due to API rate limits,Copernicus DEM GLO-90 (Open-Meteo API Fallback) - Slope/relief unavailable due to API rate limits,GSI landslide inventory only available for Tamil Nadu,NASA Earthdata authentication/HDF5 download required for historical GPM IMERG reanalysis
V2-POS-0065,2013-08-10,Kerala,Wayanad,11.7151291,76.1271185,district,1,0.0,0.0,0.0,0.1,5.4,21.39,90.88,0.49,747.0,,,,,,,,Open-Meteo ERA5-Land Reanalysis,Copernicus DEM GLO-90 (Open-Meteo API Fallback) - Slope/relief unavailable due to API rate limits,GSI landslide inventory only available for Tamil Nadu,NASA Earthdata authentication/HDF5 download required for historical GPM IMERG reanalysis,India_Flood_Inventory_v3 (UEI: UEI-IMD-FL-2013-0086),OSM Nominatim Geocoding,success,Copernicus DEM GLO-90 (Open-Meteo API Fallback) - Slope/relief unavailable due to API rate limits,Copernicus DEM GLO-90 (Open-Meteo API Fallback) - Slope/relief unavailable due to API rate limits,GSI landslide inventory only available for Tamil Nadu,NASA Earthdata authentication/HDF5 download required for historical GPM IMERG reanalysis
V2-POS-0066,1984-04-23,Kerala,Malappuram,11.1065685,76.1101742,district,1,0.4,0.7,0.7,1.5,5.1,26.68,89.25,0.49,44.0,,,,,,,,Open-Meteo ERA5-Land Reanalysis,Copernicus DEM GLO-90 (Open-Meteo API Fallback) - Slope/relief unavailable due to API rate limits,GSI landslide inventory only available for Tamil Nadu,NASA Earthdata authentication/HDF5 download required for historical GPM IMERG reanalysis,India_Flood_Inventory_v3 (UEI: UEI-IMD-FL-1984-0035),OSM Nominatim Geocoding,success,Copernicus DEM GLO-90 (Open-Meteo API Fallback) - Slope/relief unavailable due to API rate limits,Copernicus DEM GLO-90 (Open-Meteo API Fallback) - Slope/relief unavailable due to API rate limits,GSI landslide inventory only available for Tamil Nadu,NASA Earthdata authentication/HDF5 download required for historical GPM IMERG reanalysis
V2-POS-0067,2023-07-17,Uttarakhand,Rudra Prayag,30.0417376,79.089691,district,1,0.0,0.0,0.1,0.5,6.2,19.12,89.08,0.49,2080.0,,,,,,,,Open-Meteo ERA5-Land Reanalysis,Copernicus DEM GLO-90 (Open-Meteo API Fallback) - Slope/relief unavailable due to API rate limits,GSI landslide inventory only available for Tamil Nadu,NASA Earthdata authentication/HDF5 download required for historical GPM IMERG reanalysis,India_Flood_Inventory_v3 (UEI: UEI-IMD-FL-2023-0583),OSM Nominatim Geocoding,success,Copernicus DEM GLO-90 (Open-Meteo API Fallback) - Slope/relief unavailable due to API rate limits,Copernicus DEM GLO-90 (Open-Meteo API Fallback) - Slope/relief unavailable due to API rate limits,GSI landslide inventory only available for Tamil Nadu,NASA Earthdata authentication/HDF5 download required for historical GPM IMERG reanalysis
V2-POS-0068,2010-12-08,Kerala,Thiruvananthapuram,8.4882267,76.947551,district,1,0.9,2.5,4.9,8.2,19.7,24.6,90.12,0.3,18.0,,,,,,,,Open-Meteo ERA5-Land Reanalysis,Copernicus DEM GLO-90 (Open-Meteo API Fallback) - Slope/relief unavailable due to API rate limits,GSI landslide inventory only available for Tamil Nadu,NASA Earthdata authentication/HDF5 download required for historical GPM IMERG reanalysis,India_Flood_Inventory_v3 (UEI: UEI-IMD-FL-2010-0079),OSM Nominatim Geocoding,success,Copernicus DEM GLO-90 (Open-Meteo API Fallback) - Slope/relief unavailable due to API rate limits,Copernicus DEM GLO-90 (Open-Meteo API Fallback) - Slope/relief unavailable due to API rate limits,GSI landslide inventory only available for Tamil Nadu,NASA Earthdata authentication/HDF5 download required for historical GPM IMERG reanalysis
V2-POS-0069,1988-06-18,Himachal Pradesh,Kangra,32.110906,76.5397126,town,1,0.4,0.7,0.9,2.1,5.3,23.77,66.62,0.21,1248.0,,,,,,,,Open-Meteo ERA5-Land Reanalysis,Copernicus DEM GLO-90 (Open-Meteo API Fallback) - Slope/relief unavailable due to API rate limits,GSI landslide inventory only available for Tamil Nadu,NASA Earthdata authentication/HDF5 download required for historical GPM IMERG reanalysis,India_Flood_Inventory_v3 (UEI: UEI-IMD-FL-1988-0022),OSM Nominatim Geocoding,success,Copernicus DEM GLO-90 (Open-Meteo API Fallback) - Slope/relief unavailable due to API rate limits,Copernicus DEM GLO-90 (Open-Meteo API Fallback) - Slope/relief unavailable due to API rate limits,GSI landslide inventory only available for Tamil Nadu,NASA Earthdata authentication/HDF5 download required for historical GPM IMERG reanalysis
V2-POS-0070,2020-09-23,Kerala,Thiruvananthapuram,8.4811102,77.0218705,village,1,0.9,2.3,3.6,6.9,23.1,24.66,94.96,0.33,26.0,,,,,,,,Open-Meteo ERA5-Land Reanalysis,Copernicus DEM GLO-90 (Open-Meteo API Fallback) - Slope/relief unavailable due to API rate limits,GSI landslide inventory only available for Tamil Nadu,NASA Earthdata authentication/HDF5 download required for historical GPM IMERG reanalysis,India_Flood_Inventory_v3 (UEI: UEI-IMD-FL-2020-0067),OSM Nominatim Geocoding,success,Copernicus DEM GLO-90 (Open-Meteo API Fallback) - Slope/relief unavailable due to API rate limits,Copernicus DEM GLO-90 (Open-Meteo API Fallback) - Slope/relief unavailable due to API rate limits,GSI landslide inventory only available for Tamil Nadu,NASA Earthdata authentication/HDF5 download required for historical GPM IMERG reanalysis
V2-POS-0071,1999-07-09,Himachal Pradesh,Shimla,31.1007197,77.1840446,village,1,0.5,1.2,1.4,1.6,3.3,16.75,84.25,0.45,2446.0,,,,,,,,Open-Meteo ERA5-Land Reanalysis,Copernicus DEM GLO-90 (Open-Meteo API Fallback) - Slope/relief unavailable due to API rate limits,GSI landslide inventory only available for Tamil Nadu,NASA Earthdata authentication/HDF5 download required for historical GPM IMERG reanalysis,India_Flood_Inventory_v3 (UEI: UEI-IMD-FL-1999-0016),OSM Nominatim Geocoding,success,Copernicus DEM GLO-90 (Open-Meteo API Fallback) - Slope/relief unavailable due to API rate limits,Copernicus DEM GLO-90 (Open-Meteo API Fallback) - Slope/relief unavailable due to API rate limits,GSI landslide inventory only available for Tamil Nadu,NASA Earthdata authentication/HDF5 download required for historical GPM IMERG reanalysis
V2-POS-0072,2023-08-14,Uttarakhand,Tehri Garhwal,30.4658181,78.4837349,district,1,0.9,1.3,4.0,19.0,27.4,20.76,93.58,0.51,1709.0,,,,,,,,Open-Meteo ERA5-Land Reanalysis,Copernicus DEM GLO-90 (Open-Meteo API Fallback) - Slope/relief unavailable due to API rate limits,GSI landslide inventory only available for Tamil Nadu,NASA Earthdata authentication/HDF5 download required for historical GPM IMERG reanalysis,India_Flood_Inventory_v3 (UEI: UEI-IMD-FL-2023-0591),OSM Nominatim Geocoding,success,Copernicus DEM GLO-90 (Open-Meteo API Fallback) - Slope/relief unavailable due to API rate limits,Copernicus DEM GLO-90 (Open-Meteo API Fallback) - Slope/relief unavailable due to API rate limits,GSI landslide inventory only available for Tamil Nadu,NASA Earthdata authentication/HDF5 download required for historical GPM IMERG reanalysis
V2-POS-0073,1981-08-29,Himachal Pradesh,Sirmaur,30.6991321,77.4465304,district,1,0.0,0.0,0.0,0.0,0.7,20.44,78.62,0.43,1666.0,,,,,,,,Open-Meteo ERA5-Land Reanalysis,Copernicus DEM GLO-90 (Open-Meteo API Fallback) - Slope/relief unavailable due to API rate limits,GSI landslide inventory only available for Tamil Nadu,NASA Earthdata authentication/HDF5 download required for historical GPM IMERG reanalysis,India_Flood_Inventory_v3 (UEI: UEI-IMD-FL-1981-0022),OSM Nominatim Geocoding,success,Copernicus DEM GLO-90 (Open-Meteo API Fallback) - Slope/relief unavailable due to API rate limits,Copernicus DEM GLO-90 (Open-Meteo API Fallback) - Slope/relief unavailable due to API rate limits,GSI landslide inventory only available for Tamil Nadu,NASA Earthdata authentication/HDF5 download required for historical GPM IMERG reanalysis
V2-POS-0074,1980-11-15,Tamil Nadu,Chennai,13.0836939,80.270186,district,1,0.2,0.9,3.3,5.7,13.7,24.92,89.79,0.41,12.0,,,,,,261.138,0.0,Open-Meteo ERA5-Land Reanalysis,Copernicus DEM GLO-90 (Open-Meteo API Fallback) - Slope/relief unavailable due to API rate limits,Tamil Nadu GSI Landslide Inventory,NASA Earthdata authentication/HDF5 download required for historical GPM IMERG reanalysis,India_Flood_Inventory_v3 (UEI: UEI-IMD-FL-1980-0054),OSM Nominatim Geocoding,success,Copernicus DEM GLO-90 (Open-Meteo API Fallback) - Slope/relief unavailable due to API rate limits,Copernicus DEM GLO-90 (Open-Meteo API Fallback) - Slope/relief unavailable due to API rate limits,,NASA Earthdata authentication/HDF5 download required for historical GPM IMERG reanalysis
V2-POS-0075,2000-06-15,Himachal Pradesh,Mandi,31.5892,76.9182,district,1,0.0,0.0,0.0,0.2,0.5,28.65,61.62,0.16,812.0,,,,,,,,Open-Meteo ERA5-Land Reanalysis,Copernicus DEM GLO-90 (Open-Meteo API Fallback) - Slope/relief unavailable due to API rate limits,GSI landslide inventory only available for Tamil Nadu,NASA Earthdata authentication/HDF5 download required for historical GPM IMERG reanalysis,India_Flood_Inventory_v3 (UEI: UEI-IMD-FL-2000-0027),OSM Nominatim Geocoding,success,Copernicus DEM GLO-90 (Open-Meteo API Fallback) - Slope/relief unavailable due to API rate limits,Copernicus DEM GLO-90 (Open-Meteo API Fallback) - Slope/relief unavailable due to API rate limits,GSI landslide inventory only available for Tamil Nadu,NASA Earthdata authentication/HDF5 download required for historical GPM IMERG reanalysis
V2-POS-0076,2011-05-28,Himachal Pradesh,Mandi,31.5892,76.9182,district,1,0.0,0.0,0.0,0.0,4.1,26.75,54.46,0.13,812.0,,,,,,,,Open-Meteo ERA5-Land Reanalysis,Copernicus DEM GLO-90 (Open-Meteo API Fallback) - Slope/relief unavailable due to API rate limits,GSI landslide inventory only available for Tamil Nadu,NASA Earthdata authentication/HDF5 download required for historical GPM IMERG reanalysis,India_Flood_Inventory_v3 (UEI: UEI-IMD-FL-2011-0018),OSM Nominatim Geocoding,success,Copernicus DEM GLO-90 (Open-Meteo API Fallback) - Slope/relief unavailable due to API rate limits,Copernicus DEM GLO-90 (Open-Meteo API Fallback) - Slope/relief unavailable due to API rate limits,GSI landslide inventory only available for Tamil Nadu,NASA Earthdata authentication/HDF5 download required for historical GPM IMERG reanalysis
V2-POS-0077,2018-05-21,Kerala,Thiruvananthapuram,8.4882267,76.947551,district,1,0.0,0.0,0.0,3.0,13.3,26.18,89.12,0.3,18.0,,,,,,,,Open-Meteo ERA5-Land Reanalysis,Copernicus DEM GLO-90 (Open-Meteo API Fallback) - Slope/relief unavailable due to API rate limits,GSI landslide inventory only available for Tamil Nadu,NASA Earthdata authentication/HDF5 download required for historical GPM IMERG reanalysis,India_Flood_Inventory_v3 (UEI: UEI-IMD-FL-2018-0034),OSM Nominatim Geocoding,success,Copernicus DEM GLO-90 (Open-Meteo API Fallback) - Slope/relief unavailable due to API rate limits,Copernicus DEM GLO-90 (Open-Meteo API Fallback) - Slope/relief unavailable due to API rate limits,GSI landslide inventory only available for Tamil Nadu,NASA Earthdata authentication/HDF5 download required for historical GPM IMERG reanalysis
V2-POS-0078,2021-10-16,Kerala,Idukki,9.8154785,76.9991599,district,1,0.3,2.0,2.0,2.1,4.9,22.5,92.17,0.5,725.0,,,,,,,,Open-Meteo ERA5-Land Reanalysis,Copernicus DEM GLO-90 (Open-Meteo API Fallback) - Slope/relief unavailable due to API rate limits,GSI landslide inventory only available for Tamil Nadu,NASA Earthdata authentication/HDF5 download required for historical GPM IMERG reanalysis,India_Flood_Inventory_v3 (UEI: UEI-IMD-FL-2021-0101),OSM Nominatim Geocoding,success,Copernicus DEM GLO-90 (Open-Meteo API Fallback) - Slope/relief unavailable due to API rate limits,Copernicus DEM GLO-90 (Open-Meteo API Fallback) - Slope/relief unavailable due to API rate limits,GSI landslide inventory only available for Tamil Nadu,NASA Earthdata authentication/HDF5 download required for historical GPM IMERG reanalysis
V2-POS-0079,2021-04-22,Kerala,Palakkad,10.7873692,76.4742172,district,1,0.0,0.0,0.1,8.7,12.8,27.49,84.92,0.45,83.0,,,,,,,,Open-Meteo ERA5-Land Reanalysis,Copernicus DEM GLO-90 (Open-Meteo API Fallback) - Slope/relief unavailable due to API rate limits,GSI landslide inventory only available for Tamil Nadu,NASA Earthdata authentication/HDF5 download required for historical GPM IMERG reanalysis,India_Flood_Inventory_v3 (UEI: UEI-IMD-FL-2021-0071),OSM Nominatim Geocoding,success,Copernicus DEM GLO-90 (Open-Meteo API Fallback) - Slope/relief unavailable due to API rate limits,Copernicus DEM GLO-90 (Open-Meteo API Fallback) - Slope/relief unavailable due to API rate limits,GSI landslide inventory only available for Tamil Nadu,NASA Earthdata authentication/HDF5 download required for historical GPM IMERG reanalysis
V2-POS-0080,2014-03-07,Kerala,Wayanad,11.7151291,76.1271185,district,1,0.0,0.0,0.0,0.2,1.5,23.63,76.96,0.37,747.0,,,,,,,,Open-Meteo ERA5-Land Reanalysis,Copernicus DEM GLO-90 (Open-Meteo API Fallback) - Slope/relief unavailable due to API rate limits,GSI landslide inventory only available for Tamil Nadu,NASA Earthdata authentication/HDF5 download required for historical GPM IMERG reanalysis,India_Flood_Inventory_v3 (UEI: UEI-IMD-FL-2014-0041),OSM Nominatim Geocoding,success,Copernicus DEM GLO-90 (Open-Meteo API Fallback) - Slope/relief unavailable due to API rate limits,Copernicus DEM GLO-90 (Open-Meteo API Fallback) - Slope/relief unavailable due to API rate limits,GSI landslide inventory only available for Tamil Nadu,NASA Earthdata authentication/HDF5 download required for historical GPM IMERG reanalysis
V2-POS-0081,1993-08-06,Tamil Nadu,Dindigul,10.4257161,77.8154728,district,1,0.0,0.0,0.0,0.0,0.9,27.52,69.96,0.19,302.0,,,,,,8.738,18.0,Open-Meteo ERA5-Land Reanalysis,Copernicus DEM GLO-90 (Open-Meteo API Fallback) - Slope/relief unavailable due to API rate limits,Tamil Nadu GSI Landslide Inventory,NASA Earthdata authentication/HDF5 download required for historical GPM IMERG reanalysis,India_Flood_Inventory_v3 (UEI: UEI-IMD-FL-1993-0064),OSM Nominatim Geocoding,success,Copernicus DEM GLO-90 (Open-Meteo API Fallback) - Slope/relief unavailable due to API rate limits,Copernicus DEM GLO-90 (Open-Meteo API Fallback) - Slope/relief unavailable due to API rate limits,,NASA Earthdata authentication/HDF5 download required for historical GPM IMERG reanalysis
V2-POS-0082,1986-04-26,Himachal Pradesh,Kangra,32.0768665,76.2985872,district,1,1.9,5.0,5.1,7.4,8.3,19.66,66.25,0.29,784.0,,,,,,,,Open-Meteo ERA5-Land Reanalysis,Copernicus DEM GLO-90 (Open-Meteo API Fallback) - Slope/relief unavailable due to API rate limits,GSI landslide inventory only available for Tamil Nadu,NASA Earthdata authentication/HDF5 download required for historical GPM IMERG reanalysis,India_Flood_Inventory_v3 (UEI: UEI-IMD-FL-1986-0023),OSM Nominatim Geocoding,success,Copernicus DEM GLO-90 (Open-Meteo API Fallback) - Slope/relief unavailable due to API rate limits,Copernicus DEM GLO-90 (Open-Meteo API Fallback) - Slope/relief unavailable due to API rate limits,GSI landslide inventory only available for Tamil Nadu,NASA Earthdata authentication/HDF5 download required for historical GPM IMERG reanalysis
V2-POS-0083,1986-11-03,Tamil Nadu,Tiruchirappalli,10.8071144,78.6880939,district,1,0.0,0.0,0.0,0.0,0.3,26.1,69.92,0.36,81.0,,,,,,107.404,0.0,Open-Meteo ERA5-Land Reanalysis,Copernicus DEM GLO-90 (Open-Meteo API Fallback) - Slope/relief unavailable due to API rate limits,Tamil Nadu GSI Landslide Inventory,NASA Earthdata authentication/HDF5 download required for historical GPM IMERG reanalysis,India_Flood_Inventory_v3 (UEI: UEI-IMD-FL-1986-0073),OSM Nominatim Geocoding,success,Copernicus DEM GLO-90 (Open-Meteo API Fallback) - Slope/relief unavailable due to API rate limits,Copernicus DEM GLO-90 (Open-Meteo API Fallback) - Slope/relief unavailable due to API rate limits,,NASA Earthdata authentication/HDF5 download required for historical GPM IMERG reanalysis
V2-POS-0084,2019-12-09,Kerala,Malappuram,11.1065685,76.1101742,district,1,0.1,0.3,0.3,0.3,0.3,26.35,79.75,0.37,44.0,,,,,,,,Open-Meteo ERA5-Land Reanalysis,Copernicus DEM GLO-90 (Open-Meteo API Fallback) - Slope/relief unavailable due to API rate limits,GSI landslide inventory only available for Tamil Nadu,NASA Earthdata authentication/HDF5 download required for historical GPM IMERG reanalysis,India_Flood_Inventory_v3 (UEI: UEI-IMD-FL-2019-0071),OSM Nominatim Geocoding,success,Copernicus DEM GLO-90 (Open-Meteo API Fallback) - Slope/relief unavailable due to API rate limits,Copernicus DEM GLO-90 (Open-Meteo API Fallback) - Slope/relief unavailable due to API rate limits,GSI landslide inventory only available for Tamil Nadu,NASA Earthdata authentication/HDF5 download required for historical GPM IMERG reanalysis
V2-POS-0085,2023-07-11,Uttarakhand,Pithoragarh,29.585871,80.215167,district,1,0.0,0.0,0.1,8.2,10.6,21.48,87.38,0.5,1602.0,,,,,,,,Open-Meteo ERA5-Land Reanalysis,Copernicus DEM GLO-90 (Open-Meteo API Fallback) - Slope/relief unavailable due to API rate limits,GSI landslide inventory only available for Tamil Nadu,NASA Earthdata authentication/HDF5 download required for historical GPM IMERG reanalysis,India_Flood_Inventory_v3 (UEI: UEI-IMD-FL-2023-0579),OSM Nominatim Geocoding,success,Copernicus DEM GLO-90 (Open-Meteo API Fallback) - Slope/relief unavailable due to API rate limits,Copernicus DEM GLO-90 (Open-Meteo API Fallback) - Slope/relief unavailable due to API rate limits,GSI landslide inventory only available for Tamil Nadu,NASA Earthdata authentication/HDF5 download required for historical GPM IMERG reanalysis
V2-POS-0086,2023-07-16,Uttarakhand,Rudra Prayag,30.0417376,79.089691,district,1,0.1,5.7,14.8,17.1,32.0,18.9,92.96,0.5,2080.0,,,,,,,,Open-Meteo ERA5-Land Reanalysis,Copernicus DEM GLO-90 (Open-Meteo API Fallback) - Slope/relief unavailable due to API rate limits,GSI landslide inventory only available for Tamil Nadu,NASA Earthdata authentication/HDF5 download required for historical GPM IMERG reanalysis,India_Flood_Inventory_v3 (UEI: UEI-IMD-FL-2023-0582),OSM Nominatim Geocoding,success,Copernicus DEM GLO-90 (Open-Meteo API Fallback) - Slope/relief unavailable due to API rate limits,Copernicus DEM GLO-90 (Open-Meteo API Fallback) - Slope/relief unavailable due to API rate limits,GSI landslide inventory only available for Tamil Nadu,NASA Earthdata authentication/HDF5 download required for historical GPM IMERG reanalysis
V2-POS-0087,2005-11-22,Tamil Nadu,Nagapattinam,10.6026203,79.7619348,district,1,1.0,2.7,10.5,22.2,43.5,25.0,90.46,0.36,1.0,,,,,,208.548,0.0,Open-Meteo ERA5-Land Reanalysis,Copernicus DEM GLO-90 (Open-Meteo API Fallback) - Slope/relief unavailable due to API rate limits,Tamil Nadu GSI Landslide Inventory,NASA Earthdata authentication/HDF5 download required for historical GPM IMERG reanalysis,India_Flood_Inventory_v3 (UEI: UEI-IMD-FL-2005-0140),OSM Nominatim Geocoding,success,Copernicus DEM GLO-90 (Open-Meteo API Fallback) - Slope/relief unavailable due to API rate limits,Copernicus DEM GLO-90 (Open-Meteo API Fallback) - Slope/relief unavailable due to API rate limits,,NASA Earthdata authentication/HDF5 download required for historical GPM IMERG reanalysis
V2-POS-0088,2010-11-30,Tamil Nadu,Many districts of Tamil Nadu.,11.3323723,78.6098639,district,1,0.0,0.0,0.0,0.0,1.0,21.13,83.58,0.4,741.0,,,,,,61.637,0.0,Open-Meteo ERA5-Land Reanalysis,Copernicus DEM GLO-90 (Open-Meteo API Fallback) - Slope/relief unavailable due to API rate limits,Tamil Nadu GSI Landslide Inventory,NASA Earthdata authentication/HDF5 download required for historical GPM IMERG reanalysis,India_Flood_Inventory_v3 (UEI: UEI-IMD-FL-2010-0129),OSM Nominatim Geocoding,success,Copernicus DEM GLO-90 (Open-Meteo API Fallback) - Slope/relief unavailable due to API rate limits,Copernicus DEM GLO-90 (Open-Meteo API Fallback) - Slope/relief unavailable due to API rate limits,,NASA Earthdata authentication/HDF5 download required for historical GPM IMERG reanalysis
V2-POS-0089,1989-07-22,Himachal Pradesh,Hamirpur,31.6539866,76.5403633,district,1,0.0,0.0,0.2,3.3,6.2,25.71,83.71,0.32,755.0,,,,,,,,Open-Meteo ERA5-Land Reanalysis,Copernicus DEM GLO-90 (Open-Meteo API Fallback) - Slope/relief unavailable due to API rate limits,GSI landslide inventory only available for Tamil Nadu,NASA Earthdata authentication/HDF5 download required for historical GPM IMERG reanalysis,India_Flood_Inventory_v3 (UEI: UEI-IMD-FL-1989-0011),OSM Nominatim Geocoding,success,Copernicus DEM GLO-90 (Open-Meteo API Fallback) - Slope/relief unavailable due to API rate limits,Copernicus DEM GLO-90 (Open-Meteo API Fallback) - Slope/relief unavailable due to API rate limits,GSI landslide inventory only available for Tamil Nadu,NASA Earthdata authentication/HDF5 download required for historical GPM IMERG reanalysis
V2-POS-0090,2022-01-17,Himachal Pradesh,Sirmaur,30.6991321,77.4465304,district,1,0.0,0.0,0.0,0.0,0.0,9.06,52.08,0.46,1666.0,,,,,,,,Open-Meteo ERA5-Land Reanalysis,Copernicus DEM GLO-90 (Open-Meteo API Fallback) - Slope/relief unavailable due to API rate limits,GSI landslide inventory only available for Tamil Nadu,NASA Earthdata authentication/HDF5 download required for historical GPM IMERG reanalysis,India_Flood_Inventory_v3 (UEI: UEI-IMD-FL-2022-0439),OSM Nominatim Geocoding,success,Copernicus DEM GLO-90 (Open-Meteo API Fallback) - Slope/relief unavailable due to API rate limits,Copernicus DEM GLO-90 (Open-Meteo API Fallback) - Slope/relief unavailable due to API rate limits,GSI landslide inventory only available for Tamil Nadu,NASA Earthdata authentication/HDF5 download required for historical GPM IMERG reanalysis
V2-POS-0091,2022-08-02,Kerala,Thrissur,10.5270099,76.214621,district,1,2.2,11.6,17.0,38.3,60.6,24.38,93.29,0.51,24.0,,,,,,,,Open-Meteo ERA5-Land Reanalysis,Copernicus DEM GLO-90 (Open-Meteo API Fallback) - Slope/relief unavailable due to API rate limits,GSI landslide inventory only available for Tamil Nadu,NASA Earthdata authentication/HDF5 download required for historical GPM IMERG reanalysis,India_Flood_Inventory_v3 (UEI: UEI-IMD-FL-2022-0574),OSM Nominatim Geocoding,success,Copernicus DEM GLO-90 (Open-Meteo API Fallback) - Slope/relief unavailable due to API rate limits,Copernicus DEM GLO-90 (Open-Meteo API Fallback) - Slope/relief unavailable due to API rate limits,GSI landslide inventory only available for Tamil Nadu,NASA Earthdata authentication/HDF5 download required for historical GPM IMERG reanalysis
V2-POS-0092,2005-09-05,Uttarakhand,Bageshwar,29.8404,79.7694,district,1,0.3,1.9,3.5,3.5,4.4,22.79,85.17,0.48,997.0,,,,,,,,Open-Meteo ERA5-Land Reanalysis,Copernicus DEM GLO-90 (Open-Meteo API Fallback) - Slope/relief unavailable due to API rate limits,GSI landslide inventory only available for Tamil Nadu,NASA Earthdata authentication/HDF5 download required for historical GPM IMERG reanalysis,India_Flood_Inventory_v3 (UEI: UEI-IMD-FL-2005-0156),OSM Nominatim Geocoding,success,Copernicus DEM GLO-90 (Open-Meteo API Fallback) - Slope/relief unavailable due to API rate limits,Copernicus DEM GLO-90 (Open-Meteo API Fallback) - Slope/relief unavailable due to API rate limits,GSI landslide inventory only available for Tamil Nadu,NASA Earthdata authentication/HDF5 download required for historical GPM IMERG reanalysis
V2-POS-0093,2012-07-02,Kerala,Thiruvananthapuram,8.4882267,76.947551,district,1,0.8,4.2,6.7,10.1,17.5,24.54,89.54,0.3,18.0,,,,,,,,Open-Meteo ERA5-Land Reanalysis,Copernicus DEM GLO-90 (Open-Meteo API Fallback) - Slope/relief unavailable due to API rate limits,GSI landslide inventory only available for Tamil Nadu,NASA Earthdata authentication/HDF5 download required for historical GPM IMERG reanalysis,India_Flood_Inventory_v3 (UEI: UEI-IMD-FL-2012-0051),OSM Nominatim Geocoding,success,Copernicus DEM GLO-90 (Open-Meteo API Fallback) - Slope/relief unavailable due to API rate limits,Copernicus DEM GLO-90 (Open-Meteo API Fallback) - Slope/relief unavailable due to API rate limits,GSI landslide inventory only available for Tamil Nadu,NASA Earthdata authentication/HDF5 download required for historical GPM IMERG reanalysis
V2-POS-0094,2021-11-06,Tamil Nadu,Viluppuram,12.1166967,79.5989236,district,1,0.0,0.0,0.0,9.1,16.3,25.28,88.92,0.42,47.0,,,,,,149.335,0.0,Open-Meteo ERA5-Land Reanalysis,Copernicus DEM GLO-90 (Open-Meteo API Fallback) - Slope/relief unavailable due to API rate limits,Tamil Nadu GSI Landslide Inventory,NASA Earthdata authentication/HDF5 download required for historical GPM IMERG reanalysis,India_Flood_Inventory_v3 (UEI: UEI-IMD-FL-2021-0268),OSM Nominatim Geocoding,success,Copernicus DEM GLO-90 (Open-Meteo API Fallback) - Slope/relief unavailable due to API rate limits,Copernicus DEM GLO-90 (Open-Meteo API Fallback) - Slope/relief unavailable due to API rate limits,,NASA Earthdata authentication/HDF5 download required for historical GPM IMERG reanalysis
V2-POS-0095,2021-10-23,Kerala,Pathanamthitta,9.2780841,76.9737443,district,1,1.2,1.4,2.1,3.7,5.9,23.61,89.12,0.5,469.0,,,,,,,,Open-Meteo ERA5-Land Reanalysis,Copernicus DEM GLO-90 (Open-Meteo API Fallback) - Slope/relief unavailable due to API rate limits,GSI landslide inventory only available for Tamil Nadu,NASA Earthdata authentication/HDF5 download required for historical GPM IMERG reanalysis,India_Flood_Inventory_v3 (UEI: UEI-IMD-FL-2021-0116),OSM Nominatim Geocoding,success,Copernicus DEM GLO-90 (Open-Meteo API Fallback) - Slope/relief unavailable due to API rate limits,Copernicus DEM GLO-90 (Open-Meteo API Fallback) - Slope/relief unavailable due to API rate limits,GSI landslide inventory only available for Tamil Nadu,NASA Earthdata authentication/HDF5 download required for historical GPM IMERG reanalysis
V2-POS-0096,2022-08-01,Kerala,Thiruvananthapuram,8.4882267,76.947551,district,1,0.4,3.7,8.4,32.5,34.6,25.05,91.62,0.28,18.0,,,,,,,,Open-Meteo ERA5-Land Reanalysis,Copernicus DEM GLO-90 (Open-Meteo API Fallback) - Slope/relief unavailable due to API rate limits,GSI landslide inventory only available for Tamil Nadu,NASA Earthdata authentication/HDF5 download required for historical GPM IMERG reanalysis,India_Flood_Inventory_v3 (UEI: UEI-IMD-FL-2022-0562),OSM Nominatim Geocoding,success,Copernicus DEM GLO-90 (Open-Meteo API Fallback) - Slope/relief unavailable due to API rate limits,Copernicus DEM GLO-90 (Open-Meteo API Fallback) - Slope/relief unavailable due to API rate limits,GSI landslide inventory only available for Tamil Nadu,NASA Earthdata authentication/HDF5 download required for historical GPM IMERG reanalysis
V2-POS-0097,2023-08-13,Himachal Pradesh,Sirmaur,30.6991321,77.4465304,district,1,0.1,0.5,0.9,0.9,4.4,21.25,85.12,0.46,1666.0,,,,,,,,Open-Meteo ERA5-Land Reanalysis,Copernicus DEM GLO-90 (Open-Meteo API Fallback) - Slope/relief unavailable due to API rate limits,GSI landslide inventory only available for Tamil Nadu,NASA Earthdata authentication/HDF5 download required for historical GPM IMERG reanalysis,India_Flood_Inventory_v3 (UEI: UEI-IMD-FL-2023-0313),OSM Nominatim Geocoding,success,Copernicus DEM GLO-90 (Open-Meteo API Fallback) - Slope/relief unavailable due to API rate limits,Copernicus DEM GLO-90 (Open-Meteo API Fallback) - Slope/relief unavailable due to API rate limits,GSI landslide inventory only available for Tamil Nadu,NASA Earthdata authentication/HDF5 download required for historical GPM IMERG reanalysis
V2-POS-0098,1984-10-06,Kerala,Kozhikode,11.2450558,75.7754716,district,1,0.6,1.2,1.9,14.4,27.9,24.69,90.92,0.32,9.0,,,,,,,,Open-Meteo ERA5-Land Reanalysis,Copernicus DEM GLO-90 (Open-Meteo API Fallback) - Slope/relief unavailable due to API rate limits,GSI landslide inventory only available for Tamil Nadu,NASA Earthdata authentication/HDF5 download required for historical GPM IMERG reanalysis,India_Flood_Inventory_v3 (UEI: UEI-IMD-FL-1984-0043),OSM Nominatim Geocoding,success,Copernicus DEM GLO-90 (Open-Meteo API Fallback) - Slope/relief unavailable due to API rate limits,Copernicus DEM GLO-90 (Open-Meteo API Fallback) - Slope/relief unavailable due to API rate limits,GSI landslide inventory only available for Tamil Nadu,NASA Earthdata authentication/HDF5 download required for historical GPM IMERG reanalysis
V2-POS-0099,2023-08-13,Himachal Pradesh,Hamirpur,31.6539866,76.5403633,district,1,0.1,0.5,0.7,2.3,15.4,25.47,88.5,0.39,755.0,,,,,,,,Open-Meteo ERA5-Land Reanalysis,Copernicus DEM GLO-90 (Open-Meteo API Fallback) - Slope/relief unavailable due to API rate limits,GSI landslide inventory only available for Tamil Nadu,NASA Earthdata authentication/HDF5 download required for historical GPM IMERG reanalysis,India_Flood_Inventory_v3 (UEI: UEI-IMD-FL-2023-0309),OSM Nominatim Geocoding,success,Copernicus DEM GLO-90 (Open-Meteo API Fallback) - Slope/relief unavailable due to API rate limits,Copernicus DEM GLO-90 (Open-Meteo API Fallback) - Slope/relief unavailable due to API rate limits,GSI landslide inventory only available for Tamil Nadu,NASA Earthdata authentication/HDF5 download required for historical GPM IMERG reanalysis
V2-POS-0100,1995-02-15,Himachal Pradesh,Hamirpur,31.6862,76.5213,district,1,0.7,3.2,8.0,18.8,36.1,10.83,86.46,0.43,779.0,,,,,,,,Open-Meteo ERA5-Land Reanalysis,Copernicus DEM GLO-90 (Open-Meteo API Fallback) - Slope/relief unavailable due to API rate limits,GSI landslide inventory only available for Tamil Nadu,NASA Earthdata authentication/HDF5 download required for historical GPM IMERG reanalysis,India_Flood_Inventory_v3 (UEI: UEI-IMD-FL-1995-0027),OSM Nominatim Geocoding,success,Copernicus DEM GLO-90 (Open-Meteo API Fallback) - Slope/relief unavailable due to API rate limits,Copernicus DEM GLO-90 (Open-Meteo API Fallback) - Slope/relief unavailable due to API rate limits,GSI landslide inventory only available for Tamil Nadu,NASA Earthdata authentication/HDF5 download required for historical GPM IMERG reanalysis
V2-POS-0101,2014-06-21,Kerala,Idukki,9.8154785,76.9991599,district,1,0.6,2.1,4.0,7.8,24.0,20.96,96.83,0.49,725.0,,,,,,,,Open-Meteo ERA5-Land Reanalysis,Copernicus DEM GLO-90 (Open-Meteo API Fallback) - Slope/relief unavailable due to API rate limits,GSI landslide inventory only available for Tamil Nadu,NASA Earthdata authentication/HDF5 download required for historical GPM IMERG reanalysis,India_Flood_Inventory_v3 (UEI: UEI-IMD-FL-2014-0048),OSM Nominatim Geocoding,success,Copernicus DEM GLO-90 (Open-Meteo API Fallback) - Slope/relief unavailable due to API rate limits,Copernicus DEM GLO-90 (Open-Meteo API Fallback) - Slope/relief unavailable due to API rate limits,GSI landslide inventory only available for Tamil Nadu,NASA Earthdata authentication/HDF5 download required for historical GPM IMERG reanalysis
V2-POS-0102,1989-06-09,Kerala,Kasaragod,12.4221964,75.1904446,district,1,3.5,9.4,20.8,42.2,66.9,23.85,97.38,0.48,95.0,,,,,,,,Open-Meteo ERA5-Land Reanalysis,Copernicus DEM GLO-90 (Open-Meteo API Fallback) - Slope/relief unavailable due to API rate limits,GSI landslide inventory only available for Tamil Nadu,NASA Earthdata authentication/HDF5 download required for historical GPM IMERG reanalysis,India_Flood_Inventory_v3 (UEI: UEI-IMD-FL-1989-0028),OSM Nominatim Geocoding,success,Copernicus DEM GLO-90 (Open-Meteo API Fallback) - Slope/relief unavailable due to API rate limits,Copernicus DEM GLO-90 (Open-Meteo API Fallback) - Slope/relief unavailable due to API rate limits,GSI landslide inventory only available for Tamil Nadu,NASA Earthdata authentication/HDF5 download required for historical GPM IMERG reanalysis
V2-POS-0103,1992-08-31,Himachal Pradesh,Hamirpur,31.6862,76.5213,district,1,0.0,0.0,0.0,0.0,0.0,25.25,81.71,0.37,779.0,,,,,,,,Open-Meteo ERA5-Land Reanalysis,Copernicus DEM GLO-90 (Open-Meteo API Fallback) - Slope/relief unavailable due to API rate limits,GSI landslide inventory only available for Tamil Nadu,NASA Earthdata authentication/HDF5 download required for historical GPM IMERG reanalysis,India_Flood_Inventory_v3 (UEI: UEI-IMD-FL-1992-0021),OSM Nominatim Geocoding,success,Copernicus DEM GLO-90 (Open-Meteo API Fallback) - Slope/relief unavailable due to API rate limits,Copernicus DEM GLO-90 (Open-Meteo API Fallback) - Slope/relief unavailable due to API rate limits,GSI landslide inventory only available for Tamil Nadu,NASA Earthdata authentication/HDF5 download required for historical GPM IMERG reanalysis
V2-POS-0104,1986-06-24,Kerala,Kollam,8.8870533,76.5906696,district,1,0.2,0.7,1.5,1.8,3.8,26.43,85.88,0.28,11.0,,,,,,,,Open-Meteo ERA5-Land Reanalysis,Copernicus DEM GLO-90 (Open-Meteo API Fallback) - Slope/relief unavailable due to API rate limits,GSI landslide inventory only available for Tamil Nadu,NASA Earthdata authentication/HDF5 download required for historical GPM IMERG reanalysis,India_Flood_Inventory_v3 (UEI: UEI-IMD-FL-1986-0042),OSM Nominatim Geocoding,success,Copernicus DEM GLO-90 (Open-Meteo API Fallback) - Slope/relief unavailable due to API rate limits,Copernicus DEM GLO-90 (Open-Meteo API Fallback) - Slope/relief unavailable due to API rate limits,GSI landslide inventory only available for Tamil Nadu,NASA Earthdata authentication/HDF5 download required for historical GPM IMERG reanalysis
V2-POS-0105,2000-06-17,Kerala,Alappuzha,9.5003416,76.4123364,district,1,0.5,1.5,2.5,3.7,5.5,25.7,89.29,0.33,-1.0,,,,,,,,Open-Meteo ERA5-Land Reanalysis,Copernicus DEM GLO-90 (Open-Meteo API Fallback) - Slope/relief unavailable due to API rate limits,GSI landslide inventory only available for Tamil Nadu,NASA Earthdata authentication/HDF5 download required for historical GPM IMERG reanalysis,India_Flood_Inventory_v3 (UEI: UEI-IMD-FL-2000-0064),OSM Nominatim Geocoding,success,Copernicus DEM GLO-90 (Open-Meteo API Fallback) - Slope/relief unavailable due to API rate limits,Copernicus DEM GLO-90 (Open-Meteo API Fallback) - Slope/relief unavailable due to API rate limits,GSI landslide inventory only available for Tamil Nadu,NASA Earthdata authentication/HDF5 download required for historical GPM IMERG reanalysis
V2-POS-0106,2010-06-08,Kerala,Idukki,9.8154785,76.9991599,district,1,0.3,1.8,2.6,3.9,13.7,21.57,97.71,0.48,725.0,,,,,,,,Open-Meteo ERA5-Land Reanalysis,Copernicus DEM GLO-90 (Open-Meteo API Fallback) - Slope/relief unavailable due to API rate limits,GSI landslide inventory only available for Tamil Nadu,NASA Earthdata authentication/HDF5 download required for historical GPM IMERG reanalysis,India_Flood_Inventory_v3 (UEI: UEI-IMD-FL-2010-0066),OSM Nominatim Geocoding,success,Copernicus DEM GLO-90 (Open-Meteo API Fallback) - Slope/relief unavailable due to API rate limits,Copernicus DEM GLO-90 (Open-Meteo API Fallback) - Slope/relief unavailable due to API rate limits,GSI landslide inventory only available for Tamil Nadu,NASA Earthdata authentication/HDF5 download required for historical GPM IMERG reanalysis
V2-POS-0107,2023-08-23,Himachal Pradesh,Kangra,32.0768665,76.2985872,district,1,6.3,7.4,16.7,18.2,19.2,25.38,85.58,0.36,784.0,,,,,,,,Open-Meteo ERA5-Land Reanalysis,Copernicus DEM GLO-90 (Open-Meteo API Fallback) - Slope/relief unavailable due to API rate limits,GSI landslide inventory only available for Tamil Nadu,NASA Earthdata authentication/HDF5 download required for historical GPM IMERG reanalysis,India_Flood_Inventory_v3 (UEI: UEI-IMD-FL-2023-0328),OSM Nominatim Geocoding,success,Copernicus DEM GLO-90 (Open-Meteo API Fallback) - Slope/relief unavailable due to API rate limits,Copernicus DEM GLO-90 (Open-Meteo API Fallback) - Slope/relief unavailable due to API rate limits,GSI landslide inventory only available for Tamil Nadu,NASA Earthdata authentication/HDF5 download required for historical GPM IMERG reanalysis
V2-POS-0108,2001-06-12,Himachal Pradesh,Kullu,31.9579,77.1095,district,1,0.0,2.7,3.9,3.9,4.1,23.23,78.08,0.43,1229.0,,,,,,,,Open-Meteo ERA5-Land Reanalysis,Copernicus DEM GLO-90 (Open-Meteo API Fallback) - Slope/relief unavailable due to API rate limits,GSI landslide inventory only available for Tamil Nadu,NASA Earthdata authentication/HDF5 download required for historical GPM IMERG reanalysis,India_Flood_Inventory_v3 (UEI: UEI-IMD-FL-2001-0021),OSM Nominatim Geocoding,success,Copernicus DEM GLO-90 (Open-Meteo API Fallback) - Slope/relief unavailable due to API rate limits,Copernicus DEM GLO-90 (Open-Meteo API Fallback) - Slope/relief unavailable due to API rate limits,GSI landslide inventory only available for Tamil Nadu,NASA Earthdata authentication/HDF5 download required for historical GPM IMERG reanalysis
V2-POS-0109,2011-06-08,Himachal Pradesh,Shimla,31.1040393,77.1707923,town,1,0.0,0.0,0.0,0.0,2.0,18.32,56.92,0.37,2119.0,,,,,,,,Open-Meteo ERA5-Land Reanalysis,Copernicus DEM GLO-90 (Open-Meteo API Fallback) - Slope/relief unavailable due to API rate limits,GSI landslide inventory only available for Tamil Nadu,NASA Earthdata authentication/HDF5 download required for historical GPM IMERG reanalysis,India_Flood_Inventory_v3 (UEI: UEI-IMD-FL-2011-0020),OSM Nominatim Geocoding,success,Copernicus DEM GLO-90 (Open-Meteo API Fallback) - Slope/relief unavailable due to API rate limits,Copernicus DEM GLO-90 (Open-Meteo API Fallback) - Slope/relief unavailable due to API rate limits,GSI landslide inventory only available for Tamil Nadu,NASA Earthdata authentication/HDF5 download required for historical GPM IMERG reanalysis
V2-POS-0110,2013-09-17,Kerala,Thiruvananthapuram,8.4882267,76.947551,district,1,0.4,1.4,4.5,11.4,22.6,24.99,88.08,0.32,18.0,,,,,,,,Open-Meteo ERA5-Land Reanalysis,Copernicus DEM GLO-90 (Open-Meteo API Fallback) - Slope/relief unavailable due to API rate limits,GSI landslide inventory only available for Tamil Nadu,NASA Earthdata authentication/HDF5 download required for historical GPM IMERG reanalysis,India_Flood_Inventory_v3 (UEI: UEI-IMD-FL-2013-0089),OSM Nominatim Geocoding,success,Copernicus DEM GLO-90 (Open-Meteo API Fallback) - Slope/relief unavailable due to API rate limits,Copernicus DEM GLO-90 (Open-Meteo API Fallback) - Slope/relief unavailable due to API rate limits,GSI landslide inventory only available for Tamil Nadu,NASA Earthdata authentication/HDF5 download required for historical GPM IMERG reanalysis
V2-POS-0111,2019-10-22,Kerala,Thiruvananthapuram,8.4882267,76.947551,district,1,0.0,0.0,0.1,1.8,18.3,24.32,94.62,0.33,18.0,,,,,,,,Open-Meteo ERA5-Land Reanalysis,Copernicus DEM GLO-90 (Open-Meteo API Fallback) - Slope/relief unavailable due to API rate limits,GSI landslide inventory only available for Tamil Nadu,NASA Earthdata authentication/HDF5 download required for historical GPM IMERG reanalysis,India_Flood_Inventory_v3 (UEI: UEI-IMD-FL-2019-0075),OSM Nominatim Geocoding,success,Copernicus DEM GLO-90 (Open-Meteo API Fallback) - Slope/relief unavailable due to API rate limits,Copernicus DEM GLO-90 (Open-Meteo API Fallback) - Slope/relief unavailable due to API rate limits,GSI landslide inventory only available for Tamil Nadu,NASA Earthdata authentication/HDF5 download required for historical GPM IMERG reanalysis
V2-POS-0112,1987-12-17,Kerala,Kozhikode,11.2450558,75.7754716,district,1,0.0,0.1,1.0,1.2,2.2,26.19,82.67,0.23,9.0,,,,,,,,Open-Meteo ERA5-Land Reanalysis,Copernicus DEM GLO-90 (Open-Meteo API Fallback) - Slope/relief unavailable due to API rate limits,GSI landslide inventory only available for Tamil Nadu,NASA Earthdata authentication/HDF5 download required for historical GPM IMERG reanalysis,India_Flood_Inventory_v3 (UEI: UEI-IMD-FL-1987-0026),OSM Nominatim Geocoding,success,Copernicus DEM GLO-90 (Open-Meteo API Fallback) - Slope/relief unavailable due to API rate limits,Copernicus DEM GLO-90 (Open-Meteo API Fallback) - Slope/relief unavailable due to API rate limits,GSI landslide inventory only available for Tamil Nadu,NASA Earthdata authentication/HDF5 download required for historical GPM IMERG reanalysis
V2-POS-0113,1979-07-02,Kerala,Kannur,11.8763836,75.3737973,district,1,1.1,2.8,5.0,10.1,19.4,25.3,90.88,0.33,23.0,,,,,,,,Open-Meteo ERA5-Land Reanalysis,Copernicus DEM GLO-90 (Open-Meteo API Fallback) - Slope/relief unavailable due to API rate limits,GSI landslide inventory only available for Tamil Nadu,NASA Earthdata authentication/HDF5 download required for historical GPM IMERG reanalysis,India_Flood_Inventory_v3 (UEI: UEI-IMD-FL-1979-0023),OSM Nominatim Geocoding,success,Copernicus DEM GLO-90 (Open-Meteo API Fallback) - Slope/relief unavailable due to API rate limits,Copernicus DEM GLO-90 (Open-Meteo API Fallback) - Slope/relief unavailable due to API rate limits,GSI landslide inventory only available for Tamil Nadu,NASA Earthdata authentication/HDF5 download required for historical GPM IMERG reanalysis
V2-POS-0114,2022-11-01,Tamil Nadu,Chennai,13.0836939,80.270186,district,1,2.2,7.6,14.7,25.6,50.0,24.6,92.21,0.41,12.0,,,,,,261.138,0.0,Open-Meteo ERA5-Land Reanalysis,Copernicus DEM GLO-90 (Open-Meteo API Fallback) - Slope/relief unavailable due to API rate limits,Tamil Nadu GSI Landslide Inventory,NASA Earthdata authentication/HDF5 download required for historical GPM IMERG reanalysis,India_Flood_Inventory_v3 (UEI: UEI-IMD-FL-2022-0836),OSM Nominatim Geocoding,success,Copernicus DEM GLO-90 (Open-Meteo API Fallback) - Slope/relief unavailable due to API rate limits,Copernicus DEM GLO-90 (Open-Meteo API Fallback) - Slope/relief unavailable due to API rate limits,,NASA Earthdata authentication/HDF5 download required for historical GPM IMERG reanalysis
V2-POS-0115,1991-08-29,Himachal Pradesh,Hamirpur,31.6862,76.5213,district,1,0.2,2.0,4.4,4.4,11.1,23.69,90.08,0.41,779.0,,,,,,,,Open-Meteo ERA5-Land Reanalysis,Copernicus DEM GLO-90 (Open-Meteo API Fallback) - Slope/relief unavailable due to API rate limits,GSI landslide inventory only available for Tamil Nadu,NASA Earthdata authentication/HDF5 download required for historical GPM IMERG reanalysis,India_Flood_Inventory_v3 (UEI: UEI-IMD-FL-1991-0024),OSM Nominatim Geocoding,success,Copernicus DEM GLO-90 (Open-Meteo API Fallback) - Slope/relief unavailable due to API rate limits,Copernicus DEM GLO-90 (Open-Meteo API Fallback) - Slope/relief unavailable due to API rate limits,GSI landslide inventory only available for Tamil Nadu,NASA Earthdata authentication/HDF5 download required for historical GPM IMERG reanalysis
V2-POS-0116,2019-11-30,Tamil Nadu,Thanjavur,10.659037,79.2014278,district,1,0.1,1.4,3.9,4.6,12.4,25.66,89.62,0.38,38.0,,,,,,158.552,0.0,Open-Meteo ERA5-Land Reanalysis,Copernicus DEM GLO-90 (Open-Meteo API Fallback) - Slope/relief unavailable due to API rate limits,Tamil Nadu GSI Landslide Inventory,NASA Earthdata authentication/HDF5 download required for historical GPM IMERG reanalysis,India_Flood_Inventory_v3 (UEI: UEI-IMD-FL-2019-0135),OSM Nominatim Geocoding,success,Copernicus DEM GLO-90 (Open-Meteo API Fallback) - Slope/relief unavailable due to API rate limits,Copernicus DEM GLO-90 (Open-Meteo API Fallback) - Slope/relief unavailable due to API rate limits,,NASA Earthdata authentication/HDF5 download required for historical GPM IMERG reanalysis
V2-POS-0117,2023-07-23,Kerala,Wayanad,11.7151291,76.1271185,district,1,0.5,1.3,4.2,14.7,31.2,21.19,95.58,0.51,747.0,,,,,,,,Open-Meteo ERA5-Land Reanalysis,Copernicus DEM GLO-90 (Open-Meteo API Fallback) - Slope/relief unavailable due to API rate limits,GSI landslide inventory only available for Tamil Nadu,NASA Earthdata authentication/HDF5 download required for historical GPM IMERG reanalysis,India_Flood_Inventory_v3 (UEI: UEI-IMD-FL-2023-0356),OSM Nominatim Geocoding,success,Copernicus DEM GLO-90 (Open-Meteo API Fallback) - Slope/relief unavailable due to API rate limits,Copernicus DEM GLO-90 (Open-Meteo API Fallback) - Slope/relief unavailable due to API rate limits,GSI landslide inventory only available for Tamil Nadu,NASA Earthdata authentication/HDF5 download required for historical GPM IMERG reanalysis
V2-POS-0118,2001-06-13,Himachal Pradesh,Kullu,31.9578974,77.1089232,town,1,0.1,0.8,5.8,5.8,6.8,23.33,82.04,0.47,1235.0,,,,,,,,Open-Meteo ERA5-Land Reanalysis,Copernicus DEM GLO-90 (Open-Meteo API Fallback) - Slope/relief unavailable due to API rate limits,GSI landslide inventory only available for Tamil Nadu,NASA Earthdata authentication/HDF5 download required for historical GPM IMERG reanalysis,India_Flood_Inventory_v3 (UEI: UEI-IMD-FL-2001-0022),OSM Nominatim Geocoding,success,Copernicus DEM GLO-90 (Open-Meteo API Fallback) - Slope/relief unavailable due to API rate limits,Copernicus DEM GLO-90 (Open-Meteo API Fallback) - Slope/relief unavailable due to API rate limits,GSI landslide inventory only available for Tamil Nadu,NASA Earthdata authentication/HDF5 download required for historical GPM IMERG reanalysis
V2-POS-0119,2003-10-02,Kerala,Thrissur,10.5270099,76.214621,district,1,1.1,6.0,12.2,17.6,44.7,25.71,88.46,0.47,24.0,,,,,,,,Open-Meteo ERA5-Land Reanalysis,Copernicus DEM GLO-90 (Open-Meteo API Fallback) - Slope/relief unavailable due to API rate limits,GSI landslide inventory only available for Tamil Nadu,NASA Earthdata authentication/HDF5 download required for historical GPM IMERG reanalysis,India_Flood_Inventory_v3 (UEI: UEI-IMD-FL-2003-0049),OSM Nominatim Geocoding,success,Copernicus DEM GLO-90 (Open-Meteo API Fallback) - Slope/relief unavailable due to API rate limits,Copernicus DEM GLO-90 (Open-Meteo API Fallback) - Slope/relief unavailable due to API rate limits,GSI landslide inventory only available for Tamil Nadu,NASA Earthdata authentication/HDF5 download required for historical GPM IMERG reanalysis
V2-POS-0120,2007-06-14,Kerala,Kasaragod,12.4221964,75.1904446,district,1,0.0,0.0,0.4,1.4,18.1,26.35,86.54,0.46,95.0,,,,,,,,Open-Meteo ERA5-Land Reanalysis,Copernicus DEM GLO-90 (Open-Meteo API Fallback) - Slope/relief unavailable due to API rate limits,GSI landslide inventory only available for Tamil Nadu,NASA Earthdata authentication/HDF5 download required for historical GPM IMERG reanalysis,India_Flood_Inventory_v3 (UEI: UEI-IMD-FL-2007-0081),OSM Nominatim Geocoding,success,Copernicus DEM GLO-90 (Open-Meteo API Fallback) - Slope/relief unavailable due to API rate limits,Copernicus DEM GLO-90 (Open-Meteo API Fallback) - Slope/relief unavailable due to API rate limits,GSI landslide inventory only available for Tamil Nadu,NASA Earthdata authentication/HDF5 download required for historical GPM IMERG reanalysis
V2-POS-0121,2012-04-09,Kerala,Wayanad,31.4684,76.2708,district,1,0.0,0.0,0.0,0.0,0.0,24.96,46.46,0.05,377.0,,,,,,,,Open-Meteo ERA5-Land Reanalysis,Copernicus DEM GLO-90 (Open-Meteo API Fallback) - Slope/relief unavailable due to API rate limits,GSI landslide inventory only available for Tamil Nadu,NASA Earthdata authentication/HDF5 download required for historical GPM IMERG reanalysis,India_Flood_Inventory_v3 (UEI: UEI-IMD-FL-2012-0046),OSM Nominatim Geocoding,success,Copernicus DEM GLO-90 (Open-Meteo API Fallback) - Slope/relief unavailable due to API rate limits,Copernicus DEM GLO-90 (Open-Meteo API Fallback) - Slope/relief unavailable due to API rate limits,GSI landslide inventory only available for Tamil Nadu,NASA Earthdata authentication/HDF5 download required for historical GPM IMERG reanalysis
V2-POS-0122,1991-10-25,Himachal Pradesh,Hamirpur,31.6539866,76.5403633,district,1,0.0,0.0,0.0,0.0,0.0,16.93,62.58,0.16,755.0,,,,,,,,Open-Meteo ERA5-Land Reanalysis,Copernicus DEM GLO-90 (Open-Meteo API Fallback) - Slope/relief unavailable due to API rate limits,GSI landslide inventory only available for Tamil Nadu,NASA Earthdata authentication/HDF5 download required for historical GPM IMERG reanalysis,India_Flood_Inventory_v3 (UEI: UEI-IMD-FL-1991-0106),OSM Nominatim Geocoding,success,Copernicus DEM GLO-90 (Open-Meteo API Fallback) - Slope/relief unavailable due to API rate limits,Copernicus DEM GLO-90 (Open-Meteo API Fallback) - Slope/relief unavailable due to API rate limits,GSI landslide inventory only available for Tamil Nadu,NASA Earthdata authentication/HDF5 download required for historical GPM IMERG reanalysis
V2-POS-0123,2022-10-21,Tamil Nadu,Erode,11.4905282,77.3505274,district,1,0.0,0.0,1.8,6.9,8.3,24.81,87.62,0.37,215.0,,,,,,31.924,0.0,Open-Meteo ERA5-Land Reanalysis,Copernicus DEM GLO-90 (Open-Meteo API Fallback) - Slope/relief unavailable due to API rate limits,Tamil Nadu GSI Landslide Inventory,NASA Earthdata authentication/HDF5 download required for historical GPM IMERG reanalysis,India_Flood_Inventory_v3 (UEI: UEI-IMD-FL-2022-0835),OSM Nominatim Geocoding,success,Copernicus DEM GLO-90 (Open-Meteo API Fallback) - Slope/relief unavailable due to API rate limits,Copernicus DEM GLO-90 (Open-Meteo API Fallback) - Slope/relief unavailable due to API rate limits,,NASA Earthdata authentication/HDF5 download required for historical GPM IMERG reanalysis
V2-POS-0124,2001-07-03,Himachal Pradesh,Kinnaur,31.651,78.4754,district,1,0.0,0.0,0.0,0.0,3.5,12.6,84.29,0.14,3551.0,,,,,,,,Open-Meteo ERA5-Land Reanalysis,Copernicus DEM GLO-90 (Open-Meteo API Fallback) - Slope/relief unavailable due to API rate limits,GSI landslide inventory only available for Tamil Nadu,NASA Earthdata authentication/HDF5 download required for historical GPM IMERG reanalysis,India_Flood_Inventory_v3 (UEI: UEI-IMD-FL-2001-0023),OSM Nominatim Geocoding,success,Copernicus DEM GLO-90 (Open-Meteo API Fallback) - Slope/relief unavailable due to API rate limits,Copernicus DEM GLO-90 (Open-Meteo API Fallback) - Slope/relief unavailable due to API rate limits,GSI landslide inventory only available for Tamil Nadu,NASA Earthdata authentication/HDF5 download required for historical GPM IMERG reanalysis
V2-POS-0125,2005-07-15,Himachal Pradesh,Shimla,31.1048,77.1734,district,1,0.0,0.2,1.7,3.3,14.5,16.72,93.58,0.47,2195.0,,,,,,,,Open-Meteo ERA5-Land Reanalysis,Copernicus DEM GLO-90 (Open-Meteo API Fallback) - Slope/relief unavailable due to API rate limits,GSI landslide inventory only available for Tamil Nadu,NASA Earthdata authentication/HDF5 download required for historical GPM IMERG reanalysis,India_Flood_Inventory_v3 (UEI: UEI-IMD-FL-2005-0033),OSM Nominatim Geocoding,success,Copernicus DEM GLO-90 (Open-Meteo API Fallback) - Slope/relief unavailable due to API rate limits,Copernicus DEM GLO-90 (Open-Meteo API Fallback) - Slope/relief unavailable due to API rate limits,GSI landslide inventory only available for Tamil Nadu,NASA Earthdata authentication/HDF5 download required for historical GPM IMERG reanalysis
V2-POS-0126,2021-10-12,Kerala,Thrissur,10.5270099,76.214621,district,1,1.5,4.8,8.4,15.8,32.7,25.03,93.67,0.51,24.0,,,,,,,,Open-Meteo ERA5-Land Reanalysis,Copernicus DEM GLO-90 (Open-Meteo API Fallback) - Slope/relief unavailable due to API rate limits,GSI landslide inventory only available for Tamil Nadu,NASA Earthdata authentication/HDF5 download required for historical GPM IMERG reanalysis,India_Flood_Inventory_v3 (UEI: UEI-IMD-FL-2021-0097),OSM Nominatim Geocoding,success,Copernicus DEM GLO-90 (Open-Meteo API Fallback) - Slope/relief unavailable due to API rate limits,Copernicus DEM GLO-90 (Open-Meteo API Fallback) - Slope/relief unavailable due to API rate limits,GSI landslide inventory only available for Tamil Nadu,NASA Earthdata authentication/HDF5 download required for historical GPM IMERG reanalysis
V2-POS-0127,1980-07-01,Tamil Nadu,Coimbatore,11.3594555,76.9378266,village,1,0.8,2.2,3.2,5.0,9.0,21.89,90.5,0.4,930.0,,,,,,0.006,146.0,Open-Meteo ERA5-Land Reanalysis,Copernicus DEM GLO-90 (Open-Meteo API Fallback) - Slope/relief unavailable due to API rate limits,Tamil Nadu GSI Landslide Inventory,NASA Earthdata authentication/HDF5 download required for historical GPM IMERG reanalysis,India_Flood_Inventory_v3 (UEI: UEI-IMD-FL-1980-0052),OSM Nominatim Geocoding,success,Copernicus DEM GLO-90 (Open-Meteo API Fallback) - Slope/relief unavailable due to API rate limits,Copernicus DEM GLO-90 (Open-Meteo API Fallback) - Slope/relief unavailable due to API rate limits,,NASA Earthdata authentication/HDF5 download required for historical GPM IMERG reanalysis
V2-POS-0128,2005-07-01,Kerala,Kozhikode,11.3889112,75.7600406,town,1,1.9,7.5,12.7,37.4,50.8,24.92,91.96,0.5,13.0,,,,,,,,Open-Meteo ERA5-Land Reanalysis,Copernicus DEM GLO-90 (Open-Meteo API Fallback) - Slope/relief unavailable due to API rate limits,GSI landslide inventory only available for Tamil Nadu,NASA Earthdata authentication/HDF5 download required for historical GPM IMERG reanalysis,India_Flood_Inventory_v3 (UEI: UEI-IMD-FL-2005-0077),OSM Nominatim Geocoding,success,Copernicus DEM GLO-90 (Open-Meteo API Fallback) - Slope/relief unavailable due to API rate limits,Copernicus DEM GLO-90 (Open-Meteo API Fallback) - Slope/relief unavailable due to API rate limits,GSI landslide inventory only available for Tamil Nadu,NASA Earthdata authentication/HDF5 download required for historical GPM IMERG reanalysis
V2-POS-0129,2022-07-06,Himachal Pradesh,Kullu,31.9578974,77.1089232,town,1,0.0,0.0,1.1,1.3,3.3,26.26,83.92,0.41,1235.0,,,,,,,,Open-Meteo ERA5-Land Reanalysis,Copernicus DEM GLO-90 (Open-Meteo API Fallback) - Slope/relief unavailable due to API rate limits,GSI landslide inventory only available for Tamil Nadu,NASA Earthdata authentication/HDF5 download required for historical GPM IMERG reanalysis,India_Flood_Inventory_v3 (UEI: UEI-IMD-FL-2022-0454),OSM Nominatim Geocoding,success,Copernicus DEM GLO-90 (Open-Meteo API Fallback) - Slope/relief unavailable due to API rate limits,Copernicus DEM GLO-90 (Open-Meteo API Fallback) - Slope/relief unavailable due to API rate limits,GSI landslide inventory only available for Tamil Nadu,NASA Earthdata authentication/HDF5 download required for historical GPM IMERG reanalysis
V2-POS-0130,2022-07-31,Himachal Pradesh,Mandi,31.5892,76.9182,district,1,0.0,0.0,0.0,0.7,4.9,24.62,91.17,0.4,812.0,,,,,,,,Open-Meteo ERA5-Land Reanalysis,Copernicus DEM GLO-90 (Open-Meteo API Fallback) - Slope/relief unavailable due to API rate limits,GSI landslide inventory only available for Tamil Nadu,NASA Earthdata authentication/HDF5 download required for historical GPM IMERG reanalysis,India_Flood_Inventory_v3 (UEI: UEI-IMD-FL-2022-0460),OSM Nominatim Geocoding,success,Copernicus DEM GLO-90 (Open-Meteo API Fallback) - Slope/relief unavailable due to API rate limits,Copernicus DEM GLO-90 (Open-Meteo API Fallback) - Slope/relief unavailable due to API rate limits,GSI landslide inventory only available for Tamil Nadu,NASA Earthdata authentication/HDF5 download required for historical GPM IMERG reanalysis
V2-POS-0131,2006-11-04,Kerala,Wayanad,11.7151291,76.1271185,district,1,0.2,0.2,0.4,5.5,8.7,21.76,92.92,0.49,747.0,,,,,,,,Open-Meteo ERA5-Land Reanalysis,Copernicus DEM GLO-90 (Open-Meteo API Fallback) - Slope/relief unavailable due to API rate limits,GSI landslide inventory only available for Tamil Nadu,NASA Earthdata authentication/HDF5 download required for historical GPM IMERG reanalysis,India_Flood_Inventory_v3 (UEI: UEI-IMD-FL-2006-0060),OSM Nominatim Geocoding,success,Copernicus DEM GLO-90 (Open-Meteo API Fallback) - Slope/relief unavailable due to API rate limits,Copernicus DEM GLO-90 (Open-Meteo API Fallback) - Slope/relief unavailable due to API rate limits,GSI landslide inventory only available for Tamil Nadu,NASA Earthdata authentication/HDF5 download required for historical GPM IMERG reanalysis
V2-POS-0132,1987-11-09,Kerala,Kozhikode,11.2450558,75.7754716,district,1,6.7,23.8,61.3,97.2,102.9,26.11,87.58,0.32,9.0,,,,,,,,Open-Meteo ERA5-Land Reanalysis,Copernicus DEM GLO-90 (Open-Meteo API Fallback) - Slope/relief unavailable due to API rate limits,GSI landslide inventory only available for Tamil Nadu,NASA Earthdata authentication/HDF5 download required for historical GPM IMERG reanalysis,India_Flood_Inventory_v3 (UEI: UEI-IMD-FL-1987-0023),OSM Nominatim Geocoding,success,Copernicus DEM GLO-90 (Open-Meteo API Fallback) - Slope/relief unavailable due to API rate limits,Copernicus DEM GLO-90 (Open-Meteo API Fallback) - Slope/relief unavailable due to API rate limits,GSI landslide inventory only available for Tamil Nadu,NASA Earthdata authentication/HDF5 download required for historical GPM IMERG reanalysis
V2-POS-0133,2022-06-16,Kerala,Wayanad,11.7151291,76.1271185,district,1,0.0,0.0,0.0,1.5,14.6,22.54,91.58,0.47,747.0,,,,,,,,Open-Meteo ERA5-Land Reanalysis,Copernicus DEM GLO-90 (Open-Meteo API Fallback) - Slope/relief unavailable due to API rate limits,GSI landslide inventory only available for Tamil Nadu,NASA Earthdata authentication/HDF5 download required for historical GPM IMERG reanalysis,India_Flood_Inventory_v3 (UEI: UEI-IMD-FL-2022-0544),OSM Nominatim Geocoding,success,Copernicus DEM GLO-90 (Open-Meteo API Fallback) - Slope/relief unavailable due to API rate limits,Copernicus DEM GLO-90 (Open-Meteo API Fallback) - Slope/relief unavailable due to API rate limits,GSI landslide inventory only available for Tamil Nadu,NASA Earthdata authentication/HDF5 download required for historical GPM IMERG reanalysis
V2-POS-0134,2006-11-18,Tamil Nadu,Nagapattinam,10.6026203,79.7619348,district,1,3.5,9.6,16.3,24.8,28.5,25.37,88.12,0.34,1.0,,,,,,208.548,0.0,Open-Meteo ERA5-Land Reanalysis,Copernicus DEM GLO-90 (Open-Meteo API Fallback) - Slope/relief unavailable due to API rate limits,Tamil Nadu GSI Landslide Inventory,NASA Earthdata authentication/HDF5 download required for historical GPM IMERG reanalysis,India_Flood_Inventory_v3 (UEI: UEI-IMD-FL-2006-0105),OSM Nominatim Geocoding,success,Copernicus DEM GLO-90 (Open-Meteo API Fallback) - Slope/relief unavailable due to API rate limits,Copernicus DEM GLO-90 (Open-Meteo API Fallback) - Slope/relief unavailable due to API rate limits,,NASA Earthdata authentication/HDF5 download required for historical GPM IMERG reanalysis
V2-POS-0135,2019-10-07,Kerala,Kottayam,9.6287383,76.6455326,district,1,0.0,1.9,2.2,2.2,7.9,25.35,91.79,0.5,51.0,,,,,,,,Open-Meteo ERA5-Land Reanalysis,Copernicus DEM GLO-90 (Open-Meteo API Fallback) - Slope/relief unavailable due to API rate limits,GSI landslide inventory only available for Tamil Nadu,NASA Earthdata authentication/HDF5 download required for historical GPM IMERG reanalysis,India_Flood_Inventory_v3 (UEI: UEI-IMD-FL-2019-0059),OSM Nominatim Geocoding,success,Copernicus DEM GLO-90 (Open-Meteo API Fallback) - Slope/relief unavailable due to API rate limits,Copernicus DEM GLO-90 (Open-Meteo API Fallback) - Slope/relief unavailable due to API rate limits,GSI landslide inventory only available for Tamil Nadu,NASA Earthdata authentication/HDF5 download required for historical GPM IMERG reanalysis
V2-POS-0136,2023-08-14,Himachal Pradesh,Shimla,31.1040393,77.1707923,town,1,6.0,8.1,8.7,10.2,23.7,17.4,95.12,0.51,2119.0,,,,,,,,Open-Meteo ERA5-Land Reanalysis,Copernicus DEM GLO-90 (Open-Meteo API Fallback) - Slope/relief unavailable due to API rate limits,GSI landslide inventory only available for Tamil Nadu,NASA Earthdata authentication/HDF5 download required for historical GPM IMERG reanalysis,India_Flood_Inventory_v3 (UEI: UEI-IMD-FL-2023-0318),OSM Nominatim Geocoding,success,Copernicus DEM GLO-90 (Open-Meteo API Fallback) - Slope/relief unavailable due to API rate limits,Copernicus DEM GLO-90 (Open-Meteo API Fallback) - Slope/relief unavailable due to API rate limits,GSI landslide inventory only available for Tamil Nadu,NASA Earthdata authentication/HDF5 download required for historical GPM IMERG reanalysis
V2-POS-0137,2007-06-07,Kerala,Wayanad,11.7151291,76.1271185,district,1,0.0,0.7,1.8,3.7,9.3,23.65,91.5,0.48,747.0,,,,,,,,Open-Meteo ERA5-Land Reanalysis,Copernicus DEM GLO-90 (Open-Meteo API Fallback) - Slope/relief unavailable due to API rate limits,GSI landslide inventory only available for Tamil Nadu,NASA Earthdata authentication/HDF5 download required for historical GPM IMERG reanalysis,India_Flood_Inventory_v3 (UEI: UEI-IMD-FL-2007-0079),OSM Nominatim Geocoding,success,Copernicus DEM GLO-90 (Open-Meteo API Fallback) - Slope/relief unavailable due to API rate limits,Copernicus DEM GLO-90 (Open-Meteo API Fallback) - Slope/relief unavailable due to API rate limits,GSI landslide inventory only available for Tamil Nadu,NASA Earthdata authentication/HDF5 download required for historical GPM IMERG reanalysis
V2-POS-0138,2022-05-29,Himachal Pradesh,Mandi,31.5892,76.9182,district,1,0.0,0.0,0.0,9.6,9.6,26.35,63.12,0.19,812.0,,,,,,,,Open-Meteo ERA5-Land Reanalysis,Copernicus DEM GLO-90 (Open-Meteo API Fallback) - Slope/relief unavailable due to API rate limits,GSI landslide inventory only available for Tamil Nadu,NASA Earthdata authentication/HDF5 download required for historical GPM IMERG reanalysis,India_Flood_Inventory_v3 (UEI: UEI-IMD-FL-2022-0442),OSM Nominatim Geocoding,success,Copernicus DEM GLO-90 (Open-Meteo API Fallback) - Slope/relief unavailable due to API rate limits,Copernicus DEM GLO-90 (Open-Meteo API Fallback) - Slope/relief unavailable due to API rate limits,GSI landslide inventory only available for Tamil Nadu,NASA Earthdata authentication/HDF5 download required for historical GPM IMERG reanalysis
V2-POS-0139,2013-06-02,Kerala,Thiruvananthapuram,8.4882267,76.947551,district,1,0.6,1.6,3.4,7.9,18.3,25.22,89.25,0.33,18.0,,,,,,,,Open-Meteo ERA5-Land Reanalysis,Copernicus DEM GLO-90 (Open-Meteo API Fallback) - Slope/relief unavailable due to API rate limits,GSI landslide inventory only available for Tamil Nadu,NASA Earthdata authentication/HDF5 download required for historical GPM IMERG reanalysis,India_Flood_Inventory_v3 (UEI: UEI-IMD-FL-2013-0068),OSM Nominatim Geocoding,success,Copernicus DEM GLO-90 (Open-Meteo API Fallback) - Slope/relief unavailable due to API rate limits,Copernicus DEM GLO-90 (Open-Meteo API Fallback) - Slope/relief unavailable due to API rate limits,GSI landslide inventory only available for Tamil Nadu,NASA Earthdata authentication/HDF5 download required for historical GPM IMERG reanalysis
V2-POS-0140,2001-07-29,Himachal Pradesh,Kangra,32.1001,76.2691,district,1,0.6,1.0,1.2,2.0,5.8,23.72,89.88,0.41,764.0,,,,,,,,Open-Meteo ERA5-Land Reanalysis,Copernicus DEM GLO-90 (Open-Meteo API Fallback) - Slope/relief unavailable due to API rate limits,GSI landslide inventory only available for Tamil Nadu,NASA Earthdata authentication/HDF5 download required for historical GPM IMERG reanalysis,India_Flood_Inventory_v3 (UEI: UEI-IMD-FL-2001-0025),OSM Nominatim Geocoding,success,Copernicus DEM GLO-90 (Open-Meteo API Fallback) - Slope/relief unavailable due to API rate limits,Copernicus DEM GLO-90 (Open-Meteo API Fallback) - Slope/relief unavailable due to API rate limits,GSI landslide inventory only available for Tamil Nadu,NASA Earthdata authentication/HDF5 download required for historical GPM IMERG reanalysis
V2-POS-0141,2020-03-05,Kerala,Pathanamthitta,9.2780841,76.9737443,district,1,3.0,5.0,5.0,5.2,7.1,25.12,82.79,0.45,469.0,,,,,,,,Open-Meteo ERA5-Land Reanalysis,Copernicus DEM GLO-90 (Open-Meteo API Fallback) - Slope/relief unavailable due to API rate limits,GSI landslide inventory only available for Tamil Nadu,NASA Earthdata authentication/HDF5 download required for historical GPM IMERG reanalysis,India_Flood_Inventory_v3 (UEI: UEI-IMD-FL-2020-0046),OSM Nominatim Geocoding,success,Copernicus DEM GLO-90 (Open-Meteo API Fallback) - Slope/relief unavailable due to API rate limits,Copernicus DEM GLO-90 (Open-Meteo API Fallback) - Slope/relief unavailable due to API rate limits,GSI landslide inventory only available for Tamil Nadu,NASA Earthdata authentication/HDF5 download required for historical GPM IMERG reanalysis
V2-POS-0142,2018-04-22,Kerala,Wayanad,11.7151291,76.1271185,district,1,0.0,0.0,0.0,4.3,14.2,24.89,82.54,0.42,747.0,,,,,,,,Open-Meteo ERA5-Land Reanalysis,Copernicus DEM GLO-90 (Open-Meteo API Fallback) - Slope/relief unavailable due to API rate limits,GSI landslide inventory only available for Tamil Nadu,NASA Earthdata authentication/HDF5 download required for historical GPM IMERG reanalysis,India_Flood_Inventory_v3 (UEI: UEI-IMD-FL-2018-0031),OSM Nominatim Geocoding,success,Copernicus DEM GLO-90 (Open-Meteo API Fallback) - Slope/relief unavailable due to API rate limits,Copernicus DEM GLO-90 (Open-Meteo API Fallback) - Slope/relief unavailable due to API rate limits,GSI landslide inventory only available for Tamil Nadu,NASA Earthdata authentication/HDF5 download required for historical GPM IMERG reanalysis
V2-POS-0143,2002-06-26,Himachal Pradesh,Kangra,32.0768665,76.2985872,district,1,0.0,0.0,0.0,0.0,1.8,25.25,79.46,0.31,784.0,,,,,,,,Open-Meteo ERA5-Land Reanalysis,Copernicus DEM GLO-90 (Open-Meteo API Fallback) - Slope/relief unavailable due to API rate limits,GSI landslide inventory only available for Tamil Nadu,NASA Earthdata authentication/HDF5 download required for historical GPM IMERG reanalysis,India_Flood_Inventory_v3 (UEI: UEI-IMD-FL-2002-0018),OSM Nominatim Geocoding,success,Copernicus DEM GLO-90 (Open-Meteo API Fallback) - Slope/relief unavailable due to API rate limits,Copernicus DEM GLO-90 (Open-Meteo API Fallback) - Slope/relief unavailable due to API rate limits,GSI landslide inventory only available for Tamil Nadu,NASA Earthdata authentication/HDF5 download required for historical GPM IMERG reanalysis
V2-POS-0144,1978-11-22,Tamil Nadu,The Nilgiris,11.4,76.7,district,1,0.0,0.0,0.0,0.0,0.0,15.52,61.92,0.32,2214.0,,,,,,0.892,168.0,Open-Meteo ERA5-Land Reanalysis,Copernicus DEM GLO-90 (Open-Meteo API Fallback) - Slope/relief unavailable due to API rate limits,Tamil Nadu GSI Landslide Inventory,NASA Earthdata authentication/HDF5 download required for historical GPM IMERG reanalysis,India_Flood_Inventory_v3 (UEI: UEI-IMD-FL-1978-0056),OSM Nominatim Geocoding,success,Copernicus DEM GLO-90 (Open-Meteo API Fallback) - Slope/relief unavailable due to API rate limits,Copernicus DEM GLO-90 (Open-Meteo API Fallback) - Slope/relief unavailable due to API rate limits,,NASA Earthdata authentication/HDF5 download required for historical GPM IMERG reanalysis
V2-POS-0145,2016-07-21,Uttarakhand,Dehradun,30.3255646,78.0436813,district,1,0.0,0.0,0.2,0.3,0.9,26.52,81.62,0.37,678.0,,,,,,,,Open-Meteo ERA5-Land Reanalysis,Copernicus DEM GLO-90 (Open-Meteo API Fallback) - Slope/relief unavailable due to API rate limits,GSI landslide inventory only available for Tamil Nadu,NASA Earthdata authentication/HDF5 download required for historical GPM IMERG reanalysis,India_Flood_Inventory_v3 (UEI: UEI-IMD-FL-2016-0131),OSM Nominatim Geocoding,success,Copernicus DEM GLO-90 (Open-Meteo API Fallback) - Slope/relief unavailable due to API rate limits,Copernicus DEM GLO-90 (Open-Meteo API Fallback) - Slope/relief unavailable due to API rate limits,GSI landslide inventory only available for Tamil Nadu,NASA Earthdata authentication/HDF5 download required for historical GPM IMERG reanalysis
V2-POS-0146,1989-07-21,Kerala,Thiruvananthapuram,8.76,77.115,village,1,0.7,1.8,3.0,5.3,11.6,20.07,92.58,0.49,978.0,,,,,,,,Open-Meteo ERA5-Land Reanalysis,Copernicus DEM GLO-90 (Open-Meteo API Fallback) - Slope/relief unavailable due to API rate limits,GSI landslide inventory only available for Tamil Nadu,NASA Earthdata authentication/HDF5 download required for historical GPM IMERG reanalysis,India_Flood_Inventory_v3 (UEI: UEI-IMD-FL-1989-0033),OSM Nominatim Geocoding,success,Copernicus DEM GLO-90 (Open-Meteo API Fallback) - Slope/relief unavailable due to API rate limits,Copernicus DEM GLO-90 (Open-Meteo API Fallback) - Slope/relief unavailable due to API rate limits,GSI landslide inventory only available for Tamil Nadu,NASA Earthdata authentication/HDF5 download required for historical GPM IMERG reanalysis
V2-POS-0147,2008-05-23,Himachal Pradesh,Chamba,32.6923316,76.1631552,district,1,0.0,0.0,0.0,1.2,3.4,12.06,82.08,0.44,2393.0,,,,,,,,Open-Meteo ERA5-Land Reanalysis,Copernicus DEM GLO-90 (Open-Meteo API Fallback) - Slope/relief unavailable due to API rate limits,GSI landslide inventory only available for Tamil Nadu,NASA Earthdata authentication/HDF5 download required for historical GPM IMERG reanalysis,India_Flood_Inventory_v3 (UEI: UEI-IMD-FL-2008-0035),OSM Nominatim Geocoding,success,Copernicus DEM GLO-90 (Open-Meteo API Fallback) - Slope/relief unavailable due to API rate limits,Copernicus DEM GLO-90 (Open-Meteo API Fallback) - Slope/relief unavailable due to API rate limits,GSI landslide inventory only available for Tamil Nadu,NASA Earthdata authentication/HDF5 download required for historical GPM IMERG reanalysis
V2-POS-0148,2022-06-29,Himachal Pradesh,Shimla,31.1040393,77.1707923,town,1,0.1,0.1,0.1,0.2,3.0,19.4,85.54,0.42,2119.0,,,,,,,,Open-Meteo ERA5-Land Reanalysis,Copernicus DEM GLO-90 (Open-Meteo API Fallback) - Slope/relief unavailable due to API rate limits,GSI landslide inventory only available for Tamil Nadu,NASA Earthdata authentication/HDF5 download required for historical GPM IMERG reanalysis,India_Flood_Inventory_v3 (UEI: UEI-IMD-FL-2022-0450),OSM Nominatim Geocoding,success,Copernicus DEM GLO-90 (Open-Meteo API Fallback) - Slope/relief unavailable due to API rate limits,Copernicus DEM GLO-90 (Open-Meteo API Fallback) - Slope/relief unavailable due to API rate limits,GSI landslide inventory only available for Tamil Nadu,NASA Earthdata authentication/HDF5 download required for historical GPM IMERG reanalysis
V2-POS-0149,2020-03-07,Kerala,Kozhikode,11.4090239,76.0410603,village,1,0.2,0.8,0.8,0.8,0.8,28.66,64.5,0.28,44.0,,,,,,,,Open-Meteo ERA5-Land Reanalysis,Copernicus DEM GLO-90 (Open-Meteo API Fallback) - Slope/relief unavailable due to API rate limits,GSI landslide inventory only available for Tamil Nadu,NASA Earthdata authentication/HDF5 download required for historical GPM IMERG reanalysis,India_Flood_Inventory_v3 (UEI: UEI-IMD-FL-2020-0051),OSM Nominatim Geocoding,success,Copernicus DEM GLO-90 (Open-Meteo API Fallback) - Slope/relief unavailable due to API rate limits,Copernicus DEM GLO-90 (Open-Meteo API Fallback) - Slope/relief unavailable due to API rate limits,GSI landslide inventory only available for Tamil Nadu,NASA Earthdata authentication/HDF5 download required for historical GPM IMERG reanalysis
V2-POS-0150,2021-08-29,Uttarakhand,Pithoragarh,29.585871,80.215167,district,1,0.0,0.3,1.1,1.2,11.0,19.1,93.79,0.5,1602.0,,,,,,,,Open-Meteo ERA5-Land Reanalysis,Copernicus DEM GLO-90 (Open-Meteo API Fallback) - Slope/relief unavailable due to API rate limits,GSI landslide inventory only available for Tamil Nadu,NASA Earthdata authentication/HDF5 download required for historical GPM IMERG reanalysis,India_Flood_Inventory_v3 (UEI: UEI-IMD-FL-2021-0311),OSM Nominatim Geocoding,success,Copernicus DEM GLO-90 (Open-Meteo API Fallback) - Slope/relief unavailable due to API rate limits,Copernicus DEM GLO-90 (Open-Meteo API Fallback) - Slope/relief unavailable due to API rate limits,GSI landslide inventory only available for Tamil Nadu,NASA Earthdata authentication/HDF5 download required for historical GPM IMERG reanalysis
V2-POS-0151,1971-05-08,Kerala,Thrissur,10.5270099,76.214621,district,1,0.0,0.0,0.0,0.0,0.0,28.49,70.92,0.37,24.0,,,,,,,,Open-Meteo ERA5-Land Reanalysis,Copernicus DEM GLO-90 (Open-Meteo API Fallback) - Slope/relief unavailable due to API rate limits,GSI landslide inventory only available for Tamil Nadu,NASA Earthdata authentication/HDF5 download required for historical GPM IMERG reanalysis,India_Flood_Inventory_v3 (UEI: UEI-IMD-FL-1971-0002),OSM Nominatim Geocoding,success,Copernicus DEM GLO-90 (Open-Meteo API Fallback) - Slope/relief unavailable due to API rate limits,Copernicus DEM GLO-90 (Open-Meteo API Fallback) - Slope/relief unavailable due to API rate limits,GSI landslide inventory only available for Tamil Nadu,NASA Earthdata authentication/HDF5 download required for historical GPM IMERG reanalysis
V2-POS-0152,2023-07-09,Himachal Pradesh,Chamba,32.6923316,76.1631552,district,1,6.2,16.5,31.5,44.6,63.7,15.08,81.54,0.51,2393.0,,,,,,,,Open-Meteo ERA5-Land Reanalysis,Copernicus DEM GLO-90 (Open-Meteo API Fallback) - Slope/relief unavailable due to API rate limits,GSI landslide inventory only available for Tamil Nadu,NASA Earthdata authentication/HDF5 download required for historical GPM IMERG reanalysis,India_Flood_Inventory_v3 (UEI: UEI-IMD-FL-2023-0296),OSM Nominatim Geocoding,success,Copernicus DEM GLO-90 (Open-Meteo API Fallback) - Slope/relief unavailable due to API rate limits,Copernicus DEM GLO-90 (Open-Meteo API Fallback) - Slope/relief unavailable due to API rate limits,GSI landslide inventory only available for Tamil Nadu,NASA Earthdata authentication/HDF5 download required for historical GPM IMERG reanalysis
V2-POS-0153,2023-07-23,Kerala,Thrissur,10.5270099,76.214621,district,1,0.1,0.3,3.7,14.3,20.0,25.25,89.29,0.51,24.0,,,,,,,,Open-Meteo ERA5-Land Reanalysis,Copernicus DEM GLO-90 (Open-Meteo API Fallback) - Slope/relief unavailable due to API rate limits,GSI landslide inventory only available for Tamil Nadu,NASA Earthdata authentication/HDF5 download required for historical GPM IMERG reanalysis,India_Flood_Inventory_v3 (UEI: UEI-IMD-FL-2023-0355),OSM Nominatim Geocoding,success,Copernicus DEM GLO-90 (Open-Meteo API Fallback) - Slope/relief unavailable due to API rate limits,Copernicus DEM GLO-90 (Open-Meteo API Fallback) - Slope/relief unavailable due to API rate limits,GSI landslide inventory only available for Tamil Nadu,NASA Earthdata authentication/HDF5 download required for historical GPM IMERG reanalysis
V2-POS-0154,2019-03-12,Kerala,Wayanad,11.7151291,76.1271185,district,1,0.0,0.0,0.1,0.1,0.6,24.4,76.75,0.31,747.0,,,,,,,,Open-Meteo ERA5-Land Reanalysis,Copernicus DEM GLO-90 (Open-Meteo API Fallback) - Slope/relief unavailable due to API rate limits,GSI landslide inventory only available for Tamil Nadu,NASA Earthdata authentication/HDF5 download required for historical GPM IMERG reanalysis,India_Flood_Inventory_v3 (UEI: UEI-IMD-FL-2019-0081),OSM Nominatim Geocoding,success,Copernicus DEM GLO-90 (Open-Meteo API Fallback) - Slope/relief unavailable due to API rate limits,Copernicus DEM GLO-90 (Open-Meteo API Fallback) - Slope/relief unavailable due to API rate limits,GSI landslide inventory only available for Tamil Nadu,NASA Earthdata authentication/HDF5 download required for historical GPM IMERG reanalysis
V2-POS-0155,2021-10-12,Kerala,Pathanamthitta,9.2780841,76.9737443,district,1,2.1,8.1,16.3,27.3,75.0,21.57,99.96,0.51,469.0,,,,,,,,Open-Meteo ERA5-Land Reanalysis,Copernicus DEM GLO-90 (Open-Meteo API Fallback) - Slope/relief unavailable due to API rate limits,GSI landslide inventory only available for Tamil Nadu,NASA Earthdata authentication/HDF5 download required for historical GPM IMERG reanalysis,India_Flood_Inventory_v3 (UEI: UEI-IMD-FL-2021-0095),OSM Nominatim Geocoding,success,Copernicus DEM GLO-90 (Open-Meteo API Fallback) - Slope/relief unavailable due to API rate limits,Copernicus DEM GLO-90 (Open-Meteo API Fallback) - Slope/relief unavailable due to API rate limits,GSI landslide inventory only available for Tamil Nadu,NASA Earthdata authentication/HDF5 download required for historical GPM IMERG reanalysis
V2-POS-0156,2023-08-23,Uttarakhand,Garhwal,30.25,79.333333,district,1,0.9,2.5,2.9,3.3,7.2,18.36,91.12,0.49,2292.0,,,,,,,,Open-Meteo ERA5-Land Reanalysis,Copernicus DEM GLO-90 (Open-Meteo API Fallback) - Slope/relief unavailable due to API rate limits,GSI landslide inventory only available for Tamil Nadu,NASA Earthdata authentication/HDF5 download required for historical GPM IMERG reanalysis,India_Flood_Inventory_v3 (UEI: UEI-IMD-FL-2023-0594),OSM Nominatim Geocoding,success,Copernicus DEM GLO-90 (Open-Meteo API Fallback) - Slope/relief unavailable due to API rate limits,Copernicus DEM GLO-90 (Open-Meteo API Fallback) - Slope/relief unavailable due to API rate limits,GSI landslide inventory only available for Tamil Nadu,NASA Earthdata authentication/HDF5 download required for historical GPM IMERG reanalysis
V2-POS-0157,2023-07-09,Himachal Pradesh,Una,31.4684,76.2708,district,1,3.6,9.7,16.1,57.2,75.1,25.35,90.58,0.34,377.0,,,,,,,,Open-Meteo ERA5-Land Reanalysis,Copernicus DEM GLO-90 (Open-Meteo API Fallback) - Slope/relief unavailable due to API rate limits,GSI landslide inventory only available for Tamil Nadu,NASA Earthdata authentication/HDF5 download required for historical GPM IMERG reanalysis,India_Flood_Inventory_v3 (UEI: UEI-IMD-FL-2023-0302),OSM Nominatim Geocoding,success,Copernicus DEM GLO-90 (Open-Meteo API Fallback) - Slope/relief unavailable due to API rate limits,Copernicus DEM GLO-90 (Open-Meteo API Fallback) - Slope/relief unavailable due to API rate limits,GSI landslide inventory only available for Tamil Nadu,NASA Earthdata authentication/HDF5 download required for historical GPM IMERG reanalysis
V2-POS-0158,2019-09-26,Kerala,Thiruvananthapuram,8.6985965,76.8134401,town,1,1.3,3.7,6.1,9.2,18.2,25.4,90.62,0.33,35.0,,,,,,,,Open-Meteo ERA5-Land Reanalysis,Copernicus DEM GLO-90 (Open-Meteo API Fallback) - Slope/relief unavailable due to API rate limits,GSI landslide inventory only available for Tamil Nadu,NASA Earthdata authentication/HDF5 download required for historical GPM IMERG reanalysis,India_Flood_Inventory_v3 (UEI: UEI-IMD-FL-2019-0072),OSM Nominatim Geocoding,success,Copernicus DEM GLO-90 (Open-Meteo API Fallback) - Slope/relief unavailable due to API rate limits,Copernicus DEM GLO-90 (Open-Meteo API Fallback) - Slope/relief unavailable due to API rate limits,GSI landslide inventory only available for Tamil Nadu,NASA Earthdata authentication/HDF5 download required for historical GPM IMERG reanalysis
V2-POS-0159,2022-08-19,Himachal Pradesh,Hamirpur,31.6539866,76.5403633,district,1,0.5,0.5,0.5,0.6,2.6,26.03,83.67,0.37,755.0,,,,,,,,Open-Meteo ERA5-Land Reanalysis,Copernicus DEM GLO-90 (Open-Meteo API Fallback) - Slope/relief unavailable due to API rate limits,GSI landslide inventory only available for Tamil Nadu,NASA Earthdata authentication/HDF5 download required for historical GPM IMERG reanalysis,India_Flood_Inventory_v3 (UEI: UEI-IMD-FL-2022-0469),OSM Nominatim Geocoding,success,Copernicus DEM GLO-90 (Open-Meteo API Fallback) - Slope/relief unavailable due to API rate limits,Copernicus DEM GLO-90 (Open-Meteo API Fallback) - Slope/relief unavailable due to API rate limits,GSI landslide inventory only available for Tamil Nadu,NASA Earthdata authentication/HDF5 download required for historical GPM IMERG reanalysis
V2-POS-0160,2005-05-17,Kerala,Thiruvananthapuram,8.4882267,76.947551,district,1,0.0,0.0,0.0,0.0,0.6,27.55,83.12,0.19,18.0,,,,,,,,Open-Meteo ERA5-Land Reanalysis,Copernicus DEM GLO-90 (Open-Meteo API Fallback) - Slope/relief unavailable due to API rate limits,GSI landslide inventory only available for Tamil Nadu,NASA Earthdata authentication/HDF5 download required for historical GPM IMERG reanalysis,India_Flood_Inventory_v3 (UEI: UEI-IMD-FL-2005-0073),OSM Nominatim Geocoding,success,Copernicus DEM GLO-90 (Open-Meteo API Fallback) - Slope/relief unavailable due to API rate limits,Copernicus DEM GLO-90 (Open-Meteo API Fallback) - Slope/relief unavailable due to API rate limits,GSI landslide inventory only available for Tamil Nadu,NASA Earthdata authentication/HDF5 download required for historical GPM IMERG reanalysis
V2-POS-0161,2021-11-17,Kerala,Thiruvananthapuram,8.4882267,76.947551,district,1,0.0,0.0,0.0,0.3,3.5,25.3,88.17,0.3,18.0,,,,,,,,Open-Meteo ERA5-Land Reanalysis,Copernicus DEM GLO-90 (Open-Meteo API Fallback) - Slope/relief unavailable due to API rate limits,GSI landslide inventory only available for Tamil Nadu,NASA Earthdata authentication/HDF5 download required for historical GPM IMERG reanalysis,India_Flood_Inventory_v3 (UEI: UEI-IMD-FL-2021-0127),OSM Nominatim Geocoding,success,Copernicus DEM GLO-90 (Open-Meteo API Fallback) - Slope/relief unavailable due to API rate limits,Copernicus DEM GLO-90 (Open-Meteo API Fallback) - Slope/relief unavailable due to API rate limits,GSI landslide inventory only available for Tamil Nadu,NASA Earthdata authentication/HDF5 download required for historical GPM IMERG reanalysis
V2-POS-0162,2008-07-13,Himachal Pradesh,Kullu,31.9578974,77.1089232,town,1,0.7,3.4,7.6,12.4,23.9,22.56,84.0,0.47,1235.0,,,,,,,,Open-Meteo ERA5-Land Reanalysis,Copernicus DEM GLO-90 (Open-Meteo API Fallback) - Slope/relief unavailable due to API rate limits,GSI landslide inventory only available for Tamil Nadu,NASA Earthdata authentication/HDF5 download required for historical GPM IMERG reanalysis,India_Flood_Inventory_v3 (UEI: UEI-IMD-FL-2008-0040),OSM Nominatim Geocoding,success,Copernicus DEM GLO-90 (Open-Meteo API Fallback) - Slope/relief unavailable due to API rate limits,Copernicus DEM GLO-90 (Open-Meteo API Fallback) - Slope/relief unavailable due to API rate limits,GSI landslide inventory only available for Tamil Nadu,NASA Earthdata authentication/HDF5 download required for historical GPM IMERG reanalysis
V2-POS-0163,2009-12-27,Kerala,Wayanad,11.7151291,76.1271185,district,1,0.3,0.6,1.1,1.1,1.1,22.9,83.92,0.4,747.0,,,,,,,,Open-Meteo ERA5-Land Reanalysis,Copernicus DEM GLO-90 (Open-Meteo API Fallback) - Slope/relief unavailable due to API rate limits,GSI landslide inventory only available for Tamil Nadu,NASA Earthdata authentication/HDF5 download required for historical GPM IMERG reanalysis,India_Flood_Inventory_v3 (UEI: UEI-IMD-FL-2009-0042),OSM Nominatim Geocoding,success,Copernicus DEM GLO-90 (Open-Meteo API Fallback) - Slope/relief unavailable due to API rate limits,Copernicus DEM GLO-90 (Open-Meteo API Fallback) - Slope/relief unavailable due to API rate limits,GSI landslide inventory only available for Tamil Nadu,NASA Earthdata authentication/HDF5 download required for historical GPM IMERG reanalysis
V2-POS-0164,2012-07-28,Kerala,Wayanad,11.7151291,76.1271185,district,1,0.0,0.0,0.0,0.0,1.6,21.24,94.08,0.49,747.0,,,,,,,,Open-Meteo ERA5-Land Reanalysis,Copernicus DEM GLO-90 (Open-Meteo API Fallback) - Slope/relief unavailable due to API rate limits,GSI landslide inventory only available for Tamil Nadu,NASA Earthdata authentication/HDF5 download required for historical GPM IMERG reanalysis,India_Flood_Inventory_v3 (UEI: UEI-IMD-FL-2012-0052),OSM Nominatim Geocoding,success,Copernicus DEM GLO-90 (Open-Meteo API Fallback) - Slope/relief unavailable due to API rate limits,Copernicus DEM GLO-90 (Open-Meteo API Fallback) - Slope/relief unavailable due to API rate limits,GSI landslide inventory only available for Tamil Nadu,NASA Earthdata authentication/HDF5 download required for historical GPM IMERG reanalysis
V2-POS-0165,1987-06-18,Kerala,Ernakulam,10.01657,76.34275,town,1,0.2,0.5,1.1,3.6,7.8,26.0,89.58,0.43,26.0,,,,,,,,Open-Meteo ERA5-Land Reanalysis,Copernicus DEM GLO-90 (Open-Meteo API Fallback) - Slope/relief unavailable due to API rate limits,GSI landslide inventory only available for Tamil Nadu,NASA Earthdata authentication/HDF5 download required for historical GPM IMERG reanalysis,India_Flood_Inventory_v3 (UEI: UEI-IMD-FL-1987-0021),OSM Nominatim Geocoding,success,Copernicus DEM GLO-90 (Open-Meteo API Fallback) - Slope/relief unavailable due to API rate limits,Copernicus DEM GLO-90 (Open-Meteo API Fallback) - Slope/relief unavailable due to API rate limits,GSI landslide inventory only available for Tamil Nadu,NASA Earthdata authentication/HDF5 download required for historical GPM IMERG reanalysis
V2-POS-0166,1994-07-23,Kerala,Thrissur,10.5270099,76.214621,district,1,0.3,1.8,2.9,5.3,11.0,25.02,90.04,0.47,24.0,,,,,,,,Open-Meteo ERA5-Land Reanalysis,Copernicus DEM GLO-90 (Open-Meteo API Fallback) - Slope/relief unavailable due to API rate limits,GSI landslide inventory only available for Tamil Nadu,NASA Earthdata authentication/HDF5 download required for historical GPM IMERG reanalysis,India_Flood_Inventory_v3 (UEI: UEI-IMD-FL-1994-0044),OSM Nominatim Geocoding,success,Copernicus DEM GLO-90 (Open-Meteo API Fallback) - Slope/relief unavailable due to API rate limits,Copernicus DEM GLO-90 (Open-Meteo API Fallback) - Slope/relief unavailable due to API rate limits,GSI landslide inventory only available for Tamil Nadu,NASA Earthdata authentication/HDF5 download required for historical GPM IMERG reanalysis
V2-POS-0167,2010-05-03,Kerala,Wayanad,11.7151291,76.1271185,district,1,0.2,4.0,4.2,4.4,4.7,24.85,86.71,0.48,747.0,,,,,,,,Open-Meteo ERA5-Land Reanalysis,Copernicus DEM GLO-90 (Open-Meteo API Fallback) - Slope/relief unavailable due to API rate limits,GSI landslide inventory only available for Tamil Nadu,NASA Earthdata authentication/HDF5 download required for historical GPM IMERG reanalysis,India_Flood_Inventory_v3 (UEI: UEI-IMD-FL-2010-0064),OSM Nominatim Geocoding,success,Copernicus DEM GLO-90 (Open-Meteo API Fallback) - Slope/relief unavailable due to API rate limits,Copernicus DEM GLO-90 (Open-Meteo API Fallback) - Slope/relief unavailable due to API rate limits,GSI landslide inventory only available for Tamil Nadu,NASA Earthdata authentication/HDF5 download required for historical GPM IMERG reanalysis
V2-POS-0168,2011-10-20,Tamil Nadu,Cuddalore,11.5202071,79.3396356,district,1,0.0,0.0,0.0,0.0,0.0,28.23,73.62,0.34,54.0,,,,,,119.889,0.0,Open-Meteo ERA5-Land Reanalysis,Copernicus DEM GLO-90 (Open-Meteo API Fallback) - Slope/relief unavailable due to API rate limits,Tamil Nadu GSI Landslide Inventory,NASA Earthdata authentication/HDF5 download required for historical GPM IMERG reanalysis,India_Flood_Inventory_v3 (UEI: UEI-IMD-FL-2011-0089),OSM Nominatim Geocoding,success,Copernicus DEM GLO-90 (Open-Meteo API Fallback) - Slope/relief unavailable due to API rate limits,Copernicus DEM GLO-90 (Open-Meteo API Fallback) - Slope/relief unavailable due to API rate limits,,NASA Earthdata authentication/HDF5 download required for historical GPM IMERG reanalysis
V2-POS-0169,2015-04-03,Himachal Pradesh,Shimla,31.1040393,77.1707923,town,1,5.3,12.2,16.9,19.2,22.2,10.77,71.38,0.49,2119.0,,,,,,,,Open-Meteo ERA5-Land Reanalysis,Copernicus DEM GLO-90 (Open-Meteo API Fallback) - Slope/relief unavailable due to API rate limits,GSI landslide inventory only available for Tamil Nadu,NASA Earthdata authentication/HDF5 download required for historical GPM IMERG reanalysis,India_Flood_Inventory_v3 (UEI: UEI-IMD-FL-2015-0018),OSM Nominatim Geocoding,success,Copernicus DEM GLO-90 (Open-Meteo API Fallback) - Slope/relief unavailable due to API rate limits,Copernicus DEM GLO-90 (Open-Meteo API Fallback) - Slope/relief unavailable due to API rate limits,GSI landslide inventory only available for Tamil Nadu,NASA Earthdata authentication/HDF5 download required for historical GPM IMERG reanalysis
V2-POS-0170,2022-08-02,Kerala,Alappuzha,9.5003416,76.4123364,district,1,3.6,7.9,15.4,53.1,88.4,24.42,95.5,0.37,-1.0,,,,,,,,Open-Meteo ERA5-Land Reanalysis,Copernicus DEM GLO-90 (Open-Meteo API Fallback) - Slope/relief unavailable due to API rate limits,GSI landslide inventory only available for Tamil Nadu,NASA Earthdata authentication/HDF5 download required for historical GPM IMERG reanalysis,India_Flood_Inventory_v3 (UEI: UEI-IMD-FL-2022-0565),OSM Nominatim Geocoding,success,Copernicus DEM GLO-90 (Open-Meteo API Fallback) - Slope/relief unavailable due to API rate limits,Copernicus DEM GLO-90 (Open-Meteo API Fallback) - Slope/relief unavailable due to API rate limits,GSI landslide inventory only available for Tamil Nadu,NASA Earthdata authentication/HDF5 download required for historical GPM IMERG reanalysis
V2-POS-0171,1993-10-06,Kerala,Kottayam,9.6287383,76.6455326,district,1,3.1,5.7,6.9,8.4,12.1,24.31,93.75,0.47,51.0,,,,,,,,Open-Meteo ERA5-Land Reanalysis,Copernicus DEM GLO-90 (Open-Meteo API Fallback) - Slope/relief unavailable due to API rate limits,GSI landslide inventory only available for Tamil Nadu,NASA Earthdata authentication/HDF5 download required for historical GPM IMERG reanalysis,India_Flood_Inventory_v3 (UEI: UEI-IMD-FL-1993-0031),OSM Nominatim Geocoding,success,Copernicus DEM GLO-90 (Open-Meteo API Fallback) - Slope/relief unavailable due to API rate limits,Copernicus DEM GLO-90 (Open-Meteo API Fallback) - Slope/relief unavailable due to API rate limits,GSI landslide inventory only available for Tamil Nadu,NASA Earthdata authentication/HDF5 download required for historical GPM IMERG reanalysis
V2-POS-0172,2011-10-16,Tamil Nadu,Coimbatore,11.0018115,76.9628425,district,1,0.5,1.7,4.0,4.5,8.8,24.69,83.38,0.36,421.0,,,,,,30.026,0.0,Open-Meteo ERA5-Land Reanalysis,Copernicus DEM GLO-90 (Open-Meteo API Fallback) - Slope/relief unavailable due to API rate limits,Tamil Nadu GSI Landslide Inventory,NASA Earthdata authentication/HDF5 download required for historical GPM IMERG reanalysis,India_Flood_Inventory_v3 (UEI: UEI-IMD-FL-2011-0088),OSM Nominatim Geocoding,success,Copernicus DEM GLO-90 (Open-Meteo API Fallback) - Slope/relief unavailable due to API rate limits,Copernicus DEM GLO-90 (Open-Meteo API Fallback) - Slope/relief unavailable due to API rate limits,,NASA Earthdata authentication/HDF5 download required for historical GPM IMERG reanalysis
V2-POS-0173,2001-08-10,Himachal Pradesh,Shimla,31.1040393,77.1707923,town,1,1.2,1.4,1.9,2.3,17.1,17.42,94.62,0.49,2119.0,,,,,,,,Open-Meteo ERA5-Land Reanalysis,Copernicus DEM GLO-90 (Open-Meteo API Fallback) - Slope/relief unavailable due to API rate limits,GSI landslide inventory only available for Tamil Nadu,NASA Earthdata authentication/HDF5 download required for historical GPM IMERG reanalysis,India_Flood_Inventory_v3 (UEI: UEI-IMD-FL-2001-0027),OSM Nominatim Geocoding,success,Copernicus DEM GLO-90 (Open-Meteo API Fallback) - Slope/relief unavailable due to API rate limits,Copernicus DEM GLO-90 (Open-Meteo API Fallback) - Slope/relief unavailable due to API rate limits,GSI landslide inventory only available for Tamil Nadu,NASA Earthdata authentication/HDF5 download required for historical GPM IMERG reanalysis
V2-POS-0174,2022-07-14,Himachal Pradesh,Kullu,31.9578974,77.1089232,town,1,0.0,0.0,0.0,0.3,2.5,23.76,86.42,0.5,1235.0,,,,,,,,Open-Meteo ERA5-Land Reanalysis,Copernicus DEM GLO-90 (Open-Meteo API Fallback) - Slope/relief unavailable due to API rate limits,GSI landslide inventory only available for Tamil Nadu,NASA Earthdata authentication/HDF5 download required for historical GPM IMERG reanalysis,India_Flood_Inventory_v3 (UEI: UEI-IMD-FL-2022-0457),OSM Nominatim Geocoding,success,Copernicus DEM GLO-90 (Open-Meteo API Fallback) - Slope/relief unavailable due to API rate limits,Copernicus DEM GLO-90 (Open-Meteo API Fallback) - Slope/relief unavailable due to API rate limits,GSI landslide inventory only available for Tamil Nadu,NASA Earthdata authentication/HDF5 download required for historical GPM IMERG reanalysis
V2-POS-0175,1984-02-16,Tamil Nadu,Chennai,13.0836939,80.270186,district,1,0.2,1.8,2.7,2.8,4.8,24.39,82.04,0.39,12.0,,,,,,261.138,0.0,Open-Meteo ERA5-Land Reanalysis,Copernicus DEM GLO-90 (Open-Meteo API Fallback) - Slope/relief unavailable due to API rate limits,Tamil Nadu GSI Landslide Inventory,NASA Earthdata authentication/HDF5 download required for historical GPM IMERG reanalysis,India_Flood_Inventory_v3 (UEI: UEI-IMD-FL-1984-0078),OSM Nominatim Geocoding,success,Copernicus DEM GLO-90 (Open-Meteo API Fallback) - Slope/relief unavailable due to API rate limits,Copernicus DEM GLO-90 (Open-Meteo API Fallback) - Slope/relief unavailable due to API rate limits,,NASA Earthdata authentication/HDF5 download required for historical GPM IMERG reanalysis
V2-POS-0176,2023-07-06,Himachal Pradesh,Una,31.4684,76.2708,district,1,0.0,0.0,0.0,0.0,15.4,25.77,88.21,0.3,377.0,,,,,,,,Open-Meteo ERA5-Land Reanalysis,Copernicus DEM GLO-90 (Open-Meteo API Fallback) - Slope/relief unavailable due to API rate limits,GSI landslide inventory only available for Tamil Nadu,NASA Earthdata authentication/HDF5 download required for historical GPM IMERG reanalysis,India_Flood_Inventory_v3 (UEI: UEI-IMD-FL-2023-0294),OSM Nominatim Geocoding,success,Copernicus DEM GLO-90 (Open-Meteo API Fallback) - Slope/relief unavailable due to API rate limits,Copernicus DEM GLO-90 (Open-Meteo API Fallback) - Slope/relief unavailable due to API rate limits,GSI landslide inventory only available for Tamil Nadu,NASA Earthdata authentication/HDF5 download required for historical GPM IMERG reanalysis
V2-POS-0177,2021-11-06,Tamil Nadu,Chennai,13.0836939,80.270186,district,1,0.0,0.0,0.3,8.4,26.0,24.99,89.92,0.42,12.0,,,,,,261.138,0.0,Open-Meteo ERA5-Land Reanalysis,Copernicus DEM GLO-90 (Open-Meteo API Fallback) - Slope/relief unavailable due to API rate limits,Tamil Nadu GSI Landslide Inventory,NASA Earthdata authentication/HDF5 download required for historical GPM IMERG reanalysis,India_Flood_Inventory_v3 (UEI: UEI-IMD-FL-2021-0260),OSM Nominatim Geocoding,success,Copernicus DEM GLO-90 (Open-Meteo API Fallback) - Slope/relief unavailable due to API rate limits,Copernicus DEM GLO-90 (Open-Meteo API Fallback) - Slope/relief unavailable due to API rate limits,,NASA Earthdata authentication/HDF5 download required for historical GPM IMERG reanalysis
V2-POS-0178,2021-10-11,Kerala,Kollam,8.8870533,76.5906696,district,1,0.3,2.6,4.8,7.3,10.7,26.06,88.96,0.31,11.0,,,,,,,,Open-Meteo ERA5-Land Reanalysis,Copernicus DEM GLO-90 (Open-Meteo API Fallback) - Slope/relief unavailable due to API rate limits,GSI landslide inventory only available for Tamil Nadu,NASA Earthdata authentication/HDF5 download required for historical GPM IMERG reanalysis,India_Flood_Inventory_v3 (UEI: UEI-IMD-FL-2021-0087),OSM Nominatim Geocoding,success,Copernicus DEM GLO-90 (Open-Meteo API Fallback) - Slope/relief unavailable due to API rate limits,Copernicus DEM GLO-90 (Open-Meteo API Fallback) - Slope/relief unavailable due to API rate limits,GSI landslide inventory only available for Tamil Nadu,NASA Earthdata authentication/HDF5 download required for historical GPM IMERG reanalysis
V2-POS-0179,2022-08-19,Himachal Pradesh,Shimla,31.1040393,77.1707923,town,1,0.0,0.2,0.4,0.8,4.6,17.79,90.96,0.49,2119.0,,,,,,,,Open-Meteo ERA5-Land Reanalysis,Copernicus DEM GLO-90 (Open-Meteo API Fallback) - Slope/relief unavailable due to API rate limits,GSI landslide inventory only available for Tamil Nadu,NASA Earthdata authentication/HDF5 download required for historical GPM IMERG reanalysis,India_Flood_Inventory_v3 (UEI: UEI-IMD-FL-2022-0472),OSM Nominatim Geocoding,success,Copernicus DEM GLO-90 (Open-Meteo API Fallback) - Slope/relief unavailable due to API rate limits,Copernicus DEM GLO-90 (Open-Meteo API Fallback) - Slope/relief unavailable due to API rate limits,GSI landslide inventory only available for Tamil Nadu,NASA Earthdata authentication/HDF5 download required for historical GPM IMERG reanalysis
V2-POS-0180,2019-09-27,Uttarakhand,Dehradun,30.2613281,78.0120117,village,1,0.0,0.3,1.6,2.6,9.2,24.14,87.67,0.4,606.0,,,,,,,,Open-Meteo ERA5-Land Reanalysis,Copernicus DEM GLO-90 (Open-Meteo API Fallback) - Slope/relief unavailable due to API rate limits,GSI landslide inventory only available for Tamil Nadu,NASA Earthdata authentication/HDF5 download required for historical GPM IMERG reanalysis,India_Flood_Inventory_v3 (UEI: UEI-IMD-FL-2019-0157),OSM Nominatim Geocoding,success,Copernicus DEM GLO-90 (Open-Meteo API Fallback) - Slope/relief unavailable due to API rate limits,Copernicus DEM GLO-90 (Open-Meteo API Fallback) - Slope/relief unavailable due to API rate limits,GSI landslide inventory only available for Tamil Nadu,NASA Earthdata authentication/HDF5 download required for historical GPM IMERG reanalysis
V2-POS-0181,1999-02-05,Kerala,Kollam,8.8870533,76.5906696,district,1,0.0,0.0,0.0,0.3,0.3,26.8,79.54,0.08,11.0,,,,,,,,Open-Meteo ERA5-Land Reanalysis,Copernicus DEM GLO-90 (Open-Meteo API Fallback) - Slope/relief unavailable due to API rate limits,GSI landslide inventory only available for Tamil Nadu,NASA Earthdata authentication/HDF5 download required for historical GPM IMERG reanalysis,India_Flood_Inventory_v3 (UEI: UEI-IMD-FL-1999-0043),OSM Nominatim Geocoding,success,Copernicus DEM GLO-90 (Open-Meteo API Fallback) - Slope/relief unavailable due to API rate limits,Copernicus DEM GLO-90 (Open-Meteo API Fallback) - Slope/relief unavailable due to API rate limits,GSI landslide inventory only available for Tamil Nadu,NASA Earthdata authentication/HDF5 download required for historical GPM IMERG reanalysis
V2-POS-0182,2022-08-02,Kerala,Pathanamthitta,9.2780841,76.9737443,district,1,1.6,6.3,14.0,21.1,55.5,21.62,99.25,0.51,469.0,,,,,,,,Open-Meteo ERA5-Land Reanalysis,Copernicus DEM GLO-90 (Open-Meteo API Fallback) - Slope/relief unavailable due to API rate limits,GSI landslide inventory only available for Tamil Nadu,NASA Earthdata authentication/HDF5 download required for historical GPM IMERG reanalysis,India_Flood_Inventory_v3 (UEI: UEI-IMD-FL-2022-0572),OSM Nominatim Geocoding,success,Copernicus DEM GLO-90 (Open-Meteo API Fallback) - Slope/relief unavailable due to API rate limits,Copernicus DEM GLO-90 (Open-Meteo API Fallback) - Slope/relief unavailable due to API rate limits,GSI landslide inventory only available for Tamil Nadu,NASA Earthdata authentication/HDF5 download required for historical GPM IMERG reanalysis
V2-POS-0183,2022-07-01,Kerala,Kannur,11.8763836,75.3737973,district,1,4.4,5.6,9.8,17.2,37.5,24.43,92.0,0.35,23.0,,,,,,,,Open-Meteo ERA5-Land Reanalysis,Copernicus DEM GLO-90 (Open-Meteo API Fallback) - Slope/relief unavailable due to API rate limits,GSI landslide inventory only available for Tamil Nadu,NASA Earthdata authentication/HDF5 download required for historical GPM IMERG reanalysis,India_Flood_Inventory_v3 (UEI: UEI-IMD-FL-2022-0545),OSM Nominatim Geocoding,success,Copernicus DEM GLO-90 (Open-Meteo API Fallback) - Slope/relief unavailable due to API rate limits,Copernicus DEM GLO-90 (Open-Meteo API Fallback) - Slope/relief unavailable due to API rate limits,GSI landslide inventory only available for Tamil Nadu,NASA Earthdata authentication/HDF5 download required for historical GPM IMERG reanalysis
V2-POS-0184,1984-06-29,Uttarakhand,Nainital,29.294995,79.4162511,district,1,1.8,5.7,6.6,7.2,14.0,25.67,85.54,0.45,804.0,,,,,,,,Open-Meteo ERA5-Land Reanalysis,Copernicus DEM GLO-90 (Open-Meteo API Fallback) - Slope/relief unavailable due to API rate limits,GSI landslide inventory only available for Tamil Nadu,NASA Earthdata authentication/HDF5 download required for historical GPM IMERG reanalysis,India_Flood_Inventory_v3 (UEI: UEI-IMD-FL-1984-0087),OSM Nominatim Geocoding,success,Copernicus DEM GLO-90 (Open-Meteo API Fallback) - Slope/relief unavailable due to API rate limits,Copernicus DEM GLO-90 (Open-Meteo API Fallback) - Slope/relief unavailable due to API rate limits,GSI landslide inventory only available for Tamil Nadu,NASA Earthdata authentication/HDF5 download required for historical GPM IMERG reanalysis
V2-POS-0185,2021-07-14,Kerala,Wayanad,11.7151291,76.1271185,district,1,0.2,1.2,1.9,3.8,19.4,21.22,97.92,0.51,747.0,,,,,,,,Open-Meteo ERA5-Land Reanalysis,Copernicus DEM GLO-90 (Open-Meteo API Fallback) - Slope/relief unavailable due to API rate limits,GSI landslide inventory only available for Tamil Nadu,NASA Earthdata authentication/HDF5 download required for historical GPM IMERG reanalysis,India_Flood_Inventory_v3 (UEI: UEI-IMD-FL-2021-0079),OSM Nominatim Geocoding,success,Copernicus DEM GLO-90 (Open-Meteo API Fallback) - Slope/relief unavailable due to API rate limits,Copernicus DEM GLO-90 (Open-Meteo API Fallback) - Slope/relief unavailable due to API rate limits,GSI landslide inventory only available for Tamil Nadu,NASA Earthdata authentication/HDF5 download required for historical GPM IMERG reanalysis
V2-POS-0186,2021-11-18,Tamil Nadu,Vellore,12.9021849,79.061104,district,1,5.7,15.4,24.5,32.1,38.8,24.13,90.58,0.42,233.0,,,,,,151.536,0.0,Open-Meteo ERA5-Land Reanalysis,Copernicus DEM GLO-90 (Open-Meteo API Fallback) - Slope/relief unavailable due to API rate limits,Tamil Nadu GSI Landslide Inventory,NASA Earthdata authentication/HDF5 download required for historical GPM IMERG reanalysis,India_Flood_Inventory_v3 (UEI: UEI-IMD-FL-2021-0271),OSM Nominatim Geocoding,success,Copernicus DEM GLO-90 (Open-Meteo API Fallback) - Slope/relief unavailable due to API rate limits,Copernicus DEM GLO-90 (Open-Meteo API Fallback) - Slope/relief unavailable due to API rate limits,,NASA Earthdata authentication/HDF5 download required for historical GPM IMERG reanalysis
V2-POS-0187,2014-06-12,Kerala,Thiruvananthapuram,8.4882267,76.947551,district,1,0.6,1.3,1.9,5.6,12.0,25.83,89.25,0.31,18.0,,,,,,,,Open-Meteo ERA5-Land Reanalysis,Copernicus DEM GLO-90 (Open-Meteo API Fallback) - Slope/relief unavailable due to API rate limits,GSI landslide inventory only available for Tamil Nadu,NASA Earthdata authentication/HDF5 download required for historical GPM IMERG reanalysis,India_Flood_Inventory_v3 (UEI: UEI-IMD-FL-2014-0047),OSM Nominatim Geocoding,success,Copernicus DEM GLO-90 (Open-Meteo API Fallback) - Slope/relief unavailable due to API rate limits,Copernicus DEM GLO-90 (Open-Meteo API Fallback) - Slope/relief unavailable due to API rate limits,GSI landslide inventory only available for Tamil Nadu,NASA Earthdata authentication/HDF5 download required for historical GPM IMERG reanalysis
V2-POS-0188,2021-10-11,Kerala,Thrissur,10.5270099,76.214621,district,1,0.8,2.1,5.3,11.1,23.2,25.25,93.29,0.51,24.0,,,,,,,,Open-Meteo ERA5-Land Reanalysis,Copernicus DEM GLO-90 (Open-Meteo API Fallback) - Slope/relief unavailable due to API rate limits,GSI landslide inventory only available for Tamil Nadu,NASA Earthdata authentication/HDF5 download required for historical GPM IMERG reanalysis,India_Flood_Inventory_v3 (UEI: UEI-IMD-FL-2021-0111),OSM Nominatim Geocoding,success,Copernicus DEM GLO-90 (Open-Meteo API Fallback) - Slope/relief unavailable due to API rate limits,Copernicus DEM GLO-90 (Open-Meteo API Fallback) - Slope/relief unavailable due to API rate limits,GSI landslide inventory only available for Tamil Nadu,NASA Earthdata authentication/HDF5 download required for historical GPM IMERG reanalysis
V2-POS-0189,2015-07-26,Himachal Pradesh,Shimla,31.1040393,77.1707923,town,1,0.6,1.4,6.0,8.0,13.0,18.09,88.62,0.48,2119.0,,,,,,,,Open-Meteo ERA5-Land Reanalysis,Copernicus DEM GLO-90 (Open-Meteo API Fallback) - Slope/relief unavailable due to API rate limits,GSI landslide inventory only available for Tamil Nadu,NASA Earthdata authentication/HDF5 download required for historical GPM IMERG reanalysis,India_Flood_Inventory_v3 (UEI: UEI-IMD-FL-2015-0022),OSM Nominatim Geocoding,success,Copernicus DEM GLO-90 (Open-Meteo API Fallback) - Slope/relief unavailable due to API rate limits,Copernicus DEM GLO-90 (Open-Meteo API Fallback) - Slope/relief unavailable due to API rate limits,GSI landslide inventory only available for Tamil Nadu,NASA Earthdata authentication/HDF5 download required for historical GPM IMERG reanalysis
V2-POS-0190,2014-08-22,Tamil Nadu,Erode,11.4905282,77.3505274,district,1,0.0,0.0,0.4,8.7,11.3,27.06,82.08,0.37,215.0,,,,,,31.924,0.0,Open-Meteo ERA5-Land Reanalysis,Copernicus DEM GLO-90 (Open-Meteo API Fallback) - Slope/relief unavailable due to API rate limits,Tamil Nadu GSI Landslide Inventory,NASA Earthdata authentication/HDF5 download required for historical GPM IMERG reanalysis,India_Flood_Inventory_v3 (UEI: UEI-IMD-FL-2014-0080),OSM Nominatim Geocoding,success,Copernicus DEM GLO-90 (Open-Meteo API Fallback) - Slope/relief unavailable due to API rate limits,Copernicus DEM GLO-90 (Open-Meteo API Fallback) - Slope/relief unavailable due to API rate limits,,NASA Earthdata authentication/HDF5 download required for historical GPM IMERG reanalysis
V2-POS-0191,2004-11-09,Tamil Nadu,Chennai,13.0836939,80.270186,district,1,0.2,0.2,0.5,1.0,3.9,25.72,88.83,0.4,12.0,,,,,,261.138,0.0,Open-Meteo ERA5-Land Reanalysis,Copernicus DEM GLO-90 (Open-Meteo API Fallback) - Slope/relief unavailable due to API rate limits,Tamil Nadu GSI Landslide Inventory,NASA Earthdata authentication/HDF5 download required for historical GPM IMERG reanalysis,India_Flood_Inventory_v3 (UEI: UEI-IMD-FL-2004-0059),OSM Nominatim Geocoding,success,Copernicus DEM GLO-90 (Open-Meteo API Fallback) - Slope/relief unavailable due to API rate limits,Copernicus DEM GLO-90 (Open-Meteo API Fallback) - Slope/relief unavailable due to API rate limits,,NASA Earthdata authentication/HDF5 download required for historical GPM IMERG reanalysis
V2-POS-0192,2021-10-12,Kerala,Kottayam,9.6287383,76.6455326,district,1,2.2,9.6,19.7,30.3,74.8,23.97,98.96,0.51,51.0,,,,,,,,Open-Meteo ERA5-Land Reanalysis,Copernicus DEM GLO-90 (Open-Meteo API Fallback) - Slope/relief unavailable due to API rate limits,GSI landslide inventory only available for Tamil Nadu,NASA Earthdata authentication/HDF5 download required for historical GPM IMERG reanalysis,India_Flood_Inventory_v3 (UEI: UEI-IMD-FL-2021-0092),OSM Nominatim Geocoding,success,Copernicus DEM GLO-90 (Open-Meteo API Fallback) - Slope/relief unavailable due to API rate limits,Copernicus DEM GLO-90 (Open-Meteo API Fallback) - Slope/relief unavailable due to API rate limits,GSI landslide inventory only available for Tamil Nadu,NASA Earthdata authentication/HDF5 download required for historical GPM IMERG reanalysis
V2-POS-0193,2021-05-12,Kerala,Thiruvananthapuram,8.4882267,76.947551,district,1,0.1,4.9,14.6,18.9,27.9,26.47,91.38,0.3,18.0,,,,,,,,Open-Meteo ERA5-Land Reanalysis,Copernicus DEM GLO-90 (Open-Meteo API Fallback) - Slope/relief unavailable due to API rate limits,GSI landslide inventory only available for Tamil Nadu,NASA Earthdata authentication/HDF5 download required for historical GPM IMERG reanalysis,India_Flood_Inventory_v3 (UEI: UEI-IMD-FL-2021-0072),OSM Nominatim Geocoding,success,Copernicus DEM GLO-90 (Open-Meteo API Fallback) - Slope/relief unavailable due to API rate limits,Copernicus DEM GLO-90 (Open-Meteo API Fallback) - Slope/relief unavailable due to API rate limits,GSI landslide inventory only available for Tamil Nadu,NASA Earthdata authentication/HDF5 download required for historical GPM IMERG reanalysis
V2-POS-0194,1988-07-21,Kerala,Idukki,9.8154785,76.9991599,district,1,0.3,0.4,1.2,2.7,8.8,21.1,93.08,0.49,725.0,,,,,,,,Open-Meteo ERA5-Land Reanalysis,Copernicus DEM GLO-90 (Open-Meteo API Fallback) - Slope/relief unavailable due to API rate limits,GSI landslide inventory only available for Tamil Nadu,NASA Earthdata authentication/HDF5 download required for historical GPM IMERG reanalysis,India_Flood_Inventory_v3 (UEI: UEI-IMD-FL-1988-0048),OSM Nominatim Geocoding,success,Copernicus DEM GLO-90 (Open-Meteo API Fallback) - Slope/relief unavailable due to API rate limits,Copernicus DEM GLO-90 (Open-Meteo API Fallback) - Slope/relief unavailable due to API rate limits,GSI landslide inventory only available for Tamil Nadu,NASA Earthdata authentication/HDF5 download required for historical GPM IMERG reanalysis
V2-POS-0195,1997-06-30,Kerala,Ernakulam,9.9837257,76.2740001,district,1,4.1,10.1,17.8,26.5,43.7,25.18,91.29,0.43,5.0,,,,,,,,Open-Meteo ERA5-Land Reanalysis,Copernicus DEM GLO-90 (Open-Meteo API Fallback) - Slope/relief unavailable due to API rate limits,GSI landslide inventory only available for Tamil Nadu,NASA Earthdata authentication/HDF5 download required for historical GPM IMERG reanalysis,India_Flood_Inventory_v3 (UEI: UEI-IMD-FL-1997-0041),OSM Nominatim Geocoding,success,Copernicus DEM GLO-90 (Open-Meteo API Fallback) - Slope/relief unavailable due to API rate limits,Copernicus DEM GLO-90 (Open-Meteo API Fallback) - Slope/relief unavailable due to API rate limits,GSI landslide inventory only available for Tamil Nadu,NASA Earthdata authentication/HDF5 download required for historical GPM IMERG reanalysis
V2-POS-0196,2023-08-07,Uttarakhand,Rudra Prayag,30.0417376,79.089691,district,1,0.1,0.6,2.3,3.3,11.1,19.12,92.58,0.5,2080.0,,,,,,,,Open-Meteo ERA5-Land Reanalysis,Copernicus DEM GLO-90 (Open-Meteo API Fallback) - Slope/relief unavailable due to API rate limits,GSI landslide inventory only available for Tamil Nadu,NASA Earthdata authentication/HDF5 download required for historical GPM IMERG reanalysis,India_Flood_Inventory_v3 (UEI: UEI-IMD-FL-2023-0586),OSM Nominatim Geocoding,success,Copernicus DEM GLO-90 (Open-Meteo API Fallback) - Slope/relief unavailable due to API rate limits,Copernicus DEM GLO-90 (Open-Meteo API Fallback) - Slope/relief unavailable due to API rate limits,GSI landslide inventory only available for Tamil Nadu,NASA Earthdata authentication/HDF5 download required for historical GPM IMERG reanalysis
V2-POS-0197,2021-07-27,Himachal Pradesh,Chamba,32.6923316,76.1631552,district,1,0.7,1.7,3.9,6.0,11.4,18.46,92.08,0.5,2393.0,,,,,,,,Open-Meteo ERA5-Land Reanalysis,Copernicus DEM GLO-90 (Open-Meteo API Fallback) - Slope/relief unavailable due to API rate limits,GSI landslide inventory only available for Tamil Nadu,NASA Earthdata authentication/HDF5 download required for historical GPM IMERG reanalysis,India_Flood_Inventory_v3 (UEI: UEI-IMD-FL-2021-0041),OSM Nominatim Geocoding,success,Copernicus DEM GLO-90 (Open-Meteo API Fallback) - Slope/relief unavailable due to API rate limits,Copernicus DEM GLO-90 (Open-Meteo API Fallback) - Slope/relief unavailable due to API rate limits,GSI landslide inventory only available for Tamil Nadu,NASA Earthdata authentication/HDF5 download required for historical GPM IMERG reanalysis
V2-POS-0198,2006-06-29,Kerala,Malappuram,11.1065685,76.1101742,district,1,2.7,4.7,7.9,11.6,34.6,24.6,91.38,0.47,44.0,,,,,,,,Open-Meteo ERA5-Land Reanalysis,Copernicus DEM GLO-90 (Open-Meteo API Fallback) - Slope/relief unavailable due to API rate limits,GSI landslide inventory only available for Tamil Nadu,NASA Earthdata authentication/HDF5 download required for historical GPM IMERG reanalysis,India_Flood_Inventory_v3 (UEI: UEI-IMD-FL-2006-0051),OSM Nominatim Geocoding,success,Copernicus DEM GLO-90 (Open-Meteo API Fallback) - Slope/relief unavailable due to API rate limits,Copernicus DEM GLO-90 (Open-Meteo API Fallback) - Slope/relief unavailable due to API rate limits,GSI landslide inventory only available for Tamil Nadu,NASA Earthdata authentication/HDF5 download required for historical GPM IMERG reanalysis
V2-POS-0199,1995-03-28,Kerala,Pathanamthitta,9.2780841,76.9737443,district,1,0.0,0.0,0.0,0.1,1.0,24.87,79.29,0.41,469.0,,,,,,,,Open-Meteo ERA5-Land Reanalysis,Copernicus DEM GLO-90 (Open-Meteo API Fallback) - Slope/relief unavailable due to API rate limits,GSI landslide inventory only available for Tamil Nadu,NASA Earthdata authentication/HDF5 download required for historical GPM IMERG reanalysis,India_Flood_Inventory_v3 (UEI: UEI-IMD-FL-1995-0040),OSM Nominatim Geocoding,success,Copernicus DEM GLO-90 (Open-Meteo API Fallback) - Slope/relief unavailable due to API rate limits,Copernicus DEM GLO-90 (Open-Meteo API Fallback) - Slope/relief unavailable due to API rate limits,GSI landslide inventory only available for Tamil Nadu,NASA Earthdata authentication/HDF5 download required for historical GPM IMERG reanalysis
V2-POS-0200,1985-07-14,Kerala,Thiruvananthapuram,8.4882267,76.947551,district,1,0.4,0.5,1.2,2.1,7.3,24.44,88.12,0.25,18.0,,,,,,,,Open-Meteo ERA5-Land Reanalysis,Copernicus DEM GLO-90 (Open-Meteo API Fallback) - Slope/relief unavailable due to API rate limits,GSI landslide inventory only available for Tamil Nadu,NASA Earthdata authentication/HDF5 download required for historical GPM IMERG reanalysis,India_Flood_Inventory_v3 (UEI: UEI-IMD-FL-1985-0032),OSM Nominatim Geocoding,success,Copernicus DEM GLO-90 (Open-Meteo API Fallback) - Slope/relief unavailable due to API rate limits,Copernicus DEM GLO-90 (Open-Meteo API Fallback) - Slope/relief unavailable due to API rate limits,GSI landslide inventory only available for Tamil Nadu,NASA Earthdata authentication/HDF5 download required for historical GPM IMERG reanalysis
V2-POS-0201,2019-10-11,Kerala,Wayanad,11.7151291,76.1271185,district,1,0.0,0.0,0.0,0.6,14.4,22.23,92.33,0.49,747.0,,,,,,,,Open-Meteo ERA5-Land Reanalysis,Copernicus DEM GLO-90 (Open-Meteo API Fallback) - Slope/relief unavailable due to API rate limits,GSI landslide inventory only available for Tamil Nadu,NASA Earthdata authentication/HDF5 download required for historical GPM IMERG reanalysis,India_Flood_Inventory_v3 (UEI: UEI-IMD-FL-2019-0078),OSM Nominatim Geocoding,success,Copernicus DEM GLO-90 (Open-Meteo API Fallback) - Slope/relief unavailable due to API rate limits,Copernicus DEM GLO-90 (Open-Meteo API Fallback) - Slope/relief unavailable due to API rate limits,GSI landslide inventory only available for Tamil Nadu,NASA Earthdata authentication/HDF5 download required for historical GPM IMERG reanalysis
V2-POS-0202,1993-07-27,Kerala,Malappuram,11.1065685,76.1101742,district,1,0.5,1.0,1.9,6.5,15.5,23.23,92.04,0.49,44.0,,,,,,,,Open-Meteo ERA5-Land Reanalysis,Copernicus DEM GLO-90 (Open-Meteo API Fallback) - Slope/relief unavailable due to API rate limits,GSI landslide inventory only available for Tamil Nadu,NASA Earthdata authentication/HDF5 download required for historical GPM IMERG reanalysis,India_Flood_Inventory_v3 (UEI: UEI-IMD-FL-1993-0029),OSM Nominatim Geocoding,success,Copernicus DEM GLO-90 (Open-Meteo API Fallback) - Slope/relief unavailable due to API rate limits,Copernicus DEM GLO-90 (Open-Meteo API Fallback) - Slope/relief unavailable due to API rate limits,GSI landslide inventory only available for Tamil Nadu,NASA Earthdata authentication/HDF5 download required for historical GPM IMERG reanalysis
V2-POS-0203,1983-07-23,Kerala,Malappuram,11.1065685,76.1101742,district,1,0.6,2.4,4.6,6.9,19.4,24.35,91.92,0.49,44.0,,,,,,,,Open-Meteo ERA5-Land Reanalysis,Copernicus DEM GLO-90 (Open-Meteo API Fallback) - Slope/relief unavailable due to API rate limits,GSI landslide inventory only available for Tamil Nadu,NASA Earthdata authentication/HDF5 download required for historical GPM IMERG reanalysis,India_Flood_Inventory_v3 (UEI: UEI-IMD-FL-1983-0046),OSM Nominatim Geocoding,success,Copernicus DEM GLO-90 (Open-Meteo API Fallback) - Slope/relief unavailable due to API rate limits,Copernicus DEM GLO-90 (Open-Meteo API Fallback) - Slope/relief unavailable due to API rate limits,GSI landslide inventory only available for Tamil Nadu,NASA Earthdata authentication/HDF5 download required for historical GPM IMERG reanalysis
V2-POS-0204,1985-07-22,Uttarakhand,Garhwal,30.5101231,78.6382417,village,1,0.0,0.0,0.5,0.8,5.5,23.16,87.54,0.5,1117.0,,,,,,,,Open-Meteo ERA5-Land Reanalysis,Copernicus DEM GLO-90 (Open-Meteo API Fallback) - Slope/relief unavailable due to API rate limits,GSI landslide inventory only available for Tamil Nadu,NASA Earthdata authentication/HDF5 download required for historical GPM IMERG reanalysis,India_Flood_Inventory_v3 (UEI: UEI-IMD-FL-1985-0060),OSM Nominatim Geocoding,success,Copernicus DEM GLO-90 (Open-Meteo API Fallback) - Slope/relief unavailable due to API rate limits,Copernicus DEM GLO-90 (Open-Meteo API Fallback) - Slope/relief unavailable due to API rate limits,GSI landslide inventory only available for Tamil Nadu,NASA Earthdata authentication/HDF5 download required for historical GPM IMERG reanalysis
V2-POS-0205,2022-07-04,Kerala,Idukki,9.8154785,76.9991599,district,1,0.2,3.0,10.3,29.0,43.2,20.78,98.96,0.51,725.0,,,,,,,,Open-Meteo ERA5-Land Reanalysis,Copernicus DEM GLO-90 (Open-Meteo API Fallback) - Slope/relief unavailable due to API rate limits,GSI landslide inventory only available for Tamil Nadu,NASA Earthdata authentication/HDF5 download required for historical GPM IMERG reanalysis,India_Flood_Inventory_v3 (UEI: UEI-IMD-FL-2022-0547),OSM Nominatim Geocoding,success,Copernicus DEM GLO-90 (Open-Meteo API Fallback) - Slope/relief unavailable due to API rate limits,Copernicus DEM GLO-90 (Open-Meteo API Fallback) - Slope/relief unavailable due to API rate limits,GSI landslide inventory only available for Tamil Nadu,NASA Earthdata authentication/HDF5 download required for historical GPM IMERG reanalysis
V2-POS-0206,2010-11-08,Kerala,Thiruvananthapuram,8.4882267,76.947551,district,1,0.1,0.4,1.6,4.3,6.4,24.89,89.04,0.27,18.0,,,,,,,,Open-Meteo ERA5-Land Reanalysis,Copernicus DEM GLO-90 (Open-Meteo API Fallback) - Slope/relief unavailable due to API rate limits,GSI landslide inventory only available for Tamil Nadu,NASA Earthdata authentication/HDF5 download required for historical GPM IMERG reanalysis,India_Flood_Inventory_v3 (UEI: UEI-IMD-FL-2010-0075),OSM Nominatim Geocoding,success,Copernicus DEM GLO-90 (Open-Meteo API Fallback) - Slope/relief unavailable due to API rate limits,Copernicus DEM GLO-90 (Open-Meteo API Fallback) - Slope/relief unavailable due to API rate limits,GSI landslide inventory only available for Tamil Nadu,NASA Earthdata authentication/HDF5 download required for historical GPM IMERG reanalysis
V2-POS-0207,2015-07-18,Kerala,Kannur,11.8763836,75.3737973,district,1,1.1,4.1,8.4,13.9,28.4,24.92,91.58,0.34,23.0,,,,,,,,Open-Meteo ERA5-Land Reanalysis,Copernicus DEM GLO-90 (Open-Meteo API Fallback) - Slope/relief unavailable due to API rate limits,GSI landslide inventory only available for Tamil Nadu,NASA Earthdata authentication/HDF5 download required for historical GPM IMERG reanalysis,India_Flood_Inventory_v3 (UEI: UEI-IMD-FL-2015-0057),OSM Nominatim Geocoding,success,Copernicus DEM GLO-90 (Open-Meteo API Fallback) - Slope/relief unavailable due to API rate limits,Copernicus DEM GLO-90 (Open-Meteo API Fallback) - Slope/relief unavailable due to API rate limits,GSI landslide inventory only available for Tamil Nadu,NASA Earthdata authentication/HDF5 download required for historical GPM IMERG reanalysis
V2-POS-0208,2023-08-13,Himachal Pradesh,Kangra,32.0768665,76.2985872,district,1,0.4,0.7,1.9,3.0,5.2,24.71,86.0,0.27,784.0,,,,,,,,Open-Meteo ERA5-Land Reanalysis,Copernicus DEM GLO-90 (Open-Meteo API Fallback) - Slope/relief unavailable due to API rate limits,GSI landslide inventory only available for Tamil Nadu,NASA Earthdata authentication/HDF5 download required for historical GPM IMERG reanalysis,India_Flood_Inventory_v3 (UEI: UEI-IMD-FL-2023-0322),OSM Nominatim Geocoding,success,Copernicus DEM GLO-90 (Open-Meteo API Fallback) - Slope/relief unavailable due to API rate limits,Copernicus DEM GLO-90 (Open-Meteo API Fallback) - Slope/relief unavailable due to API rate limits,GSI landslide inventory only available for Tamil Nadu,NASA Earthdata authentication/HDF5 download required for historical GPM IMERG reanalysis
V2-POS-0209,1993-10-09,Kerala,Palakkad,10.7873692,76.4742172,district,1,0.1,0.4,0.4,5.3,21.8,23.11,97.88,0.48,83.0,,,,,,,,Open-Meteo ERA5-Land Reanalysis,Copernicus DEM GLO-90 (Open-Meteo API Fallback) - Slope/relief unavailable due to API rate limits,GSI landslide inventory only available for Tamil Nadu,NASA Earthdata authentication/HDF5 download required for historical GPM IMERG reanalysis,India_Flood_Inventory_v3 (UEI: UEI-IMD-FL-1993-0033),OSM Nominatim Geocoding,success,Copernicus DEM GLO-90 (Open-Meteo API Fallback) - Slope/relief unavailable due to API rate limits,Copernicus DEM GLO-90 (Open-Meteo API Fallback) - Slope/relief unavailable due to API rate limits,GSI landslide inventory only available for Tamil Nadu,NASA Earthdata authentication/HDF5 download required for historical GPM IMERG reanalysis
V2-POS-0210,1987-12-01,Kerala,Thrissur,10.5270099,76.214621,district,1,0.0,0.0,0.0,0.0,0.0,25.11,74.46,0.4,24.0,,,,,,,,Open-Meteo ERA5-Land Reanalysis,Copernicus DEM GLO-90 (Open-Meteo API Fallback) - Slope/relief unavailable due to API rate limits,GSI landslide inventory only available for Tamil Nadu,NASA Earthdata authentication/HDF5 download required for historical GPM IMERG reanalysis,India_Flood_Inventory_v3 (UEI: UEI-IMD-FL-1987-0024),OSM Nominatim Geocoding,success,Copernicus DEM GLO-90 (Open-Meteo API Fallback) - Slope/relief unavailable due to API rate limits,Copernicus DEM GLO-90 (Open-Meteo API Fallback) - Slope/relief unavailable due to API rate limits,GSI landslide inventory only available for Tamil Nadu,NASA Earthdata authentication/HDF5 download required for historical GPM IMERG reanalysis
V2-POS-0211,1996-06-19,Himachal Pradesh,Solan,30.9077569,77.1023645,town,1,0.0,0.0,0.0,0.0,4.8,22.95,72.79,0.35,1559.0,,,,,,,,Open-Meteo ERA5-Land Reanalysis,Copernicus DEM GLO-90 (Open-Meteo API Fallback) - Slope/relief unavailable due to API rate limits,GSI landslide inventory only available for Tamil Nadu,NASA Earthdata authentication/HDF5 download required for historical GPM IMERG reanalysis,India_Flood_Inventory_v3 (UEI: UEI-IMD-FL-1996-0030),OSM Nominatim Geocoding,success,Copernicus DEM GLO-90 (Open-Meteo API Fallback) - Slope/relief unavailable due to API rate limits,Copernicus DEM GLO-90 (Open-Meteo API Fallback) - Slope/relief unavailable due to API rate limits,GSI landslide inventory only available for Tamil Nadu,NASA Earthdata authentication/HDF5 download required for historical GPM IMERG reanalysis
V2-POS-0212,1996-03-17,Himachal Pradesh,Kullu,31.9578974,77.1089232,town,1,0.3,0.5,2.0,8.8,26.3,11.04,84.38,0.48,1235.0,,,,,,,,Open-Meteo ERA5-Land Reanalysis,Copernicus DEM GLO-90 (Open-Meteo API Fallback) - Slope/relief unavailable due to API rate limits,GSI landslide inventory only available for Tamil Nadu,NASA Earthdata authentication/HDF5 download required for historical GPM IMERG reanalysis,India_Flood_Inventory_v3 (UEI: UEI-IMD-FL-1996-0029),OSM Nominatim Geocoding,success,Copernicus DEM GLO-90 (Open-Meteo API Fallback) - Slope/relief unavailable due to API rate limits,Copernicus DEM GLO-90 (Open-Meteo API Fallback) - Slope/relief unavailable due to API rate limits,GSI landslide inventory only available for Tamil Nadu,NASA Earthdata authentication/HDF5 download required for historical GPM IMERG reanalysis
V2-POS-0213,1980-10-01,Kerala,Kozhikode,11.2450558,75.7754716,district,1,0.1,2.1,5.3,7.9,12.7,25.44,88.92,0.27,9.0,,,,,,,,Open-Meteo ERA5-Land Reanalysis,Copernicus DEM GLO-90 (Open-Meteo API Fallback) - Slope/relief unavailable due to API rate limits,GSI landslide inventory only available for Tamil Nadu,NASA Earthdata authentication/HDF5 download required for historical GPM IMERG reanalysis,India_Flood_Inventory_v3 (UEI: UEI-IMD-FL-1980-0026),OSM Nominatim Geocoding,success,Copernicus DEM GLO-90 (Open-Meteo API Fallback) - Slope/relief unavailable due to API rate limits,Copernicus DEM GLO-90 (Open-Meteo API Fallback) - Slope/relief unavailable due to API rate limits,GSI landslide inventory only available for Tamil Nadu,NASA Earthdata authentication/HDF5 download required for historical GPM IMERG reanalysis
V2-POS-0214,2015-04-12,Tamil Nadu,Virudhunagar,9.4926289,77.8631831,district,1,0.0,0.0,0.0,0.0,0.0,29.95,65.12,0.34,87.0,,,,,,28.664,0.0,Open-Meteo ERA5-Land Reanalysis,Copernicus DEM GLO-90 (Open-Meteo API Fallback) - Slope/relief unavailable due to API rate limits,Tamil Nadu GSI Landslide Inventory,NASA Earthdata authentication/HDF5 download required for historical GPM IMERG reanalysis,India_Flood_Inventory_v3 (UEI: UEI-IMD-FL-2015-0084),OSM Nominatim Geocoding,success,Copernicus DEM GLO-90 (Open-Meteo API Fallback) - Slope/relief unavailable due to API rate limits,Copernicus DEM GLO-90 (Open-Meteo API Fallback) - Slope/relief unavailable due to API rate limits,,NASA Earthdata authentication/HDF5 download required for historical GPM IMERG reanalysis
V2-POS-0215,1999-08-25,Himachal Pradesh,Kangra,32.0768665,76.2985872,district,1,0.2,0.2,0.2,0.2,2.0,23.87,86.75,0.4,784.0,,,,,,,,Open-Meteo ERA5-Land Reanalysis,Copernicus DEM GLO-90 (Open-Meteo API Fallback) - Slope/relief unavailable due to API rate limits,GSI landslide inventory only available for Tamil Nadu,NASA Earthdata authentication/HDF5 download required for historical GPM IMERG reanalysis,India_Flood_Inventory_v3 (UEI: UEI-IMD-FL-1999-0019),OSM Nominatim Geocoding,success,Copernicus DEM GLO-90 (Open-Meteo API Fallback) - Slope/relief unavailable due to API rate limits,Copernicus DEM GLO-90 (Open-Meteo API Fallback) - Slope/relief unavailable due to API rate limits,GSI landslide inventory only available for Tamil Nadu,NASA Earthdata authentication/HDF5 download required for historical GPM IMERG reanalysis
V2-POS-0216,2004-06-05,Himachal Pradesh,Chamba,32.4466109,76.5289393,village,1,0.0,0.0,0.0,0.0,0.9,19.22,54.79,0.24,1984.0,,,,,,,,Open-Meteo ERA5-Land Reanalysis,Copernicus DEM GLO-90 (Open-Meteo API Fallback) - Slope/relief unavailable due to API rate limits,GSI landslide inventory only available for Tamil Nadu,NASA Earthdata authentication/HDF5 download required for historical GPM IMERG reanalysis,India_Flood_Inventory_v3 (UEI: UEI-IMD-FL-2004-0021),OSM Nominatim Geocoding,success,Copernicus DEM GLO-90 (Open-Meteo API Fallback) - Slope/relief unavailable due to API rate limits,Copernicus DEM GLO-90 (Open-Meteo API Fallback) - Slope/relief unavailable due to API rate limits,GSI landslide inventory only available for Tamil Nadu,NASA Earthdata authentication/HDF5 download required for historical GPM IMERG reanalysis
V2-POS-0217,2022-08-19,Uttarakhand,Garhwal,30.25,79.333333,district,1,0.2,0.2,0.2,0.8,1.7,17.9,81.83,0.47,2292.0,,,,,,,,Open-Meteo ERA5-Land Reanalysis,Copernicus DEM GLO-90 (Open-Meteo API Fallback) - Slope/relief unavailable due to API rate limits,GSI landslide inventory only available for Tamil Nadu,NASA Earthdata authentication/HDF5 download required for historical GPM IMERG reanalysis,India_Flood_Inventory_v3 (UEI: UEI-IMD-FL-2022-1100),OSM Nominatim Geocoding,success,Copernicus DEM GLO-90 (Open-Meteo API Fallback) - Slope/relief unavailable due to API rate limits,Copernicus DEM GLO-90 (Open-Meteo API Fallback) - Slope/relief unavailable due to API rate limits,GSI landslide inventory only available for Tamil Nadu,NASA Earthdata authentication/HDF5 download required for historical GPM IMERG reanalysis
V2-POS-0218,1993-10-11,Kerala,Alappuzha,9.5003416,76.4123364,district,1,0.7,1.7,5.1,11.2,36.5,25.09,92.96,0.38,-1.0,,,,,,,,Open-Meteo ERA5-Land Reanalysis,Copernicus DEM GLO-90 (Open-Meteo API Fallback) - Slope/relief unavailable due to API rate limits,GSI landslide inventory only available for Tamil Nadu,NASA Earthdata authentication/HDF5 download required for historical GPM IMERG reanalysis,India_Flood_Inventory_v3 (UEI: UEI-IMD-FL-1993-0034),OSM Nominatim Geocoding,success,Copernicus DEM GLO-90 (Open-Meteo API Fallback) - Slope/relief unavailable due to API rate limits,Copernicus DEM GLO-90 (Open-Meteo API Fallback) - Slope/relief unavailable due to API rate limits,GSI landslide inventory only available for Tamil Nadu,NASA Earthdata authentication/HDF5 download required for historical GPM IMERG reanalysis
V2-POS-0219,2022-08-08,Himachal Pradesh,Kullu,31.9578974,77.1089232,town,1,2.3,4.1,6.1,6.8,7.4,24.34,85.83,0.44,1235.0,,,,,,,,Open-Meteo ERA5-Land Reanalysis,Copernicus DEM GLO-90 (Open-Meteo API Fallback) - Slope/relief unavailable due to API rate limits,GSI landslide inventory only available for Tamil Nadu,NASA Earthdata authentication/HDF5 download required for historical GPM IMERG reanalysis,India_Flood_Inventory_v3 (UEI: UEI-IMD-FL-2022-0462),OSM Nominatim Geocoding,success,Copernicus DEM GLO-90 (Open-Meteo API Fallback) - Slope/relief unavailable due to API rate limits,Copernicus DEM GLO-90 (Open-Meteo API Fallback) - Slope/relief unavailable due to API rate limits,GSI landslide inventory only available for Tamil Nadu,NASA Earthdata authentication/HDF5 download required for historical GPM IMERG reanalysis
V2-POS-0220,2007-08-14,Himachal Pradesh,Shimla,31.1027285,77.1553751,town,1,0.0,0.1,0.2,1.2,24.1,18.04,96.88,0.45,2110.0,,,,,,,,Open-Meteo ERA5-Land Reanalysis,Copernicus DEM GLO-90 (Open-Meteo API Fallback) - Slope/relief unavailable due to API rate limits,GSI landslide inventory only available for Tamil Nadu,NASA Earthdata authentication/HDF5 download required for historical GPM IMERG reanalysis,India_Flood_Inventory_v3 (UEI: UEI-IMD-FL-2007-0048),OSM Nominatim Geocoding,success,Copernicus DEM GLO-90 (Open-Meteo API Fallback) - Slope/relief unavailable due to API rate limits,Copernicus DEM GLO-90 (Open-Meteo API Fallback) - Slope/relief unavailable due to API rate limits,GSI landslide inventory only available for Tamil Nadu,NASA Earthdata authentication/HDF5 download required for historical GPM IMERG reanalysis
V2-POS-0221,1994-07-15,Himachal Pradesh,Kullu,32.2454608,77.1872926,town,1,0.0,0.0,1.1,2.6,4.0,20.21,81.17,0.4,1905.0,,,,,,,,Open-Meteo ERA5-Land Reanalysis,Copernicus DEM GLO-90 (Open-Meteo API Fallback) - Slope/relief unavailable due to API rate limits,GSI landslide inventory only available for Tamil Nadu,NASA Earthdata authentication/HDF5 download required for historical GPM IMERG reanalysis,India_Flood_Inventory_v3 (UEI: UEI-IMD-FL-1994-0022),OSM Nominatim Geocoding,success,Copernicus DEM GLO-90 (Open-Meteo API Fallback) - Slope/relief unavailable due to API rate limits,Copernicus DEM GLO-90 (Open-Meteo API Fallback) - Slope/relief unavailable due to API rate limits,GSI landslide inventory only available for Tamil Nadu,NASA Earthdata authentication/HDF5 download required for historical GPM IMERG reanalysis
V2-POS-0222,2017-10-22,Kerala,Thiruvananthapuram,8.4882267,76.947551,district,1,1.0,4.3,8.6,20.5,46.1,25.05,93.88,0.36,18.0,,,,,,,,Open-Meteo ERA5-Land Reanalysis,Copernicus DEM GLO-90 (Open-Meteo API Fallback) - Slope/relief unavailable due to API rate limits,GSI landslide inventory only available for Tamil Nadu,NASA Earthdata authentication/HDF5 download required for historical GPM IMERG reanalysis,India_Flood_Inventory_v3 (UEI: UEI-IMD-FL-2017-0075),OSM Nominatim Geocoding,success,Copernicus DEM GLO-90 (Open-Meteo API Fallback) - Slope/relief unavailable due to API rate limits,Copernicus DEM GLO-90 (Open-Meteo API Fallback) - Slope/relief unavailable due to API rate limits,GSI landslide inventory only available for Tamil Nadu,NASA Earthdata authentication/HDF5 download required for historical GPM IMERG reanalysis
V2-POS-0223,1978-04-01,Tamil Nadu,The Nilgiris,11.4,76.7,district,1,0.0,0.0,0.0,0.0,0.0,17.36,60.42,0.21,2214.0,,,,,,0.892,168.0,Open-Meteo ERA5-Land Reanalysis,Copernicus DEM GLO-90 (Open-Meteo API Fallback) - Slope/relief unavailable due to API rate limits,Tamil Nadu GSI Landslide Inventory,NASA Earthdata authentication/HDF5 download required for historical GPM IMERG reanalysis,India_Flood_Inventory_v3 (UEI: UEI-IMD-FL-1978-0054),OSM Nominatim Geocoding,success,Copernicus DEM GLO-90 (Open-Meteo API Fallback) - Slope/relief unavailable due to API rate limits,Copernicus DEM GLO-90 (Open-Meteo API Fallback) - Slope/relief unavailable due to API rate limits,,NASA Earthdata authentication/HDF5 download required for historical GPM IMERG reanalysis
V2-POS-0224,2023-06-24,Himachal Pradesh,Hamirpur,31.6539866,76.5403633,district,1,1.3,5.0,7.9,8.4,11.0,26.94,79.96,0.36,755.0,,,,,,,,Open-Meteo ERA5-Land Reanalysis,Copernicus DEM GLO-90 (Open-Meteo API Fallback) - Slope/relief unavailable due to API rate limits,GSI landslide inventory only available for Tamil Nadu,NASA Earthdata authentication/HDF5 download required for historical GPM IMERG reanalysis,India_Flood_Inventory_v3 (UEI: UEI-IMD-FL-2023-0285),OSM Nominatim Geocoding,success,Copernicus DEM GLO-90 (Open-Meteo API Fallback) - Slope/relief unavailable due to API rate limits,Copernicus DEM GLO-90 (Open-Meteo API Fallback) - Slope/relief unavailable due to API rate limits,GSI landslide inventory only available for Tamil Nadu,NASA Earthdata authentication/HDF5 download required for historical GPM IMERG reanalysis
V2-POS-0225,2023-08-13,Himachal Pradesh,Solan,30.9077569,77.1023645,town,1,0.2,0.9,5.5,6.2,11.2,21.09,92.21,0.4,1559.0,,,,,,,,Open-Meteo ERA5-Land Reanalysis,Copernicus DEM GLO-90 (Open-Meteo API Fallback) - Slope/relief unavailable due to API rate limits,GSI landslide inventory only available for Tamil Nadu,NASA Earthdata authentication/HDF5 download required for historical GPM IMERG reanalysis,India_Flood_Inventory_v3 (UEI: UEI-IMD-FL-2023-0314),OSM Nominatim Geocoding,success,Copernicus DEM GLO-90 (Open-Meteo API Fallback) - Slope/relief unavailable due to API rate limits,Copernicus DEM GLO-90 (Open-Meteo API Fallback) - Slope/relief unavailable due to API rate limits,GSI landslide inventory only available for Tamil Nadu,NASA Earthdata authentication/HDF5 download required for historical GPM IMERG reanalysis
V2-POS-0226,1986-08-01,Himachal Pradesh,Bilaspur,31.326,76.76,district,1,3.2,9.8,21.0,45.8,84.7,24.44,93.12,0.43,543.0,,,,,,,,Open-Meteo ERA5-Land Reanalysis,Copernicus DEM GLO-90 (Open-Meteo API Fallback) - Slope/relief unavailable due to API rate limits,GSI landslide inventory only available for Tamil Nadu,NASA Earthdata authentication/HDF5 download required for historical GPM IMERG reanalysis,India_Flood_Inventory_v3 (UEI: UEI-IMD-FL-1986-0025),OSM Nominatim Geocoding,success,Copernicus DEM GLO-90 (Open-Meteo API Fallback) - Slope/relief unavailable due to API rate limits,Copernicus DEM GLO-90 (Open-Meteo API Fallback) - Slope/relief unavailable due to API rate limits,GSI landslide inventory only available for Tamil Nadu,NASA Earthdata authentication/HDF5 download required for historical GPM IMERG reanalysis
V2-POS-0227,2021-01-03,Kerala,Kasaragod,12.4221964,75.1904446,district,1,0.0,0.0,0.0,0.0,0.0,25.33,63.5,0.33,95.0,,,,,,,,Open-Meteo ERA5-Land Reanalysis,Copernicus DEM GLO-90 (Open-Meteo API Fallback) - Slope/relief unavailable due to API rate limits,GSI landslide inventory only available for Tamil Nadu,NASA Earthdata authentication/HDF5 download required for historical GPM IMERG reanalysis,India_Flood_Inventory_v3 (UEI: UEI-IMD-FL-2021-0062),OSM Nominatim Geocoding,success,Copernicus DEM GLO-90 (Open-Meteo API Fallback) - Slope/relief unavailable due to API rate limits,Copernicus DEM GLO-90 (Open-Meteo API Fallback) - Slope/relief unavailable due to API rate limits,GSI landslide inventory only available for Tamil Nadu,NASA Earthdata authentication/HDF5 download required for historical GPM IMERG reanalysis
V2-POS-0228,2006-11-25,Kerala,Kottayam,9.6287383,76.6455326,district,1,0.0,0.0,0.0,3.9,15.2,25.02,90.96,0.44,51.0,,,,,,,,Open-Meteo ERA5-Land Reanalysis,Copernicus DEM GLO-90 (Open-Meteo API Fallback) - Slope/relief unavailable due to API rate limits,GSI landslide inventory only available for Tamil Nadu,NASA Earthdata authentication/HDF5 download required for historical GPM IMERG reanalysis,India_Flood_Inventory_v3 (UEI: UEI-IMD-FL-2006-0063),OSM Nominatim Geocoding,success,Copernicus DEM GLO-90 (Open-Meteo API Fallback) - Slope/relief unavailable due to API rate limits,Copernicus DEM GLO-90 (Open-Meteo API Fallback) - Slope/relief unavailable due to API rate limits,GSI landslide inventory only available for Tamil Nadu,NASA Earthdata authentication/HDF5 download required for historical GPM IMERG reanalysis
V2-POS-0229,1994-08-23,Himachal Pradesh,Kullu,31.9578974,77.1089232,town,1,15.9,48.5,81.8,100.4,113.8,22.81,96.54,0.48,1235.0,,,,,,,,Open-Meteo ERA5-Land Reanalysis,Copernicus DEM GLO-90 (Open-Meteo API Fallback) - Slope/relief unavailable due to API rate limits,GSI landslide inventory only available for Tamil Nadu,NASA Earthdata authentication/HDF5 download required for historical GPM IMERG reanalysis,India_Flood_Inventory_v3 (UEI: UEI-IMD-FL-1994-0030),OSM Nominatim Geocoding,success,Copernicus DEM GLO-90 (Open-Meteo API Fallback) - Slope/relief unavailable due to API rate limits,Copernicus DEM GLO-90 (Open-Meteo API Fallback) - Slope/relief unavailable due to API rate limits,GSI landslide inventory only available for Tamil Nadu,NASA Earthdata authentication/HDF5 download required for historical GPM IMERG reanalysis
V2-POS-0230,2006-08-13,Kerala,Wayanad,11.7151291,76.1271185,district,1,0.5,1.0,2.4,4.3,16.9,20.62,98.62,0.47,747.0,,,,,,,,Open-Meteo ERA5-Land Reanalysis,Copernicus DEM GLO-90 (Open-Meteo API Fallback) - Slope/relief unavailable due to API rate limits,GSI landslide inventory only available for Tamil Nadu,NASA Earthdata authentication/HDF5 download required for historical GPM IMERG reanalysis,India_Flood_Inventory_v3 (UEI: UEI-IMD-FL-2006-0055),OSM Nominatim Geocoding,success,Copernicus DEM GLO-90 (Open-Meteo API Fallback) - Slope/relief unavailable due to API rate limits,Copernicus DEM GLO-90 (Open-Meteo API Fallback) - Slope/relief unavailable due to API rate limits,GSI landslide inventory only available for Tamil Nadu,NASA Earthdata authentication/HDF5 download required for historical GPM IMERG reanalysis
V2-POS-0231,2003-07-15,Kerala,Kasaragod,12.4221964,75.1904446,district,1,2.1,6.9,12.8,22.2,35.0,23.68,98.12,0.48,95.0,,,,,,,,Open-Meteo ERA5-Land Reanalysis,Copernicus DEM GLO-90 (Open-Meteo API Fallback) - Slope/relief unavailable due to API rate limits,GSI landslide inventory only available for Tamil Nadu,NASA Earthdata authentication/HDF5 download required for historical GPM IMERG reanalysis,India_Flood_Inventory_v3 (UEI: UEI-IMD-FL-2003-0048),OSM Nominatim Geocoding,success,Copernicus DEM GLO-90 (Open-Meteo API Fallback) - Slope/relief unavailable due to API rate limits,Copernicus DEM GLO-90 (Open-Meteo API Fallback) - Slope/relief unavailable due to API rate limits,GSI landslide inventory only available for Tamil Nadu,NASA Earthdata authentication/HDF5 download required for historical GPM IMERG reanalysis
V2-POS-0232,2002-08-04,Himachal Pradesh,Chamba,32.5534,76.1258,district,1,1.0,1.8,6.6,30.2,34.6,25.2,90.38,0.48,924.0,,,,,,,,Open-Meteo ERA5-Land Reanalysis,Copernicus DEM GLO-90 (Open-Meteo API Fallback) - Slope/relief unavailable due to API rate limits,GSI landslide inventory only available for Tamil Nadu,NASA Earthdata authentication/HDF5 download required for historical GPM IMERG reanalysis,India_Flood_Inventory_v3 (UEI: UEI-IMD-FL-2002-0020),OSM Nominatim Geocoding,success,Copernicus DEM GLO-90 (Open-Meteo API Fallback) - Slope/relief unavailable due to API rate limits,Copernicus DEM GLO-90 (Open-Meteo API Fallback) - Slope/relief unavailable due to API rate limits,GSI landslide inventory only available for Tamil Nadu,NASA Earthdata authentication/HDF5 download required for historical GPM IMERG reanalysis
V2-POS-0233,2015-04-25,Tamil Nadu,Vellore,12.9021849,79.061104,district,1,0.0,0.0,0.0,15.6,18.9,28.59,74.58,0.28,233.0,,,,,,151.536,0.0,Open-Meteo ERA5-Land Reanalysis,Copernicus DEM GLO-90 (Open-Meteo API Fallback) - Slope/relief unavailable due to API rate limits,Tamil Nadu GSI Landslide Inventory,NASA Earthdata authentication/HDF5 download required for historical GPM IMERG reanalysis,India_Flood_Inventory_v3 (UEI: UEI-IMD-FL-2015-0086),OSM Nominatim Geocoding,success,Copernicus DEM GLO-90 (Open-Meteo API Fallback) - Slope/relief unavailable due to API rate limits,Copernicus DEM GLO-90 (Open-Meteo API Fallback) - Slope/relief unavailable due to API rate limits,,NASA Earthdata authentication/HDF5 download required for historical GPM IMERG reanalysis
V2-POS-0234,2011-09-16,Tamil Nadu,Kancheepuram,12.8796052,79.7042762,district,1,0.0,1.2,3.8,4.6,5.0,28.97,70.54,0.31,81.0,,,,,,198.069,0.0,Open-Meteo ERA5-Land Reanalysis,Copernicus DEM GLO-90 (Open-Meteo API Fallback) - Slope/relief unavailable due to API rate limits,Tamil Nadu GSI Landslide Inventory,NASA Earthdata authentication/HDF5 download required for historical GPM IMERG reanalysis,India_Flood_Inventory_v3 (UEI: UEI-IMD-FL-2011-0087),OSM Nominatim Geocoding,success,Copernicus DEM GLO-90 (Open-Meteo API Fallback) - Slope/relief unavailable due to API rate limits,Copernicus DEM GLO-90 (Open-Meteo API Fallback) - Slope/relief unavailable due to API rate limits,,NASA Earthdata authentication/HDF5 download required for historical GPM IMERG reanalysis
V2-POS-0235,1993-07-28,Kerala,Thiruvananthapuram,8.4882267,76.947551,district,1,0.3,0.7,1.0,1.6,3.6,24.19,89.83,0.29,18.0,,,,,,,,Open-Meteo ERA5-Land Reanalysis,Copernicus DEM GLO-90 (Open-Meteo API Fallback) - Slope/relief unavailable due to API rate limits,GSI landslide inventory only available for Tamil Nadu,NASA Earthdata authentication/HDF5 download required for historical GPM IMERG reanalysis,India_Flood_Inventory_v3 (UEI: UEI-IMD-FL-1993-0030),OSM Nominatim Geocoding,success,Copernicus DEM GLO-90 (Open-Meteo API Fallback) - Slope/relief unavailable due to API rate limits,Copernicus DEM GLO-90 (Open-Meteo API Fallback) - Slope/relief unavailable due to API rate limits,GSI landslide inventory only available for Tamil Nadu,NASA Earthdata authentication/HDF5 download required for historical GPM IMERG reanalysis
V2-POS-0236,2011-06-17,Kerala,Wayanad,11.7151291,76.1271185,district,1,0.2,0.6,1.8,2.2,5.7,20.87,96.0,0.5,747.0,,,,,,,,Open-Meteo ERA5-Land Reanalysis,Copernicus DEM GLO-90 (Open-Meteo API Fallback) - Slope/relief unavailable due to API rate limits,GSI landslide inventory only available for Tamil Nadu,NASA Earthdata authentication/HDF5 download required for historical GPM IMERG reanalysis,India_Flood_Inventory_v3 (UEI: UEI-IMD-FL-2011-0046),OSM Nominatim Geocoding,success,Copernicus DEM GLO-90 (Open-Meteo API Fallback) - Slope/relief unavailable due to API rate limits,Copernicus DEM GLO-90 (Open-Meteo API Fallback) - Slope/relief unavailable due to API rate limits,GSI landslide inventory only available for Tamil Nadu,NASA Earthdata authentication/HDF5 download required for historical GPM IMERG reanalysis
V2-POS-0237,2013-03-26,Kerala,Thiruvananthapuram,8.4882267,76.947551,district,1,0.0,0.0,0.0,10.3,20.5,26.6,81.62,0.19,18.0,,,,,,,,Open-Meteo ERA5-Land Reanalysis,Copernicus DEM GLO-90 (Open-Meteo API Fallback) - Slope/relief unavailable due to API rate limits,GSI landslide inventory only available for Tamil Nadu,NASA Earthdata authentication/HDF5 download required for historical GPM IMERG reanalysis,India_Flood_Inventory_v3 (UEI: UEI-IMD-FL-2013-0063),OSM Nominatim Geocoding,success,Copernicus DEM GLO-90 (Open-Meteo API Fallback) - Slope/relief unavailable due to API rate limits,Copernicus DEM GLO-90 (Open-Meteo API Fallback) - Slope/relief unavailable due to API rate limits,GSI landslide inventory only available for Tamil Nadu,NASA Earthdata authentication/HDF5 download required for historical GPM IMERG reanalysis
V2-POS-0238,2019-01-12,Tamil Nadu,Tirunelveli,8.5495014,77.5805178,district,1,0.0,0.0,0.0,0.0,0.0,24.65,71.21,0.2,109.0,,,,,,12.198,0.0,Open-Meteo ERA5-Land Reanalysis,Copernicus DEM GLO-90 (Open-Meteo API Fallback) - Slope/relief unavailable due to API rate limits,Tamil Nadu GSI Landslide Inventory,NASA Earthdata authentication/HDF5 download required for historical GPM IMERG reanalysis,India_Flood_Inventory_v3 (UEI: UEI-IMD-FL-2019-0136),OSM Nominatim Geocoding,success,Copernicus DEM GLO-90 (Open-Meteo API Fallback) - Slope/relief unavailable due to API rate limits,Copernicus DEM GLO-90 (Open-Meteo API Fallback) - Slope/relief unavailable due to API rate limits,,NASA Earthdata authentication/HDF5 download required for historical GPM IMERG reanalysis
V2-POS-0239,2023-08-11,Himachal Pradesh,Chamba,32.6923316,76.1631552,district,1,0.0,0.0,0.0,0.0,4.9,17.54,82.17,0.38,2393.0,,,,,,,,Open-Meteo ERA5-Land Reanalysis,Copernicus DEM GLO-90 (Open-Meteo API Fallback) - Slope/relief unavailable due to API rate limits,GSI landslide inventory only available for Tamil Nadu,NASA Earthdata authentication/HDF5 download required for historical GPM IMERG reanalysis,India_Flood_Inventory_v3 (UEI: UEI-IMD-FL-2023-0308),OSM Nominatim Geocoding,success,Copernicus DEM GLO-90 (Open-Meteo API Fallback) - Slope/relief unavailable due to API rate limits,Copernicus DEM GLO-90 (Open-Meteo API Fallback) - Slope/relief unavailable due to API rate limits,GSI landslide inventory only available for Tamil Nadu,NASA Earthdata authentication/HDF5 download required for historical GPM IMERG reanalysis
V2-POS-0240,2013-11-25,Tamil Nadu,Pudukkottai,10.2903072,78.8173617,district,1,0.0,0.0,0.0,3.2,9.5,24.41,91.21,0.47,88.0,,,,,,112.988,0.0,Open-Meteo ERA5-Land Reanalysis,Copernicus DEM GLO-90 (Open-Meteo API Fallback) - Slope/relief unavailable due to API rate limits,Tamil Nadu GSI Landslide Inventory,NASA Earthdata authentication/HDF5 download required for historical GPM IMERG reanalysis,India_Flood_Inventory_v3 (UEI: UEI-IMD-FL-2013-0122),OSM Nominatim Geocoding,success,Copernicus DEM GLO-90 (Open-Meteo API Fallback) - Slope/relief unavailable due to API rate limits,Copernicus DEM GLO-90 (Open-Meteo API Fallback) - Slope/relief unavailable due to API rate limits,,NASA Earthdata authentication/HDF5 download required for historical GPM IMERG reanalysis
V2-POS-0241,1982-08-08,Uttarakhand,Chamoli,30.4985956,79.6190537,district,1,1.2,3.6,5.9,7.6,27.7,20.14,89.58,0.43,1898.0,,,,,,,,Open-Meteo ERA5-Land Reanalysis,Copernicus DEM GLO-90 (Open-Meteo API Fallback) - Slope/relief unavailable due to API rate limits,GSI landslide inventory only available for Tamil Nadu,NASA Earthdata authentication/HDF5 download required for historical GPM IMERG reanalysis,India_Flood_Inventory_v3 (UEI: UEI-IMD-FL-1982-0052),OSM Nominatim Geocoding,success,Copernicus DEM GLO-90 (Open-Meteo API Fallback) - Slope/relief unavailable due to API rate limits,Copernicus DEM GLO-90 (Open-Meteo API Fallback) - Slope/relief unavailable due to API rate limits,GSI landslide inventory only available for Tamil Nadu,NASA Earthdata authentication/HDF5 download required for historical GPM IMERG reanalysis
V2-POS-0242,2018-08-30,Uttarakhand,Tehri Garhwal,30.4658181,78.4837349,district,1,0.0,0.0,0.0,3.5,12.3,20.2,91.33,0.5,1709.0,,,,,,,,Open-Meteo ERA5-Land Reanalysis,Copernicus DEM GLO-90 (Open-Meteo API Fallback) - Slope/relief unavailable due to API rate limits,GSI landslide inventory only available for Tamil Nadu,NASA Earthdata authentication/HDF5 download required for historical GPM IMERG reanalysis,India_Flood_Inventory_v3 (UEI: UEI-IMD-FL-2018-0117),OSM Nominatim Geocoding,success,Copernicus DEM GLO-90 (Open-Meteo API Fallback) - Slope/relief unavailable due to API rate limits,Copernicus DEM GLO-90 (Open-Meteo API Fallback) - Slope/relief unavailable due to API rate limits,GSI landslide inventory only available for Tamil Nadu,NASA Earthdata authentication/HDF5 download required for historical GPM IMERG reanalysis
V2-POS-0243,1990-07-09,Uttarakhand,Garhwal,29.9762565,78.9226484,village,1,1.5,5.7,8.9,13.0,32.0,21.35,98.75,0.48,1454.0,,,,,,,,Open-Meteo ERA5-Land Reanalysis,Copernicus DEM GLO-90 (Open-Meteo API Fallback) - Slope/relief unavailable due to API rate limits,GSI landslide inventory only available for Tamil Nadu,NASA Earthdata authentication/HDF5 download required for historical GPM IMERG reanalysis,India_Flood_Inventory_v3 (UEI: UEI-IMD-FL-1990-0075),OSM Nominatim Geocoding,success,Copernicus DEM GLO-90 (Open-Meteo API Fallback) - Slope/relief unavailable due to API rate limits,Copernicus DEM GLO-90 (Open-Meteo API Fallback) - Slope/relief unavailable due to API rate limits,GSI landslide inventory only available for Tamil Nadu,NASA Earthdata authentication/HDF5 download required for historical GPM IMERG reanalysis
V2-POS-0244,2009-09-25,Tamil Nadu,Tiruvannamalai,12.4289282,78.99915,district,1,0.0,0.0,0.0,7.0,7.0,27.16,75.58,0.38,343.0,,,,,,107.216,0.0,Open-Meteo ERA5-Land Reanalysis,Copernicus DEM GLO-90 (Open-Meteo API Fallback) - Slope/relief unavailable due to API rate limits,Tamil Nadu GSI Landslide Inventory,NASA Earthdata authentication/HDF5 download required for historical GPM IMERG reanalysis,India_Flood_Inventory_v3 (UEI: UEI-IMD-FL-2009-0070),OSM Nominatim Geocoding,success,Copernicus DEM GLO-90 (Open-Meteo API Fallback) - Slope/relief unavailable due to API rate limits,Copernicus DEM GLO-90 (Open-Meteo API Fallback) - Slope/relief unavailable due to API rate limits,,NASA Earthdata authentication/HDF5 download required for historical GPM IMERG reanalysis
V2-POS-0245,1984-03-04,Tamil Nadu,Tirunelveli,8.5495014,77.5805178,district,1,0.2,0.7,1.2,4.2,20.5,23.78,92.17,0.42,109.0,,,,,,12.198,0.0,Open-Meteo ERA5-Land Reanalysis,Copernicus DEM GLO-90 (Open-Meteo API Fallback) - Slope/relief unavailable due to API rate limits,Tamil Nadu GSI Landslide Inventory,NASA Earthdata authentication/HDF5 download required for historical GPM IMERG reanalysis,India_Flood_Inventory_v3 (UEI: UEI-IMD-FL-1984-0079),OSM Nominatim Geocoding,success,Copernicus DEM GLO-90 (Open-Meteo API Fallback) - Slope/relief unavailable due to API rate limits,Copernicus DEM GLO-90 (Open-Meteo API Fallback) - Slope/relief unavailable due to API rate limits,,NASA Earthdata authentication/HDF5 download required for historical GPM IMERG reanalysis
V2-POS-0246,2005-02-01,Kerala,Thiruvananthapuram,8.7107425,77.1294925,district,1,0.0,0.0,0.4,1.7,3.4,26.16,80.71,0.38,130.0,,,,,,,,Open-Meteo ERA5-Land Reanalysis,Copernicus DEM GLO-90 (Open-Meteo API Fallback) - Slope/relief unavailable due to API rate limits,GSI landslide inventory only available for Tamil Nadu,NASA Earthdata authentication/HDF5 download required for historical GPM IMERG reanalysis,India_Flood_Inventory_v3 (UEI: UEI-IMD-FL-2005-0066),OSM Nominatim Geocoding,success,Copernicus DEM GLO-90 (Open-Meteo API Fallback) - Slope/relief unavailable due to API rate limits,Copernicus DEM GLO-90 (Open-Meteo API Fallback) - Slope/relief unavailable due to API rate limits,GSI landslide inventory only available for Tamil Nadu,NASA Earthdata authentication/HDF5 download required for historical GPM IMERG reanalysis
V2-NEG-0001,2018-07-16,Kerala,Palakkad,10.7873692,76.4742172,district,0,0.9,2.4,5.7,15.3,39.2,24.47,94.0,0.51,83.0,,,,,,,,Open-Meteo ERA5-Land Reanalysis,Copernicus DEM GLO-90 (Open-Meteo API Fallback) - Slope/relief unavailable due to API rate limits,GSI landslide inventory only available for Tamil Nadu,NASA Earthdata authentication/HDF5 download required for historical GPM IMERG reanalysis,Generated Negative (Matched: V2-POS-0001),OSM Nominatim Geocoding,success,Copernicus DEM GLO-90 (Open-Meteo API Fallback) - Slope/relief unavailable due to API rate limits,Copernicus DEM GLO-90 (Open-Meteo API Fallback) - Slope/relief unavailable due to API rate limits,GSI landslide inventory only available for Tamil Nadu,NASA Earthdata authentication/HDF5 download required for historical GPM IMERG reanalysis
V2-NEG-0002,1983-08-11,Himachal Pradesh,Shimla,31.1040393,77.1707923,town,0,0.0,0.0,0.0,0.0,3.2,18.1,88.04,0.46,2119.0,,,,,,,,Open-Meteo ERA5-Land Reanalysis,Copernicus DEM GLO-90 (Open-Meteo API Fallback) - Slope/relief unavailable due to API rate limits,GSI landslide inventory only available for Tamil Nadu,NASA Earthdata authentication/HDF5 download required for historical GPM IMERG reanalysis,Generated Negative (Matched: V2-POS-0002),OSM Nominatim Geocoding,success,Copernicus DEM GLO-90 (Open-Meteo API Fallback) - Slope/relief unavailable due to API rate limits,Copernicus DEM GLO-90 (Open-Meteo API Fallback) - Slope/relief unavailable due to API rate limits,GSI landslide inventory only available for Tamil Nadu,NASA Earthdata authentication/HDF5 download required for historical GPM IMERG reanalysis
V2-NEG-0003,2008-08-06,Himachal Pradesh,Una,31.4684,76.2708,district,0,0.0,0.0,0.0,0.0,52.3,25.82,92.04,0.34,377.0,,,,,,,,Open-Meteo ERA5-Land Reanalysis,Copernicus DEM GLO-90 (Open-Meteo API Fallback) - Slope/relief unavailable due to API rate limits,GSI landslide inventory only available for Tamil Nadu,NASA Earthdata authentication/HDF5 download required for historical GPM IMERG reanalysis,Generated Negative (Matched: V2-POS-0003),OSM Nominatim Geocoding,success,Copernicus DEM GLO-90 (Open-Meteo API Fallback) - Slope/relief unavailable due to API rate limits,Copernicus DEM GLO-90 (Open-Meteo API Fallback) - Slope/relief unavailable due to API rate limits,GSI landslide inventory only available for Tamil Nadu,NASA Earthdata authentication/HDF5 download required for historical GPM IMERG reanalysis
V2-NEG-0004,1970-07-05,Kerala,Thiruvananthapuram,8.4882267,76.947551,district,0,0.1,0.3,0.6,1.0,2.0,25.68,85.79,0.22,18.0,,,,,,,,Open-Meteo ERA5-Land Reanalysis,Copernicus DEM GLO-90 (Open-Meteo API Fallback) - Slope/relief unavailable due to API rate limits,GSI landslide inventory only available for Tamil Nadu,NASA Earthdata authentication/HDF5 download required for historical GPM IMERG reanalysis,Generated Negative (Matched: V2-POS-0004),OSM Nominatim Geocoding,success,Copernicus DEM GLO-90 (Open-Meteo API Fallback) - Slope/relief unavailable due to API rate limits,Copernicus DEM GLO-90 (Open-Meteo API Fallback) - Slope/relief unavailable due to API rate limits,GSI landslide inventory only available for Tamil Nadu,NASA Earthdata authentication/HDF5 download required for historical GPM IMERG reanalysis
V2-NEG-0005,1993-08-22,Himachal Pradesh,Mandi,31.5892,76.9182,district,0,0.0,0.0,0.0,0.0,0.0,25.32,72.62,0.21,812.0,,,,,,,,Open-Meteo ERA5-Land Reanalysis,Copernicus DEM GLO-90 (Open-Meteo API Fallback) - Slope/relief unavailable due to API rate limits,GSI landslide inventory only available for Tamil Nadu,NASA Earthdata authentication/HDF5 download required for historical GPM IMERG reanalysis,Generated Negative (Matched: V2-POS-0005),OSM Nominatim Geocoding,success,Copernicus DEM GLO-90 (Open-Meteo API Fallback) - Slope/relief unavailable due to API rate limits,Copernicus DEM GLO-90 (Open-Meteo API Fallback) - Slope/relief unavailable due to API rate limits,GSI landslide inventory only available for Tamil Nadu,NASA Earthdata authentication/HDF5 download required for historical GPM IMERG reanalysis
V2-NEG-0006,1990-11-06,Tamil Nadu,Kallakurichi,11.7946847,79.0388211,district,0,0.0,0.0,0.0,0.0,0.0,25.58,74.42,0.34,118.0,,,,,,83.69,0.0,Open-Meteo ERA5-Land Reanalysis,Copernicus DEM GLO-90 (Open-Meteo API Fallback) - Slope/relief unavailable due to API rate limits,Tamil Nadu GSI Landslide Inventory,NASA Earthdata authentication/HDF5 download required for historical GPM IMERG reanalysis,Generated Negative (Matched: V2-POS-0006),OSM Nominatim Geocoding,success,Copernicus DEM GLO-90 (Open-Meteo API Fallback) - Slope/relief unavailable due to API rate limits,Copernicus DEM GLO-90 (Open-Meteo API Fallback) - Slope/relief unavailable due to API rate limits,,NASA Earthdata authentication/HDF5 download required for historical GPM IMERG reanalysis
V2-NEG-0007,2012-08-08,Uttarakhand,Pithoragarh,29.585871,80.215167,district,0,0.8,2.4,2.5,18.4,26.7,20.85,90.29,0.49,1602.0,,,,,,,,Open-Meteo ERA5-Land Reanalysis,Copernicus DEM GLO-90 (Open-Meteo API Fallback) - Slope/relief unavailable due to API rate limits,GSI landslide inventory only available for Tamil Nadu,NASA Earthdata authentication/HDF5 download required for historical GPM IMERG reanalysis,Generated Negative (Matched: V2-POS-0007),OSM Nominatim Geocoding,success,Copernicus DEM GLO-90 (Open-Meteo API Fallback) - Slope/relief unavailable due to API rate limits,Copernicus DEM GLO-90 (Open-Meteo API Fallback) - Slope/relief unavailable due to API rate limits,GSI landslide inventory only available for Tamil Nadu,NASA Earthdata authentication/HDF5 download required for historical GPM IMERG reanalysis
V2-NEG-0008,1983-05-20,Tamil Nadu,Salem,11.5838413,77.8347612,town,0,0.0,0.0,0.0,0.0,1.5,28.97,71.75,0.21,211.0,,,,,,41.634,0.0,Open-Meteo ERA5-Land Reanalysis,Copernicus DEM GLO-90 (Open-Meteo API Fallback) - Slope/relief unavailable due to API rate limits,Tamil Nadu GSI Landslide Inventory,NASA Earthdata authentication/HDF5 download required for historical GPM IMERG reanalysis,Generated Negative (Matched: V2-POS-0008),OSM Nominatim Geocoding,success,Copernicus DEM GLO-90 (Open-Meteo API Fallback) - Slope/relief unavailable due to API rate limits,Copernicus DEM GLO-90 (Open-Meteo API Fallback) - Slope/relief unavailable due to API rate limits,,NASA Earthdata authentication/HDF5 download required for historical GPM IMERG reanalysis
V2-NEG-0009,2014-08-15,Himachal Pradesh,Shimla,31.1040393,77.1707923,town,0,0.5,3.1,4.6,7.2,17.0,17.47,94.08,0.48,2119.0,,,,,,,,Open-Meteo ERA5-Land Reanalysis,Copernicus DEM GLO-90 (Open-Meteo API Fallback) - Slope/relief unavailable due to API rate limits,GSI landslide inventory only available for Tamil Nadu,NASA Earthdata authentication/HDF5 download required for historical GPM IMERG reanalysis,Generated Negative (Matched: V2-POS-0009),OSM Nominatim Geocoding,success,Copernicus DEM GLO-90 (Open-Meteo API Fallback) - Slope/relief unavailable due to API rate limits,Copernicus DEM GLO-90 (Open-Meteo API Fallback) - Slope/relief unavailable due to API rate limits,GSI landslide inventory only available for Tamil Nadu,NASA Earthdata authentication/HDF5 download required for historical GPM IMERG reanalysis
V2-NEG-0010,2021-04-14,Kerala,Kannur,11.8763836,75.3737973,district,0,4.0,4.3,6.2,6.4,20.0,27.27,85.83,0.25,23.0,,,,,,,,Open-Meteo ERA5-Land Reanalysis,Copernicus DEM GLO-90 (Open-Meteo API Fallback) - Slope/relief unavailable due to API rate limits,GSI landslide inventory only available for Tamil Nadu,NASA Earthdata authentication/HDF5 download required for historical GPM IMERG reanalysis,Generated Negative (Matched: V2-POS-0010),OSM Nominatim Geocoding,success,Copernicus DEM GLO-90 (Open-Meteo API Fallback) - Slope/relief unavailable due to API rate limits,Copernicus DEM GLO-90 (Open-Meteo API Fallback) - Slope/relief unavailable due to API rate limits,GSI landslide inventory only available for Tamil Nadu,NASA Earthdata authentication/HDF5 download required for historical GPM IMERG reanalysis
V2-NEG-0011,2022-08-13,Himachal Pradesh,Una,31.4684,76.2708,district,0,0.0,0.0,0.0,0.0,0.0,28.44,76.46,0.27,377.0,,,,,,,,Open-Meteo ERA5-Land Reanalysis,Copernicus DEM GLO-90 (Open-Meteo API Fallback) - Slope/relief unavailable due to API rate limits,GSI landslide inventory only available for Tamil Nadu,NASA Earthdata authentication/HDF5 download required for historical GPM IMERG reanalysis,Generated Negative (Matched: V2-POS-0011),OSM Nominatim Geocoding,success,Copernicus DEM GLO-90 (Open-Meteo API Fallback) - Slope/relief unavailable due to API rate limits,Copernicus DEM GLO-90 (Open-Meteo API Fallback) - Slope/relief unavailable due to API rate limits,GSI landslide inventory only available for Tamil Nadu,NASA Earthdata authentication/HDF5 download required for historical GPM IMERG reanalysis
V2-NEG-0012,1970-08-12,Himachal Pradesh,Shimla,31.1048,77.1734,district,0,0.1,0.6,1.1,4.1,19.3,17.14,95.5,0.47,2195.0,,,,,,,,Open-Meteo ERA5-Land Reanalysis,Copernicus DEM GLO-90 (Open-Meteo API Fallback) - Slope/relief unavailable due to API rate limits,GSI landslide inventory only available for Tamil Nadu,NASA Earthdata authentication/HDF5 download required for historical GPM IMERG reanalysis,Generated Negative (Matched: V2-POS-0012),OSM Nominatim Geocoding,success,Copernicus DEM GLO-90 (Open-Meteo API Fallback) - Slope/relief unavailable due to API rate limits,Copernicus DEM GLO-90 (Open-Meteo API Fallback) - Slope/relief unavailable due to API rate limits,GSI landslide inventory only available for Tamil Nadu,NASA Earthdata authentication/HDF5 download required for historical GPM IMERG reanalysis
V2-NEG-0013,2013-02-07,Uttarakhand,Chamoli,30.4985956,79.6190537,district,0,0.4,0.9,1.3,1.9,12.3,5.19,84.46,0.35,1898.0,,,,,,,,Open-Meteo ERA5-Land Reanalysis,Copernicus DEM GLO-90 (Open-Meteo API Fallback) - Slope/relief unavailable due to API rate limits,GSI landslide inventory only available for Tamil Nadu,NASA Earthdata authentication/HDF5 download required for historical GPM IMERG reanalysis,Generated Negative (Matched: V2-POS-0013),OSM Nominatim Geocoding,success,Copernicus DEM GLO-90 (Open-Meteo API Fallback) - Slope/relief unavailable due to API rate limits,Copernicus DEM GLO-90 (Open-Meteo API Fallback) - Slope/relief unavailable due to API rate limits,GSI landslide inventory only available for Tamil Nadu,NASA Earthdata authentication/HDF5 download required for historical GPM IMERG reanalysis
V2-NEG-0014,2020-06-15,Kerala,Kozhikode,11.2450558,75.7754716,district,0,0.6,1.7,4.1,7.3,17.0,25.81,94.04,0.34,9.0,,,,,,,,Open-Meteo ERA5-Land Reanalysis,Copernicus DEM GLO-90 (Open-Meteo API Fallback) - Slope/relief unavailable due to API rate limits,GSI landslide inventory only available for Tamil Nadu,NASA Earthdata authentication/HDF5 download required for historical GPM IMERG reanalysis,Generated Negative (Matched: V2-POS-0014),OSM Nominatim Geocoding,success,Copernicus DEM GLO-90 (Open-Meteo API Fallback) - Slope/relief unavailable due to API rate limits,Copernicus DEM GLO-90 (Open-Meteo API Fallback) - Slope/relief unavailable due to API rate limits,GSI landslide inventory only available for Tamil Nadu,NASA Earthdata authentication/HDF5 download required for historical GPM IMERG reanalysis
V2-NEG-0015,1993-06-13,Himachal Pradesh,Bilaspur,31.326,76.76,district,0,0.0,0.0,0.0,0.0,0.0,33.06,40.96,0.13,543.0,,,,,,,,Open-Meteo ERA5-Land Reanalysis,Copernicus DEM GLO-90 (Open-Meteo API Fallback) - Slope/relief unavailable due to API rate limits,GSI landslide inventory only available for Tamil Nadu,NASA Earthdata authentication/HDF5 download required for historical GPM IMERG reanalysis,Generated Negative (Matched: V2-POS-0015),OSM Nominatim Geocoding,success,Copernicus DEM GLO-90 (Open-Meteo API Fallback) - Slope/relief unavailable due to API rate limits,Copernicus DEM GLO-90 (Open-Meteo API Fallback) - Slope/relief unavailable due to API rate limits,GSI landslide inventory only available for Tamil Nadu,NASA Earthdata authentication/HDF5 download required for historical GPM IMERG reanalysis
V2-NEG-0016,1999-09-04,Kerala,Kollam,8.8870533,76.5906696,district,0,0.0,0.0,0.0,0.1,0.9,25.38,85.83,0.27,11.0,,,,,,,,Open-Meteo ERA5-Land Reanalysis,Copernicus DEM GLO-90 (Open-Meteo API Fallback) - Slope/relief unavailable due to API rate limits,GSI landslide inventory only available for Tamil Nadu,NASA Earthdata authentication/HDF5 download required for historical GPM IMERG reanalysis,Generated Negative (Matched: V2-POS-0016),OSM Nominatim Geocoding,success,Copernicus DEM GLO-90 (Open-Meteo API Fallback) - Slope/relief unavailable due to API rate limits,Copernicus DEM GLO-90 (Open-Meteo API Fallback) - Slope/relief unavailable due to API rate limits,GSI landslide inventory only available for Tamil Nadu,NASA Earthdata authentication/HDF5 download required for historical GPM IMERG reanalysis
V2-NEG-0017,1980-07-19,Kerala,Thiruvananthapuram,8.4882267,76.947551,district,0,0.6,1.1,1.1,1.2,3.2,25.03,87.08,0.24,18.0,,,,,,,,Open-Meteo ERA5-Land Reanalysis,Copernicus DEM GLO-90 (Open-Meteo API Fallback) - Slope/relief unavailable due to API rate limits,GSI landslide inventory only available for Tamil Nadu,NASA Earthdata authentication/HDF5 download required for historical GPM IMERG reanalysis,Generated Negative (Matched: V2-POS-0017),OSM Nominatim Geocoding,success,Copernicus DEM GLO-90 (Open-Meteo API Fallback) - Slope/relief unavailable due to API rate limits,Copernicus DEM GLO-90 (Open-Meteo API Fallback) - Slope/relief unavailable due to API rate limits,GSI landslide inventory only available for Tamil Nadu,NASA Earthdata authentication/HDF5 download required for historical GPM IMERG reanalysis
V2-NEG-0018,1973-10-10,Kerala,Wayanad,11.7151291,76.1271185,district,0,0.0,0.0,0.0,0.0,0.0,22.25,82.21,0.37,747.0,,,,,,,,Open-Meteo ERA5-Land Reanalysis,Copernicus DEM GLO-90 (Open-Meteo API Fallback) - Slope/relief unavailable due to API rate limits,GSI landslide inventory only available for Tamil Nadu,NASA Earthdata authentication/HDF5 download required for historical GPM IMERG reanalysis,Generated Negative (Matched: V2-POS-0018),OSM Nominatim Geocoding,success,Copernicus DEM GLO-90 (Open-Meteo API Fallback) - Slope/relief unavailable due to API rate limits,Copernicus DEM GLO-90 (Open-Meteo API Fallback) - Slope/relief unavailable due to API rate limits,GSI landslide inventory only available for Tamil Nadu,NASA Earthdata authentication/HDF5 download required for historical GPM IMERG reanalysis
V2-NEG-0019,2000-11-14,Kerala,Kannur,11.8763836,75.3737973,district,0,0.0,0.0,0.0,0.0,0.3,26.53,79.29,0.12,23.0,,,,,,,,Open-Meteo ERA5-Land Reanalysis,Copernicus DEM GLO-90 (Open-Meteo API Fallback) - Slope/relief unavailable due to API rate limits,GSI landslide inventory only available for Tamil Nadu,NASA Earthdata authentication/HDF5 download required for historical GPM IMERG reanalysis,Generated Negative (Matched: V2-POS-0019),OSM Nominatim Geocoding,success,Copernicus DEM GLO-90 (Open-Meteo API Fallback) - Slope/relief unavailable due to API rate limits,Copernicus DEM GLO-90 (Open-Meteo API Fallback) - Slope/relief unavailable due to API rate limits,GSI landslide inventory only available for Tamil Nadu,NASA Earthdata authentication/HDF5 download required for historical GPM IMERG reanalysis
V2-NEG-0020,2008-02-09,Uttarakhand,Almora,29.596,79.6467,district,0,0.0,0.1,0.4,1.2,1.2,8.36,74.62,0.43,1419.0,,,,,,,,Open-Meteo ERA5-Land Reanalysis,Copernicus DEM GLO-90 (Open-Meteo API Fallback) - Slope/relief unavailable due to API rate limits,GSI landslide inventory only available for Tamil Nadu,NASA Earthdata authentication/HDF5 download required for historical GPM IMERG reanalysis,Generated Negative (Matched: V2-POS-0020),OSM Nominatim Geocoding,success,Copernicus DEM GLO-90 (Open-Meteo API Fallback) - Slope/relief unavailable due to API rate limits,Copernicus DEM GLO-90 (Open-Meteo API Fallback) - Slope/relief unavailable due to API rate limits,GSI landslide inventory only available for Tamil Nadu,NASA Earthdata authentication/HDF5 download required for historical GPM IMERG reanalysis
V2-NEG-0021,2002-07-07,Himachal Pradesh,Bilaspur,31.3380959,76.7611631,town,0,0.0,0.0,0.0,0.0,0.0,27.9,74.38,0.31,564.0,,,,,,,,Open-Meteo ERA5-Land Reanalysis,Copernicus DEM GLO-90 (Open-Meteo API Fallback) - Slope/relief unavailable due to API rate limits,GSI landslide inventory only available for Tamil Nadu,NASA Earthdata authentication/HDF5 download required for historical GPM IMERG reanalysis,Generated Negative (Matched: V2-POS-0021),OSM Nominatim Geocoding,success,Copernicus DEM GLO-90 (Open-Meteo API Fallback) - Slope/relief unavailable due to API rate limits,Copernicus DEM GLO-90 (Open-Meteo API Fallback) - Slope/relief unavailable due to API rate limits,GSI landslide inventory only available for Tamil Nadu,NASA Earthdata authentication/HDF5 download required for historical GPM IMERG reanalysis
V2-NEG-0022,1981-08-14,Himachal Pradesh,Mandi,31.5892,76.9182,district,0,0.9,1.6,1.9,2.3,28.8,24.06,95.12,0.42,812.0,,,,,,,,Open-Meteo ERA5-Land Reanalysis,Copernicus DEM GLO-90 (Open-Meteo API Fallback) - Slope/relief unavailable due to API rate limits,GSI landslide inventory only available for Tamil Nadu,NASA Earthdata authentication/HDF5 download required for historical GPM IMERG reanalysis,Generated Negative (Matched: V2-POS-0022),OSM Nominatim Geocoding,success,Copernicus DEM GLO-90 (Open-Meteo API Fallback) - Slope/relief unavailable due to API rate limits,Copernicus DEM GLO-90 (Open-Meteo API Fallback) - Slope/relief unavailable due to API rate limits,GSI landslide inventory only available for Tamil Nadu,NASA Earthdata authentication/HDF5 download required for historical GPM IMERG reanalysis
V2-NEG-0023,2005-11-06,Tamil Nadu,Krishnagiri,12.5152075,78.0093769,district,0,0.0,0.0,0.2,2.9,3.8,22.16,87.17,0.43,705.0,,,,,,85.71,0.0,Open-Meteo ERA5-Land Reanalysis,Copernicus DEM GLO-90 (Open-Meteo API Fallback) - Slope/relief unavailable due to API rate limits,Tamil Nadu GSI Landslide Inventory,NASA Earthdata authentication/HDF5 download required for historical GPM IMERG reanalysis,Generated Negative (Matched: V2-POS-0023),OSM Nominatim Geocoding,success,Copernicus DEM GLO-90 (Open-Meteo API Fallback) - Slope/relief unavailable due to API rate limits,Copernicus DEM GLO-90 (Open-Meteo API Fallback) - Slope/relief unavailable due to API rate limits,,NASA Earthdata authentication/HDF5 download required for historical GPM IMERG reanalysis
V2-NEG-0024,2012-11-01,Tamil Nadu,Ranipet,12.9186243,79.4081921,district,0,0.0,0.0,0.4,23.7,82.7,22.79,92.58,0.43,186.0,,,,,,176.981,0.0,Open-Meteo ERA5-Land Reanalysis,Copernicus DEM GLO-90 (Open-Meteo API Fallback) - Slope/relief unavailable due to API rate limits,Tamil Nadu GSI Landslide Inventory,NASA Earthdata authentication/HDF5 download required for historical GPM IMERG reanalysis,Generated Negative (Matched: V2-POS-0024),OSM Nominatim Geocoding,success,Copernicus DEM GLO-90 (Open-Meteo API Fallback) - Slope/relief unavailable due to API rate limits,Copernicus DEM GLO-90 (Open-Meteo API Fallback) - Slope/relief unavailable due to API rate limits,,NASA Earthdata authentication/HDF5 download required for historical GPM IMERG reanalysis
V2-NEG-0025,1998-11-22,Tamil Nadu,Many districts of Tamil Nadu.,11.3323723,78.6098639,district,0,0.0,0.0,0.0,0.6,0.7,22.16,83.17,0.3,741.0,,,,,,61.637,0.0,Open-Meteo ERA5-Land Reanalysis,Copernicus DEM GLO-90 (Open-Meteo API Fallback) - Slope/relief unavailable due to API rate limits,Tamil Nadu GSI Landslide Inventory,NASA Earthdata authentication/HDF5 download required for historical GPM IMERG reanalysis,Generated Negative (Matched: V2-POS-0025),OSM Nominatim Geocoding,success,Copernicus DEM GLO-90 (Open-Meteo API Fallback) - Slope/relief unavailable due to API rate limits,Copernicus DEM GLO-90 (Open-Meteo API Fallback) - Slope/relief unavailable due to API rate limits,,NASA Earthdata authentication/HDF5 download required for historical GPM IMERG reanalysis
V2-NEG-0026,1974-11-12,Tamil Nadu,Chengalpattu,12.6840886,79.9836371,district,0,0.0,0.0,0.0,0.0,0.0,24.93,67.88,0.25,45.0,,,,,,211.631,0.0,Open-Meteo ERA5-Land Reanalysis,Copernicus DEM GLO-90 (Open-Meteo API Fallback) - Slope/relief unavailable due to API rate limits,Tamil Nadu GSI Landslide Inventory,NASA Earthdata authentication/HDF5 download required for historical GPM IMERG reanalysis,Generated Negative (Matched: V2-POS-0026),OSM Nominatim Geocoding,success,Copernicus DEM GLO-90 (Open-Meteo API Fallback) - Slope/relief unavailable due to API rate limits,Copernicus DEM GLO-90 (Open-Meteo API Fallback) - Slope/relief unavailable due to API rate limits,,NASA Earthdata authentication/HDF5 download required for historical GPM IMERG reanalysis
V2-NEG-0027,2014-03-15,Kerala,Thiruvananthapuram,8.4882267,76.947551,district,0,0.0,0.0,0.0,0.0,0.0,27.6,61.58,0.06,18.0,,,,,,,,Open-Meteo ERA5-Land Reanalysis,Copernicus DEM GLO-90 (Open-Meteo API Fallback) - Slope/relief unavailable due to API rate limits,GSI landslide inventory only available for Tamil Nadu,NASA Earthdata authentication/HDF5 download required for historical GPM IMERG reanalysis,Generated Negative (Matched: V2-POS-0027),OSM Nominatim Geocoding,success,Copernicus DEM GLO-90 (Open-Meteo API Fallback) - Slope/relief unavailable due to API rate limits,Copernicus DEM GLO-90 (Open-Meteo API Fallback) - Slope/relief unavailable due to API rate limits,GSI landslide inventory only available for Tamil Nadu,NASA Earthdata authentication/HDF5 download required for historical GPM IMERG reanalysis
V2-NEG-0028,2002-07-11,Uttarakhand,Bageshwar,30.0087902,79.9280183,district,0,0.8,4.8,9.4,12.0,14.4,20.35,85.83,0.46,1797.0,,,,,,,,Open-Meteo ERA5-Land Reanalysis,Copernicus DEM GLO-90 (Open-Meteo API Fallback) - Slope/relief unavailable due to API rate limits,GSI landslide inventory only available for Tamil Nadu,NASA Earthdata authentication/HDF5 download required for historical GPM IMERG reanalysis,Generated Negative (Matched: V2-POS-0028),OSM Nominatim Geocoding,success,Copernicus DEM GLO-90 (Open-Meteo API Fallback) - Slope/relief unavailable due to API rate limits,Copernicus DEM GLO-90 (Open-Meteo API Fallback) - Slope/relief unavailable due to API rate limits,GSI landslide inventory only available for Tamil Nadu,NASA Earthdata authentication/HDF5 download required for historical GPM IMERG reanalysis
V2-NEG-0029,2009-07-18,Himachal Pradesh,Shimla,31.1040393,77.1707923,town,0,2.2,3.8,7.7,9.9,12.5,19.47,87.08,0.44,2119.0,,,,,,,,Open-Meteo ERA5-Land Reanalysis,Copernicus DEM GLO-90 (Open-Meteo API Fallback) - Slope/relief unavailable due to API rate limits,GSI landslide inventory only available for Tamil Nadu,NASA Earthdata authentication/HDF5 download required for historical GPM IMERG reanalysis,Generated Negative (Matched: V2-POS-0029),OSM Nominatim Geocoding,success,Copernicus DEM GLO-90 (Open-Meteo API Fallback) - Slope/relief unavailable due to API rate limits,Copernicus DEM GLO-90 (Open-Meteo API Fallback) - Slope/relief unavailable due to API rate limits,GSI landslide inventory only available for Tamil Nadu,NASA Earthdata authentication/HDF5 download required for historical GPM IMERG reanalysis
V2-NEG-0030,1991-05-18,Kerala,Thiruvananthapuram,8.4882267,76.947551,district,0,0.1,0.1,0.1,3.5,12.4,26.5,86.21,0.25,18.0,,,,,,,,Open-Meteo ERA5-Land Reanalysis,Copernicus DEM GLO-90 (Open-Meteo API Fallback) - Slope/relief unavailable due to API rate limits,GSI landslide inventory only available for Tamil Nadu,NASA Earthdata authentication/HDF5 download required for historical GPM IMERG reanalysis,Generated Negative (Matched: V2-POS-0030),OSM Nominatim Geocoding,success,Copernicus DEM GLO-90 (Open-Meteo API Fallback) - Slope/relief unavailable due to API rate limits,Copernicus DEM GLO-90 (Open-Meteo API Fallback) - Slope/relief unavailable due to API rate limits,GSI landslide inventory only available for Tamil Nadu,NASA Earthdata authentication/HDF5 download required for historical GPM IMERG reanalysis
V2-NEG-0031,2000-09-22,Kerala,Thiruvananthapuram,8.4882267,76.947551,district,0,0.0,0.4,1.4,4.0,19.1,24.36,90.25,0.29,18.0,,,,,,,,Open-Meteo ERA5-Land Reanalysis,Copernicus DEM GLO-90 (Open-Meteo API Fallback) - Slope/relief unavailable due to API rate limits,GSI landslide inventory only available for Tamil Nadu,NASA Earthdata authentication/HDF5 download required for historical GPM IMERG reanalysis,Generated Negative (Matched: V2-POS-0031),OSM Nominatim Geocoding,success,Copernicus DEM GLO-90 (Open-Meteo API Fallback) - Slope/relief unavailable due to API rate limits,Copernicus DEM GLO-90 (Open-Meteo API Fallback) - Slope/relief unavailable due to API rate limits,GSI landslide inventory only available for Tamil Nadu,NASA Earthdata authentication/HDF5 download required for historical GPM IMERG reanalysis
V2-NEG-0032,1972-08-12,Himachal Pradesh,Shimla,31.1040393,77.1707923,town,0,0.0,0.4,0.9,1.0,6.2,16.35,93.71,0.46,2119.0,,,,,,,,Open-Meteo ERA5-Land Reanalysis,Copernicus DEM GLO-90 (Open-Meteo API Fallback) - Slope/relief unavailable due to API rate limits,GSI landslide inventory only available for Tamil Nadu,NASA Earthdata authentication/HDF5 download required for historical GPM IMERG reanalysis,Generated Negative (Matched: V2-POS-0032),OSM Nominatim Geocoding,success,Copernicus DEM GLO-90 (Open-Meteo API Fallback) - Slope/relief unavailable due to API rate limits,Copernicus DEM GLO-90 (Open-Meteo API Fallback) - Slope/relief unavailable due to API rate limits,GSI landslide inventory only available for Tamil Nadu,NASA Earthdata authentication/HDF5 download required for historical GPM IMERG reanalysis
V2-NEG-0033,2017-07-21,Kerala,Wayanad,11.7151291,76.1271185,district,0,0.4,1.2,1.9,2.4,11.3,22.12,90.67,0.51,747.0,,,,,,,,Open-Meteo ERA5-Land Reanalysis,Copernicus DEM GLO-90 (Open-Meteo API Fallback) - Slope/relief unavailable due to API rate limits,GSI landslide inventory only available for Tamil Nadu,NASA Earthdata authentication/HDF5 download required for historical GPM IMERG reanalysis,Generated Negative (Matched: V2-POS-0033),OSM Nominatim Geocoding,success,Copernicus DEM GLO-90 (Open-Meteo API Fallback) - Slope/relief unavailable due to API rate limits,Copernicus DEM GLO-90 (Open-Meteo API Fallback) - Slope/relief unavailable due to API rate limits,GSI landslide inventory only available for Tamil Nadu,NASA Earthdata authentication/HDF5 download required for historical GPM IMERG reanalysis
V2-NEG-0034,1989-10-30,Tamil Nadu,Cuddalore,11.5202071,79.3396356,district,0,0.0,0.0,0.0,1.3,7.3,25.59,84.83,0.36,54.0,,,,,,119.889,0.0,Open-Meteo ERA5-Land Reanalysis,Copernicus DEM GLO-90 (Open-Meteo API Fallback) - Slope/relief unavailable due to API rate limits,Tamil Nadu GSI Landslide Inventory,NASA Earthdata authentication/HDF5 download required for historical GPM IMERG reanalysis,Generated Negative (Matched: V2-POS-0034),OSM Nominatim Geocoding,success,Copernicus DEM GLO-90 (Open-Meteo API Fallback) - Slope/relief unavailable due to API rate limits,Copernicus DEM GLO-90 (Open-Meteo API Fallback) - Slope/relief unavailable due to API rate limits,,NASA Earthdata authentication/HDF5 download required for historical GPM IMERG reanalysis
V2-NEG-0035,2016-07-30,Kerala,Kannur,12.306618,75.1057774,village,0,0.7,2.0,3.0,4.2,9.4,24.82,91.17,0.43,18.0,,,,,,,,Open-Meteo ERA5-Land Reanalysis,Copernicus DEM GLO-90 (Open-Meteo API Fallback) - Slope/relief unavailable due to API rate limits,GSI landslide inventory only available for Tamil Nadu,NASA Earthdata authentication/HDF5 download required for historical GPM IMERG reanalysis,Generated Negative (Matched: V2-POS-0035),OSM Nominatim Geocoding,success,Copernicus DEM GLO-90 (Open-Meteo API Fallback) - Slope/relief unavailable due to API rate limits,Copernicus DEM GLO-90 (Open-Meteo API Fallback) - Slope/relief unavailable due to API rate limits,GSI landslide inventory only available for Tamil Nadu,NASA Earthdata authentication/HDF5 download required for historical GPM IMERG reanalysis
V2-NEG-0036,1993-11-12,Tamil Nadu,Tirunelveli,8.5495014,77.5805178,district,0,0.0,0.0,0.0,3.9,9.4,25.35,90.21,0.4,109.0,,,,,,12.198,0.0,Open-Meteo ERA5-Land Reanalysis,Copernicus DEM GLO-90 (Open-Meteo API Fallback) - Slope/relief unavailable due to API rate limits,Tamil Nadu GSI Landslide Inventory,NASA Earthdata authentication/HDF5 download required for historical GPM IMERG reanalysis,Generated Negative (Matched: V2-POS-0036),OSM Nominatim Geocoding,success,Copernicus DEM GLO-90 (Open-Meteo API Fallback) - Slope/relief unavailable due to API rate limits,Copernicus DEM GLO-90 (Open-Meteo API Fallback) - Slope/relief unavailable due to API rate limits,,NASA Earthdata authentication/HDF5 download required for historical GPM IMERG reanalysis
V2-NEG-0037,1976-07-05,Kerala,Idukki,9.8154785,76.9991599,district,0,0.0,0.1,0.8,4.3,8.1,21.34,92.04,0.5,725.0,,,,,,,,Open-Meteo ERA5-Land Reanalysis,Copernicus DEM GLO-90 (Open-Meteo API Fallback) - Slope/relief unavailable due to API rate limits,GSI landslide inventory only available for Tamil Nadu,NASA Earthdata authentication/HDF5 download required for historical GPM IMERG reanalysis,Generated Negative (Matched: V2-POS-0037),OSM Nominatim Geocoding,success,Copernicus DEM GLO-90 (Open-Meteo API Fallback) - Slope/relief unavailable due to API rate limits,Copernicus DEM GLO-90 (Open-Meteo API Fallback) - Slope/relief unavailable due to API rate limits,GSI landslide inventory only available for Tamil Nadu,NASA Earthdata authentication/HDF5 download required for historical GPM IMERG reanalysis
V2-NEG-0038,1990-08-04,Uttarakhand,Chamoli,30.4985956,79.6190537,district,0,1.0,3.1,5.4,5.9,13.6,20.58,93.58,0.42,1898.0,,,,,,,,Open-Meteo ERA5-Land Reanalysis,Copernicus DEM GLO-90 (Open-Meteo API Fallback) - Slope/relief unavailable due to API rate limits,GSI landslide inventory only available for Tamil Nadu,NASA Earthdata authentication/HDF5 download required for historical GPM IMERG reanalysis,Generated Negative (Matched: V2-POS-0038),OSM Nominatim Geocoding,success,Copernicus DEM GLO-90 (Open-Meteo API Fallback) - Slope/relief unavailable due to API rate limits,Copernicus DEM GLO-90 (Open-Meteo API Fallback) - Slope/relief unavailable due to API rate limits,GSI landslide inventory only available for Tamil Nadu,NASA Earthdata authentication/HDF5 download required for historical GPM IMERG reanalysis
V2-NEG-0039,1971-08-15,Uttarakhand,Chamoli,30.4985956,79.6190537,district,0,0.3,1.9,3.8,4.7,11.7,19.15,93.75,0.42,1898.0,,,,,,,,Open-Meteo ERA5-Land Reanalysis,Copernicus DEM GLO-90 (Open-Meteo API Fallback) - Slope/relief unavailable due to API rate limits,GSI landslide inventory only available for Tamil Nadu,NASA Earthdata authentication/HDF5 download required for historical GPM IMERG reanalysis,Generated Negative (Matched: V2-POS-0039),OSM Nominatim Geocoding,success,Copernicus DEM GLO-90 (Open-Meteo API Fallback) - Slope/relief unavailable due to API rate limits,Copernicus DEM GLO-90 (Open-Meteo API Fallback) - Slope/relief unavailable due to API rate limits,GSI landslide inventory only available for Tamil Nadu,NASA Earthdata authentication/HDF5 download required for historical GPM IMERG reanalysis
V2-NEG-0040,1979-07-09,Himachal Pradesh,Mandi,31.5892,76.9182,district,0,0.0,0.0,0.5,1.5,4.1,28.51,74.25,0.18,812.0,,,,,,,,Open-Meteo ERA5-Land Reanalysis,Copernicus DEM GLO-90 (Open-Meteo API Fallback) - Slope/relief unavailable due to API rate limits,GSI landslide inventory only available for Tamil Nadu,NASA Earthdata authentication/HDF5 download required for historical GPM IMERG reanalysis,Generated Negative (Matched: V2-POS-0040),OSM Nominatim Geocoding,success,Copernicus DEM GLO-90 (Open-Meteo API Fallback) - Slope/relief unavailable due to API rate limits,Copernicus DEM GLO-90 (Open-Meteo API Fallback) - Slope/relief unavailable due to API rate limits,GSI landslide inventory only available for Tamil Nadu,NASA Earthdata authentication/HDF5 download required for historical GPM IMERG reanalysis
V2-NEG-0041,1992-07-11,Himachal Pradesh,Kullu,31.9578974,77.1089232,town,0,0.0,0.0,0.2,0.6,5.5,21.62,81.33,0.46,1235.0,,,,,,,,Open-Meteo ERA5-Land Reanalysis,Copernicus DEM GLO-90 (Open-Meteo API Fallback) - Slope/relief unavailable due to API rate limits,GSI landslide inventory only available for Tamil Nadu,NASA Earthdata authentication/HDF5 download required for historical GPM IMERG reanalysis,Generated Negative (Matched: V2-POS-0041),OSM Nominatim Geocoding,success,Copernicus DEM GLO-90 (Open-Meteo API Fallback) - Slope/relief unavailable due to API rate limits,Copernicus DEM GLO-90 (Open-Meteo API Fallback) - Slope/relief unavailable due to API rate limits,GSI landslide inventory only available for Tamil Nadu,NASA Earthdata authentication/HDF5 download required for historical GPM IMERG reanalysis
V2-NEG-0042,1969-06-01,Uttarakhand,Almora,29.702651,79.4326318,district,0,0.0,0.0,0.0,0.1,3.4,23.97,76.46,0.24,1140.0,,,,,,,,Open-Meteo ERA5-Land Reanalysis,Copernicus DEM GLO-90 (Open-Meteo API Fallback) - Slope/relief unavailable due to API rate limits,GSI landslide inventory only available for Tamil Nadu,NASA Earthdata authentication/HDF5 download required for historical GPM IMERG reanalysis,Generated Negative (Matched: V2-POS-0042),OSM Nominatim Geocoding,success,Copernicus DEM GLO-90 (Open-Meteo API Fallback) - Slope/relief unavailable due to API rate limits,Copernicus DEM GLO-90 (Open-Meteo API Fallback) - Slope/relief unavailable due to API rate limits,GSI landslide inventory only available for Tamil Nadu,NASA Earthdata authentication/HDF5 download required for historical GPM IMERG reanalysis
V2-NEG-0043,1995-08-12,Kerala,Idukki,9.8154785,76.9991599,district,0,0.0,0.0,0.0,1.8,10.5,21.79,92.17,0.48,725.0,,,,,,,,Open-Meteo ERA5-Land Reanalysis,Copernicus DEM GLO-90 (Open-Meteo API Fallback) - Slope/relief unavailable due to API rate limits,GSI landslide inventory only available for Tamil Nadu,NASA Earthdata authentication/HDF5 download required for historical GPM IMERG reanalysis,Generated Negative (Matched: V2-POS-0043),OSM Nominatim Geocoding,success,Copernicus DEM GLO-90 (Open-Meteo API Fallback) - Slope/relief unavailable due to API rate limits,Copernicus DEM GLO-90 (Open-Meteo API Fallback) - Slope/relief unavailable due to API rate limits,GSI landslide inventory only available for Tamil Nadu,NASA Earthdata authentication/HDF5 download required for historical GPM IMERG reanalysis
V2-NEG-0044,1982-11-06,Tamil Nadu,Kanniyakumariumari,11.3323723,78.6098639,district,0,0.0,0.0,0.7,12.0,21.1,21.32,89.04,0.41,741.0,,,,,,61.637,0.0,Open-Meteo ERA5-Land Reanalysis,Copernicus DEM GLO-90 (Open-Meteo API Fallback) - Slope/relief unavailable due to API rate limits,Tamil Nadu GSI Landslide Inventory,NASA Earthdata authentication/HDF5 download required for historical GPM IMERG reanalysis,Generated Negative (Matched: V2-POS-0044),OSM Nominatim Geocoding,success,Copernicus DEM GLO-90 (Open-Meteo API Fallback) - Slope/relief unavailable due to API rate limits,Copernicus DEM GLO-90 (Open-Meteo API Fallback) - Slope/relief unavailable due to API rate limits,,NASA Earthdata authentication/HDF5 download required for historical GPM IMERG reanalysis
V2-NEG-0045,2013-10-16,Kerala,Kollam,8.8870533,76.5906696,district,0,0.0,0.0,0.0,0.0,0.0,26.98,81.0,0.23,11.0,,,,,,,,Open-Meteo ERA5-Land Reanalysis,Copernicus DEM GLO-90 (Open-Meteo API Fallback) - Slope/relief unavailable due to API rate limits,GSI landslide inventory only available for Tamil Nadu,NASA Earthdata authentication/HDF5 download required for historical GPM IMERG reanalysis,Generated Negative (Matched: V2-POS-0045),OSM Nominatim Geocoding,success,Copernicus DEM GLO-90 (Open-Meteo API Fallback) - Slope/relief unavailable due to API rate limits,Copernicus DEM GLO-90 (Open-Meteo API Fallback) - Slope/relief unavailable due to API rate limits,GSI landslide inventory only available for Tamil Nadu,NASA Earthdata authentication/HDF5 download required for historical GPM IMERG reanalysis
V2-NEG-0046,1972-04-07,Uttarakhand,Rudra Prayag,30.0417376,79.089691,district,0,0.0,0.0,0.0,0.0,0.0,13.4,51.83,0.42,2080.0,,,,,,,,Open-Meteo ERA5-Land Reanalysis,Copernicus DEM GLO-90 (Open-Meteo API Fallback) - Slope/relief unavailable due to API rate limits,GSI landslide inventory only available for Tamil Nadu,NASA Earthdata authentication/HDF5 download required for historical GPM IMERG reanalysis,Generated Negative (Matched: V2-POS-0046),OSM Nominatim Geocoding,success,Copernicus DEM GLO-90 (Open-Meteo API Fallback) - Slope/relief unavailable due to API rate limits,Copernicus DEM GLO-90 (Open-Meteo API Fallback) - Slope/relief unavailable due to API rate limits,GSI landslide inventory only available for Tamil Nadu,NASA Earthdata authentication/HDF5 download required for historical GPM IMERG reanalysis
V2-NEG-0047,2015-09-01,Kerala,Idukki,9.8154785,76.9991599,district,0,0.0,0.0,0.0,0.0,0.7,22.8,85.92,0.44,725.0,,,,,,,,Open-Meteo ERA5-Land Reanalysis,Copernicus DEM GLO-90 (Open-Meteo API Fallback) - Slope/relief unavailable due to API rate limits,GSI landslide inventory only available for Tamil Nadu,NASA Earthdata authentication/HDF5 download required for historical GPM IMERG reanalysis,Generated Negative (Matched: V2-POS-0047),OSM Nominatim Geocoding,success,Copernicus DEM GLO-90 (Open-Meteo API Fallback) - Slope/relief unavailable due to API rate limits,Copernicus DEM GLO-90 (Open-Meteo API Fallback) - Slope/relief unavailable due to API rate limits,GSI landslide inventory only available for Tamil Nadu,NASA Earthdata authentication/HDF5 download required for historical GPM IMERG reanalysis
V2-NEG-0048,1988-10-16,Kerala,Kottayam,9.6287383,76.6455326,district,0,0.0,0.0,0.0,1.6,5.6,25.13,90.21,0.46,51.0,,,,,,,,Open-Meteo ERA5-Land Reanalysis,Copernicus DEM GLO-90 (Open-Meteo API Fallback) - Slope/relief unavailable due to API rate limits,GSI landslide inventory only available for Tamil Nadu,NASA Earthdata authentication/HDF5 download required for historical GPM IMERG reanalysis,Generated Negative (Matched: V2-POS-0048),OSM Nominatim Geocoding,success,Copernicus DEM GLO-90 (Open-Meteo API Fallback) - Slope/relief unavailable due to API rate limits,Copernicus DEM GLO-90 (Open-Meteo API Fallback) - Slope/relief unavailable due to API rate limits,GSI landslide inventory only available for Tamil Nadu,NASA Earthdata authentication/HDF5 download required for historical GPM IMERG reanalysis
V2-NEG-0049,1986-10-20,Kerala,Malappuram,11.1065685,76.1101742,district,0,0.0,0.0,0.0,0.0,0.4,25.45,86.21,0.47,44.0,,,,,,,,Open-Meteo ERA5-Land Reanalysis,Copernicus DEM GLO-90 (Open-Meteo API Fallback) - Slope/relief unavailable due to API rate limits,GSI landslide inventory only available for Tamil Nadu,NASA Earthdata authentication/HDF5 download required for historical GPM IMERG reanalysis,Generated Negative (Matched: V2-POS-0049),OSM Nominatim Geocoding,success,Copernicus DEM GLO-90 (Open-Meteo API Fallback) - Slope/relief unavailable due to API rate limits,Copernicus DEM GLO-90 (Open-Meteo API Fallback) - Slope/relief unavailable due to API rate limits,GSI landslide inventory only available for Tamil Nadu,NASA Earthdata authentication/HDF5 download required for historical GPM IMERG reanalysis
V2-NEG-0050,1992-05-16,Kerala,Thiruvananthapuram,8.4882267,76.947551,district,0,0.4,0.6,1.0,1.1,3.6,26.27,84.5,0.25,18.0,,,,,,,,Open-Meteo ERA5-Land Reanalysis,Copernicus DEM GLO-90 (Open-Meteo API Fallback) - Slope/relief unavailable due to API rate limits,GSI landslide inventory only available for Tamil Nadu,NASA Earthdata authentication/HDF5 download required for historical GPM IMERG reanalysis,Generated Negative (Matched: V2-POS-0050),OSM Nominatim Geocoding,success,Copernicus DEM GLO-90 (Open-Meteo API Fallback) - Slope/relief unavailable due to API rate limits,Copernicus DEM GLO-90 (Open-Meteo API Fallback) - Slope/relief unavailable due to API rate limits,GSI landslide inventory only available for Tamil Nadu,NASA Earthdata authentication/HDF5 download required for historical GPM IMERG reanalysis
V2-NEG-0051,1982-05-29,Kerala,Wayanad,11.7151291,76.1271185,district,0,0.0,0.0,0.0,0.0,1.4,22.91,92.71,0.46,747.0,,,,,,,,Open-Meteo ERA5-Land Reanalysis,Copernicus DEM GLO-90 (Open-Meteo API Fallback) - Slope/relief unavailable due to API rate limits,GSI landslide inventory only available for Tamil Nadu,NASA Earthdata authentication/HDF5 download required for historical GPM IMERG reanalysis,Generated Negative (Matched: V2-POS-0051),OSM Nominatim Geocoding,success,Copernicus DEM GLO-90 (Open-Meteo API Fallback) - Slope/relief unavailable due to API rate limits,Copernicus DEM GLO-90 (Open-Meteo API Fallback) - Slope/relief unavailable due to API rate limits,GSI landslide inventory only available for Tamil Nadu,NASA Earthdata authentication/HDF5 download required for historical GPM IMERG reanalysis
V2-NEG-0052,2011-08-04,Himachal Pradesh,Hamirpur,31.6862,76.5213,district,0,0.3,0.3,0.3,0.6,1.5,25.86,82.33,0.32,779.0,,,,,,,,Open-Meteo ERA5-Land Reanalysis,Copernicus DEM GLO-90 (Open-Meteo API Fallback) - Slope/relief unavailable due to API rate limits,GSI landslide inventory only available for Tamil Nadu,NASA Earthdata authentication/HDF5 download required for historical GPM IMERG reanalysis,Generated Negative (Matched: V2-POS-0052),OSM Nominatim Geocoding,success,Copernicus DEM GLO-90 (Open-Meteo API Fallback) - Slope/relief unavailable due to API rate limits,Copernicus DEM GLO-90 (Open-Meteo API Fallback) - Slope/relief unavailable due to API rate limits,GSI landslide inventory only available for Tamil Nadu,NASA Earthdata authentication/HDF5 download required for historical GPM IMERG reanalysis
V2-NEG-0053,2021-08-11,Himachal Pradesh,Chamba,32.6923316,76.1631552,district,0,0.0,0.0,0.0,0.0,0.8,15.78,76.5,0.45,2393.0,,,,,,,,Open-Meteo ERA5-Land Reanalysis,Copernicus DEM GLO-90 (Open-Meteo API Fallback) - Slope/relief unavailable due to API rate limits,GSI landslide inventory only available for Tamil Nadu,NASA Earthdata authentication/HDF5 download required for historical GPM IMERG reanalysis,Generated Negative (Matched: V2-POS-0053),OSM Nominatim Geocoding,success,Copernicus DEM GLO-90 (Open-Meteo API Fallback) - Slope/relief unavailable due to API rate limits,Copernicus DEM GLO-90 (Open-Meteo API Fallback) - Slope/relief unavailable due to API rate limits,GSI landslide inventory only available for Tamil Nadu,NASA Earthdata authentication/HDF5 download required for historical GPM IMERG reanalysis
V2-NEG-0054,1988-10-18,Kerala,Thiruvananthapuram,8.4882267,76.947551,district,0,0.0,0.0,0.0,0.1,1.4,25.95,84.71,0.13,18.0,,,,,,,,Open-Meteo ERA5-Land Reanalysis,Copernicus DEM GLO-90 (Open-Meteo API Fallback) - Slope/relief unavailable due to API rate limits,GSI landslide inventory only available for Tamil Nadu,NASA Earthdata authentication/HDF5 download required for historical GPM IMERG reanalysis,Generated Negative (Matched: V2-POS-0054),OSM Nominatim Geocoding,success,Copernicus DEM GLO-90 (Open-Meteo API Fallback) - Slope/relief unavailable due to API rate limits,Copernicus DEM GLO-90 (Open-Meteo API Fallback) - Slope/relief unavailable due to API rate limits,GSI landslide inventory only available for Tamil Nadu,NASA Earthdata authentication/HDF5 download required for historical GPM IMERG reanalysis
V2-NEG-0055,2022-05-25,Tamil Nadu,Coimbatore,11.0018115,76.9628425,district,0,0.0,0.0,0.0,0.0,0.3,25.78,84.79,0.32,421.0,,,,,,30.026,0.0,Open-Meteo ERA5-Land Reanalysis,Copernicus DEM GLO-90 (Open-Meteo API Fallback) - Slope/relief unavailable due to API rate limits,Tamil Nadu GSI Landslide Inventory,NASA Earthdata authentication/HDF5 download required for historical GPM IMERG reanalysis,Generated Negative (Matched: V2-POS-0055),OSM Nominatim Geocoding,success,Copernicus DEM GLO-90 (Open-Meteo API Fallback) - Slope/relief unavailable due to API rate limits,Copernicus DEM GLO-90 (Open-Meteo API Fallback) - Slope/relief unavailable due to API rate limits,,NASA Earthdata authentication/HDF5 download required for historical GPM IMERG reanalysis
V2-NEG-0056,1980-07-20,Himachal Pradesh,Kullu,32.4018552,77.1484726,district,0,0.0,0.0,0.0,1.2,2.3,5.06,89.38,0.45,4468.0,,,,,,,,Open-Meteo ERA5-Land Reanalysis,Copernicus DEM GLO-90 (Open-Meteo API Fallback) - Slope/relief unavailable due to API rate limits,GSI landslide inventory only available for Tamil Nadu,NASA Earthdata authentication/HDF5 download required for historical GPM IMERG reanalysis,Generated Negative (Matched: V2-POS-0056),OSM Nominatim Geocoding,success,Copernicus DEM GLO-90 (Open-Meteo API Fallback) - Slope/relief unavailable due to API rate limits,Copernicus DEM GLO-90 (Open-Meteo API Fallback) - Slope/relief unavailable due to API rate limits,GSI landslide inventory only available for Tamil Nadu,NASA Earthdata authentication/HDF5 download required for historical GPM IMERG reanalysis
V2-NEG-0057,1973-10-08,Kerala,Thiruvananthapuram,8.4882267,76.947551,district,0,0.0,0.2,0.3,0.3,0.4,25.84,74.96,0.1,18.0,,,,,,,,Open-Meteo ERA5-Land Reanalysis,Copernicus DEM GLO-90 (Open-Meteo API Fallback) - Slope/relief unavailable due to API rate limits,GSI landslide inventory only available for Tamil Nadu,NASA Earthdata authentication/HDF5 download required for historical GPM IMERG reanalysis,Generated Negative (Matched: V2-POS-0057),OSM Nominatim Geocoding,success,Copernicus DEM GLO-90 (Open-Meteo API Fallback) - Slope/relief unavailable due to API rate limits,Copernicus DEM GLO-90 (Open-Meteo API Fallback) - Slope/relief unavailable due to API rate limits,GSI landslide inventory only available for Tamil Nadu,NASA Earthdata authentication/HDF5 download required for historical GPM IMERG reanalysis
V2-NEG-0058,1988-07-11,Kerala,Thiruvananthapuram,8.4882267,76.947551,district,0,1.6,3.7,4.5,6.3,16.0,25.28,87.42,0.31,18.0,,,,,,,,Open-Meteo ERA5-Land Reanalysis,Copernicus DEM GLO-90 (Open-Meteo API Fallback) - Slope/relief unavailable due to API rate limits,GSI landslide inventory only available for Tamil Nadu,NASA Earthdata authentication/HDF5 download required for historical GPM IMERG reanalysis,Generated Negative (Matched: V2-POS-0058),OSM Nominatim Geocoding,success,Copernicus DEM GLO-90 (Open-Meteo API Fallback) - Slope/relief unavailable due to API rate limits,Copernicus DEM GLO-90 (Open-Meteo API Fallback) - Slope/relief unavailable due to API rate limits,GSI landslide inventory only available for Tamil Nadu,NASA Earthdata authentication/HDF5 download required for historical GPM IMERG reanalysis
V2-NEG-0059,1994-05-05,Tamil Nadu,Dindigul,10.4257161,77.8154728,district,0,0.0,0.0,0.0,0.4,6.5,28.35,73.62,0.34,302.0,,,,,,8.738,18.0,Open-Meteo ERA5-Land Reanalysis,Copernicus DEM GLO-90 (Open-Meteo API Fallback) - Slope/relief unavailable due to API rate limits,Tamil Nadu GSI Landslide Inventory,NASA Earthdata authentication/HDF5 download required for historical GPM IMERG reanalysis,Generated Negative (Matched: V2-POS-0059),OSM Nominatim Geocoding,success,Copernicus DEM GLO-90 (Open-Meteo API Fallback) - Slope/relief unavailable due to API rate limits,Copernicus DEM GLO-90 (Open-Meteo API Fallback) - Slope/relief unavailable due to API rate limits,,NASA Earthdata authentication/HDF5 download required for historical GPM IMERG reanalysis
V2-NEG-0060,1974-08-03,Himachal Pradesh,Hamirpur,31.6539866,76.5403633,district,0,3.2,7.5,9.7,10.4,35.2,23.53,95.08,0.42,755.0,,,,,,,,Open-Meteo ERA5-Land Reanalysis,Copernicus DEM GLO-90 (Open-Meteo API Fallback) - Slope/relief unavailable due to API rate limits,GSI landslide inventory only available for Tamil Nadu,NASA Earthdata authentication/HDF5 download required for historical GPM IMERG reanalysis,Generated Negative (Matched: V2-POS-0060),OSM Nominatim Geocoding,success,Copernicus DEM GLO-90 (Open-Meteo API Fallback) - Slope/relief unavailable due to API rate limits,Copernicus DEM GLO-90 (Open-Meteo API Fallback) - Slope/relief unavailable due to API rate limits,GSI landslide inventory only available for Tamil Nadu,NASA Earthdata authentication/HDF5 download required for historical GPM IMERG reanalysis
V2-NEG-0061,1968-07-19,Uttarakhand,Rudra Prayag,30.0417376,79.089691,district,0,0.3,1.5,5.3,30.0,138.4,17.37,96.29,0.48,2080.0,,,,,,,,Open-Meteo ERA5-Land Reanalysis,Copernicus DEM GLO-90 (Open-Meteo API Fallback) - Slope/relief unavailable due to API rate limits,GSI landslide inventory only available for Tamil Nadu,NASA Earthdata authentication/HDF5 download required for historical GPM IMERG reanalysis,Generated Negative (Matched: V2-POS-0061),OSM Nominatim Geocoding,success,Copernicus DEM GLO-90 (Open-Meteo API Fallback) - Slope/relief unavailable due to API rate limits,Copernicus DEM GLO-90 (Open-Meteo API Fallback) - Slope/relief unavailable due to API rate limits,GSI landslide inventory only available for Tamil Nadu,NASA Earthdata authentication/HDF5 download required for historical GPM IMERG reanalysis
V2-NEG-0062,1979-07-06,Himachal Pradesh,Shimla,31.1040393,77.1707923,town,0,0.0,0.0,0.0,0.7,2.3,17.5,86.21,0.45,2119.0,,,,,,,,Open-Meteo ERA5-Land Reanalysis,Copernicus DEM GLO-90 (Open-Meteo API Fallback) - Slope/relief unavailable due to API rate limits,GSI landslide inventory only available for Tamil Nadu,NASA Earthdata authentication/HDF5 download required for historical GPM IMERG reanalysis,Generated Negative (Matched: V2-POS-0062),OSM Nominatim Geocoding,success,Copernicus DEM GLO-90 (Open-Meteo API Fallback) - Slope/relief unavailable due to API rate limits,Copernicus DEM GLO-90 (Open-Meteo API Fallback) - Slope/relief unavailable due to API rate limits,GSI landslide inventory only available for Tamil Nadu,NASA Earthdata authentication/HDF5 download required for historical GPM IMERG reanalysis
V2-NEG-0063,1979-05-16,Himachal Pradesh,Shimla,31.1040393,77.1707923,town,0,0.0,0.0,1.6,1.8,30.8,13.62,82.79,0.47,2119.0,,,,,,,,Open-Meteo ERA5-Land Reanalysis,Copernicus DEM GLO-90 (Open-Meteo API Fallback) - Slope/relief unavailable due to API rate limits,GSI landslide inventory only available for Tamil Nadu,NASA Earthdata authentication/HDF5 download required for historical GPM IMERG reanalysis,Generated Negative (Matched: V2-POS-0063),OSM Nominatim Geocoding,success,Copernicus DEM GLO-90 (Open-Meteo API Fallback) - Slope/relief unavailable due to API rate limits,Copernicus DEM GLO-90 (Open-Meteo API Fallback) - Slope/relief unavailable due to API rate limits,GSI landslide inventory only available for Tamil Nadu,NASA Earthdata authentication/HDF5 download required for historical GPM IMERG reanalysis
V2-NEG-0064,2020-08-03,Himachal Pradesh,Kangra,32.2143039,76.3196717,town,0,0.3,0.7,1.6,5.4,40.9,22.94,91.75,0.51,1321.0,,,,,,,,Open-Meteo ERA5-Land Reanalysis,Copernicus DEM GLO-90 (Open-Meteo API Fallback) - Slope/relief unavailable due to API rate limits,GSI landslide inventory only available for Tamil Nadu,NASA Earthdata authentication/HDF5 download required for historical GPM IMERG reanalysis,Generated Negative (Matched: V2-POS-0064),OSM Nominatim Geocoding,success,Copernicus DEM GLO-90 (Open-Meteo API Fallback) - Slope/relief unavailable due to API rate limits,Copernicus DEM GLO-90 (Open-Meteo API Fallback) - Slope/relief unavailable due to API rate limits,GSI landslide inventory only available for Tamil Nadu,NASA Earthdata authentication/HDF5 download required for historical GPM IMERG reanalysis
V2-NEG-0065,1996-08-10,Kerala,Wayanad,11.7151291,76.1271185,district,0,0.2,0.2,0.2,0.2,0.2,21.77,84.12,0.48,747.0,,,,,,,,Open-Meteo ERA5-Land Reanalysis,Copernicus DEM GLO-90 (Open-Meteo API Fallback) - Slope/relief unavailable due to API rate limits,GSI landslide inventory only available for Tamil Nadu,NASA Earthdata authentication/HDF5 download required for historical GPM IMERG reanalysis,Generated Negative (Matched: V2-POS-0065),OSM Nominatim Geocoding,success,Copernicus DEM GLO-90 (Open-Meteo API Fallback) - Slope/relief unavailable due to API rate limits,Copernicus DEM GLO-90 (Open-Meteo API Fallback) - Slope/relief unavailable due to API rate limits,GSI landslide inventory only available for Tamil Nadu,NASA Earthdata authentication/HDF5 download required for historical GPM IMERG reanalysis
V2-NEG-0066,1976-04-23,Kerala,Malappuram,11.1065685,76.1101742,district,0,0.1,0.1,0.1,0.1,0.3,28.44,72.25,0.32,44.0,,,,,,,,Open-Meteo ERA5-Land Reanalysis,Copernicus DEM GLO-90 (Open-Meteo API Fallback) - Slope/relief unavailable due to API rate limits,GSI landslide inventory only available for Tamil Nadu,NASA Earthdata authentication/HDF5 download required for historical GPM IMERG reanalysis,Generated Negative (Matched: V2-POS-0066),OSM Nominatim Geocoding,success,Copernicus DEM GLO-90 (Open-Meteo API Fallback) - Slope/relief unavailable due to API rate limits,Copernicus DEM GLO-90 (Open-Meteo API Fallback) - Slope/relief unavailable due to API rate limits,GSI landslide inventory only available for Tamil Nadu,NASA Earthdata authentication/HDF5 download required for historical GPM IMERG reanalysis
V2-NEG-0067,1977-07-17,Uttarakhand,Rudra Prayag,30.0417376,79.089691,district,0,0.8,3.4,4.6,9.7,13.9,17.42,90.46,0.49,2080.0,,,,,,,,Open-Meteo ERA5-Land Reanalysis,Copernicus DEM GLO-90 (Open-Meteo API Fallback) - Slope/relief unavailable due to API rate limits,GSI landslide inventory only available for Tamil Nadu,NASA Earthdata authentication/HDF5 download required for historical GPM IMERG reanalysis,Generated Negative (Matched: V2-POS-0067),OSM Nominatim Geocoding,success,Copernicus DEM GLO-90 (Open-Meteo API Fallback) - Slope/relief unavailable due to API rate limits,Copernicus DEM GLO-90 (Open-Meteo API Fallback) - Slope/relief unavailable due to API rate limits,GSI landslide inventory only available for Tamil Nadu,NASA Earthdata authentication/HDF5 download required for historical GPM IMERG reanalysis
V2-NEG-0068,2018-12-08,Kerala,Thiruvananthapuram,8.4882267,76.947551,district,0,0.0,0.0,0.0,0.1,1.2,26.56,84.5,0.25,18.0,,,,,,,,Open-Meteo ERA5-Land Reanalysis,Copernicus DEM GLO-90 (Open-Meteo API Fallback) - Slope/relief unavailable due to API rate limits,GSI landslide inventory only available for Tamil Nadu,NASA Earthdata authentication/HDF5 download required for historical GPM IMERG reanalysis,Generated Negative (Matched: V2-POS-0068),OSM Nominatim Geocoding,success,Copernicus DEM GLO-90 (Open-Meteo API Fallback) - Slope/relief unavailable due to API rate limits,Copernicus DEM GLO-90 (Open-Meteo API Fallback) - Slope/relief unavailable due to API rate limits,GSI landslide inventory only available for Tamil Nadu,NASA Earthdata authentication/HDF5 download required for historical GPM IMERG reanalysis
V2-NEG-0069,1968-06-18,Himachal Pradesh,Kangra,32.110906,76.5397126,town,0,0.0,0.0,0.0,0.1,0.8,26.24,62.5,0.27,1248.0,,,,,,,,Open-Meteo ERA5-Land Reanalysis,Copernicus DEM GLO-90 (Open-Meteo API Fallback) - Slope/relief unavailable due to API rate limits,GSI landslide inventory only available for Tamil Nadu,NASA Earthdata authentication/HDF5 download required for historical GPM IMERG reanalysis,Generated Negative (Matched: V2-POS-0069),OSM Nominatim Geocoding,success,Copernicus DEM GLO-90 (Open-Meteo API Fallback) - Slope/relief unavailable due to API rate limits,Copernicus DEM GLO-90 (Open-Meteo API Fallback) - Slope/relief unavailable due to API rate limits,GSI landslide inventory only available for Tamil Nadu,NASA Earthdata authentication/HDF5 download required for historical GPM IMERG reanalysis
V2-NEG-0070,1976-09-23,Kerala,Thiruvananthapuram,8.4811102,77.0218705,village,0,0.1,0.3,0.4,0.4,0.4,25.71,83.25,0.16,26.0,,,,,,,,Open-Meteo ERA5-Land Reanalysis,Copernicus DEM GLO-90 (Open-Meteo API Fallback) - Slope/relief unavailable due to API rate limits,GSI landslide inventory only available for Tamil Nadu,NASA Earthdata authentication/HDF5 download required for historical GPM IMERG reanalysis,Generated Negative (Matched: V2-POS-0070),OSM Nominatim Geocoding,success,Copernicus DEM GLO-90 (Open-Meteo API Fallback) - Slope/relief unavailable due to API rate limits,Copernicus DEM GLO-90 (Open-Meteo API Fallback) - Slope/relief unavailable due to API rate limits,GSI landslide inventory only available for Tamil Nadu,NASA Earthdata authentication/HDF5 download required for historical GPM IMERG reanalysis
V2-NEG-0071,1984-07-09,Himachal Pradesh,Shimla,31.1007197,77.1840446,village,0,0.5,0.5,0.5,0.7,3.6,16.35,83.96,0.47,2446.0,,,,,,,,Open-Meteo ERA5-Land Reanalysis,Copernicus DEM GLO-90 (Open-Meteo API Fallback) - Slope/relief unavailable due to API rate limits,GSI landslide inventory only available for Tamil Nadu,NASA Earthdata authentication/HDF5 download required for historical GPM IMERG reanalysis,Generated Negative (Matched: V2-POS-0071),OSM Nominatim Geocoding,success,Copernicus DEM GLO-90 (Open-Meteo API Fallback) - Slope/relief unavailable due to API rate limits,Copernicus DEM GLO-90 (Open-Meteo API Fallback) - Slope/relief unavailable due to API rate limits,GSI landslide inventory only available for Tamil Nadu,NASA Earthdata authentication/HDF5 download required for historical GPM IMERG reanalysis
V2-NEG-0072,1981-08-14,Uttarakhand,Tehri Garhwal,30.4658181,78.4837349,district,0,0.0,0.1,1.5,4.4,13.3,18.95,96.67,0.48,1709.0,,,,,,,,Open-Meteo ERA5-Land Reanalysis,Copernicus DEM GLO-90 (Open-Meteo API Fallback) - Slope/relief unavailable due to API rate limits,GSI landslide inventory only available for Tamil Nadu,NASA Earthdata authentication/HDF5 download required for historical GPM IMERG reanalysis,Generated Negative (Matched: V2-POS-0072),OSM Nominatim Geocoding,success,Copernicus DEM GLO-90 (Open-Meteo API Fallback) - Slope/relief unavailable due to API rate limits,Copernicus DEM GLO-90 (Open-Meteo API Fallback) - Slope/relief unavailable due to API rate limits,GSI landslide inventory only available for Tamil Nadu,NASA Earthdata authentication/HDF5 download required for historical GPM IMERG reanalysis
V2-NEG-0073,1984-08-29,Himachal Pradesh,Sirmaur,30.6991321,77.4465304,district,0,0.0,0.4,0.4,0.8,7.1,19.38,92.96,0.49,1666.0,,,,,,,,Open-Meteo ERA5-Land Reanalysis,Copernicus DEM GLO-90 (Open-Meteo API Fallback) - Slope/relief unavailable due to API rate limits,GSI landslide inventory only available for Tamil Nadu,NASA Earthdata authentication/HDF5 download required for historical GPM IMERG reanalysis,Generated Negative (Matched: V2-POS-0073),OSM Nominatim Geocoding,success,Copernicus DEM GLO-90 (Open-Meteo API Fallback) - Slope/relief unavailable due to API rate limits,Copernicus DEM GLO-90 (Open-Meteo API Fallback) - Slope/relief unavailable due to API rate limits,GSI landslide inventory only available for Tamil Nadu,NASA Earthdata authentication/HDF5 download required for historical GPM IMERG reanalysis
V2-NEG-0074,2001-11-15,Tamil Nadu,Chennai,13.0836939,80.270186,district,0,0.1,1.6,2.0,2.1,2.1,26.61,82.17,0.33,12.0,,,,,,261.138,0.0,Open-Meteo ERA5-Land Reanalysis,Copernicus DEM GLO-90 (Open-Meteo API Fallback) - Slope/relief unavailable due to API rate limits,Tamil Nadu GSI Landslide Inventory,NASA Earthdata authentication/HDF5 download required for historical GPM IMERG reanalysis,Generated Negative (Matched: V2-POS-0074),OSM Nominatim Geocoding,success,Copernicus DEM GLO-90 (Open-Meteo API Fallback) - Slope/relief unavailable due to API rate limits,Copernicus DEM GLO-90 (Open-Meteo API Fallback) - Slope/relief unavailable due to API rate limits,,NASA Earthdata authentication/HDF5 download required for historical GPM IMERG reanalysis
V2-NEG-0075,2010-06-15,Himachal Pradesh,Mandi,31.5892,76.9182,district,0,0.0,0.0,0.0,0.0,0.4,25.42,57.62,0.25,812.0,,,,,,,,Open-Meteo ERA5-Land Reanalysis,Copernicus DEM GLO-90 (Open-Meteo API Fallback) - Slope/relief unavailable due to API rate limits,GSI landslide inventory only available for Tamil Nadu,NASA Earthdata authentication/HDF5 download required for historical GPM IMERG reanalysis,Generated Negative (Matched: V2-POS-0075),OSM Nominatim Geocoding,success,Copernicus DEM GLO-90 (Open-Meteo API Fallback) - Slope/relief unavailable due to API rate limits,Copernicus DEM GLO-90 (Open-Meteo API Fallback) - Slope/relief unavailable due to API rate limits,GSI landslide inventory only available for Tamil Nadu,NASA Earthdata authentication/HDF5 download required for historical GPM IMERG reanalysis
V2-NEG-0076,1983-05-28,Himachal Pradesh,Mandi,31.5892,76.9182,district,0,0.0,0.0,0.0,0.0,2.6,24.1,63.21,0.32,812.0,,,,,,,,Open-Meteo ERA5-Land Reanalysis,Copernicus DEM GLO-90 (Open-Meteo API Fallback) - Slope/relief unavailable due to API rate limits,GSI landslide inventory only available for Tamil Nadu,NASA Earthdata authentication/HDF5 download required for historical GPM IMERG reanalysis,Generated Negative (Matched: V2-POS-0076),OSM Nominatim Geocoding,success,Copernicus DEM GLO-90 (Open-Meteo API Fallback) - Slope/relief unavailable due to API rate limits,Copernicus DEM GLO-90 (Open-Meteo API Fallback) - Slope/relief unavailable due to API rate limits,GSI landslide inventory only available for Tamil Nadu,NASA Earthdata authentication/HDF5 download required for historical GPM IMERG reanalysis
V2-NEG-0077,2002-05-21,Kerala,Thiruvananthapuram,8.4882267,76.947551,district,0,0.6,1.8,2.6,5.4,11.3,25.69,89.92,0.3,18.0,,,,,,,,Open-Meteo ERA5-Land Reanalysis,Copernicus DEM GLO-90 (Open-Meteo API Fallback) - Slope/relief unavailable due to API rate limits,GSI landslide inventory only available for Tamil Nadu,NASA Earthdata authentication/HDF5 download required for historical GPM IMERG reanalysis,Generated Negative (Matched: V2-POS-0077),OSM Nominatim Geocoding,success,Copernicus DEM GLO-90 (Open-Meteo API Fallback) - Slope/relief unavailable due to API rate limits,Copernicus DEM GLO-90 (Open-Meteo API Fallback) - Slope/relief unavailable due to API rate limits,GSI landslide inventory only available for Tamil Nadu,NASA Earthdata authentication/HDF5 download required for historical GPM IMERG reanalysis
V2-NEG-0078,2014-10-16,Kerala,Idukki,9.8154785,76.9991599,district,0,0.0,0.0,0.4,4.3,21.2,22.24,92.38,0.48,725.0,,,,,,,,Open-Meteo ERA5-Land Reanalysis,Copernicus DEM GLO-90 (Open-Meteo API Fallback) - Slope/relief unavailable due to API rate limits,GSI landslide inventory only available for Tamil Nadu,NASA Earthdata authentication/HDF5 download required for historical GPM IMERG reanalysis,Generated Negative (Matched: V2-POS-0078),OSM Nominatim Geocoding,success,Copernicus DEM GLO-90 (Open-Meteo API Fallback) - Slope/relief unavailable due to API rate limits,Copernicus DEM GLO-90 (Open-Meteo API Fallback) - Slope/relief unavailable due to API rate limits,GSI landslide inventory only available for Tamil Nadu,NASA Earthdata authentication/HDF5 download required for historical GPM IMERG reanalysis
V2-NEG-0079,2002-04-22,Kerala,Palakkad,10.7873692,76.4742172,district,0,0.0,0.0,0.2,0.3,1.5,27.13,82.29,0.38,83.0,,,,,,,,Open-Meteo ERA5-Land Reanalysis,Copernicus DEM GLO-90 (Open-Meteo API Fallback) - Slope/relief unavailable due to API rate limits,GSI landslide inventory only available for Tamil Nadu,NASA Earthdata authentication/HDF5 download required for historical GPM IMERG reanalysis,Generated Negative (Matched: V2-POS-0079),OSM Nominatim Geocoding,success,Copernicus DEM GLO-90 (Open-Meteo API Fallback) - Slope/relief unavailable due to API rate limits,Copernicus DEM GLO-90 (Open-Meteo API Fallback) - Slope/relief unavailable due to API rate limits,GSI landslide inventory only available for Tamil Nadu,NASA Earthdata authentication/HDF5 download required for historical GPM IMERG reanalysis
V2-NEG-0080,1972-03-07,Kerala,Wayanad,11.7151291,76.1271185,district,0,0.0,0.0,0.0,0.0,0.0,23.7,62.96,0.27,747.0,,,,,,,,Open-Meteo ERA5-Land Reanalysis,Copernicus DEM GLO-90 (Open-Meteo API Fallback) - Slope/relief unavailable due to API rate limits,GSI landslide inventory only available for Tamil Nadu,NASA Earthdata authentication/HDF5 download required for historical GPM IMERG reanalysis,Generated Negative (Matched: V2-POS-0080),OSM Nominatim Geocoding,success,Copernicus DEM GLO-90 (Open-Meteo API Fallback) - Slope/relief unavailable due to API rate limits,Copernicus DEM GLO-90 (Open-Meteo API Fallback) - Slope/relief unavailable due to API rate limits,GSI landslide inventory only available for Tamil Nadu,NASA Earthdata authentication/HDF5 download required for historical GPM IMERG reanalysis
V2-NEG-0081,1969-08-06,Tamil Nadu,Dindigul,10.4257161,77.8154728,district,0,0.0,0.0,0.0,0.0,0.0,28.22,56.04,0.17,302.0,,,,,,8.738,18.0,Open-Meteo ERA5-Land Reanalysis,Copernicus DEM GLO-90 (Open-Meteo API Fallback) - Slope/relief unavailable due to API rate limits,Tamil Nadu GSI Landslide Inventory,NASA Earthdata authentication/HDF5 download required for historical GPM IMERG reanalysis,Generated Negative (Matched: V2-POS-0081),OSM Nominatim Geocoding,success,Copernicus DEM GLO-90 (Open-Meteo API Fallback) - Slope/relief unavailable due to API rate limits,Copernicus DEM GLO-90 (Open-Meteo API Fallback) - Slope/relief unavailable due to API rate limits,,NASA Earthdata authentication/HDF5 download required for historical GPM IMERG reanalysis
V2-NEG-0082,2006-04-26,Himachal Pradesh,Kangra,32.0768665,76.2985872,district,0,0.0,0.0,0.0,0.0,0.0,23.52,39.08,0.15,784.0,,,,,,,,Open-Meteo ERA5-Land Reanalysis,Copernicus DEM GLO-90 (Open-Meteo API Fallback) - Slope/relief unavailable due to API rate limits,GSI landslide inventory only available for Tamil Nadu,NASA Earthdata authentication/HDF5 download required for historical GPM IMERG reanalysis,Generated Negative (Matched: V2-POS-0082),OSM Nominatim Geocoding,success,Copernicus DEM GLO-90 (Open-Meteo API Fallback) - Slope/relief unavailable due to API rate limits,Copernicus DEM GLO-90 (Open-Meteo API Fallback) - Slope/relief unavailable due to API rate limits,GSI landslide inventory only available for Tamil Nadu,NASA Earthdata authentication/HDF5 download required for historical GPM IMERG reanalysis
V2-NEG-0083,1969-11-03,Tamil Nadu,Tiruchirappalli,10.8071144,78.6880939,district,0,0.0,0.0,0.0,0.0,0.0,26.03,60.46,0.28,81.0,,,,,,107.404,0.0,Open-Meteo ERA5-Land Reanalysis,Copernicus DEM GLO-90 (Open-Meteo API Fallback) - Slope/relief unavailable due to API rate limits,Tamil Nadu GSI Landslide Inventory,NASA Earthdata authentication/HDF5 download required for historical GPM IMERG reanalysis,Generated Negative (Matched: V2-POS-0083),OSM Nominatim Geocoding,success,Copernicus DEM GLO-90 (Open-Meteo API Fallback) - Slope/relief unavailable due to API rate limits,Copernicus DEM GLO-90 (Open-Meteo API Fallback) - Slope/relief unavailable due to API rate limits,,NASA Earthdata authentication/HDF5 download required for historical GPM IMERG reanalysis
V2-NEG-0084,1990-12-09,Kerala,Malappuram,11.1065685,76.1101742,district,0,0.0,0.0,0.0,0.0,0.0,26.08,73.5,0.38,44.0,,,,,,,,Open-Meteo ERA5-Land Reanalysis,Copernicus DEM GLO-90 (Open-Meteo API Fallback) - Slope/relief unavailable due to API rate limits,GSI landslide inventory only available for Tamil Nadu,NASA Earthdata authentication/HDF5 download required for historical GPM IMERG reanalysis,Generated Negative (Matched: V2-POS-0084),OSM Nominatim Geocoding,success,Copernicus DEM GLO-90 (Open-Meteo API Fallback) - Slope/relief unavailable due to API rate limits,Copernicus DEM GLO-90 (Open-Meteo API Fallback) - Slope/relief unavailable due to API rate limits,GSI landslide inventory only available for Tamil Nadu,NASA Earthdata authentication/HDF5 download required for historical GPM IMERG reanalysis
V2-NEG-0085,2012-07-11,Uttarakhand,Pithoragarh,29.585871,80.215167,district,0,1.8,7.1,12.0,17.4,26.4,20.84,91.92,0.48,1602.0,,,,,,,,Open-Meteo ERA5-Land Reanalysis,Copernicus DEM GLO-90 (Open-Meteo API Fallback) - Slope/relief unavailable due to API rate limits,GSI landslide inventory only available for Tamil Nadu,NASA Earthdata authentication/HDF5 download required for historical GPM IMERG reanalysis,Generated Negative (Matched: V2-POS-0085),OSM Nominatim Geocoding,success,Copernicus DEM GLO-90 (Open-Meteo API Fallback) - Slope/relief unavailable due to API rate limits,Copernicus DEM GLO-90 (Open-Meteo API Fallback) - Slope/relief unavailable due to API rate limits,GSI landslide inventory only available for Tamil Nadu,NASA Earthdata authentication/HDF5 download required for historical GPM IMERG reanalysis
V2-NEG-0086,1973-07-16,Uttarakhand,Rudra Prayag,30.0417376,79.089691,district,0,0.4,1.2,2.1,2.9,43.0,17.85,98.42,0.49,2080.0,,,,,,,,Open-Meteo ERA5-Land Reanalysis,Copernicus DEM GLO-90 (Open-Meteo API Fallback) - Slope/relief unavailable due to API rate limits,GSI landslide inventory only available for Tamil Nadu,NASA Earthdata authentication/HDF5 download required for historical GPM IMERG reanalysis,Generated Negative (Matched: V2-POS-0086),OSM Nominatim Geocoding,success,Copernicus DEM GLO-90 (Open-Meteo API Fallback) - Slope/relief unavailable due to API rate limits,Copernicus DEM GLO-90 (Open-Meteo API Fallback) - Slope/relief unavailable due to API rate limits,GSI landslide inventory only available for Tamil Nadu,NASA Earthdata authentication/HDF5 download required for historical GPM IMERG reanalysis
V2-NEG-0087,2011-11-22,Tamil Nadu,Nagapattinam,10.6026203,79.7619348,district,0,0.0,0.0,0.1,0.1,0.8,26.89,70.79,0.26,1.0,,,,,,208.548,0.0,Open-Meteo ERA5-Land Reanalysis,Copernicus DEM GLO-90 (Open-Meteo API Fallback) - Slope/relief unavailable due to API rate limits,Tamil Nadu GSI Landslide Inventory,NASA Earthdata authentication/HDF5 download required for historical GPM IMERG reanalysis,Generated Negative (Matched: V2-POS-0087),OSM Nominatim Geocoding,success,Copernicus DEM GLO-90 (Open-Meteo API Fallback) - Slope/relief unavailable due to API rate limits,Copernicus DEM GLO-90 (Open-Meteo API Fallback) - Slope/relief unavailable due to API rate limits,,NASA Earthdata authentication/HDF5 download required for historical GPM IMERG reanalysis
V2-NEG-0088,2000-11-30,Tamil Nadu,Many districts of Tamil Nadu.,11.3323723,78.6098639,district,0,4.0,13.6,28.2,47.3,54.8,20.08,87.0,0.35,741.0,,,,,,61.637,0.0,Open-Meteo ERA5-Land Reanalysis,Copernicus DEM GLO-90 (Open-Meteo API Fallback) - Slope/relief unavailable due to API rate limits,Tamil Nadu GSI Landslide Inventory,NASA Earthdata authentication/HDF5 download required for historical GPM IMERG reanalysis,Generated Negative (Matched: V2-POS-0088),OSM Nominatim Geocoding,success,Copernicus DEM GLO-90 (Open-Meteo API Fallback) - Slope/relief unavailable due to API rate limits,Copernicus DEM GLO-90 (Open-Meteo API Fallback) - Slope/relief unavailable due to API rate limits,,NASA Earthdata authentication/HDF5 download required for historical GPM IMERG reanalysis
V2-NEG-0089,1970-07-22,Himachal Pradesh,Hamirpur,31.6539866,76.5403633,district,0,0.0,0.0,0.1,1.4,9.5,23.24,86.17,0.39,755.0,,,,,,,,Open-Meteo ERA5-Land Reanalysis,Copernicus DEM GLO-90 (Open-Meteo API Fallback) - Slope/relief unavailable due to API rate limits,GSI landslide inventory only available for Tamil Nadu,NASA Earthdata authentication/HDF5 download required for historical GPM IMERG reanalysis,Generated Negative (Matched: V2-POS-0089),OSM Nominatim Geocoding,success,Copernicus DEM GLO-90 (Open-Meteo API Fallback) - Slope/relief unavailable due to API rate limits,Copernicus DEM GLO-90 (Open-Meteo API Fallback) - Slope/relief unavailable due to API rate limits,GSI landslide inventory only available for Tamil Nadu,NASA Earthdata authentication/HDF5 download required for historical GPM IMERG reanalysis
V2-NEG-0090,1999-01-17,Himachal Pradesh,Sirmaur,30.6991321,77.4465304,district,0,0.0,0.0,0.0,0.0,0.0,4.92,67.71,0.38,1666.0,,,,,,,,Open-Meteo ERA5-Land Reanalysis,Copernicus DEM GLO-90 (Open-Meteo API Fallback) - Slope/relief unavailable due to API rate limits,GSI landslide inventory only available for Tamil Nadu,NASA Earthdata authentication/HDF5 download required for historical GPM IMERG reanalysis,Generated Negative (Matched: V2-POS-0090),OSM Nominatim Geocoding,success,Copernicus DEM GLO-90 (Open-Meteo API Fallback) - Slope/relief unavailable due to API rate limits,Copernicus DEM GLO-90 (Open-Meteo API Fallback) - Slope/relief unavailable due to API rate limits,GSI landslide inventory only available for Tamil Nadu,NASA Earthdata authentication/HDF5 download required for historical GPM IMERG reanalysis
V2-NEG-0091,1969-08-02,Kerala,Thrissur,10.5270099,76.214621,district,0,0.3,0.8,1.8,5.2,10.2,24.62,91.33,0.47,24.0,,,,,,,,Open-Meteo ERA5-Land Reanalysis,Copernicus DEM GLO-90 (Open-Meteo API Fallback) - Slope/relief unavailable due to API rate limits,GSI landslide inventory only available for Tamil Nadu,NASA Earthdata authentication/HDF5 download required for historical GPM IMERG reanalysis,Generated Negative (Matched: V2-POS-0091),OSM Nominatim Geocoding,success,Copernicus DEM GLO-90 (Open-Meteo API Fallback) - Slope/relief unavailable due to API rate limits,Copernicus DEM GLO-90 (Open-Meteo API Fallback) - Slope/relief unavailable due to API rate limits,GSI landslide inventory only available for Tamil Nadu,NASA Earthdata authentication/HDF5 download required for historical GPM IMERG reanalysis
V2-NEG-0092,1972-09-05,Uttarakhand,Bageshwar,29.8404,79.7694,district,0,0.5,1.3,4.2,6.0,9.3,22.45,87.25,0.47,997.0,,,,,,,,Open-Meteo ERA5-Land Reanalysis,Copernicus DEM GLO-90 (Open-Meteo API Fallback) - Slope/relief unavailable due to API rate limits,GSI landslide inventory only available for Tamil Nadu,NASA Earthdata authentication/HDF5 download required for historical GPM IMERG reanalysis,Generated Negative (Matched: V2-POS-0092),OSM Nominatim Geocoding,success,Copernicus DEM GLO-90 (Open-Meteo API Fallback) - Slope/relief unavailable due to API rate limits,Copernicus DEM GLO-90 (Open-Meteo API Fallback) - Slope/relief unavailable due to API rate limits,GSI landslide inventory only available for Tamil Nadu,NASA Earthdata authentication/HDF5 download required for historical GPM IMERG reanalysis
V2-NEG-0093,1971-07-02,Kerala,Thiruvananthapuram,8.4882267,76.947551,district,0,0.2,0.6,0.7,0.8,3.8,24.45,86.29,0.27,18.0,,,,,,,,Open-Meteo ERA5-Land Reanalysis,Copernicus DEM GLO-90 (Open-Meteo API Fallback) - Slope/relief unavailable due to API rate limits,GSI landslide inventory only available for Tamil Nadu,NASA Earthdata authentication/HDF5 download required for historical GPM IMERG reanalysis,Generated Negative (Matched: V2-POS-0093),OSM Nominatim Geocoding,success,Copernicus DEM GLO-90 (Open-Meteo API Fallback) - Slope/relief unavailable due to API rate limits,Copernicus DEM GLO-90 (Open-Meteo API Fallback) - Slope/relief unavailable due to API rate limits,GSI landslide inventory only available for Tamil Nadu,NASA Earthdata authentication/HDF5 download required for historical GPM IMERG reanalysis
V2-NEG-0094,2023-11-06,Tamil Nadu,Viluppuram,12.1166967,79.5989236,district,0,0.1,0.4,1.7,4.5,7.8,26.04,87.79,0.41,47.0,,,,,,149.335,0.0,Open-Meteo ERA5-Land Reanalysis,Copernicus DEM GLO-90 (Open-Meteo API Fallback) - Slope/relief unavailable due to API rate limits,Tamil Nadu GSI Landslide Inventory,NASA Earthdata authentication/HDF5 download required for historical GPM IMERG reanalysis,Generated Negative (Matched: V2-POS-0094),OSM Nominatim Geocoding,success,Copernicus DEM GLO-90 (Open-Meteo API Fallback) - Slope/relief unavailable due to API rate limits,Copernicus DEM GLO-90 (Open-Meteo API Fallback) - Slope/relief unavailable due to API rate limits,,NASA Earthdata authentication/HDF5 download required for historical GPM IMERG reanalysis
V2-NEG-0095,2001-10-23,Kerala,Pathanamthitta,9.2780841,76.9737443,district,0,0.0,0.0,0.0,1.2,9.9,21.85,94.29,0.48,469.0,,,,,,,,Open-Meteo ERA5-Land Reanalysis,Copernicus DEM GLO-90 (Open-Meteo API Fallback) - Slope/relief unavailable due to API rate limits,GSI landslide inventory only available for Tamil Nadu,NASA Earthdata authentication/HDF5 download required for historical GPM IMERG reanalysis,Generated Negative (Matched: V2-POS-0095),OSM Nominatim Geocoding,success,Copernicus DEM GLO-90 (Open-Meteo API Fallback) - Slope/relief unavailable due to API rate limits,Copernicus DEM GLO-90 (Open-Meteo API Fallback) - Slope/relief unavailable due to API rate limits,GSI landslide inventory only available for Tamil Nadu,NASA Earthdata authentication/HDF5 download required for historical GPM IMERG reanalysis
V2-NEG-0096,1987-08-01,Kerala,Thiruvananthapuram,8.4882267,76.947551,district,0,0.0,0.0,0.0,0.7,1.4,25.95,84.25,0.13,18.0,,,,,,,,Open-Meteo ERA5-Land Reanalysis,Copernicus DEM GLO-90 (Open-Meteo API Fallback) - Slope/relief unavailable due to API rate limits,GSI landslide inventory only available for Tamil Nadu,NASA Earthdata authentication/HDF5 download required for historical GPM IMERG reanalysis,Generated Negative (Matched: V2-POS-0096),OSM Nominatim Geocoding,success,Copernicus DEM GLO-90 (Open-Meteo API Fallback) - Slope/relief unavailable due to API rate limits,Copernicus DEM GLO-90 (Open-Meteo API Fallback) - Slope/relief unavailable due to API rate limits,GSI landslide inventory only available for Tamil Nadu,NASA Earthdata authentication/HDF5 download required for historical GPM IMERG reanalysis
V2-NEG-0097,1994-08-13,Himachal Pradesh,Sirmaur,30.6991321,77.4465304,district,0,0.0,0.0,0.0,2.2,43.3,20.02,92.17,0.49,1666.0,,,,,,,,Open-Meteo ERA5-Land Reanalysis,Copernicus DEM GLO-90 (Open-Meteo API Fallback) - Slope/relief unavailable due to API rate limits,GSI landslide inventory only available for Tamil Nadu,NASA Earthdata authentication/HDF5 download required for historical GPM IMERG reanalysis,Generated Negative (Matched: V2-POS-0097),OSM Nominatim Geocoding,success,Copernicus DEM GLO-90 (Open-Meteo API Fallback) - Slope/relief unavailable due to API rate limits,Copernicus DEM GLO-90 (Open-Meteo API Fallback) - Slope/relief unavailable due to API rate limits,GSI landslide inventory only available for Tamil Nadu,NASA Earthdata authentication/HDF5 download required for historical GPM IMERG reanalysis
V2-NEG-0098,2003-10-06,Kerala,Kozhikode,11.2450558,75.7754716,district,0,1.8,5.0,6.2,7.4,18.0,25.26,89.42,0.32,9.0,,,,,,,,Open-Meteo ERA5-Land Reanalysis,Copernicus DEM GLO-90 (Open-Meteo API Fallback) - Slope/relief unavailable due to API rate limits,GSI landslide inventory only available for Tamil Nadu,NASA Earthdata authentication/HDF5 download required for historical GPM IMERG reanalysis,Generated Negative (Matched: V2-POS-0098),OSM Nominatim Geocoding,success,Copernicus DEM GLO-90 (Open-Meteo API Fallback) - Slope/relief unavailable due to API rate limits,Copernicus DEM GLO-90 (Open-Meteo API Fallback) - Slope/relief unavailable due to API rate limits,GSI landslide inventory only available for Tamil Nadu,NASA Earthdata authentication/HDF5 download required for historical GPM IMERG reanalysis
V2-NEG-0099,1989-08-13,Himachal Pradesh,Hamirpur,31.6539866,76.5403633,district,0,0.0,0.0,0.0,1.8,6.0,23.64,85.62,0.38,,,,,,,,,Open-Meteo ERA5-Land Reanalysis,Failed to retrieve elevation: 503 Server Error: Service Unavailable for url: https://api.open-meteo.com/v1/elevation?latitude=31.6539866&longitude=76.5403633,GSI landslide inventory only available for Tamil Nadu,NASA Earthdata authentication/HDF5 download required for historical GPM IMERG reanalysis,Generated Negative (Matched: V2-POS-0099),OSM Nominatim Geocoding,success,Failed to retrieve elevation: 503 Server Error: Service Unavailable for url: https://api.open-meteo.com/v1/elevation?latitude=31.6539866&longitude=76.5403633,Failed to retrieve elevation: 503 Server Error: Service Unavailable for url: https://api.open-meteo.com/v1/elevation?latitude=31.6539866&longitude=76.5403633,GSI landslide inventory only available for Tamil Nadu,NASA Earthdata authentication/HDF5 download required for historical GPM IMERG reanalysis
V2-NEG-0100,1977-02-15,Himachal Pradesh,Hamirpur,31.6862,76.5213,district,0,0.0,0.0,0.0,0.0,0.0,11.38,62.5,0.26,779.0,,,,,,,,Open-Meteo ERA5-Land Reanalysis,Copernicus DEM GLO-90 (Open-Meteo API Fallback) - Slope/relief unavailable due to API rate limits,GSI landslide inventory only available for Tamil Nadu,NASA Earthdata authentication/HDF5 download required for historical GPM IMERG reanalysis,Generated Negative (Matched: V2-POS-0100),OSM Nominatim Geocoding,success,Copernicus DEM GLO-90 (Open-Meteo API Fallback) - Slope/relief unavailable due to API rate limits,Copernicus DEM GLO-90 (Open-Meteo API Fallback) - Slope/relief unavailable due to API rate limits,GSI landslide inventory only available for Tamil Nadu,NASA Earthdata authentication/HDF5 download required for historical GPM IMERG reanalysis
V2-NEG-0101,2009-06-21,Kerala,Idukki,9.8154785,76.9991599,district,0,0.0,0.0,0.5,1.1,8.4,21.34,97.67,0.5,725.0,,,,,,,,Open-Meteo ERA5-Land Reanalysis,Copernicus DEM GLO-90 (Open-Meteo API Fallback) - Slope/relief unavailable due to API rate limits,GSI landslide inventory only available for Tamil Nadu,NASA Earthdata authentication/HDF5 download required for historical GPM IMERG reanalysis,Generated Negative (Matched: V2-POS-0101),OSM Nominatim Geocoding,success,Copernicus DEM GLO-90 (Open-Meteo API Fallback) - Slope/relief unavailable due to API rate limits,Copernicus DEM GLO-90 (Open-Meteo API Fallback) - Slope/relief unavailable due to API rate limits,GSI landslide inventory only available for Tamil Nadu,NASA Earthdata authentication/HDF5 download required for historical GPM IMERG reanalysis
V2-NEG-0102,1971-06-09,Kerala,Kasaragod,12.4221964,75.1904446,district,0,0.5,1.1,2.0,3.3,10.6,24.47,92.12,0.49,95.0,,,,,,,,Open-Meteo ERA5-Land Reanalysis,Copernicus DEM GLO-90 (Open-Meteo API Fallback) - Slope/relief unavailable due to API rate limits,GSI landslide inventory only available for Tamil Nadu,NASA Earthdata authentication/HDF5 download required for historical GPM IMERG reanalysis,Generated Negative (Matched: V2-POS-0102),OSM Nominatim Geocoding,success,Copernicus DEM GLO-90 (Open-Meteo API Fallback) - Slope/relief unavailable due to API rate limits,Copernicus DEM GLO-90 (Open-Meteo API Fallback) - Slope/relief unavailable due to API rate limits,GSI landslide inventory only available for Tamil Nadu,NASA Earthdata authentication/HDF5 download required for historical GPM IMERG reanalysis
V2-NEG-0103,1979-08-31,Himachal Pradesh,Hamirpur,31.6862,76.5213,district,0,0.0,0.0,0.0,0.0,0.0,24.54,77.46,0.28,779.0,,,,,,,,Open-Meteo ERA5-Land Reanalysis,Copernicus DEM GLO-90 (Open-Meteo API Fallback) - Slope/relief unavailable due to API rate limits,GSI landslide inventory only available for Tamil Nadu,NASA Earthdata authentication/HDF5 download required for historical GPM IMERG reanalysis,Generated Negative (Matched: V2-POS-0103),OSM Nominatim Geocoding,success,Copernicus DEM GLO-90 (Open-Meteo API Fallback) - Slope/relief unavailable due to API rate limits,Copernicus DEM GLO-90 (Open-Meteo API Fallback) - Slope/relief unavailable due to API rate limits,GSI landslide inventory only available for Tamil Nadu,NASA Earthdata authentication/HDF5 download required for historical GPM IMERG reanalysis
V2-NEG-0104,1990-06-24,Kerala,Kollam,8.8870533,76.5906696,district,0,0.3,0.6,0.7,0.9,2.8,26.1,87.62,0.27,11.0,,,,,,,,Open-Meteo ERA5-Land Reanalysis,Copernicus DEM GLO-90 (Open-Meteo API Fallback) - Slope/relief unavailable due to API rate limits,GSI landslide inventory only available for Tamil Nadu,NASA Earthdata authentication/HDF5 download required for historical GPM IMERG reanalysis,Generated Negative (Matched: V2-POS-0104),OSM Nominatim Geocoding,success,Copernicus DEM GLO-90 (Open-Meteo API Fallback) - Slope/relief unavailable due to API rate limits,Copernicus DEM GLO-90 (Open-Meteo API Fallback) - Slope/relief unavailable due to API rate limits,GSI landslide inventory only available for Tamil Nadu,NASA Earthdata authentication/HDF5 download required for historical GPM IMERG reanalysis
V2-NEG-0105,2017-06-17,Kerala,Alappuzha,9.5003416,76.4123364,district,0,0.0,1.8,2.9,6.1,16.0,26.3,91.12,0.32,-1.0,,,,,,,,Open-Meteo ERA5-Land Reanalysis,Copernicus DEM GLO-90 (Open-Meteo API Fallback) - Slope/relief unavailable due to API rate limits,GSI landslide inventory only available for Tamil Nadu,NASA Earthdata authentication/HDF5 download required for historical GPM IMERG reanalysis,Generated Negative (Matched: V2-POS-0105),OSM Nominatim Geocoding,success,Copernicus DEM GLO-90 (Open-Meteo API Fallback) - Slope/relief unavailable due to API rate limits,Copernicus DEM GLO-90 (Open-Meteo API Fallback) - Slope/relief unavailable due to API rate limits,GSI landslide inventory only available for Tamil Nadu,NASA Earthdata authentication/HDF5 download required for historical GPM IMERG reanalysis
V2-NEG-0106,1984-06-08,Kerala,Idukki,9.8154785,76.9991599,district,0,0.7,2.6,7.4,12.1,30.0,20.99,96.92,0.49,725.0,,,,,,,,Open-Meteo ERA5-Land Reanalysis,Copernicus DEM GLO-90 (Open-Meteo API Fallback) - Slope/relief unavailable due to API rate limits,GSI landslide inventory only available for Tamil Nadu,NASA Earthdata authentication/HDF5 download required for historical GPM IMERG reanalysis,Generated Negative (Matched: V2-POS-0106),OSM Nominatim Geocoding,success,Copernicus DEM GLO-90 (Open-Meteo API Fallback) - Slope/relief unavailable due to API rate limits,Copernicus DEM GLO-90 (Open-Meteo API Fallback) - Slope/relief unavailable due to API rate limits,GSI landslide inventory only available for Tamil Nadu,NASA Earthdata authentication/HDF5 download required for historical GPM IMERG reanalysis
V2-NEG-0107,1987-08-23,Himachal Pradesh,Kangra,32.0768665,76.2985872,district,0,0.1,0.1,0.1,0.1,0.4,25.06,80.38,0.34,784.0,,,,,,,,Open-Meteo ERA5-Land Reanalysis,Copernicus DEM GLO-90 (Open-Meteo API Fallback) - Slope/relief unavailable due to API rate limits,GSI landslide inventory only available for Tamil Nadu,NASA Earthdata authentication/HDF5 download required for historical GPM IMERG reanalysis,Generated Negative (Matched: V2-POS-0107),OSM Nominatim Geocoding,success,Copernicus DEM GLO-90 (Open-Meteo API Fallback) - Slope/relief unavailable due to API rate limits,Copernicus DEM GLO-90 (Open-Meteo API Fallback) - Slope/relief unavailable due to API rate limits,GSI landslide inventory only available for Tamil Nadu,NASA Earthdata authentication/HDF5 download required for historical GPM IMERG reanalysis
V2-NEG-0108,2021-06-12,Himachal Pradesh,Kullu,31.9579,77.1095,district,0,0.0,0.0,0.0,0.2,0.9,24.43,78.08,0.3,1229.0,,,,,,,,Open-Meteo ERA5-Land Reanalysis,Copernicus DEM GLO-90 (Open-Meteo API Fallback) - Slope/relief unavailable due to API rate limits,GSI landslide inventory only available for Tamil Nadu,NASA Earthdata authentication/HDF5 download required for historical GPM IMERG reanalysis,Generated Negative (Matched: V2-POS-0108),OSM Nominatim Geocoding,success,Copernicus DEM GLO-90 (Open-Meteo API Fallback) - Slope/relief unavailable due to API rate limits,Copernicus DEM GLO-90 (Open-Meteo API Fallback) - Slope/relief unavailable due to API rate limits,GSI landslide inventory only available for Tamil Nadu,NASA Earthdata authentication/HDF5 download required for historical GPM IMERG reanalysis
V2-NEG-0109,1986-06-08,Himachal Pradesh,Shimla,31.1040393,77.1707923,town,0,0.0,0.0,0.0,0.0,0.0,18.29,42.08,0.35,2119.0,,,,,,,,Open-Meteo ERA5-Land Reanalysis,Copernicus DEM GLO-90 (Open-Meteo API Fallback) - Slope/relief unavailable due to API rate limits,GSI landslide inventory only available for Tamil Nadu,NASA Earthdata authentication/HDF5 download required for historical GPM IMERG reanalysis,Generated Negative (Matched: V2-POS-0109),OSM Nominatim Geocoding,success,Copernicus DEM GLO-90 (Open-Meteo API Fallback) - Slope/relief unavailable due to API rate limits,Copernicus DEM GLO-90 (Open-Meteo API Fallback) - Slope/relief unavailable due to API rate limits,GSI landslide inventory only available for Tamil Nadu,NASA Earthdata authentication/HDF5 download required for historical GPM IMERG reanalysis
V2-NEG-0110,1984-09-17,Kerala,Thiruvananthapuram,8.4882267,76.947551,district,0,0.0,0.0,0.0,0.0,0.0,26.09,83.29,0.08,18.0,,,,,,,,Open-Meteo ERA5-Land Reanalysis,Copernicus DEM GLO-90 (Open-Meteo API Fallback) - Slope/relief unavailable due to API rate limits,GSI landslide inventory only available for Tamil Nadu,NASA Earthdata authentication/HDF5 download required for historical GPM IMERG reanalysis,Generated Negative (Matched: V2-POS-0110),OSM Nominatim Geocoding,success,Copernicus DEM GLO-90 (Open-Meteo API Fallback) - Slope/relief unavailable due to API rate limits,Copernicus DEM GLO-90 (Open-Meteo API Fallback) - Slope/relief unavailable due to API rate limits,GSI landslide inventory only available for Tamil Nadu,NASA Earthdata authentication/HDF5 download required for historical GPM IMERG reanalysis
V2-NEG-0111,1969-10-22,Kerala,Thiruvananthapuram,8.4882267,76.947551,district,0,0.9,1.9,2.5,2.7,3.0,25.73,84.54,0.26,18.0,,,,,,,,Open-Meteo ERA5-Land Reanalysis,Copernicus DEM GLO-90 (Open-Meteo API Fallback) - Slope/relief unavailable due to API rate limits,GSI landslide inventory only available for Tamil Nadu,NASA Earthdata authentication/HDF5 download required for historical GPM IMERG reanalysis,Generated Negative (Matched: V2-POS-0111),OSM Nominatim Geocoding,success,Copernicus DEM GLO-90 (Open-Meteo API Fallback) - Slope/relief unavailable due to API rate limits,Copernicus DEM GLO-90 (Open-Meteo API Fallback) - Slope/relief unavailable due to API rate limits,GSI landslide inventory only available for Tamil Nadu,NASA Earthdata authentication/HDF5 download required for historical GPM IMERG reanalysis
V2-NEG-0112,2014-12-17,Kerala,Kozhikode,11.2450558,75.7754716,district,0,0.0,0.2,1.0,1.0,1.1,26.57,82.29,0.2,9.0,,,,,,,,Open-Meteo ERA5-Land Reanalysis,Copernicus DEM GLO-90 (Open-Meteo API Fallback) - Slope/relief unavailable due to API rate limits,GSI landslide inventory only available for Tamil Nadu,NASA Earthdata authentication/HDF5 download required for historical GPM IMERG reanalysis,Generated Negative (Matched: V2-POS-0112),OSM Nominatim Geocoding,success,Copernicus DEM GLO-90 (Open-Meteo API Fallback) - Slope/relief unavailable due to API rate limits,Copernicus DEM GLO-90 (Open-Meteo API Fallback) - Slope/relief unavailable due to API rate limits,GSI landslide inventory only available for Tamil Nadu,NASA Earthdata authentication/HDF5 download required for historical GPM IMERG reanalysis
V2-NEG-0113,1982-07-02,Kerala,Kannur,11.8763836,75.3737973,district,0,0.1,0.2,0.2,0.2,0.6,26.32,85.29,0.27,23.0,,,,,,,,Open-Meteo ERA5-Land Reanalysis,Copernicus DEM GLO-90 (Open-Meteo API Fallback) - Slope/relief unavailable due to API rate limits,GSI landslide inventory only available for Tamil Nadu,NASA Earthdata authentication/HDF5 download required for historical GPM IMERG reanalysis,Generated Negative (Matched: V2-POS-0113),OSM Nominatim Geocoding,success,Copernicus DEM GLO-90 (Open-Meteo API Fallback) - Slope/relief unavailable due to API rate limits,Copernicus DEM GLO-90 (Open-Meteo API Fallback) - Slope/relief unavailable due to API rate limits,GSI landslide inventory only available for Tamil Nadu,NASA Earthdata authentication/HDF5 download required for historical GPM IMERG reanalysis
V2-NEG-0114,2016-11-01,Tamil Nadu,Chennai,13.0836939,80.270186,district,0,0.3,0.7,1.1,1.1,4.8,26.54,83.21,0.33,12.0,,,,,,261.138,0.0,Open-Meteo ERA5-Land Reanalysis,Copernicus DEM GLO-90 (Open-Meteo API Fallback) - Slope/relief unavailable due to API rate limits,Tamil Nadu GSI Landslide Inventory,NASA Earthdata authentication/HDF5 download required for historical GPM IMERG reanalysis,Generated Negative (Matched: V2-POS-0114),OSM Nominatim Geocoding,success,Copernicus DEM GLO-90 (Open-Meteo API Fallback) - Slope/relief unavailable due to API rate limits,Copernicus DEM GLO-90 (Open-Meteo API Fallback) - Slope/relief unavailable due to API rate limits,,NASA Earthdata authentication/HDF5 download required for historical GPM IMERG reanalysis
V2-NEG-0115,1979-08-29,Himachal Pradesh,Hamirpur,31.6862,76.5213,district,0,0.0,0.0,0.0,0.6,1.0,23.7,81.33,0.3,779.0,,,,,,,,Open-Meteo ERA5-Land Reanalysis,Copernicus DEM GLO-90 (Open-Meteo API Fallback) - Slope/relief unavailable due to API rate limits,GSI landslide inventory only available for Tamil Nadu,NASA Earthdata authentication/HDF5 download required for historical GPM IMERG reanalysis,Generated Negative (Matched: V2-POS-0115),OSM Nominatim Geocoding,success,Copernicus DEM GLO-90 (Open-Meteo API Fallback) - Slope/relief unavailable due to API rate limits,Copernicus DEM GLO-90 (Open-Meteo API Fallback) - Slope/relief unavailable due to API rate limits,GSI landslide inventory only available for Tamil Nadu,NASA Earthdata authentication/HDF5 download required for historical GPM IMERG reanalysis
V2-NEG-0116,2023-11-30,Tamil Nadu,Thanjavur,10.659037,79.2014278,district,0,0.3,0.3,0.3,1.3,6.9,25.45,87.96,0.38,38.0,,,,,,158.552,0.0,Open-Meteo ERA5-Land Reanalysis,Copernicus DEM GLO-90 (Open-Meteo API Fallback) - Slope/relief unavailable due to API rate limits,Tamil Nadu GSI Landslide Inventory,NASA Earthdata authentication/HDF5 download required for historical GPM IMERG reanalysis,Generated Negative (Matched: V2-POS-0116),OSM Nominatim Geocoding,success,Copernicus DEM GLO-90 (Open-Meteo API Fallback) - Slope/relief unavailable due to API rate limits,Copernicus DEM GLO-90 (Open-Meteo API Fallback) - Slope/relief unavailable due to API rate limits,,NASA Earthdata authentication/HDF5 download required for historical GPM IMERG reanalysis
V2-NEG-0117,1983-07-23,Kerala,Wayanad,11.7151291,76.1271185,district,0,1.2,3.4,6.8,8.2,18.7,21.3,97.62,0.48,747.0,,,,,,,,Open-Meteo ERA5-Land Reanalysis,Copernicus DEM GLO-90 (Open-Meteo API Fallback) - Slope/relief unavailable due to API rate limits,GSI landslide inventory only available for Tamil Nadu,NASA Earthdata authentication/HDF5 download required for historical GPM IMERG reanalysis,Generated Negative (Matched: V2-POS-0117),OSM Nominatim Geocoding,success,Copernicus DEM GLO-90 (Open-Meteo API Fallback) - Slope/relief unavailable due to API rate limits,Copernicus DEM GLO-90 (Open-Meteo API Fallback) - Slope/relief unavailable due to API rate limits,GSI landslide inventory only available for Tamil Nadu,NASA Earthdata authentication/HDF5 download required for historical GPM IMERG reanalysis
V2-NEG-0118,1988-06-13,Himachal Pradesh,Kullu,31.9578974,77.1089232,town,0,0.0,0.0,0.0,0.0,0.0,25.52,37.92,0.25,1235.0,,,,,,,,Open-Meteo ERA5-Land Reanalysis,Copernicus DEM GLO-90 (Open-Meteo API Fallback) - Slope/relief unavailable due to API rate limits,GSI landslide inventory only available for Tamil Nadu,NASA Earthdata authentication/HDF5 download required for historical GPM IMERG reanalysis,Generated Negative (Matched: V2-POS-0118),OSM Nominatim Geocoding,success,Copernicus DEM GLO-90 (Open-Meteo API Fallback) - Slope/relief unavailable due to API rate limits,Copernicus DEM GLO-90 (Open-Meteo API Fallback) - Slope/relief unavailable due to API rate limits,GSI landslide inventory only available for Tamil Nadu,NASA Earthdata authentication/HDF5 download required for historical GPM IMERG reanalysis
V2-NEG-0119,2000-10-02,Kerala,Thrissur,10.5270099,76.214621,district,0,0.2,1.9,5.4,15.9,50.2,24.15,93.21,0.47,24.0,,,,,,,,Open-Meteo ERA5-Land Reanalysis,Copernicus DEM GLO-90 (Open-Meteo API Fallback) - Slope/relief unavailable due to API rate limits,GSI landslide inventory only available for Tamil Nadu,NASA Earthdata authentication/HDF5 download required for historical GPM IMERG reanalysis,Generated Negative (Matched: V2-POS-0119),OSM Nominatim Geocoding,success,Copernicus DEM GLO-90 (Open-Meteo API Fallback) - Slope/relief unavailable due to API rate limits,Copernicus DEM GLO-90 (Open-Meteo API Fallback) - Slope/relief unavailable due to API rate limits,GSI landslide inventory only available for Tamil Nadu,NASA Earthdata authentication/HDF5 download required for historical GPM IMERG reanalysis
V2-NEG-0120,2004-06-14,Kerala,Kasaragod,12.4221964,75.1904446,district,0,1.3,2.2,4.6,11.8,44.6,24.27,95.58,0.47,95.0,,,,,,,,Open-Meteo ERA5-Land Reanalysis,Copernicus DEM GLO-90 (Open-Meteo API Fallback) - Slope/relief unavailable due to API rate limits,GSI landslide inventory only available for Tamil Nadu,NASA Earthdata authentication/HDF5 download required for historical GPM IMERG reanalysis,Generated Negative (Matched: V2-POS-0120),OSM Nominatim Geocoding,success,Copernicus DEM GLO-90 (Open-Meteo API Fallback) - Slope/relief unavailable due to API rate limits,Copernicus DEM GLO-90 (Open-Meteo API Fallback) - Slope/relief unavailable due to API rate limits,GSI landslide inventory only available for Tamil Nadu,NASA Earthdata authentication/HDF5 download required for historical GPM IMERG reanalysis
V2-NEG-0121,1989-04-09,Kerala,Wayanad,31.4684,76.2708,district,0,0.0,0.0,0.0,0.0,0.0,25.54,46.21,0.07,377.0,,,,,,,,Open-Meteo ERA5-Land Reanalysis,Copernicus DEM GLO-90 (Open-Meteo API Fallback) - Slope/relief unavailable due to API rate limits,GSI landslide inventory only available for Tamil Nadu,NASA Earthdata authentication/HDF5 download required for historical GPM IMERG reanalysis,Generated Negative (Matched: V2-POS-0121),OSM Nominatim Geocoding,success,Copernicus DEM GLO-90 (Open-Meteo API Fallback) - Slope/relief unavailable due to API rate limits,Copernicus DEM GLO-90 (Open-Meteo API Fallback) - Slope/relief unavailable due to API rate limits,GSI landslide inventory only available for Tamil Nadu,NASA Earthdata authentication/HDF5 download required for historical GPM IMERG reanalysis
V2-NEG-0122,2018-10-25,Himachal Pradesh,Hamirpur,31.6539866,76.5403633,district,0,0.0,0.0,0.0,0.0,0.0,18.54,55.12,0.2,755.0,,,,,,,,Open-Meteo ERA5-Land Reanalysis,Copernicus DEM GLO-90 (Open-Meteo API Fallback) - Slope/relief unavailable due to API rate limits,GSI landslide inventory only available for Tamil Nadu,NASA Earthdata authentication/HDF5 download required for historical GPM IMERG reanalysis,Generated Negative (Matched: V2-POS-0122),OSM Nominatim Geocoding,success,Copernicus DEM GLO-90 (Open-Meteo API Fallback) - Slope/relief unavailable due to API rate limits,Copernicus DEM GLO-90 (Open-Meteo API Fallback) - Slope/relief unavailable due to API rate limits,GSI landslide inventory only available for Tamil Nadu,NASA Earthdata authentication/HDF5 download required for historical GPM IMERG reanalysis
V2-NEG-0123,2017-10-21,Tamil Nadu,Erode,11.4905282,77.3505274,district,0,0.0,0.0,0.0,0.0,0.3,28.55,63.42,0.16,215.0,,,,,,31.924,0.0,Open-Meteo ERA5-Land Reanalysis,Copernicus DEM GLO-90 (Open-Meteo API Fallback) - Slope/relief unavailable due to API rate limits,Tamil Nadu GSI Landslide Inventory,NASA Earthdata authentication/HDF5 download required for historical GPM IMERG reanalysis,Generated Negative (Matched: V2-POS-0123),OSM Nominatim Geocoding,success,Copernicus DEM GLO-90 (Open-Meteo API Fallback) - Slope/relief unavailable due to API rate limits,Copernicus DEM GLO-90 (Open-Meteo API Fallback) - Slope/relief unavailable due to API rate limits,,NASA Earthdata authentication/HDF5 download required for historical GPM IMERG reanalysis
V2-NEG-0124,2011-07-03,Himachal Pradesh,Kinnaur,31.651,78.4754,district,0,0.0,0.0,0.0,0.0,0.5,10.05,80.5,0.22,3551.0,,,,,,,,Open-Meteo ERA5-Land Reanalysis,Copernicus DEM GLO-90 (Open-Meteo API Fallback) - Slope/relief unavailable due to API rate limits,GSI landslide inventory only available for Tamil Nadu,NASA Earthdata authentication/HDF5 download required for historical GPM IMERG reanalysis,Generated Negative (Matched: V2-POS-0124),OSM Nominatim Geocoding,success,Copernicus DEM GLO-90 (Open-Meteo API Fallback) - Slope/relief unavailable due to API rate limits,Copernicus DEM GLO-90 (Open-Meteo API Fallback) - Slope/relief unavailable due to API rate limits,GSI landslide inventory only available for Tamil Nadu,NASA Earthdata authentication/HDF5 download required for historical GPM IMERG reanalysis
V2-NEG-0125,1975-07-15,Himachal Pradesh,Shimla,31.1048,77.1734,district,0,0.0,0.1,1.3,9.1,44.9,16.77,93.71,0.48,2195.0,,,,,,,,Open-Meteo ERA5-Land Reanalysis,Copernicus DEM GLO-90 (Open-Meteo API Fallback) - Slope/relief unavailable due to API rate limits,GSI landslide inventory only available for Tamil Nadu,NASA Earthdata authentication/HDF5 download required for historical GPM IMERG reanalysis,Generated Negative (Matched: V2-POS-0125),OSM Nominatim Geocoding,success,Copernicus DEM GLO-90 (Open-Meteo API Fallback) - Slope/relief unavailable due to API rate limits,Copernicus DEM GLO-90 (Open-Meteo API Fallback) - Slope/relief unavailable due to API rate limits,GSI landslide inventory only available for Tamil Nadu,NASA Earthdata authentication/HDF5 download required for historical GPM IMERG reanalysis
V2-NEG-0126,1994-10-12,Kerala,Thrissur,10.5270099,76.214621,district,0,0.0,1.8,1.9,6.7,15.3,25.3,89.04,0.45,24.0,,,,,,,,Open-Meteo ERA5-Land Reanalysis,Copernicus DEM GLO-90 (Open-Meteo API Fallback) - Slope/relief unavailable due to API rate limits,GSI landslide inventory only available for Tamil Nadu,NASA Earthdata authentication/HDF5 download required for historical GPM IMERG reanalysis,Generated Negative (Matched: V2-POS-0126),OSM Nominatim Geocoding,success,Copernicus DEM GLO-90 (Open-Meteo API Fallback) - Slope/relief unavailable due to API rate limits,Copernicus DEM GLO-90 (Open-Meteo API Fallback) - Slope/relief unavailable due to API rate limits,GSI landslide inventory only available for Tamil Nadu,NASA Earthdata authentication/HDF5 download required for historical GPM IMERG reanalysis
V2-NEG-0127,1993-07-01,Tamil Nadu,Coimbatore,11.3594555,76.9378266,village,0,0.0,0.0,0.0,0.0,0.6,23.94,79.04,0.36,930.0,,,,,,0.006,146.0,Open-Meteo ERA5-Land Reanalysis,Copernicus DEM GLO-90 (Open-Meteo API Fallback) - Slope/relief unavailable due to API rate limits,Tamil Nadu GSI Landslide Inventory,NASA Earthdata authentication/HDF5 download required for historical GPM IMERG reanalysis,Generated Negative (Matched: V2-POS-0127),OSM Nominatim Geocoding,success,Copernicus DEM GLO-90 (Open-Meteo API Fallback) - Slope/relief unavailable due to API rate limits,Copernicus DEM GLO-90 (Open-Meteo API Fallback) - Slope/relief unavailable due to API rate limits,,NASA Earthdata authentication/HDF5 download required for historical GPM IMERG reanalysis
V2-NEG-0128,2000-07-01,Kerala,Kozhikode,11.3889112,75.7600406,town,0,0.6,2.1,4.5,10.9,26.8,23.95,91.96,0.48,13.0,,,,,,,,Open-Meteo ERA5-Land Reanalysis,Copernicus DEM GLO-90 (Open-Meteo API Fallback) - Slope/relief unavailable due to API rate limits,GSI landslide inventory only available for Tamil Nadu,NASA Earthdata authentication/HDF5 download required for historical GPM IMERG reanalysis,Generated Negative (Matched: V2-POS-0128),OSM Nominatim Geocoding,success,Copernicus DEM GLO-90 (Open-Meteo API Fallback) - Slope/relief unavailable due to API rate limits,Copernicus DEM GLO-90 (Open-Meteo API Fallback) - Slope/relief unavailable due to API rate limits,GSI landslide inventory only available for Tamil Nadu,NASA Earthdata authentication/HDF5 download required for historical GPM IMERG reanalysis
V2-NEG-0129,1973-07-06,Himachal Pradesh,Kullu,31.9578974,77.1089232,town,0,0.4,4.0,9.0,9.8,21.6,23.63,77.88,0.5,1235.0,,,,,,,,Open-Meteo ERA5-Land Reanalysis,Copernicus DEM GLO-90 (Open-Meteo API Fallback) - Slope/relief unavailable due to API rate limits,GSI landslide inventory only available for Tamil Nadu,NASA Earthdata authentication/HDF5 download required for historical GPM IMERG reanalysis,Generated Negative (Matched: V2-POS-0129),OSM Nominatim Geocoding,success,Copernicus DEM GLO-90 (Open-Meteo API Fallback) - Slope/relief unavailable due to API rate limits,Copernicus DEM GLO-90 (Open-Meteo API Fallback) - Slope/relief unavailable due to API rate limits,GSI landslide inventory only available for Tamil Nadu,NASA Earthdata authentication/HDF5 download required for historical GPM IMERG reanalysis
V2-NEG-0130,2019-07-31,Himachal Pradesh,Mandi,31.5892,76.9182,district,0,13.5,26.8,38.8,55.9,67.1,25.07,92.46,0.43,812.0,,,,,,,,Open-Meteo ERA5-Land Reanalysis,Copernicus DEM GLO-90 (Open-Meteo API Fallback) - Slope/relief unavailable due to API rate limits,GSI landslide inventory only available for Tamil Nadu,NASA Earthdata authentication/HDF5 download required for historical GPM IMERG reanalysis,Generated Negative (Matched: V2-POS-0130),OSM Nominatim Geocoding,success,Copernicus DEM GLO-90 (Open-Meteo API Fallback) - Slope/relief unavailable due to API rate limits,Copernicus DEM GLO-90 (Open-Meteo API Fallback) - Slope/relief unavailable due to API rate limits,GSI landslide inventory only available for Tamil Nadu,NASA Earthdata authentication/HDF5 download required for historical GPM IMERG reanalysis
V2-NEG-0131,1971-11-04,Kerala,Wayanad,11.7151291,76.1271185,district,0,0.0,0.0,0.0,0.0,0.0,21.98,86.04,0.46,747.0,,,,,,,,Open-Meteo ERA5-Land Reanalysis,Copernicus DEM GLO-90 (Open-Meteo API Fallback) - Slope/relief unavailable due to API rate limits,GSI landslide inventory only available for Tamil Nadu,NASA Earthdata authentication/HDF5 download required for historical GPM IMERG reanalysis,Generated Negative (Matched: V2-POS-0131),OSM Nominatim Geocoding,success,Copernicus DEM GLO-90 (Open-Meteo API Fallback) - Slope/relief unavailable due to API rate limits,Copernicus DEM GLO-90 (Open-Meteo API Fallback) - Slope/relief unavailable due to API rate limits,GSI landslide inventory only available for Tamil Nadu,NASA Earthdata authentication/HDF5 download required for historical GPM IMERG reanalysis
V2-NEG-0132,2012-11-09,Kerala,Kozhikode,11.2450558,75.7754716,district,0,0.0,0.3,0.6,1.2,7.6,25.88,87.83,0.27,9.0,,,,,,,,Open-Meteo ERA5-Land Reanalysis,Copernicus DEM GLO-90 (Open-Meteo API Fallback) - Slope/relief unavailable due to API rate limits,GSI landslide inventory only available for Tamil Nadu,NASA Earthdata authentication/HDF5 download required for historical GPM IMERG reanalysis,Generated Negative (Matched: V2-POS-0132),OSM Nominatim Geocoding,success,Copernicus DEM GLO-90 (Open-Meteo API Fallback) - Slope/relief unavailable due to API rate limits,Copernicus DEM GLO-90 (Open-Meteo API Fallback) - Slope/relief unavailable due to API rate limits,GSI landslide inventory only available for Tamil Nadu,NASA Earthdata authentication/HDF5 download required for historical GPM IMERG reanalysis
V2-NEG-0133,1993-06-16,Kerala,Wayanad,11.7151291,76.1271185,district,0,0.0,0.6,1.2,1.3,4.9,20.77,97.38,0.51,747.0,,,,,,,,Open-Meteo ERA5-Land Reanalysis,Copernicus DEM GLO-90 (Open-Meteo API Fallback) - Slope/relief unavailable due to API rate limits,GSI landslide inventory only available for Tamil Nadu,NASA Earthdata authentication/HDF5 download required for historical GPM IMERG reanalysis,Generated Negative (Matched: V2-POS-0133),OSM Nominatim Geocoding,success,Copernicus DEM GLO-90 (Open-Meteo API Fallback) - Slope/relief unavailable due to API rate limits,Copernicus DEM GLO-90 (Open-Meteo API Fallback) - Slope/relief unavailable due to API rate limits,GSI landslide inventory only available for Tamil Nadu,NASA Earthdata authentication/HDF5 download required for historical GPM IMERG reanalysis
V2-NEG-0134,1987-11-18,Tamil Nadu,Nagapattinam,10.6026203,79.7619348,district,0,0.0,0.3,0.4,0.7,1.0,27.37,83.17,0.23,1.0,,,,,,208.548,0.0,Open-Meteo ERA5-Land Reanalysis,Copernicus DEM GLO-90 (Open-Meteo API Fallback) - Slope/relief unavailable due to API rate limits,Tamil Nadu GSI Landslide Inventory,NASA Earthdata authentication/HDF5 download required for historical GPM IMERG reanalysis,Generated Negative (Matched: V2-POS-0134),OSM Nominatim Geocoding,success,Copernicus DEM GLO-90 (Open-Meteo API Fallback) - Slope/relief unavailable due to API rate limits,Copernicus DEM GLO-90 (Open-Meteo API Fallback) - Slope/relief unavailable due to API rate limits,,NASA Earthdata authentication/HDF5 download required for historical GPM IMERG reanalysis
V2-NEG-0135,1974-10-07,Kerala,Kottayam,9.6287383,76.6455326,district,0,0.0,0.0,0.0,0.6,3.4,23.5,93.0,0.49,51.0,,,,,,,,Open-Meteo ERA5-Land Reanalysis,Copernicus DEM GLO-90 (Open-Meteo API Fallback) - Slope/relief unavailable due to API rate limits,GSI landslide inventory only available for Tamil Nadu,NASA Earthdata authentication/HDF5 download required for historical GPM IMERG reanalysis,Generated Negative (Matched: V2-POS-0135),OSM Nominatim Geocoding,success,Copernicus DEM GLO-90 (Open-Meteo API Fallback) - Slope/relief unavailable due to API rate limits,Copernicus DEM GLO-90 (Open-Meteo API Fallback) - Slope/relief unavailable due to API rate limits,GSI landslide inventory only available for Tamil Nadu,NASA Earthdata authentication/HDF5 download required for historical GPM IMERG reanalysis
V2-NEG-0136,1989-08-14,Himachal Pradesh,Shimla,31.1040393,77.1707923,town,0,0.2,0.6,1.0,2.2,15.5,16.95,92.0,0.48,2119.0,,,,,,,,Open-Meteo ERA5-Land Reanalysis,Copernicus DEM GLO-90 (Open-Meteo API Fallback) - Slope/relief unavailable due to API rate limits,GSI landslide inventory only available for Tamil Nadu,NASA Earthdata authentication/HDF5 download required for historical GPM IMERG reanalysis,Generated Negative (Matched: V2-POS-0136),OSM Nominatim Geocoding,success,Copernicus DEM GLO-90 (Open-Meteo API Fallback) - Slope/relief unavailable due to API rate limits,Copernicus DEM GLO-90 (Open-Meteo API Fallback) - Slope/relief unavailable due to API rate limits,GSI landslide inventory only available for Tamil Nadu,NASA Earthdata authentication/HDF5 download required for historical GPM IMERG reanalysis
V2-NEG-0137,2000-06-07,Kerala,Wayanad,11.7151291,76.1271185,district,0,1.6,4.6,9.0,19.2,43.2,20.98,98.58,0.48,747.0,,,,,,,,Open-Meteo ERA5-Land Reanalysis,Copernicus DEM GLO-90 (Open-Meteo API Fallback) - Slope/relief unavailable due to API rate limits,GSI landslide inventory only available for Tamil Nadu,NASA Earthdata authentication/HDF5 download required for historical GPM IMERG reanalysis,Generated Negative (Matched: V2-POS-0137),OSM Nominatim Geocoding,success,Copernicus DEM GLO-90 (Open-Meteo API Fallback) - Slope/relief unavailable due to API rate limits,Copernicus DEM GLO-90 (Open-Meteo API Fallback) - Slope/relief unavailable due to API rate limits,GSI landslide inventory only available for Tamil Nadu,NASA Earthdata authentication/HDF5 download required for historical GPM IMERG reanalysis
V2-NEG-0138,2008-05-29,Himachal Pradesh,Mandi,31.5892,76.9182,district,0,0.0,0.0,0.0,0.0,0.0,24.06,49.17,0.18,812.0,,,,,,,,Open-Meteo ERA5-Land Reanalysis,Copernicus DEM GLO-90 (Open-Meteo API Fallback) - Slope/relief unavailable due to API rate limits,GSI landslide inventory only available for Tamil Nadu,NASA Earthdata authentication/HDF5 download required for historical GPM IMERG reanalysis,Generated Negative (Matched: V2-POS-0138),OSM Nominatim Geocoding,success,Copernicus DEM GLO-90 (Open-Meteo API Fallback) - Slope/relief unavailable due to API rate limits,Copernicus DEM GLO-90 (Open-Meteo API Fallback) - Slope/relief unavailable due to API rate limits,GSI landslide inventory only available for Tamil Nadu,NASA Earthdata authentication/HDF5 download required for historical GPM IMERG reanalysis
V2-NEG-0139,2002-06-02,Kerala,Thiruvananthapuram,8.4882267,76.947551,district,0,0.4,2.1,4.0,11.3,18.0,25.5,88.0,0.3,18.0,,,,,,,,Open-Meteo ERA5-Land Reanalysis,Copernicus DEM GLO-90 (Open-Meteo API Fallback) - Slope/relief unavailable due to API rate limits,GSI landslide inventory only available for Tamil Nadu,NASA Earthdata authentication/HDF5 download required for historical GPM IMERG reanalysis,Generated Negative (Matched: V2-POS-0139),OSM Nominatim Geocoding,success,Copernicus DEM GLO-90 (Open-Meteo API Fallback) - Slope/relief unavailable due to API rate limits,Copernicus DEM GLO-90 (Open-Meteo API Fallback) - Slope/relief unavailable due to API rate limits,GSI landslide inventory only available for Tamil Nadu,NASA Earthdata authentication/HDF5 download required for historical GPM IMERG reanalysis
V2-NEG-0140,1972-07-29,Himachal Pradesh,Kangra,32.1001,76.2691,district,0,0.5,0.6,1.3,1.5,3.6,25.72,78.96,0.36,764.0,,,,,,,,Open-Meteo ERA5-Land Reanalysis,Copernicus DEM GLO-90 (Open-Meteo API Fallback) - Slope/relief unavailable due to API rate limits,GSI landslide inventory only available for Tamil Nadu,NASA Earthdata authentication/HDF5 download required for historical GPM IMERG reanalysis,Generated Negative (Matched: V2-POS-0140),OSM Nominatim Geocoding,success,Copernicus DEM GLO-90 (Open-Meteo API Fallback) - Slope/relief unavailable due to API rate limits,Copernicus DEM GLO-90 (Open-Meteo API Fallback) - Slope/relief unavailable due to API rate limits,GSI landslide inventory only available for Tamil Nadu,NASA Earthdata authentication/HDF5 download required for historical GPM IMERG reanalysis
V2-NEG-0141,2009-03-05,Kerala,Pathanamthitta,9.2780841,76.9737443,district,0,0.0,0.0,0.0,0.0,4.6,24.03,79.62,0.39,469.0,,,,,,,,Open-Meteo ERA5-Land Reanalysis,Copernicus DEM GLO-90 (Open-Meteo API Fallback) - Slope/relief unavailable due to API rate limits,GSI landslide inventory only available for Tamil Nadu,NASA Earthdata authentication/HDF5 download required for historical GPM IMERG reanalysis,Generated Negative (Matched: V2-POS-0141),OSM Nominatim Geocoding,success,Copernicus DEM GLO-90 (Open-Meteo API Fallback) - Slope/relief unavailable due to API rate limits,Copernicus DEM GLO-90 (Open-Meteo API Fallback) - Slope/relief unavailable due to API rate limits,GSI landslide inventory only available for Tamil Nadu,NASA Earthdata authentication/HDF5 download required for historical GPM IMERG reanalysis
V2-NEG-0142,1969-04-22,Kerala,Wayanad,11.7151291,76.1271185,district,0,0.0,0.0,0.0,0.0,2.0,23.89,90.42,0.44,747.0,,,,,,,,Open-Meteo ERA5-Land Reanalysis,Copernicus DEM GLO-90 (Open-Meteo API Fallback) - Slope/relief unavailable due to API rate limits,GSI landslide inventory only available for Tamil Nadu,NASA Earthdata authentication/HDF5 download required for historical GPM IMERG reanalysis,Generated Negative (Matched: V2-POS-0142),OSM Nominatim Geocoding,success,Copernicus DEM GLO-90 (Open-Meteo API Fallback) - Slope/relief unavailable due to API rate limits,Copernicus DEM GLO-90 (Open-Meteo API Fallback) - Slope/relief unavailable due to API rate limits,GSI landslide inventory only available for Tamil Nadu,NASA Earthdata authentication/HDF5 download required for historical GPM IMERG reanalysis
V2-NEG-0143,1976-06-26,Himachal Pradesh,Kangra,32.0768665,76.2985872,district,0,0.0,0.0,0.0,0.0,0.0,29.18,39.42,0.13,784.0,,,,,,,,Open-Meteo ERA5-Land Reanalysis,Copernicus DEM GLO-90 (Open-Meteo API Fallback) - Slope/relief unavailable due to API rate limits,GSI landslide inventory only available for Tamil Nadu,NASA Earthdata authentication/HDF5 download required for historical GPM IMERG reanalysis,Generated Negative (Matched: V2-POS-0143),OSM Nominatim Geocoding,success,Copernicus DEM GLO-90 (Open-Meteo API Fallback) - Slope/relief unavailable due to API rate limits,Copernicus DEM GLO-90 (Open-Meteo API Fallback) - Slope/relief unavailable due to API rate limits,GSI landslide inventory only available for Tamil Nadu,NASA Earthdata authentication/HDF5 download required for historical GPM IMERG reanalysis
V2-NEG-0144,1982-11-22,Tamil Nadu,The Nilgiris,11.4,76.7,district,0,0.0,0.0,0.0,0.0,0.0,15.51,80.75,0.37,2214.0,,,,,,0.892,168.0,Open-Meteo ERA5-Land Reanalysis,Copernicus DEM GLO-90 (Open-Meteo API Fallback) - Slope/relief unavailable due to API rate limits,Tamil Nadu GSI Landslide Inventory,NASA Earthdata authentication/HDF5 download required for historical GPM IMERG reanalysis,Generated Negative (Matched: V2-POS-0144),OSM Nominatim Geocoding,success,Copernicus DEM GLO-90 (Open-Meteo API Fallback) - Slope/relief unavailable due to API rate limits,Copernicus DEM GLO-90 (Open-Meteo API Fallback) - Slope/relief unavailable due to API rate limits,,NASA Earthdata authentication/HDF5 download required for historical GPM IMERG reanalysis
V2-NEG-0145,2022-07-21,Uttarakhand,Dehradun,30.3255646,78.0436813,district,0,0.0,0.2,8.2,21.8,33.5,24.94,90.79,0.43,678.0,,,,,,,,Open-Meteo ERA5-Land Reanalysis,Copernicus DEM GLO-90 (Open-Meteo API Fallback) - Slope/relief unavailable due to API rate limits,GSI landslide inventory only available for Tamil Nadu,NASA Earthdata authentication/HDF5 download required for historical GPM IMERG reanalysis,Generated Negative (Matched: V2-POS-0145),OSM Nominatim Geocoding,success,Copernicus DEM GLO-90 (Open-Meteo API Fallback) - Slope/relief unavailable due to API rate limits,Copernicus DEM GLO-90 (Open-Meteo API Fallback) - Slope/relief unavailable due to API rate limits,GSI landslide inventory only available for Tamil Nadu,NASA Earthdata authentication/HDF5 download required for historical GPM IMERG reanalysis
V2-NEG-0146,1983-07-21,Kerala,Thiruvananthapuram,8.76,77.115,village,0,1.1,3.3,7.5,9.6,23.7,20.04,95.12,0.47,978.0,,,,,,,,Open-Meteo ERA5-Land Reanalysis,Copernicus DEM GLO-90 (Open-Meteo API Fallback) - Slope/relief unavailable due to API rate limits,GSI landslide inventory only available for Tamil Nadu,NASA Earthdata authentication/HDF5 download required for historical GPM IMERG reanalysis,Generated Negative (Matched: V2-POS-0146),OSM Nominatim Geocoding,success,Copernicus DEM GLO-90 (Open-Meteo API Fallback) - Slope/relief unavailable due to API rate limits,Copernicus DEM GLO-90 (Open-Meteo API Fallback) - Slope/relief unavailable due to API rate limits,GSI landslide inventory only available for Tamil Nadu,NASA Earthdata authentication/HDF5 download required for historical GPM IMERG reanalysis
V2-NEG-0147,2019-05-23,Himachal Pradesh,Chamba,32.6923316,76.1631552,district,0,0.0,0.0,0.0,0.0,3.7,13.09,56.67,0.42,2393.0,,,,,,,,Open-Meteo ERA5-Land Reanalysis,Copernicus DEM GLO-90 (Open-Meteo API Fallback) - Slope/relief unavailable due to API rate limits,GSI landslide inventory only available for Tamil Nadu,NASA Earthdata authentication/HDF5 download required for historical GPM IMERG reanalysis,Generated Negative (Matched: V2-POS-0147),OSM Nominatim Geocoding,success,Copernicus DEM GLO-90 (Open-Meteo API Fallback) - Slope/relief unavailable due to API rate limits,Copernicus DEM GLO-90 (Open-Meteo API Fallback) - Slope/relief unavailable due to API rate limits,GSI landslide inventory only available for Tamil Nadu,NASA Earthdata authentication/HDF5 download required for historical GPM IMERG reanalysis
V2-NEG-0148,2002-06-29,Himachal Pradesh,Shimla,31.1040393,77.1707923,town,0,0.0,0.9,0.9,0.9,9.0,18.45,85.96,0.44,2119.0,,,,,,,,Open-Meteo ERA5-Land Reanalysis,Copernicus DEM GLO-90 (Open-Meteo API Fallback) - Slope/relief unavailable due to API rate limits,GSI landslide inventory only available for Tamil Nadu,NASA Earthdata authentication/HDF5 download required for historical GPM IMERG reanalysis,Generated Negative (Matched: V2-POS-0148),OSM Nominatim Geocoding,success,Copernicus DEM GLO-90 (Open-Meteo API Fallback) - Slope/relief unavailable due to API rate limits,Copernicus DEM GLO-90 (Open-Meteo API Fallback) - Slope/relief unavailable due to API rate limits,GSI landslide inventory only available for Tamil Nadu,NASA Earthdata authentication/HDF5 download required for historical GPM IMERG reanalysis
V2-NEG-0149,1996-03-07,Kerala,Kozhikode,11.4090239,76.0410603,village,0,0.0,0.0,0.0,0.0,0.0,27.92,66.21,0.27,44.0,,,,,,,,Open-Meteo ERA5-Land Reanalysis,Copernicus DEM GLO-90 (Open-Meteo API Fallback) - Slope/relief unavailable due to API rate limits,GSI landslide inventory only available for Tamil Nadu,NASA Earthdata authentication/HDF5 download required for historical GPM IMERG reanalysis,Generated Negative (Matched: V2-POS-0149),OSM Nominatim Geocoding,success,Copernicus DEM GLO-90 (Open-Meteo API Fallback) - Slope/relief unavailable due to API rate limits,Copernicus DEM GLO-90 (Open-Meteo API Fallback) - Slope/relief unavailable due to API rate limits,GSI landslide inventory only available for Tamil Nadu,NASA Earthdata authentication/HDF5 download required for historical GPM IMERG reanalysis
V2-NEG-0150,2000-08-29,Uttarakhand,Pithoragarh,29.585871,80.215167,district,0,4.2,10.8,20.2,25.0,58.5,18.94,98.62,0.49,1602.0,,,,,,,,Open-Meteo ERA5-Land Reanalysis,Copernicus DEM GLO-90 (Open-Meteo API Fallback) - Slope/relief unavailable due to API rate limits,GSI landslide inventory only available for Tamil Nadu,NASA Earthdata authentication/HDF5 download required for historical GPM IMERG reanalysis,Generated Negative (Matched: V2-POS-0150),OSM Nominatim Geocoding,success,Copernicus DEM GLO-90 (Open-Meteo API Fallback) - Slope/relief unavailable due to API rate limits,Copernicus DEM GLO-90 (Open-Meteo API Fallback) - Slope/relief unavailable due to API rate limits,GSI landslide inventory only available for Tamil Nadu,NASA Earthdata authentication/HDF5 download required for historical GPM IMERG reanalysis
V2-NEG-0151,2003-05-08,Kerala,Thrissur,10.5270099,76.214621,district,0,0.0,0.0,0.0,2.7,3.8,27.34,84.54,0.47,24.0,,,,,,,,Open-Meteo ERA5-Land Reanalysis,Copernicus DEM GLO-90 (Open-Meteo API Fallback) - Slope/relief unavailable due to API rate limits,GSI landslide inventory only available for Tamil Nadu,NASA Earthdata authentication/HDF5 download required for historical GPM IMERG reanalysis,Generated Negative (Matched: V2-POS-0151),OSM Nominatim Geocoding,success,Copernicus DEM GLO-90 (Open-Meteo API Fallback) - Slope/relief unavailable due to API rate limits,Copernicus DEM GLO-90 (Open-Meteo API Fallback) - Slope/relief unavailable due to API rate limits,GSI landslide inventory only available for Tamil Nadu,NASA Earthdata authentication/HDF5 download required for historical GPM IMERG reanalysis
V2-NEG-0152,2009-07-09,Himachal Pradesh,Chamba,32.6923316,76.1631552,district,0,0.0,0.0,0.0,0.6,5.2,17.38,74.12,0.31,2393.0,,,,,,,,Open-Meteo ERA5-Land Reanalysis,Copernicus DEM GLO-90 (Open-Meteo API Fallback) - Slope/relief unavailable due to API rate limits,GSI landslide inventory only available for Tamil Nadu,NASA Earthdata authentication/HDF5 download required for historical GPM IMERG reanalysis,Generated Negative (Matched: V2-POS-0152),OSM Nominatim Geocoding,success,Copernicus DEM GLO-90 (Open-Meteo API Fallback) - Slope/relief unavailable due to API rate limits,Copernicus DEM GLO-90 (Open-Meteo API Fallback) - Slope/relief unavailable due to API rate limits,GSI landslide inventory only available for Tamil Nadu,NASA Earthdata authentication/HDF5 download required for historical GPM IMERG reanalysis
V2-NEG-0153,1987-07-23,Kerala,Thrissur,10.5270099,76.214621,district,0,0.0,0.0,0.0,0.0,0.3,26.88,81.54,0.43,24.0,,,,,,,,Open-Meteo ERA5-Land Reanalysis,Copernicus DEM GLO-90 (Open-Meteo API Fallback) - Slope/relief unavailable due to API rate limits,GSI landslide inventory only available for Tamil Nadu,NASA Earthdata authentication/HDF5 download required for historical GPM IMERG reanalysis,Generated Negative (Matched: V2-POS-0153),OSM Nominatim Geocoding,success,Copernicus DEM GLO-90 (Open-Meteo API Fallback) - Slope/relief unavailable due to API rate limits,Copernicus DEM GLO-90 (Open-Meteo API Fallback) - Slope/relief unavailable due to API rate limits,GSI landslide inventory only available for Tamil Nadu,NASA Earthdata authentication/HDF5 download required for historical GPM IMERG reanalysis
V2-NEG-0154,2018-03-12,Kerala,Wayanad,11.7151291,76.1271185,district,0,0.0,0.0,0.0,0.0,0.0,25.17,41.21,0.3,747.0,,,,,,,,Open-Meteo ERA5-Land Reanalysis,Copernicus DEM GLO-90 (Open-Meteo API Fallback) - Slope/relief unavailable due to API rate limits,GSI landslide inventory only available for Tamil Nadu,NASA Earthdata authentication/HDF5 download required for historical GPM IMERG reanalysis,Generated Negative (Matched: V2-POS-0154),OSM Nominatim Geocoding,success,Copernicus DEM GLO-90 (Open-Meteo API Fallback) - Slope/relief unavailable due to API rate limits,Copernicus DEM GLO-90 (Open-Meteo API Fallback) - Slope/relief unavailable due to API rate limits,GSI landslide inventory only available for Tamil Nadu,NASA Earthdata authentication/HDF5 download required for historical GPM IMERG reanalysis
V2-NEG-0155,2000-10-12,Kerala,Pathanamthitta,9.2780841,76.9737443,district,0,0.0,0.0,0.0,0.1,1.4,22.56,86.04,0.46,469.0,,,,,,,,Open-Meteo ERA5-Land Reanalysis,Copernicus DEM GLO-90 (Open-Meteo API Fallback) - Slope/relief unavailable due to API rate limits,GSI landslide inventory only available for Tamil Nadu,NASA Earthdata authentication/HDF5 download required for historical GPM IMERG reanalysis,Generated Negative (Matched: V2-POS-0155),OSM Nominatim Geocoding,success,Copernicus DEM GLO-90 (Open-Meteo API Fallback) - Slope/relief unavailable due to API rate limits,Copernicus DEM GLO-90 (Open-Meteo API Fallback) - Slope/relief unavailable due to API rate limits,GSI landslide inventory only available for Tamil Nadu,NASA Earthdata authentication/HDF5 download required for historical GPM IMERG reanalysis
V2-NEG-0156,2013-08-23,Uttarakhand,Garhwal,30.25,79.333333,district,0,0.0,0.0,0.0,0.0,3.5,16.25,87.08,0.48,2292.0,,,,,,,,Open-Meteo ERA5-Land Reanalysis,Copernicus DEM GLO-90 (Open-Meteo API Fallback) - Slope/relief unavailable due to API rate limits,GSI landslide inventory only available for Tamil Nadu,NASA Earthdata authentication/HDF5 download required for historical GPM IMERG reanalysis,Generated Negative (Matched: V2-POS-0156),OSM Nominatim Geocoding,success,Copernicus DEM GLO-90 (Open-Meteo API Fallback) - Slope/relief unavailable due to API rate limits,Copernicus DEM GLO-90 (Open-Meteo API Fallback) - Slope/relief unavailable due to API rate limits,GSI landslide inventory only available for Tamil Nadu,NASA Earthdata authentication/HDF5 download required for historical GPM IMERG reanalysis
V2-NEG-0157,1970-07-09,Himachal Pradesh,Una,31.4684,76.2708,district,0,0.5,2.1,2.2,2.4,5.9,29.68,80.62,0.25,377.0,,,,,,,,Open-Meteo ERA5-Land Reanalysis,Copernicus DEM GLO-90 (Open-Meteo API Fallback) - Slope/relief unavailable due to API rate limits,GSI landslide inventory only available for Tamil Nadu,NASA Earthdata authentication/HDF5 download required for historical GPM IMERG reanalysis,Generated Negative (Matched: V2-POS-0157),OSM Nominatim Geocoding,success,Copernicus DEM GLO-90 (Open-Meteo API Fallback) - Slope/relief unavailable due to API rate limits,Copernicus DEM GLO-90 (Open-Meteo API Fallback) - Slope/relief unavailable due to API rate limits,GSI landslide inventory only available for Tamil Nadu,NASA Earthdata authentication/HDF5 download required for historical GPM IMERG reanalysis
V2-NEG-0158,1982-09-26,Kerala,Thiruvananthapuram,8.6985965,76.8134401,town,0,0.0,0.0,0.0,0.0,0.6,25.69,86.54,0.28,35.0,,,,,,,,Open-Meteo ERA5-Land Reanalysis,Copernicus DEM GLO-90 (Open-Meteo API Fallback) - Slope/relief unavailable due to API rate limits,GSI landslide inventory only available for Tamil Nadu,NASA Earthdata authentication/HDF5 download required for historical GPM IMERG reanalysis,Generated Negative (Matched: V2-POS-0158),OSM Nominatim Geocoding,success,Copernicus DEM GLO-90 (Open-Meteo API Fallback) - Slope/relief unavailable due to API rate limits,Copernicus DEM GLO-90 (Open-Meteo API Fallback) - Slope/relief unavailable due to API rate limits,GSI landslide inventory only available for Tamil Nadu,NASA Earthdata authentication/HDF5 download required for historical GPM IMERG reanalysis
V2-NEG-0159,1974-08-19,Himachal Pradesh,Hamirpur,31.6539866,76.5403633,district,0,0.0,0.0,0.0,0.0,0.0,25.38,80.96,0.34,755.0,,,,,,,,Open-Meteo ERA5-Land Reanalysis,Copernicus DEM GLO-90 (Open-Meteo API Fallback) - Slope/relief unavailable due to API rate limits,GSI landslide inventory only available for Tamil Nadu,NASA Earthdata authentication/HDF5 download required for historical GPM IMERG reanalysis,Generated Negative (Matched: V2-POS-0159),OSM Nominatim Geocoding,success,Copernicus DEM GLO-90 (Open-Meteo API Fallback) - Slope/relief unavailable due to API rate limits,Copernicus DEM GLO-90 (Open-Meteo API Fallback) - Slope/relief unavailable due to API rate limits,GSI landslide inventory only available for Tamil Nadu,NASA Earthdata authentication/HDF5 download required for historical GPM IMERG reanalysis
V2-NEG-0160,1987-05-17,Kerala,Thiruvananthapuram,8.4882267,76.947551,district,0,0.0,0.0,0.4,2.2,6.0,27.06,83.62,0.21,18.0,,,,,,,,Open-Meteo ERA5-Land Reanalysis,Copernicus DEM GLO-90 (Open-Meteo API Fallback) - Slope/relief unavailable due to API rate limits,GSI landslide inventory only available for Tamil Nadu,NASA Earthdata authentication/HDF5 download required for historical GPM IMERG reanalysis,Generated Negative (Matched: V2-POS-0160),OSM Nominatim Geocoding,success,Copernicus DEM GLO-90 (Open-Meteo API Fallback) - Slope/relief unavailable due to API rate limits,Copernicus DEM GLO-90 (Open-Meteo API Fallback) - Slope/relief unavailable due to API rate limits,GSI landslide inventory only available for Tamil Nadu,NASA Earthdata authentication/HDF5 download required for historical GPM IMERG reanalysis
V2-NEG-0161,1996-11-17,Kerala,Thiruvananthapuram,8.4882267,76.947551,district,0,0.0,0.0,0.0,0.0,0.5,25.6,80.42,0.21,18.0,,,,,,,,Open-Meteo ERA5-Land Reanalysis,Copernicus DEM GLO-90 (Open-Meteo API Fallback) - Slope/relief unavailable due to API rate limits,GSI landslide inventory only available for Tamil Nadu,NASA Earthdata authentication/HDF5 download required for historical GPM IMERG reanalysis,Generated Negative (Matched: V2-POS-0161),OSM Nominatim Geocoding,success,Copernicus DEM GLO-90 (Open-Meteo API Fallback) - Slope/relief unavailable due to API rate limits,Copernicus DEM GLO-90 (Open-Meteo API Fallback) - Slope/relief unavailable due to API rate limits,GSI landslide inventory only available for Tamil Nadu,NASA Earthdata authentication/HDF5 download required for historical GPM IMERG reanalysis
V2-NEG-0162,1982-07-13,Himachal Pradesh,Kullu,31.9578974,77.1089232,town,0,0.0,0.0,0.6,2.0,2.4,23.59,65.71,0.28,1235.0,,,,,,,,Open-Meteo ERA5-Land Reanalysis,Copernicus DEM GLO-90 (Open-Meteo API Fallback) - Slope/relief unavailable due to API rate limits,GSI landslide inventory only available for Tamil Nadu,NASA Earthdata authentication/HDF5 download required for historical GPM IMERG reanalysis,Generated Negative (Matched: V2-POS-0162),OSM Nominatim Geocoding,success,Copernicus DEM GLO-90 (Open-Meteo API Fallback) - Slope/relief unavailable due to API rate limits,Copernicus DEM GLO-90 (Open-Meteo API Fallback) - Slope/relief unavailable due to API rate limits,GSI landslide inventory only available for Tamil Nadu,NASA Earthdata authentication/HDF5 download required for historical GPM IMERG reanalysis
V2-NEG-0163,2005-12-27,Kerala,Wayanad,11.7151291,76.1271185,district,0,0.0,0.0,0.0,0.0,0.0,20.53,73.88,0.34,747.0,,,,,,,,Open-Meteo ERA5-Land Reanalysis,Copernicus DEM GLO-90 (Open-Meteo API Fallback) - Slope/relief unavailable due to API rate limits,GSI landslide inventory only available for Tamil Nadu,NASA Earthdata authentication/HDF5 download required for historical GPM IMERG reanalysis,Generated Negative (Matched: V2-POS-0163),OSM Nominatim Geocoding,success,Copernicus DEM GLO-90 (Open-Meteo API Fallback) - Slope/relief unavailable due to API rate limits,Copernicus DEM GLO-90 (Open-Meteo API Fallback) - Slope/relief unavailable due to API rate limits,GSI landslide inventory only available for Tamil Nadu,NASA Earthdata authentication/HDF5 download required for historical GPM IMERG reanalysis
V2-NEG-0164,2017-07-28,Kerala,Wayanad,11.7151291,76.1271185,district,0,0.1,0.1,1.4,2.0,3.3,22.74,83.71,0.46,747.0,,,,,,,,Open-Meteo ERA5-Land Reanalysis,Copernicus DEM GLO-90 (Open-Meteo API Fallback) - Slope/relief unavailable due to API rate limits,GSI landslide inventory only available for Tamil Nadu,NASA Earthdata authentication/HDF5 download required for historical GPM IMERG reanalysis,Generated Negative (Matched: V2-POS-0164),OSM Nominatim Geocoding,success,Copernicus DEM GLO-90 (Open-Meteo API Fallback) - Slope/relief unavailable due to API rate limits,Copernicus DEM GLO-90 (Open-Meteo API Fallback) - Slope/relief unavailable due to API rate limits,GSI landslide inventory only available for Tamil Nadu,NASA Earthdata authentication/HDF5 download required for historical GPM IMERG reanalysis
V2-NEG-0165,2002-06-18,Kerala,Ernakulam,10.01657,76.34275,town,0,0.2,0.2,0.2,0.9,1.9,26.27,85.5,0.41,26.0,,,,,,,,Open-Meteo ERA5-Land Reanalysis,Copernicus DEM GLO-90 (Open-Meteo API Fallback) - Slope/relief unavailable due to API rate limits,GSI landslide inventory only available for Tamil Nadu,NASA Earthdata authentication/HDF5 download required for historical GPM IMERG reanalysis,Generated Negative (Matched: V2-POS-0165),OSM Nominatim Geocoding,success,Copernicus DEM GLO-90 (Open-Meteo API Fallback) - Slope/relief unavailable due to API rate limits,Copernicus DEM GLO-90 (Open-Meteo API Fallback) - Slope/relief unavailable due to API rate limits,GSI landslide inventory only available for Tamil Nadu,NASA Earthdata authentication/HDF5 download required for historical GPM IMERG reanalysis
V2-NEG-0166,2010-07-23,Kerala,Thrissur,10.5270099,76.214621,district,0,0.0,0.0,0.0,0.0,4.4,25.39,87.0,0.43,24.0,,,,,,,,Open-Meteo ERA5-Land Reanalysis,Copernicus DEM GLO-90 (Open-Meteo API Fallback) - Slope/relief unavailable due to API rate limits,GSI landslide inventory only available for Tamil Nadu,NASA Earthdata authentication/HDF5 download required for historical GPM IMERG reanalysis,Generated Negative (Matched: V2-POS-0166),OSM Nominatim Geocoding,success,Copernicus DEM GLO-90 (Open-Meteo API Fallback) - Slope/relief unavailable due to API rate limits,Copernicus DEM GLO-90 (Open-Meteo API Fallback) - Slope/relief unavailable due to API rate limits,GSI landslide inventory only available for Tamil Nadu,NASA Earthdata authentication/HDF5 download required for historical GPM IMERG reanalysis
V2-NEG-0167,1972-05-03,Kerala,Wayanad,11.7151291,76.1271185,district,0,0.0,0.0,0.0,0.1,5.6,22.78,93.38,0.46,747.0,,,,,,,,Open-Meteo ERA5-Land Reanalysis,Copernicus DEM GLO-90 (Open-Meteo API Fallback) - Slope/relief unavailable due to API rate limits,GSI landslide inventory only available for Tamil Nadu,NASA Earthdata authentication/HDF5 download required for historical GPM IMERG reanalysis,Generated Negative (Matched: V2-POS-0167),OSM Nominatim Geocoding,success,Copernicus DEM GLO-90 (Open-Meteo API Fallback) - Slope/relief unavailable due to API rate limits,Copernicus DEM GLO-90 (Open-Meteo API Fallback) - Slope/relief unavailable due to API rate limits,GSI landslide inventory only available for Tamil Nadu,NASA Earthdata authentication/HDF5 download required for historical GPM IMERG reanalysis
V2-NEG-0168,1979-10-20,Tamil Nadu,Cuddalore,11.5202071,79.3396356,district,0,0.0,0.0,0.0,0.0,0.6,26.96,77.62,0.23,54.0,,,,,,119.889,0.0,Open-Meteo ERA5-Land Reanalysis,Copernicus DEM GLO-90 (Open-Meteo API Fallback) - Slope/relief unavailable due to API rate limits,Tamil Nadu GSI Landslide Inventory,NASA Earthdata authentication/HDF5 download required for historical GPM IMERG reanalysis,Generated Negative (Matched: V2-POS-0168),OSM Nominatim Geocoding,success,Copernicus DEM GLO-90 (Open-Meteo API Fallback) - Slope/relief unavailable due to API rate limits,Copernicus DEM GLO-90 (Open-Meteo API Fallback) - Slope/relief unavailable due to API rate limits,,NASA Earthdata authentication/HDF5 download required for historical GPM IMERG reanalysis
V2-NEG-0169,2014-04-03,Himachal Pradesh,Shimla,31.1040393,77.1707923,town,0,0.0,0.0,1.9,4.1,8.7,7.71,68.33,0.45,2119.0,,,,,,,,Open-Meteo ERA5-Land Reanalysis,Copernicus DEM GLO-90 (Open-Meteo API Fallback) - Slope/relief unavailable due to API rate limits,GSI landslide inventory only available for Tamil Nadu,NASA Earthdata authentication/HDF5 download required for historical GPM IMERG reanalysis,Generated Negative (Matched: V2-POS-0169),OSM Nominatim Geocoding,success,Copernicus DEM GLO-90 (Open-Meteo API Fallback) - Slope/relief unavailable due to API rate limits,Copernicus DEM GLO-90 (Open-Meteo API Fallback) - Slope/relief unavailable due to API rate limits,GSI landslide inventory only available for Tamil Nadu,NASA Earthdata authentication/HDF5 download required for historical GPM IMERG reanalysis
V2-NEG-0170,1980-08-02,Kerala,Alappuzha,9.5003416,76.4123364,district,0,0.3,0.5,0.5,1.8,10.6,25.28,89.58,0.33,-1.0,,,,,,,,Open-Meteo ERA5-Land Reanalysis,Copernicus DEM GLO-90 (Open-Meteo API Fallback) - Slope/relief unavailable due to API rate limits,GSI landslide inventory only available for Tamil Nadu,NASA Earthdata authentication/HDF5 download required for historical GPM IMERG reanalysis,Generated Negative (Matched: V2-POS-0170),OSM Nominatim Geocoding,success,Copernicus DEM GLO-90 (Open-Meteo API Fallback) - Slope/relief unavailable due to API rate limits,Copernicus DEM GLO-90 (Open-Meteo API Fallback) - Slope/relief unavailable due to API rate limits,GSI landslide inventory only available for Tamil Nadu,NASA Earthdata authentication/HDF5 download required for historical GPM IMERG reanalysis
V2-NEG-0171,1971-10-06,Kerala,Kottayam,9.6287383,76.6455326,district,0,0.0,0.0,0.0,0.2,1.2,24.7,84.92,0.45,51.0,,,,,,,,Open-Meteo ERA5-Land Reanalysis,Copernicus DEM GLO-90 (Open-Meteo API Fallback) - Slope/relief unavailable due to API rate limits,GSI landslide inventory only available for Tamil Nadu,NASA Earthdata authentication/HDF5 download required for historical GPM IMERG reanalysis,Generated Negative (Matched: V2-POS-0171),OSM Nominatim Geocoding,success,Copernicus DEM GLO-90 (Open-Meteo API Fallback) - Slope/relief unavailable due to API rate limits,Copernicus DEM GLO-90 (Open-Meteo API Fallback) - Slope/relief unavailable due to API rate limits,GSI landslide inventory only available for Tamil Nadu,NASA Earthdata authentication/HDF5 download required for historical GPM IMERG reanalysis
V2-NEG-0172,1998-10-16,Tamil Nadu,Coimbatore,11.0018115,76.9628425,district,0,0.0,0.0,0.0,2.0,8.7,22.47,88.46,0.36,421.0,,,,,,30.026,0.0,Open-Meteo ERA5-Land Reanalysis,Copernicus DEM GLO-90 (Open-Meteo API Fallback) - Slope/relief unavailable due to API rate limits,Tamil Nadu GSI Landslide Inventory,NASA Earthdata authentication/HDF5 download required for historical GPM IMERG reanalysis,Generated Negative (Matched: V2-POS-0172),OSM Nominatim Geocoding,success,Copernicus DEM GLO-90 (Open-Meteo API Fallback) - Slope/relief unavailable due to API rate limits,Copernicus DEM GLO-90 (Open-Meteo API Fallback) - Slope/relief unavailable due to API rate limits,,NASA Earthdata authentication/HDF5 download required for historical GPM IMERG reanalysis
V2-NEG-0173,1988-08-10,Himachal Pradesh,Shimla,31.1040393,77.1707923,town,0,0.0,0.0,0.0,0.1,91.8,16.99,96.08,0.47,2119.0,,,,,,,,Open-Meteo ERA5-Land Reanalysis,Copernicus DEM GLO-90 (Open-Meteo API Fallback) - Slope/relief unavailable due to API rate limits,GSI landslide inventory only available for Tamil Nadu,NASA Earthdata authentication/HDF5 download required for historical GPM IMERG reanalysis,Generated Negative (Matched: V2-POS-0173),OSM Nominatim Geocoding,success,Copernicus DEM GLO-90 (Open-Meteo API Fallback) - Slope/relief unavailable due to API rate limits,Copernicus DEM GLO-90 (Open-Meteo API Fallback) - Slope/relief unavailable due to API rate limits,GSI landslide inventory only available for Tamil Nadu,NASA Earthdata authentication/HDF5 download required for historical GPM IMERG reanalysis
V2-NEG-0174,1980-07-14,Himachal Pradesh,Kullu,31.9578974,77.1089232,town,0,7.4,20.0,38.7,58.5,74.0,22.62,88.25,0.48,1235.0,,,,,,,,Open-Meteo ERA5-Land Reanalysis,Copernicus DEM GLO-90 (Open-Meteo API Fallback) - Slope/relief unavailable due to API rate limits,GSI landslide inventory only available for Tamil Nadu,NASA Earthdata authentication/HDF5 download required for historical GPM IMERG reanalysis,Generated Negative (Matched: V2-POS-0174),OSM Nominatim Geocoding,success,Copernicus DEM GLO-90 (Open-Meteo API Fallback) - Slope/relief unavailable due to API rate limits,Copernicus DEM GLO-90 (Open-Meteo API Fallback) - Slope/relief unavailable due to API rate limits,GSI landslide inventory only available for Tamil Nadu,NASA Earthdata authentication/HDF5 download required for historical GPM IMERG reanalysis
V2-NEG-0175,1977-02-16,Tamil Nadu,Chennai,13.0836939,80.270186,district,0,0.0,0.0,0.0,0.0,0.0,23.89,72.96,0.13,12.0,,,,,,261.138,0.0,Open-Meteo ERA5-Land Reanalysis,Copernicus DEM GLO-90 (Open-Meteo API Fallback) - Slope/relief unavailable due to API rate limits,Tamil Nadu GSI Landslide Inventory,NASA Earthdata authentication/HDF5 download required for historical GPM IMERG reanalysis,Generated Negative (Matched: V2-POS-0175),OSM Nominatim Geocoding,success,Copernicus DEM GLO-90 (Open-Meteo API Fallback) - Slope/relief unavailable due to API rate limits,Copernicus DEM GLO-90 (Open-Meteo API Fallback) - Slope/relief unavailable due to API rate limits,,NASA Earthdata authentication/HDF5 download required for historical GPM IMERG reanalysis
V2-NEG-0176,2011-07-06,Himachal Pradesh,Una,31.4684,76.2708,district,0,0.3,0.7,0.8,0.8,0.8,30.42,70.04,0.13,377.0,,,,,,,,Open-Meteo ERA5-Land Reanalysis,Copernicus DEM GLO-90 (Open-Meteo API Fallback) - Slope/relief unavailable due to API rate limits,GSI landslide inventory only available for Tamil Nadu,NASA Earthdata authentication/HDF5 download required for historical GPM IMERG reanalysis,Generated Negative (Matched: V2-POS-0176),OSM Nominatim Geocoding,success,Copernicus DEM GLO-90 (Open-Meteo API Fallback) - Slope/relief unavailable due to API rate limits,Copernicus DEM GLO-90 (Open-Meteo API Fallback) - Slope/relief unavailable due to API rate limits,GSI landslide inventory only available for Tamil Nadu,NASA Earthdata authentication/HDF5 download required for historical GPM IMERG reanalysis
V2-NEG-0177,1990-11-06,Tamil Nadu,Chennai,13.0836939,80.270186,district,0,0.0,0.0,0.0,0.0,0.0,27.68,75.46,0.33,12.0,,,,,,261.138,0.0,Open-Meteo ERA5-Land Reanalysis,Copernicus DEM GLO-90 (Open-Meteo API Fallback) - Slope/relief unavailable due to API rate limits,Tamil Nadu GSI Landslide Inventory,NASA Earthdata authentication/HDF5 download required for historical GPM IMERG reanalysis,Generated Negative (Matched: V2-POS-0177),OSM Nominatim Geocoding,success,Copernicus DEM GLO-90 (Open-Meteo API Fallback) - Slope/relief unavailable due to API rate limits,Copernicus DEM GLO-90 (Open-Meteo API Fallback) - Slope/relief unavailable due to API rate limits,,NASA Earthdata authentication/HDF5 download required for historical GPM IMERG reanalysis
V2-NEG-0178,1969-10-11,Kerala,Kollam,8.8870533,76.5906696,district,0,0.0,0.0,0.0,1.3,4.1,26.02,87.0,0.25,11.0,,,,,,,,Open-Meteo ERA5-Land Reanalysis,Copernicus DEM GLO-90 (Open-Meteo API Fallback) - Slope/relief unavailable due to API rate limits,GSI landslide inventory only available for Tamil Nadu,NASA Earthdata authentication/HDF5 download required for historical GPM IMERG reanalysis,Generated Negative (Matched: V2-POS-0178),OSM Nominatim Geocoding,success,Copernicus DEM GLO-90 (Open-Meteo API Fallback) - Slope/relief unavailable due to API rate limits,Copernicus DEM GLO-90 (Open-Meteo API Fallback) - Slope/relief unavailable due to API rate limits,GSI landslide inventory only available for Tamil Nadu,NASA Earthdata authentication/HDF5 download required for historical GPM IMERG reanalysis
V2-NEG-0179,1989-08-19,Himachal Pradesh,Shimla,31.1040393,77.1707923,town,0,0.2,0.7,0.8,1.7,8.4,17.44,92.83,0.48,2119.0,,,,,,,,Open-Meteo ERA5-Land Reanalysis,Copernicus DEM GLO-90 (Open-Meteo API Fallback) - Slope/relief unavailable due to API rate limits,GSI landslide inventory only available for Tamil Nadu,NASA Earthdata authentication/HDF5 download required for historical GPM IMERG reanalysis,Generated Negative (Matched: V2-POS-0179),OSM Nominatim Geocoding,success,Copernicus DEM GLO-90 (Open-Meteo API Fallback) - Slope/relief unavailable due to API rate limits,Copernicus DEM GLO-90 (Open-Meteo API Fallback) - Slope/relief unavailable due to API rate limits,GSI landslide inventory only available for Tamil Nadu,NASA Earthdata authentication/HDF5 download required for historical GPM IMERG reanalysis
V2-NEG-0180,2011-09-27,Uttarakhand,Dehradun,30.2613281,78.0120117,village,0,0.0,0.0,0.0,0.0,0.0,23.62,78.92,0.3,606.0,,,,,,,,Open-Meteo ERA5-Land Reanalysis,Copernicus DEM GLO-90 (Open-Meteo API Fallback) - Slope/relief unavailable due to API rate limits,GSI landslide inventory only available for Tamil Nadu,NASA Earthdata authentication/HDF5 download required for historical GPM IMERG reanalysis,Generated Negative (Matched: V2-POS-0180),OSM Nominatim Geocoding,success,Copernicus DEM GLO-90 (Open-Meteo API Fallback) - Slope/relief unavailable due to API rate limits,Copernicus DEM GLO-90 (Open-Meteo API Fallback) - Slope/relief unavailable due to API rate limits,GSI landslide inventory only available for Tamil Nadu,NASA Earthdata authentication/HDF5 download required for historical GPM IMERG reanalysis
V2-NEG-0181,2012-02-05,Kerala,Kollam,8.8870533,76.5906696,district,0,0.0,0.0,0.0,0.0,0.0,27.12,61.96,0.06,11.0,,,,,,,,Open-Meteo ERA5-Land Reanalysis,Copernicus DEM GLO-90 (Open-Meteo API Fallback) - Slope/relief unavailable due to API rate limits,GSI landslide inventory only available for Tamil Nadu,NASA Earthdata authentication/HDF5 download required for historical GPM IMERG reanalysis,Generated Negative (Matched: V2-POS-0181),OSM Nominatim Geocoding,success,Copernicus DEM GLO-90 (Open-Meteo API Fallback) - Slope/relief unavailable due to API rate limits,Copernicus DEM GLO-90 (Open-Meteo API Fallback) - Slope/relief unavailable due to API rate limits,GSI landslide inventory only available for Tamil Nadu,NASA Earthdata authentication/HDF5 download required for historical GPM IMERG reanalysis
V2-NEG-0182,1980-08-02,Kerala,Pathanamthitta,9.2780841,76.9737443,district,0,0.0,0.0,0.0,0.0,3.6,21.81,86.75,0.47,469.0,,,,,,,,Open-Meteo ERA5-Land Reanalysis,Copernicus DEM GLO-90 (Open-Meteo API Fallback) - Slope/relief unavailable due to API rate limits,GSI landslide inventory only available for Tamil Nadu,NASA Earthdata authentication/HDF5 download required for historical GPM IMERG reanalysis,Generated Negative (Matched: V2-POS-0182),OSM Nominatim Geocoding,success,Copernicus DEM GLO-90 (Open-Meteo API Fallback) - Slope/relief unavailable due to API rate limits,Copernicus DEM GLO-90 (Open-Meteo API Fallback) - Slope/relief unavailable due to API rate limits,GSI landslide inventory only available for Tamil Nadu,NASA Earthdata authentication/HDF5 download required for historical GPM IMERG reanalysis
V2-NEG-0183,2010-07-01,Kerala,Kannur,11.8763836,75.3737973,district,0,2.0,5.8,12.5,20.4,40.8,25.61,90.62,0.35,23.0,,,,,,,,Open-Meteo ERA5-Land Reanalysis,Copernicus DEM GLO-90 (Open-Meteo API Fallback) - Slope/relief unavailable due to API rate limits,GSI landslide inventory only available for Tamil Nadu,NASA Earthdata authentication/HDF5 download required for historical GPM IMERG reanalysis,Generated Negative (Matched: V2-POS-0183),OSM Nominatim Geocoding,success,Copernicus DEM GLO-90 (Open-Meteo API Fallback) - Slope/relief unavailable due to API rate limits,Copernicus DEM GLO-90 (Open-Meteo API Fallback) - Slope/relief unavailable due to API rate limits,GSI landslide inventory only available for Tamil Nadu,NASA Earthdata authentication/HDF5 download required for historical GPM IMERG reanalysis
V2-NEG-0184,2005-06-29,Uttarakhand,Nainital,29.294995,79.4162511,district,0,0.5,1.0,1.0,1.9,14.3,24.67,89.92,0.45,804.0,,,,,,,,Open-Meteo ERA5-Land Reanalysis,Copernicus DEM GLO-90 (Open-Meteo API Fallback) - Slope/relief unavailable due to API rate limits,GSI landslide inventory only available for Tamil Nadu,NASA Earthdata authentication/HDF5 download required for historical GPM IMERG reanalysis,Generated Negative (Matched: V2-POS-0184),OSM Nominatim Geocoding,success,Copernicus DEM GLO-90 (Open-Meteo API Fallback) - Slope/relief unavailable due to API rate limits,Copernicus DEM GLO-90 (Open-Meteo API Fallback) - Slope/relief unavailable due to API rate limits,GSI landslide inventory only available for Tamil Nadu,NASA Earthdata authentication/HDF5 download required for historical GPM IMERG reanalysis
V2-NEG-0185,1982-07-14,Kerala,Wayanad,11.7151291,76.1271185,district,0,0.3,0.7,1.1,10.6,25.8,21.28,97.29,0.48,747.0,,,,,,,,Open-Meteo ERA5-Land Reanalysis,Copernicus DEM GLO-90 (Open-Meteo API Fallback) - Slope/relief unavailable due to API rate limits,GSI landslide inventory only available for Tamil Nadu,NASA Earthdata authentication/HDF5 download required for historical GPM IMERG reanalysis,Generated Negative (Matched: V2-POS-0185),OSM Nominatim Geocoding,success,Copernicus DEM GLO-90 (Open-Meteo API Fallback) - Slope/relief unavailable due to API rate limits,Copernicus DEM GLO-90 (Open-Meteo API Fallback) - Slope/relief unavailable due to API rate limits,GSI landslide inventory only available for Tamil Nadu,NASA Earthdata authentication/HDF5 download required for historical GPM IMERG reanalysis
V2-NEG-0186,1994-11-18,Tamil Nadu,Vellore,12.9021849,79.061104,district,0,0.0,0.0,0.0,0.0,0.2,23.61,82.71,0.37,233.0,,,,,,151.536,0.0,Open-Meteo ERA5-Land Reanalysis,Copernicus DEM GLO-90 (Open-Meteo API Fallback) - Slope/relief unavailable due to API rate limits,Tamil Nadu GSI Landslide Inventory,NASA Earthdata authentication/HDF5 download required for historical GPM IMERG reanalysis,Generated Negative (Matched: V2-POS-0186),OSM Nominatim Geocoding,success,Copernicus DEM GLO-90 (Open-Meteo API Fallback) - Slope/relief unavailable due to API rate limits,Copernicus DEM GLO-90 (Open-Meteo API Fallback) - Slope/relief unavailable due to API rate limits,,NASA Earthdata authentication/HDF5 download required for historical GPM IMERG reanalysis
V2-NEG-0187,1971-06-12,Kerala,Thiruvananthapuram,8.4882267,76.947551,district,0,0.6,2.7,4.7,6.6,11.0,24.48,89.92,0.31,18.0,,,,,,,,Open-Meteo ERA5-Land Reanalysis,Copernicus DEM GLO-90 (Open-Meteo API Fallback) - Slope/relief unavailable due to API rate limits,GSI landslide inventory only available for Tamil Nadu,NASA Earthdata authentication/HDF5 download required for historical GPM IMERG reanalysis,Generated Negative (Matched: V2-POS-0187),OSM Nominatim Geocoding,success,Copernicus DEM GLO-90 (Open-Meteo API Fallback) - Slope/relief unavailable due to API rate limits,Copernicus DEM GLO-90 (Open-Meteo API Fallback) - Slope/relief unavailable due to API rate limits,GSI landslide inventory only available for Tamil Nadu,NASA Earthdata authentication/HDF5 download required for historical GPM IMERG reanalysis
V2-NEG-0188,1984-10-11,Kerala,Thrissur,10.5270099,76.214621,district,0,0.0,0.0,0.0,0.0,1.3,24.92,83.17,0.47,24.0,,,,,,,,Open-Meteo ERA5-Land Reanalysis,Copernicus DEM GLO-90 (Open-Meteo API Fallback) - Slope/relief unavailable due to API rate limits,GSI landslide inventory only available for Tamil Nadu,NASA Earthdata authentication/HDF5 download required for historical GPM IMERG reanalysis,Generated Negative (Matched: V2-POS-0188),OSM Nominatim Geocoding,success,Copernicus DEM GLO-90 (Open-Meteo API Fallback) - Slope/relief unavailable due to API rate limits,Copernicus DEM GLO-90 (Open-Meteo API Fallback) - Slope/relief unavailable due to API rate limits,GSI landslide inventory only available for Tamil Nadu,NASA Earthdata authentication/HDF5 download required for historical GPM IMERG reanalysis
V2-NEG-0189,1976-07-26,Himachal Pradesh,Shimla,31.1040393,77.1707923,town,0,2.8,9.0,14.9,17.0,26.6,17.71,93.29,0.48,2119.0,,,,,,,,Open-Meteo ERA5-Land Reanalysis,Copernicus DEM GLO-90 (Open-Meteo API Fallback) - Slope/relief unavailable due to API rate limits,GSI landslide inventory only available for Tamil Nadu,NASA Earthdata authentication/HDF5 download required for historical GPM IMERG reanalysis,Generated Negative (Matched: V2-POS-0189),OSM Nominatim Geocoding,success,Copernicus DEM GLO-90 (Open-Meteo API Fallback) - Slope/relief unavailable due to API rate limits,Copernicus DEM GLO-90 (Open-Meteo API Fallback) - Slope/relief unavailable due to API rate limits,GSI landslide inventory only available for Tamil Nadu,NASA Earthdata authentication/HDF5 download required for historical GPM IMERG reanalysis
V2-NEG-0190,1984-08-22,Tamil Nadu,Erode,11.4905282,77.3505274,district,0,0.0,0.0,0.0,1.1,8.3,26.6,74.12,0.12,215.0,,,,,,31.924,0.0,Open-Meteo ERA5-Land Reanalysis,Copernicus DEM GLO-90 (Open-Meteo API Fallback) - Slope/relief unavailable due to API rate limits,Tamil Nadu GSI Landslide Inventory,NASA Earthdata authentication/HDF5 download required for historical GPM IMERG reanalysis,Generated Negative (Matched: V2-POS-0190),OSM Nominatim Geocoding,success,Copernicus DEM GLO-90 (Open-Meteo API Fallback) - Slope/relief unavailable due to API rate limits,Copernicus DEM GLO-90 (Open-Meteo API Fallback) - Slope/relief unavailable due to API rate limits,,NASA Earthdata authentication/HDF5 download required for historical GPM IMERG reanalysis
V2-NEG-0191,2001-11-09,Tamil Nadu,Chennai,13.0836939,80.270186,district,0,3.5,10.0,18.2,21.2,33.0,24.75,92.08,0.41,12.0,,,,,,261.138,0.0,Open-Meteo ERA5-Land Reanalysis,Copernicus DEM GLO-90 (Open-Meteo API Fallback) - Slope/relief unavailable due to API rate limits,Tamil Nadu GSI Landslide Inventory,NASA Earthdata authentication/HDF5 download required for historical GPM IMERG reanalysis,Generated Negative (Matched: V2-POS-0191),OSM Nominatim Geocoding,success,Copernicus DEM GLO-90 (Open-Meteo API Fallback) - Slope/relief unavailable due to API rate limits,Copernicus DEM GLO-90 (Open-Meteo API Fallback) - Slope/relief unavailable due to API rate limits,,NASA Earthdata authentication/HDF5 download required for historical GPM IMERG reanalysis
V2-NEG-0192,1988-10-12,Kerala,Kottayam,9.6287383,76.6455326,district,0,0.0,0.0,0.0,0.3,1.7,25.23,88.58,0.47,51.0,,,,,,,,Open-Meteo ERA5-Land Reanalysis,Copernicus DEM GLO-90 (Open-Meteo API Fallback) - Slope/relief unavailable due to API rate limits,GSI landslide inventory only available for Tamil Nadu,NASA Earthdata authentication/HDF5 download required for historical GPM IMERG reanalysis,Generated Negative (Matched: V2-POS-0192),OSM Nominatim Geocoding,success,Copernicus DEM GLO-90 (Open-Meteo API Fallback) - Slope/relief unavailable due to API rate limits,Copernicus DEM GLO-90 (Open-Meteo API Fallback) - Slope/relief unavailable due to API rate limits,GSI landslide inventory only available for Tamil Nadu,NASA Earthdata authentication/HDF5 download required for historical GPM IMERG reanalysis
V2-NEG-0193,2008-05-12,Kerala,Thiruvananthapuram,8.4882267,76.947551,district,0,0.4,0.7,0.7,1.8,8.7,25.9,87.08,0.25,18.0,,,,,,,,Open-Meteo ERA5-Land Reanalysis,Copernicus DEM GLO-90 (Open-Meteo API Fallback) - Slope/relief unavailable due to API rate limits,GSI landslide inventory only available for Tamil Nadu,NASA Earthdata authentication/HDF5 download required for historical GPM IMERG reanalysis,Generated Negative (Matched: V2-POS-0193),OSM Nominatim Geocoding,success,Copernicus DEM GLO-90 (Open-Meteo API Fallback) - Slope/relief unavailable due to API rate limits,Copernicus DEM GLO-90 (Open-Meteo API Fallback) - Slope/relief unavailable due to API rate limits,GSI landslide inventory only available for Tamil Nadu,NASA Earthdata authentication/HDF5 download required for historical GPM IMERG reanalysis
V2-NEG-0194,1993-07-21,Kerala,Idukki,9.8154785,76.9991599,district,0,0.5,6.3,20.9,24.1,31.0,21.44,93.38,0.48,725.0,,,,,,,,Open-Meteo ERA5-Land Reanalysis,Copernicus DEM GLO-90 (Open-Meteo API Fallback) - Slope/relief unavailable due to API rate limits,GSI landslide inventory only available for Tamil Nadu,NASA Earthdata authentication/HDF5 download required for historical GPM IMERG reanalysis,Generated Negative (Matched: V2-POS-0194),OSM Nominatim Geocoding,success,Copernicus DEM GLO-90 (Open-Meteo API Fallback) - Slope/relief unavailable due to API rate limits,Copernicus DEM GLO-90 (Open-Meteo API Fallback) - Slope/relief unavailable due to API rate limits,GSI landslide inventory only available for Tamil Nadu,NASA Earthdata authentication/HDF5 download required for historical GPM IMERG reanalysis
V2-NEG-0195,2017-06-30,Kerala,Ernakulam,9.9837257,76.2740001,district,0,0.6,1.4,3.1,5.2,9.6,26.12,90.67,0.43,5.0,,,,,,,,Open-Meteo ERA5-Land Reanalysis,Copernicus DEM GLO-90 (Open-Meteo API Fallback) - Slope/relief unavailable due to API rate limits,GSI landslide inventory only available for Tamil Nadu,NASA Earthdata authentication/HDF5 download required for historical GPM IMERG reanalysis,Generated Negative (Matched: V2-POS-0195),OSM Nominatim Geocoding,success,Copernicus DEM GLO-90 (Open-Meteo API Fallback) - Slope/relief unavailable due to API rate limits,Copernicus DEM GLO-90 (Open-Meteo API Fallback) - Slope/relief unavailable due to API rate limits,GSI landslide inventory only available for Tamil Nadu,NASA Earthdata authentication/HDF5 download required for historical GPM IMERG reanalysis
V2-NEG-0196,1982-08-07,Uttarakhand,Rudra Prayag,30.0417376,79.089691,district,0,0.0,0.0,0.6,0.9,3.0,19.68,85.38,0.46,2080.0,,,,,,,,Open-Meteo ERA5-Land Reanalysis,Copernicus DEM GLO-90 (Open-Meteo API Fallback) - Slope/relief unavailable due to API rate limits,GSI landslide inventory only available for Tamil Nadu,NASA Earthdata authentication/HDF5 download required for historical GPM IMERG reanalysis,Generated Negative (Matched: V2-POS-0196),OSM Nominatim Geocoding,success,Copernicus DEM GLO-90 (Open-Meteo API Fallback) - Slope/relief unavailable due to API rate limits,Copernicus DEM GLO-90 (Open-Meteo API Fallback) - Slope/relief unavailable due to API rate limits,GSI landslide inventory only available for Tamil Nadu,NASA Earthdata authentication/HDF5 download required for historical GPM IMERG reanalysis
V2-NEG-0197,2019-07-27,Himachal Pradesh,Chamba,32.6923316,76.1631552,district,0,1.1,2.8,3.6,5.8,16.8,16.81,89.58,0.51,2393.0,,,,,,,,Open-Meteo ERA5-Land Reanalysis,Copernicus DEM GLO-90 (Open-Meteo API Fallback) - Slope/relief unavailable due to API rate limits,GSI landslide inventory only available for Tamil Nadu,NASA Earthdata authentication/HDF5 download required for historical GPM IMERG reanalysis,Generated Negative (Matched: V2-POS-0197),OSM Nominatim Geocoding,success,Copernicus DEM GLO-90 (Open-Meteo API Fallback) - Slope/relief unavailable due to API rate limits,Copernicus DEM GLO-90 (Open-Meteo API Fallback) - Slope/relief unavailable due to API rate limits,GSI landslide inventory only available for Tamil Nadu,NASA Earthdata authentication/HDF5 download required for historical GPM IMERG reanalysis
V2-NEG-0198,1970-06-29,Kerala,Malappuram,11.1065685,76.1101742,district,0,0.0,0.3,0.5,0.5,2.2,25.9,87.12,0.48,44.0,,,,,,,,Open-Meteo ERA5-Land Reanalysis,Copernicus DEM GLO-90 (Open-Meteo API Fallback) - Slope/relief unavailable due to API rate limits,GSI landslide inventory only available for Tamil Nadu,NASA Earthdata authentication/HDF5 download required for historical GPM IMERG reanalysis,Generated Negative (Matched: V2-POS-0198),OSM Nominatim Geocoding,success,Copernicus DEM GLO-90 (Open-Meteo API Fallback) - Slope/relief unavailable due to API rate limits,Copernicus DEM GLO-90 (Open-Meteo API Fallback) - Slope/relief unavailable due to API rate limits,GSI landslide inventory only available for Tamil Nadu,NASA Earthdata authentication/HDF5 download required for historical GPM IMERG reanalysis
V2-NEG-0199,1977-03-28,Kerala,Pathanamthitta,9.2780841,76.9737443,district,0,0.0,0.0,0.1,3.8,5.7,25.36,76.33,0.38,469.0,,,,,,,,Open-Meteo ERA5-Land Reanalysis,Copernicus DEM GLO-90 (Open-Meteo API Fallback) - Slope/relief unavailable due to API rate limits,GSI landslide inventory only available for Tamil Nadu,NASA Earthdata authentication/HDF5 download required for historical GPM IMERG reanalysis,Generated Negative (Matched: V2-POS-0199),OSM Nominatim Geocoding,success,Copernicus DEM GLO-90 (Open-Meteo API Fallback) - Slope/relief unavailable due to API rate limits,Copernicus DEM GLO-90 (Open-Meteo API Fallback) - Slope/relief unavailable due to API rate limits,GSI landslide inventory only available for Tamil Nadu,NASA Earthdata authentication/HDF5 download required for historical GPM IMERG reanalysis
V2-NEG-0200,1984-07-14,Kerala,Thiruvananthapuram,8.4882267,76.947551,district,0,0.9,2.3,9.0,24.2,53.2,23.77,90.62,0.33,18.0,,,,,,,,Open-Meteo ERA5-Land Reanalysis,Copernicus DEM GLO-90 (Open-Meteo API Fallback) - Slope/relief unavailable due to API rate limits,GSI landslide inventory only available for Tamil Nadu,NASA Earthdata authentication/HDF5 download required for historical GPM IMERG reanalysis,Generated Negative (Matched: V2-POS-0200),OSM Nominatim Geocoding,success,Copernicus DEM GLO-90 (Open-Meteo API Fallback) - Slope/relief unavailable due to API rate limits,Copernicus DEM GLO-90 (Open-Meteo API Fallback) - Slope/relief unavailable due to API rate limits,GSI landslide inventory only available for Tamil Nadu,NASA Earthdata authentication/HDF5 download required for historical GPM IMERG reanalysis
V2-NEG-0201,1985-10-11,Kerala,Wayanad,11.7151291,76.1271185,district,0,0.0,0.0,0.0,0.0,1.8,21.32,92.33,0.49,747.0,,,,,,,,Open-Meteo ERA5-Land Reanalysis,Copernicus DEM GLO-90 (Open-Meteo API Fallback) - Slope/relief unavailable due to API rate limits,GSI landslide inventory only available for Tamil Nadu,NASA Earthdata authentication/HDF5 download required for historical GPM IMERG reanalysis,Generated Negative (Matched: V2-POS-0201),OSM Nominatim Geocoding,success,Copernicus DEM GLO-90 (Open-Meteo API Fallback) - Slope/relief unavailable due to API rate limits,Copernicus DEM GLO-90 (Open-Meteo API Fallback) - Slope/relief unavailable due to API rate limits,GSI landslide inventory only available for Tamil Nadu,NASA Earthdata authentication/HDF5 download required for historical GPM IMERG reanalysis
V2-NEG-0202,2003-07-27,Kerala,Malappuram,11.1065685,76.1101742,district,0,0.4,0.9,1.8,4.8,10.3,24.68,87.79,0.5,44.0,,,,,,,,Open-Meteo ERA5-Land Reanalysis,Copernicus DEM GLO-90 (Open-Meteo API Fallback) - Slope/relief unavailable due to API rate limits,GSI landslide inventory only available for Tamil Nadu,NASA Earthdata authentication/HDF5 download required for historical GPM IMERG reanalysis,Generated Negative (Matched: V2-POS-0202),OSM Nominatim Geocoding,success,Copernicus DEM GLO-90 (Open-Meteo API Fallback) - Slope/relief unavailable due to API rate limits,Copernicus DEM GLO-90 (Open-Meteo API Fallback) - Slope/relief unavailable due to API rate limits,GSI landslide inventory only available for Tamil Nadu,NASA Earthdata authentication/HDF5 download required for historical GPM IMERG reanalysis
V2-NEG-0203,1992-07-23,Kerala,Malappuram,11.1065685,76.1101742,district,0,0.3,0.7,0.9,2.6,4.0,24.51,85.17,0.47,44.0,,,,,,,,Open-Meteo ERA5-Land Reanalysis,Copernicus DEM GLO-90 (Open-Meteo API Fallback) - Slope/relief unavailable due to API rate limits,GSI landslide inventory only available for Tamil Nadu,NASA Earthdata authentication/HDF5 download required for historical GPM IMERG reanalysis,Generated Negative (Matched: V2-POS-0203),OSM Nominatim Geocoding,success,Copernicus DEM GLO-90 (Open-Meteo API Fallback) - Slope/relief unavailable due to API rate limits,Copernicus DEM GLO-90 (Open-Meteo API Fallback) - Slope/relief unavailable due to API rate limits,GSI landslide inventory only available for Tamil Nadu,NASA Earthdata authentication/HDF5 download required for historical GPM IMERG reanalysis
V2-NEG-0204,1982-07-22,Uttarakhand,Garhwal,30.5101231,78.6382417,village,0,0.0,0.0,0.0,0.0,2.9,22.84,85.08,0.48,1117.0,,,,,,,,Open-Meteo ERA5-Land Reanalysis,Copernicus DEM GLO-90 (Open-Meteo API Fallback) - Slope/relief unavailable due to API rate limits,GSI landslide inventory only available for Tamil Nadu,NASA Earthdata authentication/HDF5 download required for historical GPM IMERG reanalysis,Generated Negative (Matched: V2-POS-0204),OSM Nominatim Geocoding,success,Copernicus DEM GLO-90 (Open-Meteo API Fallback) - Slope/relief unavailable due to API rate limits,Copernicus DEM GLO-90 (Open-Meteo API Fallback) - Slope/relief unavailable due to API rate limits,GSI landslide inventory only available for Tamil Nadu,NASA Earthdata authentication/HDF5 download required for historical GPM IMERG reanalysis
V2-NEG-0205,1987-07-04,Kerala,Idukki,9.8154785,76.9991599,district,0,0.0,0.0,0.0,0.0,1.0,22.02,86.12,0.47,725.0,,,,,,,,Open-Meteo ERA5-Land Reanalysis,Copernicus DEM GLO-90 (Open-Meteo API Fallback) - Slope/relief unavailable due to API rate limits,GSI landslide inventory only available for Tamil Nadu,NASA Earthdata authentication/HDF5 download required for historical GPM IMERG reanalysis,Generated Negative (Matched: V2-POS-0205),OSM Nominatim Geocoding,success,Copernicus DEM GLO-90 (Open-Meteo API Fallback) - Slope/relief unavailable due to API rate limits,Copernicus DEM GLO-90 (Open-Meteo API Fallback) - Slope/relief unavailable due to API rate limits,GSI landslide inventory only available for Tamil Nadu,NASA Earthdata authentication/HDF5 download required for historical GPM IMERG reanalysis
V2-NEG-0206,1969-11-08,Kerala,Thiruvananthapuram,8.4882267,76.947551,district,0,0.0,0.0,0.0,0.0,1.2,25.9,80.29,0.2,18.0,,,,,,,,Open-Meteo ERA5-Land Reanalysis,Copernicus DEM GLO-90 (Open-Meteo API Fallback) - Slope/relief unavailable due to API rate limits,GSI landslide inventory only available for Tamil Nadu,NASA Earthdata authentication/HDF5 download required for historical GPM IMERG reanalysis,Generated Negative (Matched: V2-POS-0206),OSM Nominatim Geocoding,success,Copernicus DEM GLO-90 (Open-Meteo API Fallback) - Slope/relief unavailable due to API rate limits,Copernicus DEM GLO-90 (Open-Meteo API Fallback) - Slope/relief unavailable due to API rate limits,GSI landslide inventory only available for Tamil Nadu,NASA Earthdata authentication/HDF5 download required for historical GPM IMERG reanalysis
V2-NEG-0207,2006-07-18,Kerala,Kannur,11.8763836,75.3737973,district,0,0.3,1.4,3.2,6.9,12.8,25.02,89.58,0.31,23.0,,,,,,,,Open-Meteo ERA5-Land Reanalysis,Copernicus DEM GLO-90 (Open-Meteo API Fallback) - Slope/relief unavailable due to API rate limits,GSI landslide inventory only available for Tamil Nadu,NASA Earthdata authentication/HDF5 download required for historical GPM IMERG reanalysis,Generated Negative (Matched: V2-POS-0207),OSM Nominatim Geocoding,success,Copernicus DEM GLO-90 (Open-Meteo API Fallback) - Slope/relief unavailable due to API rate limits,Copernicus DEM GLO-90 (Open-Meteo API Fallback) - Slope/relief unavailable due to API rate limits,GSI landslide inventory only available for Tamil Nadu,NASA Earthdata authentication/HDF5 download required for historical GPM IMERG reanalysis
V2-NEG-0208,1971-08-13,Himachal Pradesh,Kangra,32.0768665,76.2985872,district,0,0.1,0.3,0.3,0.4,3.4,22.75,84.67,0.4,784.0,,,,,,,,Open-Meteo ERA5-Land Reanalysis,Copernicus DEM GLO-90 (Open-Meteo API Fallback) - Slope/relief unavailable due to API rate limits,GSI landslide inventory only available for Tamil Nadu,NASA Earthdata authentication/HDF5 download required for historical GPM IMERG reanalysis,Generated Negative (Matched: V2-POS-0208),OSM Nominatim Geocoding,success,Copernicus DEM GLO-90 (Open-Meteo API Fallback) - Slope/relief unavailable due to API rate limits,Copernicus DEM GLO-90 (Open-Meteo API Fallback) - Slope/relief unavailable due to API rate limits,GSI landslide inventory only available for Tamil Nadu,NASA Earthdata authentication/HDF5 download required for historical GPM IMERG reanalysis
V2-NEG-0209,1973-10-09,Kerala,Palakkad,10.7873692,76.4742172,district,0,0.0,0.0,0.0,0.0,0.0,24.8,77.71,0.36,83.0,,,,,,,,Open-Meteo ERA5-Land Reanalysis,Copernicus DEM GLO-90 (Open-Meteo API Fallback) - Slope/relief unavailable due to API rate limits,GSI landslide inventory only available for Tamil Nadu,NASA Earthdata authentication/HDF5 download required for historical GPM IMERG reanalysis,Generated Negative (Matched: V2-POS-0209),OSM Nominatim Geocoding,success,Copernicus DEM GLO-90 (Open-Meteo API Fallback) - Slope/relief unavailable due to API rate limits,Copernicus DEM GLO-90 (Open-Meteo API Fallback) - Slope/relief unavailable due to API rate limits,GSI landslide inventory only available for Tamil Nadu,NASA Earthdata authentication/HDF5 download required for historical GPM IMERG reanalysis
V2-NEG-0210,2019-12-01,Kerala,Thrissur,10.5270099,76.214621,district,0,1.5,5.3,8.0,10.9,12.1,26.72,81.38,0.34,24.0,,,,,,,,Open-Meteo ERA5-Land Reanalysis,Copernicus DEM GLO-90 (Open-Meteo API Fallback) - Slope/relief unavailable due to API rate limits,GSI landslide inventory only available for Tamil Nadu,NASA Earthdata authentication/HDF5 download required for historical GPM IMERG reanalysis,Generated Negative (Matched: V2-POS-0210),OSM Nominatim Geocoding,success,Copernicus DEM GLO-90 (Open-Meteo API Fallback) - Slope/relief unavailable due to API rate limits,Copernicus DEM GLO-90 (Open-Meteo API Fallback) - Slope/relief unavailable due to API rate limits,GSI landslide inventory only available for Tamil Nadu,NASA Earthdata authentication/HDF5 download required for historical GPM IMERG reanalysis
V2-NEG-0211,1973-06-19,Himachal Pradesh,Solan,30.9077569,77.1023645,town,0,0.5,0.9,2.0,2.7,4.0,21.17,85.79,0.41,1559.0,,,,,,,,Open-Meteo ERA5-Land Reanalysis,Copernicus DEM GLO-90 (Open-Meteo API Fallback) - Slope/relief unavailable due to API rate limits,GSI landslide inventory only available for Tamil Nadu,NASA Earthdata authentication/HDF5 download required for historical GPM IMERG reanalysis,Generated Negative (Matched: V2-POS-0211),OSM Nominatim Geocoding,success,Copernicus DEM GLO-90 (Open-Meteo API Fallback) - Slope/relief unavailable due to API rate limits,Copernicus DEM GLO-90 (Open-Meteo API Fallback) - Slope/relief unavailable due to API rate limits,GSI landslide inventory only available for Tamil Nadu,NASA Earthdata authentication/HDF5 download required for historical GPM IMERG reanalysis
V2-NEG-0212,1997-03-17,Himachal Pradesh,Kullu,31.9578974,77.1089232,town,0,0.0,0.0,0.0,0.0,4.3,10.4,71.08,0.49,1235.0,,,,,,,,Open-Meteo ERA5-Land Reanalysis,Copernicus DEM GLO-90 (Open-Meteo API Fallback) - Slope/relief unavailable due to API rate limits,GSI landslide inventory only available for Tamil Nadu,NASA Earthdata authentication/HDF5 download required for historical GPM IMERG reanalysis,Generated Negative (Matched: V2-POS-0212),OSM Nominatim Geocoding,success,Copernicus DEM GLO-90 (Open-Meteo API Fallback) - Slope/relief unavailable due to API rate limits,Copernicus DEM GLO-90 (Open-Meteo API Fallback) - Slope/relief unavailable due to API rate limits,GSI landslide inventory only available for Tamil Nadu,NASA Earthdata authentication/HDF5 download required for historical GPM IMERG reanalysis
V2-NEG-0213,1996-10-01,Kerala,Kozhikode,11.2450558,75.7754716,district,0,0.0,0.0,0.0,0.0,0.6,25.51,84.17,0.28,9.0,,,,,,,,Open-Meteo ERA5-Land Reanalysis,Copernicus DEM GLO-90 (Open-Meteo API Fallback) - Slope/relief unavailable due to API rate limits,GSI landslide inventory only available for Tamil Nadu,NASA Earthdata authentication/HDF5 download required for historical GPM IMERG reanalysis,Generated Negative (Matched: V2-POS-0213),OSM Nominatim Geocoding,success,Copernicus DEM GLO-90 (Open-Meteo API Fallback) - Slope/relief unavailable due to API rate limits,Copernicus DEM GLO-90 (Open-Meteo API Fallback) - Slope/relief unavailable due to API rate limits,GSI landslide inventory only available for Tamil Nadu,NASA Earthdata authentication/HDF5 download required for historical GPM IMERG reanalysis
V2-NEG-0214,1971-04-12,Tamil Nadu,Virudhunagar,9.4926289,77.8631831,district,0,0.0,0.0,0.0,0.0,0.1,30.36,56.38,0.25,87.0,,,,,,28.664,0.0,Open-Meteo ERA5-Land Reanalysis,Copernicus DEM GLO-90 (Open-Meteo API Fallback) - Slope/relief unavailable due to API rate limits,Tamil Nadu GSI Landslide Inventory,NASA Earthdata authentication/HDF5 download required for historical GPM IMERG reanalysis,Generated Negative (Matched: V2-POS-0214),OSM Nominatim Geocoding,success,Copernicus DEM GLO-90 (Open-Meteo API Fallback) - Slope/relief unavailable due to API rate limits,Copernicus DEM GLO-90 (Open-Meteo API Fallback) - Slope/relief unavailable due to API rate limits,,NASA Earthdata authentication/HDF5 download required for historical GPM IMERG reanalysis
V2-NEG-0215,1980-08-25,Himachal Pradesh,Kangra,32.0768665,76.2985872,district,0,0.0,0.0,0.0,0.0,1.4,24.03,82.33,0.33,784.0,,,,,,,,Open-Meteo ERA5-Land Reanalysis,Copernicus DEM GLO-90 (Open-Meteo API Fallback) - Slope/relief unavailable due to API rate limits,GSI landslide inventory only available for Tamil Nadu,NASA Earthdata authentication/HDF5 download required for historical GPM IMERG reanalysis,Generated Negative (Matched: V2-POS-0215),OSM Nominatim Geocoding,success,Copernicus DEM GLO-90 (Open-Meteo API Fallback) - Slope/relief unavailable due to API rate limits,Copernicus DEM GLO-90 (Open-Meteo API Fallback) - Slope/relief unavailable due to API rate limits,GSI landslide inventory only available for Tamil Nadu,NASA Earthdata authentication/HDF5 download required for historical GPM IMERG reanalysis
V2-NEG-0216,1999-06-05,Himachal Pradesh,Chamba,32.4466109,76.5289393,village,0,0.0,0.0,0.0,0.7,6.0,13.45,83.75,0.4,1984.0,,,,,,,,Open-Meteo ERA5-Land Reanalysis,Copernicus DEM GLO-90 (Open-Meteo API Fallback) - Slope/relief unavailable due to API rate limits,GSI landslide inventory only available for Tamil Nadu,NASA Earthdata authentication/HDF5 download required for historical GPM IMERG reanalysis,Generated Negative (Matched: V2-POS-0216),OSM Nominatim Geocoding,success,Copernicus DEM GLO-90 (Open-Meteo API Fallback) - Slope/relief unavailable due to API rate limits,Copernicus DEM GLO-90 (Open-Meteo API Fallback) - Slope/relief unavailable due to API rate limits,GSI landslide inventory only available for Tamil Nadu,NASA Earthdata authentication/HDF5 download required for historical GPM IMERG reanalysis
V2-NEG-0217,1979-08-19,Uttarakhand,Garhwal,30.25,79.333333,district,0,0.2,0.7,1.1,1.3,10.4,16.38,95.96,0.48,2292.0,,,,,,,,Open-Meteo ERA5-Land Reanalysis,Copernicus DEM GLO-90 (Open-Meteo API Fallback) - Slope/relief unavailable due to API rate limits,GSI landslide inventory only available for Tamil Nadu,NASA Earthdata authentication/HDF5 download required for historical GPM IMERG reanalysis,Generated Negative (Matched: V2-POS-0217),OSM Nominatim Geocoding,success,Copernicus DEM GLO-90 (Open-Meteo API Fallback) - Slope/relief unavailable due to API rate limits,Copernicus DEM GLO-90 (Open-Meteo API Fallback) - Slope/relief unavailable due to API rate limits,GSI landslide inventory only available for Tamil Nadu,NASA Earthdata authentication/HDF5 download required for historical GPM IMERG reanalysis
V2-NEG-0218,1996-10-11,Kerala,Alappuzha,9.5003416,76.4123364,district,0,0.0,0.1,0.1,1.3,10.2,25.46,89.83,0.34,-1.0,,,,,,,,Open-Meteo ERA5-Land Reanalysis,Copernicus DEM GLO-90 (Open-Meteo API Fallback) - Slope/relief unavailable due to API rate limits,GSI landslide inventory only available for Tamil Nadu,NASA Earthdata authentication/HDF5 download required for historical GPM IMERG reanalysis,Generated Negative (Matched: V2-POS-0218),OSM Nominatim Geocoding,success,Copernicus DEM GLO-90 (Open-Meteo API Fallback) - Slope/relief unavailable due to API rate limits,Copernicus DEM GLO-90 (Open-Meteo API Fallback) - Slope/relief unavailable due to API rate limits,GSI landslide inventory only available for Tamil Nadu,NASA Earthdata authentication/HDF5 download required for historical GPM IMERG reanalysis
V2-NEG-0219,2017-08-08,Himachal Pradesh,Kullu,31.9578974,77.1089232,town,0,0.0,0.0,0.1,2.1,9.5,24.76,90.25,0.49,1235.0,,,,,,,,Open-Meteo ERA5-Land Reanalysis,Copernicus DEM GLO-90 (Open-Meteo API Fallback) - Slope/relief unavailable due to API rate limits,GSI landslide inventory only available for Tamil Nadu,NASA Earthdata authentication/HDF5 download required for historical GPM IMERG reanalysis,Generated Negative (Matched: V2-POS-0219),OSM Nominatim Geocoding,success,Copernicus DEM GLO-90 (Open-Meteo API Fallback) - Slope/relief unavailable due to API rate limits,Copernicus DEM GLO-90 (Open-Meteo API Fallback) - Slope/relief unavailable due to API rate limits,GSI landslide inventory only available for Tamil Nadu,NASA Earthdata authentication/HDF5 download required for historical GPM IMERG reanalysis
V2-NEG-0220,1984-08-14,Himachal Pradesh,Shimla,31.1027285,77.1553751,town,0,0.0,1.1,1.4,1.4,5.7,17.88,92.5,0.48,2110.0,,,,,,,,Open-Meteo ERA5-Land Reanalysis,Copernicus DEM GLO-90 (Open-Meteo API Fallback) - Slope/relief unavailable due to API rate limits,GSI landslide inventory only available for Tamil Nadu,NASA Earthdata authentication/HDF5 download required for historical GPM IMERG reanalysis,Generated Negative (Matched: V2-POS-0220),OSM Nominatim Geocoding,success,Copernicus DEM GLO-90 (Open-Meteo API Fallback) - Slope/relief unavailable due to API rate limits,Copernicus DEM GLO-90 (Open-Meteo API Fallback) - Slope/relief unavailable due to API rate limits,GSI landslide inventory only available for Tamil Nadu,NASA Earthdata authentication/HDF5 download required for historical GPM IMERG reanalysis
V2-NEG-0221,1976-07-15,Himachal Pradesh,Kullu,32.2454608,77.1872926,town,0,0.0,0.3,1.6,2.8,5.4,18.16,91.5,0.39,1905.0,,,,,,,,Open-Meteo ERA5-Land Reanalysis,Copernicus DEM GLO-90 (Open-Meteo API Fallback) - Slope/relief unavailable due to API rate limits,GSI landslide inventory only available for Tamil Nadu,NASA Earthdata authentication/HDF5 download required for historical GPM IMERG reanalysis,Generated Negative (Matched: V2-POS-0221),OSM Nominatim Geocoding,success,Copernicus DEM GLO-90 (Open-Meteo API Fallback) - Slope/relief unavailable due to API rate limits,Copernicus DEM GLO-90 (Open-Meteo API Fallback) - Slope/relief unavailable due to API rate limits,GSI landslide inventory only available for Tamil Nadu,NASA Earthdata authentication/HDF5 download required for historical GPM IMERG reanalysis
V2-NEG-0222,2013-10-22,Kerala,Thiruvananthapuram,8.4882267,76.947551,district,0,0.2,0.4,0.4,0.4,2.8,24.68,88.5,0.3,18.0,,,,,,,,Open-Meteo ERA5-Land Reanalysis,Copernicus DEM GLO-90 (Open-Meteo API Fallback) - Slope/relief unavailable due to API rate limits,GSI landslide inventory only available for Tamil Nadu,NASA Earthdata authentication/HDF5 download required for historical GPM IMERG reanalysis,Generated Negative (Matched: V2-POS-0222),OSM Nominatim Geocoding,success,Copernicus DEM GLO-90 (Open-Meteo API Fallback) - Slope/relief unavailable due to API rate limits,Copernicus DEM GLO-90 (Open-Meteo API Fallback) - Slope/relief unavailable due to API rate limits,GSI landslide inventory only available for Tamil Nadu,NASA Earthdata authentication/HDF5 download required for historical GPM IMERG reanalysis
V2-NEG-0223,2022-04-01,Tamil Nadu,The Nilgiris,11.4,76.7,district,0,0.0,0.0,0.0,0.0,0.0,16.57,61.12,0.26,2214.0,,,,,,0.892,168.0,Open-Meteo ERA5-Land Reanalysis,Copernicus DEM GLO-90 (Open-Meteo API Fallback) - Slope/relief unavailable due to API rate limits,Tamil Nadu GSI Landslide Inventory,NASA Earthdata authentication/HDF5 download required for historical GPM IMERG reanalysis,Generated Negative (Matched: V2-POS-0223),OSM Nominatim Geocoding,success,Copernicus DEM GLO-90 (Open-Meteo API Fallback) - Slope/relief unavailable due to API rate limits,Copernicus DEM GLO-90 (Open-Meteo API Fallback) - Slope/relief unavailable due to API rate limits,,NASA Earthdata authentication/HDF5 download required for historical GPM IMERG reanalysis
V2-NEG-0224,2006-06-24,Himachal Pradesh,Hamirpur,31.6539866,76.5403633,district,0,0.0,0.0,0.0,0.0,0.0,28.75,51.92,0.15,755.0,,,,,,,,Open-Meteo ERA5-Land Reanalysis,Copernicus DEM GLO-90 (Open-Meteo API Fallback) - Slope/relief unavailable due to API rate limits,GSI landslide inventory only available for Tamil Nadu,NASA Earthdata authentication/HDF5 download required for historical GPM IMERG reanalysis,Generated Negative (Matched: V2-POS-0224),OSM Nominatim Geocoding,success,Copernicus DEM GLO-90 (Open-Meteo API Fallback) - Slope/relief unavailable due to API rate limits,Copernicus DEM GLO-90 (Open-Meteo API Fallback) - Slope/relief unavailable due to API rate limits,GSI landslide inventory only available for Tamil Nadu,NASA Earthdata authentication/HDF5 download required for historical GPM IMERG reanalysis
V2-NEG-0225,2000-08-13,Himachal Pradesh,Solan,30.9077569,77.1023645,town,0,0.2,0.2,0.2,0.7,5.5,21.08,85.96,0.4,1559.0,,,,,,,,Open-Meteo ERA5-Land Reanalysis,Copernicus DEM GLO-90 (Open-Meteo API Fallback) - Slope/relief unavailable due to API rate limits,GSI landslide inventory only available for Tamil Nadu,NASA Earthdata authentication/HDF5 download required for historical GPM IMERG reanalysis,Generated Negative (Matched: V2-POS-0225),OSM Nominatim Geocoding,success,Copernicus DEM GLO-90 (Open-Meteo API Fallback) - Slope/relief unavailable due to API rate limits,Copernicus DEM GLO-90 (Open-Meteo API Fallback) - Slope/relief unavailable due to API rate limits,GSI landslide inventory only available for Tamil Nadu,NASA Earthdata authentication/HDF5 download required for historical GPM IMERG reanalysis
V2-NEG-0226,2020-08-01,Himachal Pradesh,Bilaspur,31.326,76.76,district,0,0.8,0.8,0.8,1.0,3.2,26.91,86.0,0.38,543.0,,,,,,,,Open-Meteo ERA5-Land Reanalysis,Copernicus DEM GLO-90 (Open-Meteo API Fallback) - Slope/relief unavailable due to API rate limits,GSI landslide inventory only available for Tamil Nadu,NASA Earthdata authentication/HDF5 download required for historical GPM IMERG reanalysis,Generated Negative (Matched: V2-POS-0226),OSM Nominatim Geocoding,success,Copernicus DEM GLO-90 (Open-Meteo API Fallback) - Slope/relief unavailable due to API rate limits,Copernicus DEM GLO-90 (Open-Meteo API Fallback) - Slope/relief unavailable due to API rate limits,GSI landslide inventory only available for Tamil Nadu,NASA Earthdata authentication/HDF5 download required for historical GPM IMERG reanalysis
V2-NEG-0227,2013-01-03,Kerala,Kasaragod,12.4221964,75.1904446,district,0,0.0,0.0,0.0,0.0,0.2,26.81,80.5,0.29,95.0,,,,,,,,Open-Meteo ERA5-Land Reanalysis,Copernicus DEM GLO-90 (Open-Meteo API Fallback) - Slope/relief unavailable due to API rate limits,GSI landslide inventory only available for Tamil Nadu,NASA Earthdata authentication/HDF5 download required for historical GPM IMERG reanalysis,Generated Negative (Matched: V2-POS-0227),OSM Nominatim Geocoding,success,Copernicus DEM GLO-90 (Open-Meteo API Fallback) - Slope/relief unavailable due to API rate limits,Copernicus DEM GLO-90 (Open-Meteo API Fallback) - Slope/relief unavailable due to API rate limits,GSI landslide inventory only available for Tamil Nadu,NASA Earthdata authentication/HDF5 download required for historical GPM IMERG reanalysis
V2-NEG-0228,2021-11-25,Kerala,Kottayam,9.6287383,76.6455326,district,0,0.0,0.0,1.1,2.4,2.6,24.9,92.08,0.49,51.0,,,,,,,,Open-Meteo ERA5-Land Reanalysis,Copernicus DEM GLO-90 (Open-Meteo API Fallback) - Slope/relief unavailable due to API rate limits,GSI landslide inventory only available for Tamil Nadu,NASA Earthdata authentication/HDF5 download required for historical GPM IMERG reanalysis,Generated Negative (Matched: V2-POS-0228),OSM Nominatim Geocoding,success,Copernicus DEM GLO-90 (Open-Meteo API Fallback) - Slope/relief unavailable due to API rate limits,Copernicus DEM GLO-90 (Open-Meteo API Fallback) - Slope/relief unavailable due to API rate limits,GSI landslide inventory only available for Tamil Nadu,NASA Earthdata authentication/HDF5 download required for historical GPM IMERG reanalysis
V2-NEG-0229,1981-08-23,Himachal Pradesh,Kullu,31.9578974,77.1089232,town,0,0.0,0.0,0.0,0.0,8.6,21.17,79.0,0.46,1235.0,,,,,,,,Open-Meteo ERA5-Land Reanalysis,Copernicus DEM GLO-90 (Open-Meteo API Fallback) - Slope/relief unavailable due to API rate limits,GSI landslide inventory only available for Tamil Nadu,NASA Earthdata authentication/HDF5 download required for historical GPM IMERG reanalysis,Generated Negative (Matched: V2-POS-0229),OSM Nominatim Geocoding,success,Copernicus DEM GLO-90 (Open-Meteo API Fallback) - Slope/relief unavailable due to API rate limits,Copernicus DEM GLO-90 (Open-Meteo API Fallback) - Slope/relief unavailable due to API rate limits,GSI landslide inventory only available for Tamil Nadu,NASA Earthdata authentication/HDF5 download required for historical GPM IMERG reanalysis
V2-NEG-0230,2015-08-13,Kerala,Wayanad,11.7151291,76.1271185,district,0,0.0,0.2,0.2,0.2,7.6,21.36,95.75,0.49,747.0,,,,,,,,Open-Meteo ERA5-Land Reanalysis,Copernicus DEM GLO-90 (Open-Meteo API Fallback) - Slope/relief unavailable due to API rate limits,GSI landslide inventory only available for Tamil Nadu,NASA Earthdata authentication/HDF5 download required for historical GPM IMERG reanalysis,Generated Negative (Matched: V2-POS-0230),OSM Nominatim Geocoding,success,Copernicus DEM GLO-90 (Open-Meteo API Fallback) - Slope/relief unavailable due to API rate limits,Copernicus DEM GLO-90 (Open-Meteo API Fallback) - Slope/relief unavailable due to API rate limits,GSI landslide inventory only available for Tamil Nadu,NASA Earthdata authentication/HDF5 download required for historical GPM IMERG reanalysis
V2-NEG-0231,2012-07-15,Kerala,Kasaragod,12.4221964,75.1904446,district,0,0.0,0.1,0.1,1.6,3.1,25.36,86.83,0.49,95.0,,,,,,,,Open-Meteo ERA5-Land Reanalysis,Copernicus DEM GLO-90 (Open-Meteo API Fallback) - Slope/relief unavailable due to API rate limits,GSI landslide inventory only available for Tamil Nadu,NASA Earthdata authentication/HDF5 download required for historical GPM IMERG reanalysis,Generated Negative (Matched: V2-POS-0231),OSM Nominatim Geocoding,success,Copernicus DEM GLO-90 (Open-Meteo API Fallback) - Slope/relief unavailable due to API rate limits,Copernicus DEM GLO-90 (Open-Meteo API Fallback) - Slope/relief unavailable due to API rate limits,GSI landslide inventory only available for Tamil Nadu,NASA Earthdata authentication/HDF5 download required for historical GPM IMERG reanalysis
V2-NEG-0232,1982-08-04,Himachal Pradesh,Chamba,32.5534,76.1258,district,0,0.1,0.6,2.6,3.7,9.2,25.29,92.92,0.51,924.0,,,,,,,,Open-Meteo ERA5-Land Reanalysis,Copernicus DEM GLO-90 (Open-Meteo API Fallback) - Slope/relief unavailable due to API rate limits,GSI landslide inventory only available for Tamil Nadu,NASA Earthdata authentication/HDF5 download required for historical GPM IMERG reanalysis,Generated Negative (Matched: V2-POS-0232),OSM Nominatim Geocoding,success,Copernicus DEM GLO-90 (Open-Meteo API Fallback) - Slope/relief unavailable due to API rate limits,Copernicus DEM GLO-90 (Open-Meteo API Fallback) - Slope/relief unavailable due to API rate limits,GSI landslide inventory only available for Tamil Nadu,NASA Earthdata authentication/HDF5 download required for historical GPM IMERG reanalysis
V2-NEG-0233,1979-04-25,Tamil Nadu,Vellore,12.9021849,79.061104,district,0,0.0,0.0,0.0,0.0,0.0,31.49,51.42,0.12,233.0,,,,,,151.536,0.0,Open-Meteo ERA5-Land Reanalysis,Copernicus DEM GLO-90 (Open-Meteo API Fallback) - Slope/relief unavailable due to API rate limits,Tamil Nadu GSI Landslide Inventory,NASA Earthdata authentication/HDF5 download required for historical GPM IMERG reanalysis,Generated Negative (Matched: V2-POS-0233),OSM Nominatim Geocoding,success,Copernicus DEM GLO-90 (Open-Meteo API Fallback) - Slope/relief unavailable due to API rate limits,Copernicus DEM GLO-90 (Open-Meteo API Fallback) - Slope/relief unavailable due to API rate limits,,NASA Earthdata authentication/HDF5 download required for historical GPM IMERG reanalysis
V2-NEG-0234,1986-09-16,Tamil Nadu,Kancheepuram,12.8796052,79.7042762,district,0,0.0,0.0,6.3,7.1,7.8,28.99,72.46,0.24,81.0,,,,,,198.069,0.0,Open-Meteo ERA5-Land Reanalysis,Copernicus DEM GLO-90 (Open-Meteo API Fallback) - Slope/relief unavailable due to API rate limits,Tamil Nadu GSI Landslide Inventory,NASA Earthdata authentication/HDF5 download required for historical GPM IMERG reanalysis,Generated Negative (Matched: V2-POS-0234),OSM Nominatim Geocoding,success,Copernicus DEM GLO-90 (Open-Meteo API Fallback) - Slope/relief unavailable due to API rate limits,Copernicus DEM GLO-90 (Open-Meteo API Fallback) - Slope/relief unavailable due to API rate limits,,NASA Earthdata authentication/HDF5 download required for historical GPM IMERG reanalysis
V2-NEG-0235,2000-07-28,Kerala,Thiruvananthapuram,8.4882267,76.947551,district,0,0.1,0.9,1.5,2.7,4.7,24.56,87.67,0.17,18.0,,,,,,,,Open-Meteo ERA5-Land Reanalysis,Copernicus DEM GLO-90 (Open-Meteo API Fallback) - Slope/relief unavailable due to API rate limits,GSI landslide inventory only available for Tamil Nadu,NASA Earthdata authentication/HDF5 download required for historical GPM IMERG reanalysis,Generated Negative (Matched: V2-POS-0235),OSM Nominatim Geocoding,success,Copernicus DEM GLO-90 (Open-Meteo API Fallback) - Slope/relief unavailable due to API rate limits,Copernicus DEM GLO-90 (Open-Meteo API Fallback) - Slope/relief unavailable due to API rate limits,GSI landslide inventory only available for Tamil Nadu,NASA Earthdata authentication/HDF5 download required for historical GPM IMERG reanalysis
V2-NEG-0236,1969-06-17,Kerala,Wayanad,11.7151291,76.1271185,district,0,0.0,0.0,0.0,0.2,3.7,21.88,91.42,0.49,747.0,,,,,,,,Open-Meteo ERA5-Land Reanalysis,Copernicus DEM GLO-90 (Open-Meteo API Fallback) - Slope/relief unavailable due to API rate limits,GSI landslide inventory only available for Tamil Nadu,NASA Earthdata authentication/HDF5 download required for historical GPM IMERG reanalysis,Generated Negative (Matched: V2-POS-0236),OSM Nominatim Geocoding,success,Copernicus DEM GLO-90 (Open-Meteo API Fallback) - Slope/relief unavailable due to API rate limits,Copernicus DEM GLO-90 (Open-Meteo API Fallback) - Slope/relief unavailable due to API rate limits,GSI landslide inventory only available for Tamil Nadu,NASA Earthdata authentication/HDF5 download required for historical GPM IMERG reanalysis
V2-NEG-0237,2007-03-26,Kerala,Thiruvananthapuram,8.4882267,76.947551,district,0,0.0,0.0,0.2,1.2,5.4,27.15,81.12,0.15,18.0,,,,,,,,Open-Meteo ERA5-Land Reanalysis,Copernicus DEM GLO-90 (Open-Meteo API Fallback) - Slope/relief unavailable due to API rate limits,GSI landslide inventory only available for Tamil Nadu,NASA Earthdata authentication/HDF5 download required for historical GPM IMERG reanalysis,Generated Negative (Matched: V2-POS-0237),OSM Nominatim Geocoding,success,Copernicus DEM GLO-90 (Open-Meteo API Fallback) - Slope/relief unavailable due to API rate limits,Copernicus DEM GLO-90 (Open-Meteo API Fallback) - Slope/relief unavailable due to API rate limits,GSI landslide inventory only available for Tamil Nadu,NASA Earthdata authentication/HDF5 download required for historical GPM IMERG reanalysis
V2-NEG-0238,2000-01-12,Tamil Nadu,Tirunelveli,8.5495014,77.5805178,district,0,0.0,0.0,0.0,1.9,9.4,24.53,86.08,0.33,109.0,,,,,,12.198,0.0,Open-Meteo ERA5-Land Reanalysis,Copernicus DEM GLO-90 (Open-Meteo API Fallback) - Slope/relief unavailable due to API rate limits,Tamil Nadu GSI Landslide Inventory,NASA Earthdata authentication/HDF5 download required for historical GPM IMERG reanalysis,Generated Negative (Matched: V2-POS-0238),OSM Nominatim Geocoding,success,Copernicus DEM GLO-90 (Open-Meteo API Fallback) - Slope/relief unavailable due to API rate limits,Copernicus DEM GLO-90 (Open-Meteo API Fallback) - Slope/relief unavailable due to API rate limits,,NASA Earthdata authentication/HDF5 download required for historical GPM IMERG reanalysis
V2-NEG-0239,1978-08-11,Himachal Pradesh,Chamba,32.6923316,76.1631552,district,0,1.0,3.0,4.9,11.5,27.3,15.76,94.5,0.47,2393.0,,,,,,,,Open-Meteo ERA5-Land Reanalysis,Copernicus DEM GLO-90 (Open-Meteo API Fallback) - Slope/relief unavailable due to API rate limits,GSI landslide inventory only available for Tamil Nadu,NASA Earthdata authentication/HDF5 download required for historical GPM IMERG reanalysis,Generated Negative (Matched: V2-POS-0239),OSM Nominatim Geocoding,success,Copernicus DEM GLO-90 (Open-Meteo API Fallback) - Slope/relief unavailable due to API rate limits,Copernicus DEM GLO-90 (Open-Meteo API Fallback) - Slope/relief unavailable due to API rate limits,GSI landslide inventory only available for Tamil Nadu,NASA Earthdata authentication/HDF5 download required for historical GPM IMERG reanalysis
V2-NEG-0240,1996-11-25,Tamil Nadu,Pudukkottai,10.2903072,78.8173617,district,0,0.2,1.8,4.7,7.2,13.3,23.29,93.25,0.48,88.0,,,,,,112.988,0.0,Open-Meteo ERA5-Land Reanalysis,Copernicus DEM GLO-90 (Open-Meteo API Fallback) - Slope/relief unavailable due to API rate limits,Tamil Nadu GSI Landslide Inventory,NASA Earthdata authentication/HDF5 download required for historical GPM IMERG reanalysis,Generated Negative (Matched: V2-POS-0240),OSM Nominatim Geocoding,success,Copernicus DEM GLO-90 (Open-Meteo API Fallback) - Slope/relief unavailable due to API rate limits,Copernicus DEM GLO-90 (Open-Meteo API Fallback) - Slope/relief unavailable due to API rate limits,,NASA Earthdata authentication/HDF5 download required for historical GPM IMERG reanalysis
V2-NEG-0241,1969-08-08,Uttarakhand,Chamoli,30.4985956,79.6190537,district,0,2.3,8.4,15.8,18.0,28.1,19.88,95.17,0.42,1898.0,,,,,,,,Open-Meteo ERA5-Land Reanalysis,Copernicus DEM GLO-90 (Open-Meteo API Fallback) - Slope/relief unavailable due to API rate limits,GSI landslide inventory only available for Tamil Nadu,NASA Earthdata authentication/HDF5 download required for historical GPM IMERG reanalysis,Generated Negative (Matched: V2-POS-0241),OSM Nominatim Geocoding,success,Copernicus DEM GLO-90 (Open-Meteo API Fallback) - Slope/relief unavailable due to API rate limits,Copernicus DEM GLO-90 (Open-Meteo API Fallback) - Slope/relief unavailable due to API rate limits,GSI landslide inventory only available for Tamil Nadu,NASA Earthdata authentication/HDF5 download required for historical GPM IMERG reanalysis
V2-NEG-0242,2003-08-30,Uttarakhand,Tehri Garhwal,30.4658181,78.4837349,district,0,1.2,3.7,4.1,6.7,13.4,19.43,93.0,0.5,1709.0,,,,,,,,Open-Meteo ERA5-Land Reanalysis,Copernicus DEM GLO-90 (Open-Meteo API Fallback) - Slope/relief unavailable due to API rate limits,GSI landslide inventory only available for Tamil Nadu,NASA Earthdata authentication/HDF5 download required for historical GPM IMERG reanalysis,Generated Negative (Matched: V2-POS-0242),OSM Nominatim Geocoding,success,Copernicus DEM GLO-90 (Open-Meteo API Fallback) - Slope/relief unavailable due to API rate limits,Copernicus DEM GLO-90 (Open-Meteo API Fallback) - Slope/relief unavailable due to API rate limits,GSI landslide inventory only available for Tamil Nadu,NASA Earthdata authentication/HDF5 download required for historical GPM IMERG reanalysis
V2-NEG-0243,2004-07-09,Uttarakhand,Garhwal,29.9762565,78.9226484,village,0,0.4,3.2,8.4,29.5,45.4,21.31,94.21,0.46,1454.0,,,,,,,,Open-Meteo ERA5-Land Reanalysis,Copernicus DEM GLO-90 (Open-Meteo API Fallback) - Slope/relief unavailable due to API rate limits,GSI landslide inventory only available for Tamil Nadu,NASA Earthdata authentication/HDF5 download required for historical GPM IMERG reanalysis,Generated Negative (Matched: V2-POS-0243),OSM Nominatim Geocoding,success,Copernicus DEM GLO-90 (Open-Meteo API Fallback) - Slope/relief unavailable due to API rate limits,Copernicus DEM GLO-90 (Open-Meteo API Fallback) - Slope/relief unavailable due to API rate limits,GSI landslide inventory only available for Tamil Nadu,NASA Earthdata authentication/HDF5 download required for historical GPM IMERG reanalysis
V2-NEG-0244,1971-09-25,Tamil Nadu,Tiruvannamalai,12.4289282,78.99915,district,0,0.0,0.0,0.6,6.6,21.4,23.85,88.0,0.36,343.0,,,,,,107.216,0.0,Open-Meteo ERA5-Land Reanalysis,Copernicus DEM GLO-90 (Open-Meteo API Fallback) - Slope/relief unavailable due to API rate limits,Tamil Nadu GSI Landslide Inventory,NASA Earthdata authentication/HDF5 download required for historical GPM IMERG reanalysis,Generated Negative (Matched: V2-POS-0244),OSM Nominatim Geocoding,success,Copernicus DEM GLO-90 (Open-Meteo API Fallback) - Slope/relief unavailable due to API rate limits,Copernicus DEM GLO-90 (Open-Meteo API Fallback) - Slope/relief unavailable due to API rate limits,,NASA Earthdata authentication/HDF5 download required for historical GPM IMERG reanalysis
V2-NEG-0245,1987-03-04,Tamil Nadu,Tirunelveli,8.5495014,77.5805178,district,0,0.0,0.0,0.0,0.0,0.0,26.99,57.79,0.12,109.0,,,,,,12.198,0.0,Open-Meteo ERA5-Land Reanalysis,Copernicus DEM GLO-90 (Open-Meteo API Fallback) - Slope/relief unavailable due to API rate limits,Tamil Nadu GSI Landslide Inventory,NASA Earthdata authentication/HDF5 download required for historical GPM IMERG reanalysis,Generated Negative (Matched: V2-POS-0245),OSM Nominatim Geocoding,success,Copernicus DEM GLO-90 (Open-Meteo API Fallback) - Slope/relief unavailable due to API rate limits,Copernicus DEM GLO-90 (Open-Meteo API Fallback) - Slope/relief unavailable due to API rate limits,,NASA Earthdata authentication/HDF5 download required for historical GPM IMERG reanalysis
V2-NEG-0246,1998-02-01,Kerala,Thiruvananthapuram,8.7107425,77.1294925,district,0,0.0,0.0,0.0,0.0,0.8,28.15,67.12,0.26,130.0,,,,,,,,Open-Meteo ERA5-Land Reanalysis,Copernicus DEM GLO-90 (Open-Meteo API Fallback) - Slope/relief unavailable due to API rate limits,GSI landslide inventory only available for Tamil Nadu,NASA Earthdata authentication/HDF5 download required for historical GPM IMERG reanalysis,Generated Negative (Matched: V2-POS-0246),OSM Nominatim Geocoding,success,Copernicus DEM GLO-90 (Open-Meteo API Fallback) - Slope/relief unavailable due to API rate limits,Copernicus DEM GLO-90 (Open-Meteo API Fallback) - Slope/relief unavailable due to API rate limits,GSI landslide inventory only available for Tamil Nadu,NASA Earthdata authentication/HDF5 download required for historical GPM IMERG reanalysis
